{
  "notes": {
    "eval_on": "test",
    "eos_rank_source": "eos_final_rank",
    "upset_definition": "sleeper = EOS_global_rank > predicted_strength",
    "mrr_top2": "1/rank of first team in top 2 (champion+runner-up) in predicted order.",
    "mrr_top4": "1/rank of first team in top 4 (conference finals) in predicted order.",
    "per_conference_relevance": "Within E/W: actual rank derived from EOS_global_rank (1=best in conf); NDCG/Spearman use this relevance.",
    "playoff_metrics": "Spearman (pred global vs playoff_final_results), NDCG@4 (final four), Brier (champion vs odds). rank_mae/rank_rmse: pred vs playoff_final_results; eos_standings vs playoff_final_results (baseline)."
  },
  "split_info": {
    "train_frac": 0.75,
    "n_train_dates": 141,
    "n_test_dates": 36,
    "split_mode": "seasons"
  },
  "test_metrics_ensemble": {
    "ndcg": 0.4977364520151914,
    "spearman": 0.5047830923248053,
    "mrr_top2": 0.5,
    "mrr_top4": 0.5,
    "ndcg10": 0.4977364520151914,
    "ndcg_at_4": 0.5061571405372405,
    "ndcg_at_12": 0.5432483753823831,
    "ndcg_at_16": 0.5432289534135899,
    "ndcg_at_20": 0.5473514364548198,
    "roc_auc_upset": 0.8,
    "rank_mae_pred_vs_playoff_final_results": 6.733333110809326,
    "rank_rmse_pred_vs_playoff_final_results": 8.61394214630127,
    "rank_mae_eos_standings_vs_playoff_final_results": 3.1333333333333333,
    "rank_rmse_eos_standings_vs_playoff_final_results": 4.449719092257398,
    "playoff_metrics": {
      "spearman_pred_vs_playoff_final_results": 0.5065628476084539,
      "ndcg_at_4_final_four": 0.5061571405372405,
      "ndcg10_pred_vs_playoff_final_results": 0.4977265090523717,
      "brier_championship_odds": 0.03222232684493065,
      "rank_mae_pred_vs_playoff_final_results": 6.733333110809326,
      "rank_rmse_pred_vs_playoff_final_results": 8.61394214630127,
      "rank_mae_eos_standings_vs_playoff_final_results": 3.1333333333333333,
      "rank_rmse_eos_standings_vs_playoff_final_results": 4.449719092257398
    }
  },
  "test_metrics_model_a": {
    "ndcg": 0.4977364520151914,
    "spearman": 0.4967741935483871,
    "mrr_top2": 0.5,
    "mrr_top4": 0.5,
    "ndcg10": 0.4977364520151914,
    "ndcg_at_4": 0.5061571405372405,
    "ndcg_at_12": 0.5432483753823831,
    "ndcg_at_16": 0.5432289534135899,
    "ndcg_at_20": 0.5450408068141365,
    "roc_auc_upset": 0.8044444444444445
  },
  "test_metrics_model_b": {
    "ndcg": 0.16382861643108615,
    "spearman": 0.593325917686318,
    "mrr_top2": 0.2,
    "mrr_top4": 0.2,
    "ndcg10": 0.16382861643108615,
    "ndcg_at_4": 0.024776749307587553,
    "ndcg_at_12": 0.23102846610412106,
    "ndcg_at_16": 0.3899327280402028,
    "ndcg_at_20": 0.38996720952143565,
    "roc_auc_upset": 0.751131221719457
  },
  "test_metrics_model_c": {
    "ndcg": 0.05124995751403931,
    "spearman": 0.307230255839822,
    "mrr_top2": 0.0625,
    "mrr_top4": 0.2,
    "ndcg10": 0.05124995751403931,
    "ndcg_at_4": 0.00711064040423231,
    "ndcg_at_12": 0.056899138174850025,
    "ndcg_at_16": 0.1769467286075223,
    "ndcg_at_20": 0.17934460063934335,
    "roc_auc_upset": 0.8214285714285714
  },
  "test_metrics_by_conference": {
    "E": {
      "ndcg": 0.25857054067368296,
      "spearman": 0.20357142857142854
    },
    "W": {
      "ndcg": 0.7840480028189971,
      "spearman": 0.7428571428571428
    }
  },
  "by_season": {
    "2023-24": {
      "test_metrics_ensemble": {
        "ndcg": 0.39987332689163274,
        "spearman": 0.3819799777530589,
        "mrr_top2": 1.0,
        "mrr_top4": 1.0,
        "ndcg10": 0.39987332689163274,
        "ndcg_at_4": 0.35315119534797357,
        "ndcg_at_12": 0.5809728585525554,
        "ndcg_at_16": 0.5821983139496262,
        "ndcg_at_20": 0.582804241121098,
        "roc_auc_upset": 0.7589285714285714,
        "rank_mae_pred_vs_playoff_final_results": 7.666666507720947,
        "rank_rmse_pred_vs_playoff_final_results": 9.622889518737793,
        "rank_mae_eos_standings_vs_playoff_final_results": 3.7333333333333334,
        "rank_rmse_eos_standings_vs_playoff_final_results": 6.093712606722878,
        "playoff_metrics": {
          "spearman_pred_vs_playoff_final_results": 0.435817575083426,
          "ndcg_at_4_final_four": 0.35315119534797357,
          "ndcg10_pred_vs_playoff_final_results": 0.39987857619091943,
          "brier_championship_odds": 0.03222232684493065,
          "rank_mae_pred_vs_playoff_final_results": 7.666666507720947,
          "rank_rmse_pred_vs_playoff_final_results": 9.622889518737793,
          "rank_mae_eos_standings_vs_playoff_final_results": 3.7333333333333334,
          "rank_rmse_eos_standings_vs_playoff_final_results": 6.093712606722878
        }
      },
      "test_metrics_model_a": {
        "ndcg": 0.39987332689163274,
        "spearman": 0.3819799777530589,
        "mrr_top2": 1.0,
        "mrr_top4": 1.0,
        "ndcg10": 0.39987332689163274,
        "ndcg_at_4": 0.35315119534797357,
        "ndcg_at_12": 0.5809728585525554,
        "ndcg_at_16": 0.5821983139496262,
        "ndcg_at_20": 0.582804241121098,
        "roc_auc_upset": 0.7589285714285714
      },
      "test_metrics_model_b": {
        "ndcg": 0.806132962745442,
        "spearman": 0.37174638487208006,
        "mrr_top2": 1.0,
        "mrr_top4": 1.0,
        "ndcg10": 0.806132962745442,
        "ndcg_at_4": 0.7116242168324007,
        "ndcg_at_12": 0.8060096977814127,
        "ndcg_at_16": 0.8059685061378044,
        "ndcg_at_20": 0.8449072124976467,
        "roc_auc_upset": 0.7321428571428572
      },
      "test_metrics_model_c": {
        "ndcg": 0.333487026575135,
        "spearman": 0.23159065628476083,
        "mrr_top2": 0.16666666666666666,
        "mrr_top4": 0.16666666666666666,
        "ndcg10": 0.333487026575135,
        "ndcg_at_4": 0.0011069724610271625,
        "ndcg_at_12": 0.33890731926775686,
        "ndcg_at_16": 0.35966393831396193,
        "ndcg_at_20": 0.3699999322309346,
        "roc_auc_upset": 0.7633928571428571
      },
      "test_metrics_by_conference": {
        "E": {
          "ndcg": 0.38369169619137905,
          "spearman": 0.2321428571428571
        },
        "W": {
          "ndcg": 0.915131410824501,
          "spearman": 0.5178571428571428
        }
      },
      "notes": {
        "eos_rank_source": "eos_final_rank"
      }
    },
    "2024-25": {
      "test_metrics_ensemble": {
        "ndcg": 0.4977364520151914,
        "spearman": 0.5047830923248053,
        "mrr_top2": 0.5,
        "mrr_top4": 0.5,
        "ndcg10": 0.4977364520151914,
        "ndcg_at_4": 0.5061571405372405,
        "ndcg_at_12": 0.5432483753823831,
        "ndcg_at_16": 0.5432289534135899,
        "ndcg_at_20": 0.5473514364548198,
        "roc_auc_upset": 0.8,
        "rank_mae_pred_vs_playoff_final_results": 6.733333110809326,
        "rank_rmse_pred_vs_playoff_final_results": 8.61394214630127,
        "rank_mae_eos_standings_vs_playoff_final_results": 3.1333333333333333,
        "rank_rmse_eos_standings_vs_playoff_final_results": 4.449719092257398,
        "playoff_metrics": {
          "spearman_pred_vs_playoff_final_results": 0.5065628476084539,
          "ndcg_at_4_final_four": 0.5061571405372405,
          "ndcg10_pred_vs_playoff_final_results": 0.4977265090523717,
          "brier_championship_odds": 0.03222232684493065,
          "rank_mae_pred_vs_playoff_final_results": 6.733333110809326,
          "rank_rmse_pred_vs_playoff_final_results": 8.61394214630127,
          "rank_mae_eos_standings_vs_playoff_final_results": 3.1333333333333333,
          "rank_rmse_eos_standings_vs_playoff_final_results": 4.449719092257398
        }
      },
      "test_metrics_model_a": {
        "ndcg": 0.4977364520151914,
        "spearman": 0.4967741935483871,
        "mrr_top2": 0.5,
        "mrr_top4": 0.5,
        "ndcg10": 0.4977364520151914,
        "ndcg_at_4": 0.5061571405372405,
        "ndcg_at_12": 0.5432483753823831,
        "ndcg_at_16": 0.5432289534135899,
        "ndcg_at_20": 0.5450408068141365,