{
  "test_metrics_ensemble": {
    "ndcg": 0.5692563492441197,
    "spearman": 0.3828698553948832,
    "mrr_top2": 1.0,
    "mrr_top4": 1.0,
    "ndcg10": 0.5692563492441197,
    "ndcg_at_4": 0.35315119534797357,
    "ndcg_at_12": 0.6144079653513337,
    "ndcg_at_16": 0.615664938202282,
    "ndcg_at_20": 0.6159511700057729,
    "roc_auc_upset": 0.7824074074074074,
    "rank_mae_pred_vs_playoff_final_results": 7.933333396911621,
    "rank_rmse_pred_vs_playoff_final_results": 9.615959167480469,
    "rank_mae_eos_standings_vs_playoff_final_results": 3.7333333333333334,
    "rank_rmse_eos_standings_vs_playoff_final_results": 6.093712606722878,
    "playoff_metrics": {
      "spearman_pred_vs_playoff_final_results": 0.44694104560622916,
      "ndcg_at_4_final_four": 0.35315119534797357,
      "ndcg10_pred_vs_playoff_final_results": 0.569261361312701,
      "brier_championship_odds": 0.03222232684493065,
      "rank_mae_pred_vs_playoff_final_results": 7.933333396911621,
      "rank_rmse_pred_vs_playoff_final_results": 9.615959167480469,
      "rank_mae_eos_standings_vs_playoff_final_results": 3.7333333333333334,
      "rank_rmse_eos_standings_vs_playoff_final_results": 6.093712606722878
    }
  },
  "test_metrics_model_a": {
    "ndcg": 0.5692563492441197,
    "spearman": 0.3828698553948832,
    "mrr_top2": 1.0,
    "mrr_top4": 1.0,
    "ndcg10": 0.5692563492441197,
    "ndcg_at_4": 0.35315119534797357,
    "ndcg_at_12": 0.6144079653513337,
    "ndcg_at_16": 0.615664938202282,
    "ndcg_at_20": 0.6159511700057729,
    "roc_auc_upset": 0.7824074074074074
  },
  "test_metrics_model_b": {
    "ndcg": 0.8184270462470392,
    "spearman": 0.4211345939933259,
    "mrr_top2": 1.0,
    "mrr_top4": 1.0,
    "ndcg10": 0.8184270462470392,
    "ndcg_at_4": 0.729074614628521,
    "ndcg_at_12": 0.8182341920023396,
    "ndcg_at_16": 0.8182574238186623,
    "ndcg_at_20": 0.86009636745451,
    "roc_auc_upset": 0.7911111111111111
  },
  "test_metrics_model_c": {
    "ndcg": 0.333487026575135,
    "spearman": 0.23159065628476083,
    "mrr_top2": 0.16666666666666666,
    "mrr_top4": 0.16666666666666666,
    "ndcg10": 0.333487026575135,
    "ndcg_at_4": 0.0011069724610271625,
    "ndcg_at_12": 0.33890731926775686,
    "ndcg_at_16": 0.35966393831396193,
    "ndcg_at_20": 0.3699999322309346,
    "roc_auc_upset": 0.7633928571428571
  },
  "test_metrics_by_conference": {
    "E": {
      "ndcg": 0.4060851235192415,
      "spearman": 0.25357142857142856
    },
    "W": {
      "ndcg": 0.9193500683938988,
      "spearman": 0.5142857142857142
    }
  },
  "notes": {
    "eos_rank_source": "eos_final_rank"
  }
}