{
  "param_importances": {
    "model_a_epochs": 0.35190622411409617,
    "n_estimators_xgb": 0.24375789173684814,
    "max_depth": 0.21543420990244042,
    "learning_rate": 0.16855714751494166,
    "min_samples_leaf": 0.020344526731673637,
    "subsample": 0.0,
    "rolling_windows": 0.0,
    "n_estimators_rf": 0.0,
    "colsample_bytree": 0.0
  },
  "note": "Higher = more important. Fix low-importance params to best/default and re-run smaller grid or Optuna on the rest."
}