{
  "notes": {
    "eval_on": "test",
    "eos_rank_source": "eos_final_rank",
    "upset_definition": "sleeper = EOS_global_rank > predicted_strength",
    "mrr_top2": "1/rank of first team in top 2 (champion+runner-up) in predicted order.",
    "mrr_top4": "1/rank of first team in top 4 (conference finals) in predicted order.",
    "per_conference_relevance": "Within E/W: actual rank derived from EOS_global_rank (1=best in conf); NDCG/Spearman use this relevance.",
    "playoff_metrics": "Spearman (pred global vs playoff_final_results), NDCG@4 (final four), Brier (champion vs odds). rank_mae/rank_rmse: pred vs playoff_final_results; eos_standings vs playoff_final_results (baseline)."
  },
  "split_info": {
    "train_frac": 0.75,
    "n_train_dates": 141,
    "n_test_dates": 36,
    "split_mode": "seasons"
  },
  "test_metrics_ensemble": {
    "ndcg": 0.48384055649818963,
    "spearman": 0.48209121245828696,
    "mrr_top2": 0.5,
    "mrr_top4": 0.5,
    "ndcg10": 0.48384055649818963,
    "ndcg_at_4": 0.4643944167678145,
    "ndcg_at_12": 0.5276217467908489,
    "ndcg_at_16": 0.5275833488277343,
    "ndcg_at_20": 0.5311917325774403,
    "roc_auc_upset": 0.7276785714285715,
    "rank_mae_pred_vs_playoff_final_results": 6.866666793823242,
    "rank_rmse_pred_vs_playoff_final_results": 8.809085845947266,
    "rank_mae_eos_standings_vs_playoff_final_results": 3.1333333333333333,
    "rank_rmse_eos_standings_vs_playoff_final_results": 4.449719092257398,
    "playoff_metrics": {
      "spearman_pred_vs_playoff_final_results": 0.49543937708565067,
      "ndcg_at_4_final_four": 0.4643812234227066,
      "ndcg10_pred_vs_playoff_final_results": 0.48382772585120065,
      "brier_championship_odds": 0.03222232684493065,
      "rank_mae_pred_vs_playoff_final_results": 6.866666793823242,
      "rank_rmse_pred_vs_playoff_final_results": 8.809085845947266,
      "rank_mae_eos_standings_vs_playoff_final_results": 3.1333333333333333,
      "rank_rmse_eos_standings_vs_playoff_final_results": 4.449719092257398
    }
  },
  "test_metrics_model_a": {
    "ndcg": 0.48384055649818963,
    "spearman": 0.47497219132369295,
    "mrr_top2": 0.5,
    "mrr_top4": 0.5,
    "ndcg10": 0.48384055649818963,
    "ndcg_at_4": 0.4643944167678145,
    "ndcg_at_12": 0.4837362558264395,
    "ndcg_at_16": 0.5263510848531132,
    "ndcg_at_20": 0.5299594740225889,
    "roc_auc_upset": 0.7321428571428571
  },
  "test_metrics_model_b": {
    "ndcg": 0.2143905751708314,
    "spearman": 0.6133481646273637,
    "mrr_top2": 0.2,
    "mrr_top4": 0.2,
    "ndcg10": 0.2143905751708314,
    "ndcg_at_4": 0.04166423104576856,
    "ndcg_at_12": 0.21446421471683566,
    "ndcg_at_16": 0.3967076803374046,
    "ndcg_at_20": 0.3967068063497886,
    "roc_auc_upset": 0.7546296296296297
  },
  "test_metrics_model_c": {
    "ndcg": 0.05124995751403931,
    "spearman": 0.30233592880978866,
    "mrr_top2": 0.06666666666666667,
    "mrr_top4": 0.2,
    "ndcg10": 0.05124995751403931,
    "ndcg_at_4": 0.00711064040423231,
    "ndcg_at_12": 0.056899138174850025,
    "ndcg_at_16": 0.17781540372208415,
    "ndcg_at_20": 0.18021312496782235,
    "roc_auc_upset": 0.8258928571428571
  },
  "test_metrics_by_conference": {
    "E": {
      "ndcg": 0.2581376539322988,
      "spearman": 0.2607142857142857
    },
    "W": {
      "ndcg": 0.752538834009314,
      "spearman": 0.6749999999999999
    }
  },
  "by_season": {
    "2023-24": {
      "test_metrics_ensemble": {
        "ndcg": 0.6080268784309694,
        "spearman": 0.43492769744160176,
        "mrr_top2": 1.0,
        "mrr_top4": 1.0,
        "ndcg10": 0.6080268784309694,
        "ndcg_at_4": 0.3560053866302678,
        "ndcg_at_12": 0.6078725272672955,
        "ndcg_at_16": 0.6097468235484101,
        "ndcg_at_20": 0.6097535680548102,
        "roc_auc_upset": 0.7737556561085973,
        "rank_mae_pred_vs_playoff_final_results": 7.400000095367432,
        "rank_rmse_pred_vs_playoff_final_results": 9.201449394226074,
        "rank_mae_eos_standings_vs_playoff_final_results": 3.7333333333333334,
        "rank_rmse_eos_standings_vs_playoff_final_results": 6.093712606722878,
        "playoff_metrics": {
          "spearman_pred_vs_playoff_final_results": 0.47141268075639603,
          "ndcg_at_4_final_four": 0.3560053866302678,
          "ndcg10_pred_vs_playoff_final_results": 0.6080261592766432,
          "brier_championship_odds": 0.03222232684493065,
          "rank_mae_pred_vs_playoff_final_results": 7.400000095367432,
          "rank_rmse_pred_vs_playoff_final_results": 9.201449394226074,
          "rank_mae_eos_standings_vs_playoff_final_results": 3.7333333333333334,
          "rank_rmse_eos_standings_vs_playoff_final_results": 6.093712606722878
        }
      },
      "test_metrics_model_a": {
        "ndcg": 0.5986499160668839,
        "spearman": 0.4269187986651835,
        "mrr_top2": 1.0,
        "mrr_top4": 1.0,
        "ndcg10": 0.5986499160668839,
        "ndcg_at_4": 0.3560053866302678,
        "ndcg_at_12": 0.5984980279234443,
        "ndcg_at_16": 0.6003730432845571,
        "ndcg_at_20": 0.6003798116655941,
        "roc_auc_upset": 0.7782805429864253
      },
      "test_metrics_model_b": {
        "ndcg": 0.8167991514146085,
        "spearman": 0.41579532814238046,
        "mrr_top2": 1.0,
        "mrr_top4": 1.0,
        "ndcg10": 0.8167991514146085,
        "ndcg_at_4": 0.7116242168324007,
        "ndcg_at_12": 0.8165852960052584,
        "ndcg_at_16": 0.8215706767277651,
        "ndcg_at_20": 0.8215716605623847,
        "roc_auc_upset": 0.7828054298642534
      },
      "test_metrics_model_c": {
        "ndcg": 0.333487026575135,
        "spearman": 0.23159065628476083,
        "mrr_top2": 0.16666666666666666,
        "mrr_top4": 0.16666666666666666,
        "ndcg10": 0.333487026575135,
        "ndcg_at_4": 0.0011069724610271625,
        "ndcg_at_12": 0.33890731926775686,
        "ndcg_at_16": 0.35966393831396193,
        "ndcg_at_20": 0.3699999322309346,
        "roc_auc_upset": 0.7633928571428571
      },
      "test_metrics_by_conference": {
        "E": {
          "ndcg": 0.3851402749883562,
          "spearman": 0.25357142857142856
        },
        "W": {
          "ndcg": 0.9323505455904225,
          "spearman": 0.5928571428571427
        }
      },
      "notes": {
        "eos_rank_source": "eos_final_rank"
      }
    },
    "2024-25": {
      "test_metrics_ensemble": {
        "ndcg": 0.48384055649818963,
        "spearman": 0.48209121245828696,
        "mrr_top2": 0.5,
        "mrr_top4": 0.5,
        "ndcg10": 0.48384055649818963,
        "ndcg_at_4": 0.4643944167678145,
        "ndcg_at_12": 0.5276217467908489,
        "ndcg_at_16": 0.5275833488277343,
        "ndcg_at_20": 0.5311917325774403,
        "roc_auc_upset": 0.7276785714285715,
        "rank_mae_pred_vs_playoff_final_results": 6.866666793823242,
        "rank_rmse_pred_vs_playoff_final_results": 8.809085845947266,
        "rank_mae_eos_standings_vs_playoff_final_results": 3.1333333333333333,
        "rank_rmse_eos_standings_vs_playoff_final_results": 4.449719092257398,
        "playoff_metrics": {
          "spearman_pred_vs_playoff_final_results": 0.49543937708565067,
          "ndcg_at_4_final_four": 0.4643812234227066,
          "ndcg10_pred_vs_playoff_final_results": 0.48382772585120065,
          "brier_championship_odds": 0.03222232684493065,
          "rank_mae_pred_vs_playoff_final_results": 6.866666793823242,
          "rank_rmse_pred_vs_playoff_final_results": 8.809085845947266,
          "rank_mae_eos_standings_vs_playoff_final_results": 3.1333333333333333,
          "rank_rmse_eos_standings_vs_playoff_final_results": 4.449719092257398
        }
      },
      "test_metrics_model_a": {
        "ndcg": 0.48384055649818963,
        "spearman": 0.47497219132369295,
        "mrr_top2": 0.5,
        "mrr_top4": 0.5,
        "ndcg10": 0.48384055649818963,
        "ndcg_at_4": 0.4643944167678145,
        "ndcg_at_12": 0.4837362558264395,