{
  "notes": {
    "eval_on": "test",
    "eos_rank_source": "eos_final_rank",
    "upset_definition": "sleeper = EOS_global_rank > predicted_strength",
    "mrr_top2": "1/rank of first team in top 2 (champion+runner-up) in predicted order.",
    "mrr_top4": "1/rank of first team in top 4 (conference finals) in predicted order.",
    "per_conference_relevance": "Within E/W: actual rank derived from EOS_global_rank (1=best in conf); NDCG/Spearman use this relevance.",
    "playoff_metrics": "Spearman (pred global vs playoff_final_results), NDCG@4 (final four), Brier (champion vs odds). rank_mae/rank_rmse: pred vs playoff_final_results; eos_standings vs playoff_final_results (baseline)."
  },
  "split_info": {
    "train_frac": 0.75,
    "n_train_dates": 141,
    "n_test_dates": 36,
    "split_mode": "seasons"
  },
  "test_metrics_ensemble": {
    "ndcg": 0.4844896425913755,
    "spearman": 0.4638487208008899,
    "mrr_top2": 0.5,
    "mrr_top4": 0.5,
    "ndcg10": 0.4844896425913755,
    "ndcg_at_4": 0.4643519436832566,
    "ndcg_at_12": 0.5286024480503239,
    "ndcg_at_16": 0.5285840971731249,
    "ndcg_at_20": 0.5321139365180758,
    "roc_auc_upset": 0.7955555555555556,
    "rank_mae_pred_vs_playoff_final_results": 6.800000190734863,
    "rank_rmse_pred_vs_playoff_final_results": 8.962886810302734,
    "rank_mae_eos_standings_vs_playoff_final_results": 3.1333333333333333,
    "rank_rmse_eos_standings_vs_playoff_final_results": 4.449719092257398,
    "playoff_metrics": {
      "spearman_pred_vs_playoff_final_results": 0.46562847608453833,
      "ndcg_at_4_final_four": 0.46433662668392073,
      "ndcg10_pred_vs_playoff_final_results": 0.48447421263464346,
      "brier_championship_odds": 0.03222232684493065,
      "rank_mae_pred_vs_playoff_final_results": 6.800000190734863,
      "rank_rmse_pred_vs_playoff_final_results": 8.962886810302734,
      "rank_mae_eos_standings_vs_playoff_final_results": 3.1333333333333333,
      "rank_rmse_eos_standings_vs_playoff_final_results": 4.449719092257398
    }
  },
  "test_metrics_model_a": {
    "ndcg": 0.4844896425913755,
    "spearman": 0.4638487208008899,
    "mrr_top2": 0.5,
    "mrr_top4": 0.5,
    "ndcg10": 0.4844896425913755,
    "ndcg_at_4": 0.4643519436832566,
    "ndcg_at_12": 0.5286024480503239,
    "ndcg_at_16": 0.5285840971731249,
    "ndcg_at_20": 0.5321139365180758,
    "roc_auc_upset": 0.7955555555555556
  },
  "test_metrics_model_b": {
    "ndcg": 0.19710003553644426,
    "spearman": 0.6484983314794216,
    "mrr_top2": 0.14285714285714285,
    "mrr_top4": 0.14285714285714285,
    "ndcg10": 0.19710003553644426,
    "ndcg_at_4": 0.04166423104576856,
    "ndcg_at_12": 0.19717959724894776,
    "ndcg_at_16": 0.38855838459479797,
    "ndcg_at_20": 0.38855763368365537,
    "roc_auc_upset": 0.7272727272727273
  },
  "test_metrics_model_c": {
    "ndcg": 0.05139534647930671,
    "spearman": 0.3050055617352614,
    "mrr_top2": 0.06666666666666667,
    "mrr_top4": 0.2,
    "ndcg10": 0.05139534647930671,
    "ndcg_at_4": 0.0072603807417201014,
    "ndcg_at_12": 0.05704448895120833,
    "ndcg_at_16": 0.1779607433491712,
    "ndcg_at_20": 0.18035846395567354,
    "roc_auc_upset": 0.8258928571428571
  },
  "test_metrics_by_conference": {
    "E": {
      "ndcg": 0.2624916404736943,
      "spearman": 0.23571428571428568
    },
    "W": {
      "ndcg": 0.7519157235194247,
      "spearman": 0.7214285714285712
    }
  },
  "by_season": {
    "2023-24": {
      "test_metrics_ensemble": {
        "ndcg": 0.5681374007712614,
        "spearman": 0.4255839822024471,
        "mrr_top2": 1.0,
        "mrr_top4": 1.0,
        "ndcg10": 0.5681374007712614,
        "ndcg_at_4": 0.3350938532869966,
        "ndcg_at_12": 0.6132893107895121,
        "ndcg_at_16": 0.6145161352619717,
        "ndcg_at_20": 0.6151309994230933,
        "roc_auc_upset": 0.6799999999999999,
        "rank_mae_pred_vs_playoff_final_results": 7.199999809265137,
        "rank_rmse_pred_vs_playoff_final_results": 9.277212142944336,
        "rank_mae_eos_standings_vs_playoff_final_results": 3.7333333333333334,
        "rank_rmse_eos_standings_vs_playoff_final_results": 6.093712606722878,
        "playoff_metrics": {
          "spearman_pred_vs_playoff_final_results": 0.44249165739710794,
          "ndcg_at_4_final_four": 0.3350928959745381,
          "ndcg10_pred_vs_playoff_final_results": 0.5681422025006863,
          "brier_championship_odds": 0.03222232684493065,
          "rank_mae_pred_vs_playoff_final_results": 7.199999809265137,
          "rank_rmse_pred_vs_playoff_final_results": 9.277212142944336,
          "rank_mae_eos_standings_vs_playoff_final_results": 3.7333333333333334,
          "rank_rmse_eos_standings_vs_playoff_final_results": 6.093712606722878
        }
      },
      "test_metrics_model_a": {
        "ndcg": 0.5681374007712614,
        "spearman": 0.4255839822024471,
        "mrr_top2": 1.0,
        "mrr_top4": 1.0,
        "ndcg10": 0.5681374007712614,
        "ndcg_at_4": 0.3350938532869966,
        "ndcg_at_12": 0.6132893107895121,
        "ndcg_at_16": 0.6145161352619717,
        "ndcg_at_20": 0.6151309994230933,
        "roc_auc_upset": 0.6799999999999999
      },
      "test_metrics_model_b": {
        "ndcg": 0.7968517272087492,
        "spearman": 0.4064516129032258,
        "mrr_top2": 1.0,
        "mrr_top4": 1.0,
        "ndcg10": 0.7968517272087492,
        "ndcg_at_4": 0.705915834267812,
        "ndcg_at_12": 0.7966666137525719,
        "ndcg_at_16": 0.7966873443346965,
        "ndcg_at_20": 0.8397797261848244,
        "roc_auc_upset": 0.7314814814814815
      },
      "test_metrics_model_c": {
        "ndcg": 0.333487026575135,
        "spearman": 0.23159065628476083,
        "mrr_top2": 0.16666666666666666,
        "mrr_top4": 0.16666666666666666,
        "ndcg10": 0.333487026575135,
        "ndcg_at_4": 0.0011069724610271625,
        "ndcg_at_12": 0.33890731926775686,
        "ndcg_at_16": 0.35966393831396193,
        "ndcg_at_20": 0.3699999322309346,
        "roc_auc_upset": 0.7633928571428571
      },
      "test_metrics_by_conference": {
        "E": {
          "ndcg": 0.38119908936479224,
          "spearman": 0.23928571428571427
        },
        "W": {
          "ndcg": 0.922273612311482,
          "spearman": 0.6142857142857142
        }
      },
      "notes": {
        "eos_rank_source": "eos_final_rank"
      }
    },
    "2024-25": {
      "test_metrics_ensemble": {
        "ndcg": 0.4844896425913755,
        "spearman": 0.4638487208008899,
        "mrr_top2": 0.5,
        "mrr_top4": 0.5,
        "ndcg10": 0.4844896425913755,
        "ndcg_at_4": 0.4643519436832566,
        "ndcg_at_12": 0.5286024480503239,
        "ndcg_at_16": 0.5285840971731249,
        "ndcg_at_20": 0.5321139365180758,
        "roc_auc_upset": 0.7955555555555556,
        "rank_mae_pred_vs_playoff_final_results": 6.800000190734863,
        "rank_rmse_pred_vs_playoff_final_results": 8.962886810302734,
        "rank_mae_eos_standings_vs_playoff_final_results": 3.1333333333333333,
        "rank_rmse_eos_standings_vs_playoff_final_results": 4.449719092257398,
        "playoff_metrics": {
          "spearman_pred_vs_playoff_final_results": 0.46562847608453833,
          "ndcg_at_4_final_four": 0.46433662668392073,
          "ndcg10_pred_vs_playoff_final_results": 0.48447421263464346,
          "brier_championship_odds": 0.03222232684493065,
          "rank_mae_pred_vs_playoff_final_results": 6.800000190734863,
          "rank_rmse_pred_vs_playoff_final_results": 8.962886810302734,
          "rank_mae_eos_standings_vs_playoff_final_results": 3.1333333333333333,
          "rank_rmse_eos_standings_vs_playoff_final_results": 4.449719092257398
        }
      },
      "test_metrics_model_a": {
        "ndcg": 0.4844896425913755,
        "spearman": 0.4638487208008899,
        "mrr_top2": 0.5,
        "mrr_top4": 0.5,
        "ndcg10": 0.4844896425913755,
        "ndcg_at_4": 0.4643519436832566,
        "ndcg_at_12": 0.5286024480503239,