{
  "test_metrics_ensemble": {
    "ndcg": 0.40051272992057896,
    "spearman": 0.3975528364849833,
    "mrr_top2": 1.0,
    "mrr_top4": 1.0,
    "ndcg10": 0.40051272992057896,
    "ndcg_at_4": 0.35315119534797357,
    "ndcg_at_12": 0.581612093631313,
    "ndcg_at_16": 0.5828676149088529,
    "ndcg_at_20": 0.5834736011500916,
    "roc_auc_upset": 0.7455357142857142,
    "rank_mae_pred_vs_playoff_final_results": 7.599999904632568,
    "rank_rmse_pred_vs_playoff_final_results": 9.500877380371094,
    "rank_mae_eos_standings_vs_playoff_final_results": 3.7333333333333334,
    "rank_rmse_eos_standings_vs_playoff_final_results": 6.093712606722878,
    "playoff_metrics": {
      "spearman_pred_vs_playoff_final_results": 0.43893214682981085,
      "ndcg_at_4_final_four": 0.35315119534797357,
      "ndcg10_pred_vs_playoff_final_results": 0.4005179792198657,
      "brier_championship_odds": 0.03222232684493065,
      "rank_mae_pred_vs_playoff_final_results": 7.599999904632568,
      "rank_rmse_pred_vs_playoff_final_results": 9.500877380371094,
      "rank_mae_eos_standings_vs_playoff_final_results": 3.7333333333333334,
      "rank_rmse_eos_standings_vs_playoff_final_results": 6.093712606722878
    }
  },
  "test_metrics_model_a": {
    "ndcg": 0.4002805020340969,
    "spearman": 0.3913236929922136,
    "mrr_top2": 1.0,
    "mrr_top4": 1.0,
    "ndcg10": 0.4002805020340969,
    "ndcg_at_4": 0.35315119534797357,
    "ndcg_at_12": 0.5813799267434743,
    "ndcg_at_16": 0.5826354658295988,
    "ndcg_at_20": 0.5832414530918806,
    "roc_auc_upset": 0.7918552036199096
  },
  "test_metrics_model_b": {
    "ndcg": 0.80177726491769,
    "spearman": 0.4487208008898776,
    "mrr_top2": 1.0,
    "mrr_top4": 1.0,
    "ndcg10": 0.80177726491769,
    "ndcg_at_4": 0.6907114070725182,
    "ndcg_at_12": 0.8015914616572286,
    "ndcg_at_16": 0.8016140745294387,
    "ndcg_at_20": 0.8447062755853052,
    "roc_auc_upset": 0.7991071428571428
  },
  "test_metrics_model_c": {
    "ndcg": 0.333487026575135,
    "spearman": 0.24048943270300333,
    "mrr_top2": 0.16666666666666666,
    "mrr_top4": 0.16666666666666666,
    "ndcg10": 0.333487026575135,
    "ndcg_at_4": 0.0011069724610271625,
    "ndcg_at_12": 0.33890731926775686,
    "ndcg_at_16": 0.35966393831396193,
    "ndcg_at_20": 0.37116955007129654,
    "roc_auc_upset": 0.7777777777777778
  },
  "test_metrics_by_conference": {
    "E": {
      "ndcg": 0.38504331979094114,
      "spearman": 0.2571428571428571
    },
    "W": {
      "ndcg": 0.9193844630282232,
      "spearman": 0.4928571428571427
    }
  },
  "notes": {
    "eos_rank_source": "eos_final_rank"
  }
}