{
  "test_metrics_ensemble": {
    "ndcg": 0.523564805194815,
    "spearman": 0.46117908787541706,
    "mrr_top2": 0.5,
    "mrr_top4": 0.5,
    "ndcg10": 0.523564805194815,
    "ndcg_at_4": 0.4641493447784409,
    "ndcg_at_12": 0.5294326174652386,
    "ndcg_at_16": 0.5294137029886392,
    "ndcg_at_20": 0.5335318983046886,
    "roc_auc_upset": 0.7828054298642534,
    "rank_mae_pred_vs_playoff_final_results": 7.266666889190674,
    "rank_rmse_pred_vs_playoff_final_results": 8.985173225402832,
    "rank_mae_eos_standings_vs_playoff_final_results": 3.1333333333333333,
    "rank_rmse_eos_standings_vs_playoff_final_results": 4.449719092257398,
    "playoff_metrics": {
      "spearman_pred_vs_playoff_final_results": 0.47185761957730815,
      "ndcg_at_4_final_four": 0.464136151433333,
      "ndcg10_pred_vs_playoff_final_results": 0.5235514131566814,
      "brier_championship_odds": 0.03222232684493065,
      "rank_mae_pred_vs_playoff_final_results": 7.266666889190674,
      "rank_rmse_pred_vs_playoff_final_results": 8.985173225402832,
      "rank_mae_eos_standings_vs_playoff_final_results": 3.1333333333333333,
      "rank_rmse_eos_standings_vs_playoff_final_results": 4.449719092257398
    }
  },
  "test_metrics_model_a": {
    "ndcg": 0.523564805194815,
    "spearman": 0.4522803114571746,
    "mrr_top2": 0.5,
    "mrr_top4": 0.5,
    "ndcg10": 0.523564805194815,
    "ndcg_at_4": 0.4641493447784409,
    "ndcg_at_12": 0.5294326174652386,
    "ndcg_at_16": 0.5294137029886392,
    "ndcg_at_20": 0.5329542392418204,
    "roc_auc_upset": 0.7873303167420814
  },
  "test_metrics_model_b": {
    "ndcg": 0.20641689471603403,
    "spearman": 0.6462736373748609,
    "mrr_top2": 0.16666666666666666,
    "mrr_top4": 0.16666666666666666,
    "ndcg10": 0.20641689471603403,
    "ndcg_at_4": 0.04166423104576856,
    "ndcg_at_12": 0.38199579407302037,
    "ndcg_at_16": 0.40279910913959815,
    "ndcg_at_20": 0.4027976273647808,
    "roc_auc_upset": 0.7453703703703703
  },
  "test_metrics_model_c": {
    "ndcg": 0.05124995751403931,
    "spearman": 0.30233592880978866,
    "mrr_top2": 0.06666666666666667,
    "mrr_top4": 0.2,
    "ndcg10": 0.05124995751403931,
    "ndcg_at_4": 0.00711064040423231,
    "ndcg_at_12": 0.056899138174850025,
    "ndcg_at_16": 0.17781540372208415,
    "ndcg_at_20": 0.18021312496782235,
    "roc_auc_upset": 0.8258928571428571
  },
  "test_metrics_by_conference": {
    "E": {
      "ndcg": 0.2515552211723563,
      "spearman": 0.2285714285714285
    },
    "W": {
      "ndcg": 0.7621882543043447,
      "spearman": 0.682142857142857
    }
  },
  "notes": {
    "eos_rank_source": "eos_final_rank"
  }
}