{
  "notes": {
    "eval_on": "test",
    "eos_rank_source": "eos_final_rank",
    "upset_definition": "sleeper = EOS_global_rank > predicted_strength",
    "mrr_top2": "1/rank of first team in top 2 (champion+runner-up) in predicted order.",
    "mrr_top4": "1/rank of first team in top 4 (conference finals) in predicted order.",
    "per_conference_relevance": "Within E/W: actual rank derived from EOS_global_rank (1=best in conf); NDCG/Spearman use this relevance.",
    "playoff_metrics": "Spearman (pred global vs playoff_final_results), NDCG@4 (final four), Brier (champion vs odds). rank_mae/rank_rmse: pred vs playoff_final_results; eos_standings vs playoff_final_results (baseline)."
  },
  "split_info": {
    "train_frac": 0.75,
    "n_train_dates": 141,
    "n_test_dates": 36,
    "split_mode": "seasons"
  },
  "test_metrics_ensemble": {
    "ndcg": 0.523564805194815,
    "spearman": 0.46117908787541706,
    "mrr_top2": 0.5,
    "mrr_top4": 0.5,
    "ndcg10": 0.523564805194815,
    "ndcg_at_4": 0.4641493447784409,
    "ndcg_at_12": 0.5294326174652386,
    "ndcg_at_16": 0.5294137029886392,
    "ndcg_at_20": 0.5335318983046886,
    "roc_auc_upset": 0.7828054298642534,
    "rank_mae_pred_vs_playoff_final_results": 7.266666889190674,
    "rank_rmse_pred_vs_playoff_final_results": 8.985173225402832,
    "rank_mae_eos_standings_vs_playoff_final_results": 3.1333333333333333,
    "rank_rmse_eos_standings_vs_playoff_final_results": 4.449719092257398,
    "playoff_metrics": {
      "spearman_pred_vs_playoff_final_results": 0.47185761957730815,
      "ndcg_at_4_final_four": 0.464136151433333,
      "ndcg10_pred_vs_playoff_final_results": 0.5235514131566814,
      "brier_championship_odds": 0.03222232684493065,
      "rank_mae_pred_vs_playoff_final_results": 7.266666889190674,
      "rank_rmse_pred_vs_playoff_final_results": 8.985173225402832,
      "rank_mae_eos_standings_vs_playoff_final_results": 3.1333333333333333,
      "rank_rmse_eos_standings_vs_playoff_final_results": 4.449719092257398
    }
  },
  "test_metrics_model_a": {
    "ndcg": 0.523564805194815,
    "spearman": 0.4522803114571746,
    "mrr_top2": 0.5,
    "mrr_top4": 0.5,
    "ndcg10": 0.523564805194815,
    "ndcg_at_4": 0.4641493447784409,
    "ndcg_at_12": 0.5294326174652386,
    "ndcg_at_16": 0.5294137029886392,
    "ndcg_at_20": 0.5329542392418204,
    "roc_auc_upset": 0.7873303167420814
  },
  "test_metrics_model_b": {
    "ndcg": 0.20641689471603403,
    "spearman": 0.6462736373748609,
    "mrr_top2": 0.16666666666666666,
    "mrr_top4": 0.16666666666666666,
    "ndcg10": 0.20641689471603403,
    "ndcg_at_4": 0.04166423104576856,
    "ndcg_at_12": 0.38199579407302037,
    "ndcg_at_16": 0.40279910913959815,
    "ndcg_at_20": 0.4027976273647808,
    "roc_auc_upset": 0.7453703703703703
  },
  "test_metrics_model_c": {
    "ndcg": 0.05124995751403931,
    "spearman": 0.30233592880978866,
    "mrr_top2": 0.06666666666666667,
    "mrr_top4": 0.2,
    "ndcg10": 0.05124995751403931,
    "ndcg_at_4": 0.00711064040423231,
    "ndcg_at_12": 0.056899138174850025,
    "ndcg_at_16": 0.17781540372208415,
    "ndcg_at_20": 0.18021312496782235,
    "roc_auc_upset": 0.8258928571428571
  },
  "test_metrics_by_conference": {
    "E": {
      "ndcg": 0.2515552211723563,
      "spearman": 0.2285714285714285
    },
    "W": {
      "ndcg": 0.7621882543043447,
      "spearman": 0.682142857142857
    }
  },
  "by_season": {
    "2023-24": {
      "test_metrics_ensemble": {
        "ndcg": 0.40051272992057896,
        "spearman": 0.3975528364849833,
        "mrr_top2": 1.0,
        "mrr_top4": 1.0,
        "ndcg10": 0.40051272992057896,
        "ndcg_at_4": 0.35315119534797357,
        "ndcg_at_12": 0.581612093631313,
        "ndcg_at_16": 0.5828676149088529,
        "ndcg_at_20": 0.5834736011500916,
        "roc_auc_upset": 0.7455357142857142,
        "rank_mae_pred_vs_playoff_final_results": 7.599999904632568,
        "rank_rmse_pred_vs_playoff_final_results": 9.500877380371094,
        "rank_mae_eos_standings_vs_playoff_final_results": 3.7333333333333334,
        "rank_rmse_eos_standings_vs_playoff_final_results": 6.093712606722878,
        "playoff_metrics": {
          "spearman_pred_vs_playoff_final_results": 0.43893214682981085,
          "ndcg_at_4_final_four": 0.35315119534797357,
          "ndcg10_pred_vs_playoff_final_results": 0.4005179792198657,
          "brier_championship_odds": 0.03222232684493065,
          "rank_mae_pred_vs_playoff_final_results": 7.599999904632568,
          "rank_rmse_pred_vs_playoff_final_results": 9.500877380371094,
          "rank_mae_eos_standings_vs_playoff_final_results": 3.7333333333333334,
          "rank_rmse_eos_standings_vs_playoff_final_results": 6.093712606722878
        }
      },
      "test_metrics_model_a": {
        "ndcg": 0.4002805020340969,
        "spearman": 0.3913236929922136,
        "mrr_top2": 1.0,
        "mrr_top4": 1.0,
        "ndcg10": 0.4002805020340969,
        "ndcg_at_4": 0.35315119534797357,
        "ndcg_at_12": 0.5813799267434743,
        "ndcg_at_16": 0.5826354658295988,
        "ndcg_at_20": 0.5832414530918806,
        "roc_auc_upset": 0.7918552036199096
      },
      "test_metrics_model_b": {
        "ndcg": 0.80177726491769,
        "spearman": 0.4487208008898776,
        "mrr_top2": 1.0,
        "mrr_top4": 1.0,
        "ndcg10": 0.80177726491769,
        "ndcg_at_4": 0.6907114070725182,
        "ndcg_at_12": 0.8015914616572286,
        "ndcg_at_16": 0.8016140745294387,
        "ndcg_at_20": 0.8447062755853052,
        "roc_auc_upset": 0.7991071428571428
      },
      "test_metrics_model_c": {
        "ndcg": 0.333487026575135,
        "spearman": 0.24048943270300333,
        "mrr_top2": 0.16666666666666666,
        "mrr_top4": 0.16666666666666666,
        "ndcg10": 0.333487026575135,
        "ndcg_at_4": 0.0011069724610271625,
        "ndcg_at_12": 0.33890731926775686,
        "ndcg_at_16": 0.35966393831396193,
        "ndcg_at_20": 0.37116955007129654,
        "roc_auc_upset": 0.7777777777777778
      },
      "test_metrics_by_conference": {
        "E": {
          "ndcg": 0.38504331979094114,
          "spearman": 0.2571428571428571
        },
        "W": {
          "ndcg": 0.9193844630282232,
          "spearman": 0.4928571428571427
        }
      },
      "notes": {
        "eos_rank_source": "eos_final_rank"
      }
    },
    "2024-25": {
      "test_metrics_ensemble": {
        "ndcg": 0.523564805194815,
        "spearman": 0.46117908787541706,
        "mrr_top2": 0.5,
        "mrr_top4": 0.5,
        "ndcg10": 0.523564805194815,
        "ndcg_at_4": 0.4641493447784409,
        "ndcg_at_12": 0.5294326174652386,
        "ndcg_at_16": 0.5294137029886392,
        "ndcg_at_20": 0.5335318983046886,
        "roc_auc_upset": 0.7828054298642534,
        "rank_mae_pred_vs_playoff_final_results": 7.266666889190674,
        "rank_rmse_pred_vs_playoff_final_results": 8.985173225402832,
        "rank_mae_eos_standings_vs_playoff_final_results": 3.1333333333333333,
        "rank_rmse_eos_standings_vs_playoff_final_results": 4.449719092257398,
        "playoff_metrics": {
          "spearman_pred_vs_playoff_final_results": 0.47185761957730815,
          "ndcg_at_4_final_four": 0.464136151433333,
          "ndcg10_pred_vs_playoff_final_results": 0.5235514131566814,
          "brier_championship_odds": 0.03222232684493065,
          "rank_mae_pred_vs_playoff_final_results": 7.266666889190674,
          "rank_rmse_pred_vs_playoff_final_results": 8.985173225402832,
          "rank_mae_eos_standings_vs_playoff_final_results": 3.1333333333333333,
          "rank_rmse_eos_standings_vs_playoff_final_results": 4.449719092257398
        }
      },
      "test_metrics_model_a": {
        "ndcg": 0.523564805194815,
        "spearman": 0.4522803114571746,
        "mrr_top2": 0.5,
        "mrr_top4": 0.5,
        "ndcg10": 0.523564805194815,
        "ndcg_at_4": 0.4641493447784409,
        "ndcg_at_12": 0.5294326174652386,