{
  "test_metrics_ensemble": {
    "ndcg": 0.5269496112737599,
    "spearman": 0.4562847608453838,
    "mrr_top2": 0.5,
    "mrr_top4": 0.5,
    "ndcg10": 0.5269496112737599,
    "ndcg_at_4": 0.4640676940033355,
    "ndcg_at_12": 0.5328165344667256,
    "ndcg_at_16": 0.5340393782267774,
    "ndcg_at_20": 0.5363899706998209,
    "roc_auc_upset": 0.7066666666666666,
    "rank_mae_pred_vs_playoff_final_results": 6.933333396911621,
    "rank_rmse_pred_vs_playoff_final_results": 9.025888442993164,
    "rank_mae_eos_standings_vs_playoff_final_results": 3.1333333333333333,
    "rank_rmse_eos_standings_vs_playoff_final_results": 4.449719092257398,
    "playoff_metrics": {
      "spearman_pred_vs_playoff_final_results": 0.4553948832035596,
      "ndcg_at_4_final_four": 0.46405447074221323,
      "ndcg10_pred_vs_playoff_final_results": 0.5269361858282718,
      "brier_championship_odds": 0.03222232684493065,
      "rank_mae_pred_vs_playoff_final_results": 6.933333396911621,
      "rank_rmse_pred_vs_playoff_final_results": 9.025888442993164,
      "rank_mae_eos_standings_vs_playoff_final_results": 3.1333333333333333,
      "rank_rmse_eos_standings_vs_playoff_final_results": 4.449719092257398
    }
  },
  "test_metrics_model_a": {
    "ndcg": 0.5269496112737599,
    "spearman": 0.4562847608453838,
    "mrr_top2": 0.5,
    "mrr_top4": 0.5,
    "ndcg10": 0.5269496112737599,
    "ndcg_at_4": 0.4640676940033355,
    "ndcg_at_12": 0.5328165344667256,
    "ndcg_at_16": 0.5340393782267774,
    "ndcg_at_20": 0.5363899706998209,
    "roc_auc_upset": 0.7066666666666666
  },
  "test_metrics_model_b": {
    "ndcg": 0.16752637595189138,
    "spearman": 0.6160177975528365,
    "mrr_top2": 0.2,
    "mrr_top4": 0.2,
    "ndcg10": 0.16752637595189138,
    "ndcg_at_4": 0.04166423104576856,
    "ndcg_at_12": 0.18943651176841303,
    "ndcg_at_16": 0.23211369012069893,
    "ndcg_at_20": 0.3850204322283536,
    "roc_auc_upset": 0.7918552036199095
  },
  "test_metrics_model_c": {
    "ndcg": 0.05124995751403931,
    "spearman": 0.3210233592880979,
    "mrr_top2": 0.07142857142857142,
    "mrr_top4": 0.2,
    "ndcg10": 0.05124995751403931,
    "ndcg_at_4": 0.00711064040423231,
    "ndcg_at_12": 0.056899138174850025,
    "ndcg_at_16": 0.18061907061753987,
    "ndcg_at_20": 0.18301677953213064,
    "roc_auc_upset": 0.8169642857142857
  },
  "test_metrics_by_conference": {
    "E": {
      "ndcg": 0.24393815760100512,
      "spearman": 0.22142857142857136
    },
    "W": {
      "ndcg": 0.773346442494741,
      "spearman": 0.657142857142857
    }
  },
  "notes": {
    "eos_rank_source": "eos_final_rank"
  }
}