{
  "notes": {
    "eval_on": "test",
    "eos_rank_source": "eos_final_rank",
    "upset_definition": "sleeper = EOS_global_rank > predicted_strength",
    "mrr_top2": "1/rank of first team in top 2 (champion+runner-up) in predicted order.",
    "mrr_top4": "1/rank of first team in top 4 (conference finals) in predicted order.",
    "per_conference_relevance": "Within E/W: actual rank derived from EOS_global_rank (1=best in conf); NDCG/Spearman use this relevance.",
    "playoff_metrics": "Spearman (pred global vs playoff_final_results), NDCG@4 (final four), Brier (champion vs odds). rank_mae/rank_rmse: pred vs playoff_final_results; eos_standings vs playoff_final_results (baseline)."
  },
  "split_info": {
    "train_frac": 0.75,
    "n_train_dates": 141,
    "n_test_dates": 36,
    "split_mode": "seasons"
  },
  "test_metrics_ensemble": {
    "ndcg": 0.5269496112737599,
    "spearman": 0.4562847608453838,
    "mrr_top2": 0.5,
    "mrr_top4": 0.5,
    "ndcg10": 0.5269496112737599,
    "ndcg_at_4": 0.4640676940033355,
    "ndcg_at_12": 0.5328165344667256,
    "ndcg_at_16": 0.5340393782267774,
    "ndcg_at_20": 0.5363899706998209,
    "roc_auc_upset": 0.7066666666666666,
    "rank_mae_pred_vs_playoff_final_results": 6.933333396911621,
    "rank_rmse_pred_vs_playoff_final_results": 9.025888442993164,
    "rank_mae_eos_standings_vs_playoff_final_results": 3.1333333333333333,
    "rank_rmse_eos_standings_vs_playoff_final_results": 4.449719092257398,
    "playoff_metrics": {
      "spearman_pred_vs_playoff_final_results": 0.4553948832035596,
      "ndcg_at_4_final_four": 0.46405447074221323,
      "ndcg10_pred_vs_playoff_final_results": 0.5269361858282718,
      "brier_championship_odds": 0.03222232684493065,
      "rank_mae_pred_vs_playoff_final_results": 6.933333396911621,
      "rank_rmse_pred_vs_playoff_final_results": 9.025888442993164,
      "rank_mae_eos_standings_vs_playoff_final_results": 3.1333333333333333,
      "rank_rmse_eos_standings_vs_playoff_final_results": 4.449719092257398
    }
  },
  "test_metrics_model_a": {
    "ndcg": 0.5269496112737599,
    "spearman": 0.4562847608453838,
    "mrr_top2": 0.5,
    "mrr_top4": 0.5,
    "ndcg10": 0.5269496112737599,
    "ndcg_at_4": 0.4640676940033355,
    "ndcg_at_12": 0.5328165344667256,
    "ndcg_at_16": 0.5340393782267774,
    "ndcg_at_20": 0.5363899706998209,
    "roc_auc_upset": 0.7066666666666666
  },
  "test_metrics_model_b": {
    "ndcg": 0.16752637595189138,
    "spearman": 0.6160177975528365,
    "mrr_top2": 0.2,
    "mrr_top4": 0.2,
    "ndcg10": 0.16752637595189138,
    "ndcg_at_4": 0.04166423104576856,
    "ndcg_at_12": 0.18943651176841303,
    "ndcg_at_16": 0.23211369012069893,
    "ndcg_at_20": 0.3850204322283536,
    "roc_auc_upset": 0.7918552036199095
  },
  "test_metrics_model_c": {
    "ndcg": 0.05124995751403931,
    "spearman": 0.3210233592880979,
    "mrr_top2": 0.07142857142857142,
    "mrr_top4": 0.2,
    "ndcg10": 0.05124995751403931,
    "ndcg_at_4": 0.00711064040423231,
    "ndcg_at_12": 0.056899138174850025,
    "ndcg_at_16": 0.18061907061753987,
    "ndcg_at_20": 0.18301677953213064,
    "roc_auc_upset": 0.8169642857142857
  },
  "test_metrics_by_conference": {
    "E": {
      "ndcg": 0.24393815760100512,
      "spearman": 0.22142857142857136
    },
    "W": {
      "ndcg": 0.773346442494741,
      "spearman": 0.657142857142857
    }
  },
  "by_season": {
    "2023-24": {
      "test_metrics_ensemble": {
        "ndcg": 0.3535625518625631,
        "spearman": 0.38731924360400444,
        "mrr_top2": 1.0,
        "mrr_top4": 1.0,
        "ndcg10": 0.3535625518625631,
        "ndcg_at_4": 0.35315119534797357,
        "ndcg_at_12": 0.39877082365066463,
        "ndcg_at_16": 0.5706411768193529,
        "ndcg_at_20": 0.5712562339522509,
        "roc_auc_upset": 0.7544642857142857,
        "rank_mae_pred_vs_playoff_final_results": 7.733333110809326,
        "rank_rmse_pred_vs_playoff_final_results": 9.581232070922852,
        "rank_mae_eos_standings_vs_playoff_final_results": 3.7333333333333334,
        "rank_rmse_eos_standings_vs_playoff_final_results": 6.093712606722878,
        "playoff_metrics": {
          "spearman_pred_vs_playoff_final_results": 0.4251390433815351,
          "ndcg_at_4_final_four": 0.35315119534797357,
          "ndcg10_pred_vs_playoff_final_results": 0.353563502219896,
          "brier_championship_odds": 0.03222232684493065,
          "rank_mae_pred_vs_playoff_final_results": 7.733333110809326,
          "rank_rmse_pred_vs_playoff_final_results": 9.581232070922852,
          "rank_mae_eos_standings_vs_playoff_final_results": 3.7333333333333334,
          "rank_rmse_eos_standings_vs_playoff_final_results": 6.093712606722878
        }
      },
      "test_metrics_model_a": {
        "ndcg": 0.3535625518625631,
        "spearman": 0.3917686318131257,
        "mrr_top2": 1.0,
        "mrr_top4": 1.0,
        "ndcg10": 0.3535625518625631,
        "ndcg_at_4": 0.35315119534797357,
        "ndcg_at_12": 0.39877082365066463,
        "ndcg_at_16": 0.5712619037133996,
        "ndcg_at_20": 0.571268509054423,
        "roc_auc_upset": 0.75
      },
      "test_metrics_model_b": {
        "ndcg": 0.8062821828710084,
        "spearman": 0.3828698553948832,
        "mrr_top2": 1.0,
        "mrr_top4": 1.0,
        "ndcg10": 0.8062821828710084,
        "ndcg_at_4": 0.7116242168324007,
        "ndcg_at_12": 0.8060918490637926,
        "ndcg_at_16": 0.8061138090596435,
        "ndcg_at_20": 0.8109828137076013,
        "roc_auc_upset": 0.7873303167420814
      },
      "test_metrics_model_c": {
        "ndcg": 0.3335103168238178,
        "spearman": 0.24582869855394882,
        "mrr_top2": 0.16666666666666666,
        "mrr_top4": 0.16666666666666666,
        "ndcg10": 0.3335103168238178,
        "ndcg_at_4": 0.001111095381373398,
        "ndcg_at_12": 0.33890852755612016,
        "ndcg_at_16": 0.36020843249775714,
        "ndcg_at_20": 0.370544492926805,
        "roc_auc_upset": 0.7733333333333334
      },
      "test_metrics_by_conference": {
        "E": {
          "ndcg": 0.36530387940328046,
          "spearman": 0.2571428571428571
        },
        "W": {
          "ndcg": 0.9149577747861424,
          "spearman": 0.5142857142857142
        }
      },
      "notes": {
        "eos_rank_source": "eos_final_rank"
      }
    },
    "2024-25": {
      "test_metrics_ensemble": {
        "ndcg": 0.5269496112737599,
        "spearman": 0.4562847608453838,
        "mrr_top2": 0.5,
        "mrr_top4": 0.5,
        "ndcg10": 0.5269496112737599,
        "ndcg_at_4": 0.4640676940033355,
        "ndcg_at_12": 0.5328165344667256,
        "ndcg_at_16": 0.5340393782267774,
        "ndcg_at_20": 0.5363899706998209,
        "roc_auc_upset": 0.7066666666666666,
        "rank_mae_pred_vs_playoff_final_results": 6.933333396911621,
        "rank_rmse_pred_vs_playoff_final_results": 9.025888442993164,
        "rank_mae_eos_standings_vs_playoff_final_results": 3.1333333333333333,
        "rank_rmse_eos_standings_vs_playoff_final_results": 4.449719092257398,
        "playoff_metrics": {
          "spearman_pred_vs_playoff_final_results": 0.4553948832035596,
          "ndcg_at_4_final_four": 0.46405447074221323,
          "ndcg10_pred_vs_playoff_final_results": 0.5269361858282718,
          "brier_championship_odds": 0.03222232684493065,
          "rank_mae_pred_vs_playoff_final_results": 6.933333396911621,
          "rank_rmse_pred_vs_playoff_final_results": 9.025888442993164,
          "rank_mae_eos_standings_vs_playoff_final_results": 3.1333333333333333,
          "rank_rmse_eos_standings_vs_playoff_final_results": 4.449719092257398
        }
      },
      "test_metrics_model_a": {
        "ndcg": 0.5269496112737599,
        "spearman": 0.4562847608453838,
        "mrr_top2": 0.5,
        "mrr_top4": 0.5,
        "ndcg10": 0.5269496112737599,
        "ndcg_at_4": 0.4640676940033355,
        "ndcg_at_12": 0.5328165344667256,
        "ndcg_at_16": 0.5340393782267774,