{
  "test_metrics_ensemble": {
    "ndcg": 0.3535625518625631,
    "spearman": 0.38731924360400444,
    "mrr_top2": 1.0,
    "mrr_top4": 1.0,
    "ndcg10": 0.3535625518625631,
    "ndcg_at_4": 0.35315119534797357,
    "ndcg_at_12": 0.39877082365066463,
    "ndcg_at_16": 0.5706411768193529,
    "ndcg_at_20": 0.5712562339522509,
    "roc_auc_upset": 0.7544642857142857,
    "rank_mae_pred_vs_playoff_final_results": 7.733333110809326,
    "rank_rmse_pred_vs_playoff_final_results": 9.581232070922852,
    "rank_mae_eos_standings_vs_playoff_final_results": 3.7333333333333334,
    "rank_rmse_eos_standings_vs_playoff_final_results": 6.093712606722878,
    "playoff_metrics": {
      "spearman_pred_vs_playoff_final_results": 0.4251390433815351,
      "ndcg_at_4_final_four": 0.35315119534797357,
      "ndcg10_pred_vs_playoff_final_results": 0.353563502219896,
      "brier_championship_odds": 0.03222232684493065,
      "rank_mae_pred_vs_playoff_final_results": 7.733333110809326,
      "rank_rmse_pred_vs_playoff_final_results": 9.581232070922852,
      "rank_mae_eos_standings_vs_playoff_final_results": 3.7333333333333334,
      "rank_rmse_eos_standings_vs_playoff_final_results": 6.093712606722878
    }
  },
  "test_metrics_model_a": {
    "ndcg": 0.3535625518625631,
    "spearman": 0.3917686318131257,
    "mrr_top2": 1.0,
    "mrr_top4": 1.0,
    "ndcg10": 0.3535625518625631,
    "ndcg_at_4": 0.35315119534797357,
    "ndcg_at_12": 0.39877082365066463,
    "ndcg_at_16": 0.5712619037133996,
    "ndcg_at_20": 0.571268509054423,
    "roc_auc_upset": 0.75
  },
  "test_metrics_model_b": {
    "ndcg": 0.8062821828710084,
    "spearman": 0.3828698553948832,
    "mrr_top2": 1.0,
    "mrr_top4": 1.0,
    "ndcg10": 0.8062821828710084,
    "ndcg_at_4": 0.7116242168324007,
    "ndcg_at_12": 0.8060918490637926,
    "ndcg_at_16": 0.8061138090596435,
    "ndcg_at_20": 0.8109828137076013,
    "roc_auc_upset": 0.7873303167420814
  },
  "test_metrics_model_c": {
    "ndcg": 0.3335103168238178,
    "spearman": 0.24582869855394882,
    "mrr_top2": 0.16666666666666666,
    "mrr_top4": 0.16666666666666666,
    "ndcg10": 0.3335103168238178,
    "ndcg_at_4": 0.001111095381373398,
    "ndcg_at_12": 0.33890852755612016,
    "ndcg_at_16": 0.36020843249775714,
    "ndcg_at_20": 0.370544492926805,
    "roc_auc_upset": 0.7733333333333334
  },
  "test_metrics_by_conference": {
    "E": {
      "ndcg": 0.36530387940328046,
      "spearman": 0.2571428571428571
    },
    "W": {
      "ndcg": 0.9149577747861424,
      "spearman": 0.5142857142857142
    }
  },
  "notes": {
    "eos_rank_source": "eos_final_rank"
  }
}