{
  "notes": {
    "eval_on": "test",
    "eos_rank_source": "eos_final_rank",
    "upset_definition": "sleeper = EOS_global_rank > predicted_strength",
    "mrr_top2": "1/rank of first team in top 2 (champion+runner-up) in predicted order.",
    "mrr_top4": "1/rank of first team in top 4 (conference finals) in predicted order.",
    "per_conference_relevance": "Within E/W: actual rank derived from EOS_global_rank (1=best in conf); NDCG/Spearman use this relevance.",
    "playoff_metrics": "Spearman (pred global vs playoff_final_results), NDCG@4 (final four), Brier (champion vs odds). rank_mae/rank_rmse: pred vs playoff_final_results; eos_standings vs playoff_final_results (baseline)."
  },
  "split_info": {
    "train_frac": 0.75,
    "n_train_dates": 141,
    "n_test_dates": 36,
    "split_mode": "seasons"
  },
  "test_metrics_ensemble": {
    "ndcg": 0.4842352948943534,
    "spearman": 0.4558398220244716,
    "mrr_top2": 0.5,
    "mrr_top4": 0.5,
    "ndcg10": 0.4842352948943534,
    "ndcg_at_4": 0.46433156090549454,
    "ndcg_at_12": 0.5294085735922444,
    "ndcg_at_16": 0.5293901873837982,
    "ndcg_at_20": 0.5329530778760702,
    "roc_auc_upset": 0.7866666666666666,
    "rank_mae_pred_vs_playoff_final_results": 6.933333396911621,
    "rank_rmse_pred_vs_playoff_final_results": 9.029581069946289,
    "rank_mae_eos_standings_vs_playoff_final_results": 3.1333333333333333,
    "rank_rmse_eos_standings_vs_playoff_final_results": 4.449719092257398,
    "playoff_metrics": {
      "spearman_pred_vs_playoff_final_results": 0.46562847608453833,
      "ndcg_at_4_final_four": 0.4643315309894802,
      "ndcg10_pred_vs_playoff_final_results": 0.48422375937846435,
      "brier_championship_odds": 0.03222232684493065,
      "rank_mae_pred_vs_playoff_final_results": 6.933333396911621,
      "rank_rmse_pred_vs_playoff_final_results": 9.029581069946289,
      "rank_mae_eos_standings_vs_playoff_final_results": 3.1333333333333333,
      "rank_rmse_eos_standings_vs_playoff_final_results": 4.449719092257398
    }
  },
  "test_metrics_model_a": {
    "ndcg": 0.4842352948943534,
    "spearman": 0.4558398220244716,
    "mrr_top2": 0.5,
    "mrr_top4": 0.5,
    "ndcg10": 0.4842352948943534,
    "ndcg_at_4": 0.46433156090549454,
    "ndcg_at_12": 0.5294085735922444,
    "ndcg_at_16": 0.5293901873837982,
    "ndcg_at_20": 0.5329530778760702,
    "roc_auc_upset": 0.7866666666666666
  },
  "test_metrics_model_b": {
    "ndcg": 0.17869833188227505,
    "spearman": 0.5977753058954393,
    "mrr_top2": 0.25,
    "mrr_top4": 0.25,
    "ndcg10": 0.17869833188227505,
    "ndcg_at_4": 0.16775742802418675,
    "ndcg_at_12": 0.17873987215542655,
    "ndcg_at_16": 0.4011092052024697,
    "ndcg_at_20": 0.4011129833816885,
    "roc_auc_upset": 0.76
  },
  "test_metrics_model_c": {
    "ndcg": 0.05124995751403931,
    "spearman": 0.30189098998887653,
    "mrr_top2": 0.0625,
    "mrr_top4": 0.2,
    "ndcg10": 0.05124995751403931,
    "ndcg_at_4": 0.00711064040423231,
    "ndcg_at_12": 0.056899138174850025,
    "ndcg_at_16": 0.1769467286075223,
    "ndcg_at_20": 0.17934445367388585,
    "roc_auc_upset": 0.8258928571428571
  },
  "test_metrics_by_conference": {
    "E": {
      "ndcg": 0.24887195160673453,
      "spearman": 0.18214285714285713
    },
    "W": {
      "ndcg": 0.7733425262567636,
      "spearman": 0.6499999999999999
    }
  },
  "by_season": {
    "2023-24": {
      "test_metrics_ensemble": {
        "ndcg": 0.6073837347107325,
        "spearman": 0.41401557285873186,
        "mrr_top2": 1.0,
        "mrr_top4": 1.0,
        "ndcg10": 0.6073837347107325,
        "ndcg_at_4": 0.35315119534797357,
        "ndcg_at_12": 0.6072737898927713,
        "ndcg_at_16": 0.6085612990461833,
        "ndcg_at_20": 0.6091650189925659,
        "roc_auc_upset": 0.7321428571428572,
        "rank_mae_pred_vs_playoff_final_results": 7.400000095367432,
        "rank_rmse_pred_vs_playoff_final_results": 9.370165824890137,
        "rank_mae_eos_standings_vs_playoff_final_results": 3.7333333333333334,
        "rank_rmse_eos_standings_vs_playoff_final_results": 6.093712606722878,
        "playoff_metrics": {
          "spearman_pred_vs_playoff_final_results": 0.4553948832035596,
          "ndcg_at_4_final_four": 0.35315119534797357,
          "ndcg10_pred_vs_playoff_final_results": 0.6073887467793138,
          "brier_championship_odds": 0.03222232684493065,
          "rank_mae_pred_vs_playoff_final_results": 7.400000095367432,
          "rank_rmse_pred_vs_playoff_final_results": 9.370165824890137,
          "rank_mae_eos_standings_vs_playoff_final_results": 3.7333333333333334,
          "rank_rmse_eos_standings_vs_playoff_final_results": 6.093712606722878
        }
      },
      "test_metrics_model_a": {
        "ndcg": 0.6073837347107325,
        "spearman": 0.39488320355951056,
        "mrr_top2": 1.0,
        "mrr_top4": 1.0,
        "ndcg10": 0.6073837347107325,
        "ndcg_at_4": 0.35315119534797357,
        "ndcg_at_12": 0.6072684379270686,
        "ndcg_at_16": 0.6085271924869479,
        "ndcg_at_20": 0.6091218869273232,
        "roc_auc_upset": 0.7410714285714286
      },
      "test_metrics_model_b": {
        "ndcg": 0.8259171006424293,
        "spearman": 0.41935483870967744,
        "mrr_top2": 1.0,
        "mrr_top4": 1.0,
        "ndcg10": 0.8259171006424293,
        "ndcg_at_4": 0.729074614628521,
        "ndcg_at_12": 0.8257222790062848,
        "ndcg_at_16": 0.825744933179729,
        "ndcg_at_20": 0.867412724340881,
        "roc_auc_upset": 0.8169642857142857
      },
      "test_metrics_model_c": {
        "ndcg": 0.333487026575135,
        "spearman": 0.23159065628476083,
        "mrr_top2": 0.16666666666666666,
        "mrr_top4": 0.16666666666666666,
        "ndcg10": 0.333487026575135,
        "ndcg_at_4": 0.0011069724610271625,
        "ndcg_at_12": 0.33890731926775686,
        "ndcg_at_16": 0.35966393831396193,
        "ndcg_at_20": 0.3699999322309346,
        "roc_auc_upset": 0.7633928571428571
      },
      "test_metrics_by_conference": {
        "E": {
          "ndcg": 0.38689768138590575,
          "spearman": 0.2785714285714285
        },
        "W": {
          "ndcg": 0.9449572706704487,
          "spearman": 0.5428571428571428
        }
      },
      "notes": {
        "eos_rank_source": "eos_final_rank"
      }
    },
    "2024-25": {
      "test_metrics_ensemble": {
        "ndcg": 0.4842352948943534,
        "spearman": 0.4558398220244716,
        "mrr_top2": 0.5,
        "mrr_top4": 0.5,
        "ndcg10": 0.4842352948943534,
        "ndcg_at_4": 0.46433156090549454,
        "ndcg_at_12": 0.5294085735922444,
        "ndcg_at_16": 0.5293901873837982,
        "ndcg_at_20": 0.5329530778760702,
        "roc_auc_upset": 0.7866666666666666,
        "rank_mae_pred_vs_playoff_final_results": 6.933333396911621,
        "rank_rmse_pred_vs_playoff_final_results": 9.029581069946289,
        "rank_mae_eos_standings_vs_playoff_final_results": 3.1333333333333333,
        "rank_rmse_eos_standings_vs_playoff_final_results": 4.449719092257398,
        "playoff_metrics": {
          "spearman_pred_vs_playoff_final_results": 0.46562847608453833,
          "ndcg_at_4_final_four": 0.4643315309894802,
          "ndcg10_pred_vs_playoff_final_results": 0.48422375937846435,
          "brier_championship_odds": 0.03222232684493065,
          "rank_mae_pred_vs_playoff_final_results": 6.933333396911621,
          "rank_rmse_pred_vs_playoff_final_results": 9.029581069946289,
          "rank_mae_eos_standings_vs_playoff_final_results": 3.1333333333333333,
          "rank_rmse_eos_standings_vs_playoff_final_results": 4.449719092257398
        }
      },
      "test_metrics_model_a": {
        "ndcg": 0.4842352948943534,
        "spearman": 0.4558398220244716,
        "mrr_top2": 0.5,
        "mrr_top4": 0.5,
        "ndcg10": 0.4842352948943534,
        "ndcg_at_4": 0.46433156090549454,
        "ndcg_at_12": 0.5294085735922444,
        "ndcg_at_16": 0.5293901873837982,