{
  "test_metrics_ensemble": {
    "ndcg": 0.48188008124560777,
    "spearman": 0.4567296996662959,
    "mrr_top2": 0.5,
    "mrr_top4": 0.5,
    "ndcg10": 0.48188008124560777,
    "ndcg_at_4": 0.4643519436832566,
    "ndcg_at_12": 0.48210757894900824,
    "ndcg_at_16": 0.5248980602039185,
    "ndcg_at_20": 0.5272440354822222,
    "roc_auc_upset": 0.7857142857142857,
    "rank_mae_pred_vs_playoff_final_results": 7.266666889190674,
    "rank_rmse_pred_vs_playoff_final_results": 9.022194862365723,
    "rank_mae_eos_standings_vs_playoff_final_results": 3.1333333333333333,
    "rank_rmse_eos_standings_vs_playoff_final_results": 4.449719092257398,
    "playoff_metrics": {
      "spearman_pred_vs_playoff_final_results": 0.4505005561735262,
      "ndcg_at_4_final_four": 0.46433662668392073,
      "ndcg10_pred_vs_playoff_final_results": 0.4818646495085692,
      "brier_championship_odds": 0.03222232684493065,
      "rank_mae_pred_vs_playoff_final_results": 7.266666889190674,
      "rank_rmse_pred_vs_playoff_final_results": 9.022194862365723,
      "rank_mae_eos_standings_vs_playoff_final_results": 3.1333333333333333,
      "rank_rmse_eos_standings_vs_playoff_final_results": 4.449719092257398
    }
  },
  "test_metrics_model_a": {
    "ndcg": 0.48188008124560777,
    "spearman": 0.4567296996662959,
    "mrr_top2": 0.5,
    "mrr_top4": 0.5,
    "ndcg10": 0.48188008124560777,
    "ndcg_at_4": 0.4643519436832566,
    "ndcg_at_12": 0.48210757894900824,
    "ndcg_at_16": 0.5248980602039185,
    "ndcg_at_20": 0.5272440354822222,
    "roc_auc_upset": 0.7857142857142857
  },
  "test_metrics_model_b": {
    "ndcg": 0.21441960365664167,
    "spearman": 0.6342602892102336,
    "mrr_top2": 0.2,
    "mrr_top4": 0.2,
    "ndcg10": 0.21441960365664167,
    "ndcg_at_4": 0.04166423104576856,
    "ndcg_at_12": 0.2370988985390561,
    "ndcg_at_16": 0.39951594078596414,
    "ndcg_at_20": 0.3995144838187985,
    "roc_auc_upset": 0.7375565610859728
  },
  "test_metrics_model_c": {
    "ndcg": 0.05124995751403931,
    "spearman": 0.3076751946607342,
    "mrr_top2": 0.06666666666666667,
    "mrr_top4": 0.2,
    "ndcg10": 0.05124995751403931,
    "ndcg_at_4": 0.00711064040423231,
    "ndcg_at_12": 0.056899138174850025,
    "ndcg_at_16": 0.17781540372208415,
    "ndcg_at_20": 0.18021327193327982,
    "roc_auc_upset": 0.8214285714285714
  },
  "test_metrics_by_conference": {
    "E": {
      "ndcg": 0.23782247701230383,
      "spearman": 0.21428571428571427
    },
    "W": {
      "ndcg": 0.7504940786340119,
      "spearman": 0.6392857142857141
    }
  },
  "notes": {
    "eos_rank_source": "eos_final_rank"
  }
}