{
  "test_metrics_ensemble": {
    "ndcg": 0.5958786660205039,
    "spearman": 0.385539488320356,
    "mrr_top2": 1.0,
    "mrr_top4": 1.0,
    "ndcg10": 0.5958786660205039,
    "ndcg_at_4": 0.35315119534797357,
    "ndcg_at_12": 0.5957276783360841,
    "ndcg_at_16": 0.5969821793054825,
    "ndcg_at_20": 0.5975572882073505,
    "roc_auc_upset": 0.8009049773755657,
    "rank_mae_pred_vs_playoff_final_results": 7.800000190734863,
    "rank_rmse_pred_vs_playoff_final_results": 9.595137596130371,
    "rank_mae_eos_standings_vs_playoff_final_results": 3.7333333333333334,
    "rank_rmse_eos_standings_vs_playoff_final_results": 6.093712606722878,
    "playoff_metrics": {
      "spearman_pred_vs_playoff_final_results": 0.42602892102335926,
      "ndcg_at_4_final_four": 0.35315119534797357,
      "ndcg10_pred_vs_playoff_final_results": 0.5958779468661778,
      "brier_championship_odds": 0.03222232684493065,
      "rank_mae_pred_vs_playoff_final_results": 7.800000190734863,
      "rank_rmse_pred_vs_playoff_final_results": 9.595137596130371,
      "rank_mae_eos_standings_vs_playoff_final_results": 3.7333333333333334,
      "rank_rmse_eos_standings_vs_playoff_final_results": 6.093712606722878
    }
  },
  "test_metrics_model_a": {
    "ndcg": 0.5958786660205039,
    "spearman": 0.3819799777530589,
    "mrr_top2": 1.0,
    "mrr_top4": 1.0,
    "ndcg10": 0.5958786660205039,
    "ndcg_at_4": 0.35315119534797357,
    "ndcg_at_12": 0.5957276783360841,
    "ndcg_at_16": 0.5969821793054825,
    "ndcg_at_20": 0.5975572882073505,
    "roc_auc_upset": 0.7777777777777778
  },
  "test_metrics_model_b": {
    "ndcg": 0.8156118081046849,
    "spearman": 0.4211345939933259,
    "mrr_top2": 1.0,
    "mrr_top4": 1.0,
    "ndcg10": 0.8156118081046849,
    "ndcg_at_4": 0.7261751187226982,
    "ndcg_at_12": 0.8154223709638175,
    "ndcg_at_16": 0.8154382078829562,
    "ndcg_at_20": 0.8590733731520999,
    "roc_auc_upset": 0.7828054298642534
  },
  "test_metrics_model_c": {
    "ndcg": 0.3335103168238178,
    "spearman": 0.23737486095661847,
    "mrr_top2": 0.16666666666666666,
    "mrr_top4": 0.16666666666666666,
    "ndcg10": 0.3335103168238178,
    "ndcg_at_4": 0.001111095381373398,
    "ndcg_at_12": 0.33890852755612016,
    "ndcg_at_16": 0.3596651465096424,
    "ndcg_at_20": 0.37000114042130106,
    "roc_auc_upset": 0.7633928571428571
  },
  "test_metrics_by_conference": {
    "E": {
      "ndcg": 0.38465527253246934,
      "spearman": 0.2321428571428571
    },
    "W": {
      "ndcg": 0.9294190401102428,
      "spearman": 0.5285714285714286
    }
  },
  "notes": {
    "eos_rank_source": "eos_final_rank"
  }
}