{
  "test_metrics_ensemble": {
    "ndcg": 0.48883825871135994,
    "spearman": 0.49454949944382637,
    "mrr_top2": 0.5,
    "mrr_top4": 0.5,
    "ndcg10": 0.48883825871135994,
    "ndcg_at_4": 0.4643519436832566,
    "ndcg_at_12": 0.5329499219315875,
    "ndcg_at_16": 0.5329302947714897,
    "ndcg_at_20": 0.5365386550041442,
    "roc_auc_upset": 0.7420814479638009,
    "rank_mae_pred_vs_playoff_final_results": 6.666666507720947,
    "rank_rmse_pred_vs_playoff_final_results": 8.702489852905273,
    "rank_mae_eos_standings_vs_playoff_final_results": 3.1333333333333333,
    "rank_rmse_eos_standings_vs_playoff_final_results": 4.449719092257398,
    "playoff_metrics": {
      "spearman_pred_vs_playoff_final_results": 0.4901001112347052,
      "ndcg_at_4_final_four": 0.46433662668392073,
      "ndcg10_pred_vs_playoff_final_results": 0.4888228287546279,
      "brier_championship_odds": 0.03222232684493065,
      "rank_mae_pred_vs_playoff_final_results": 6.666666507720947,
      "rank_rmse_pred_vs_playoff_final_results": 8.702489852905273,
      "rank_mae_eos_standings_vs_playoff_final_results": 3.1333333333333333,
      "rank_rmse_eos_standings_vs_playoff_final_results": 4.449719092257398
    }
  },
  "test_metrics_model_a": {
    "ndcg": 0.48883825871135994,
    "spearman": 0.49454949944382637,
    "mrr_top2": 0.5,
    "mrr_top4": 0.5,
    "ndcg10": 0.48883825871135994,
    "ndcg_at_4": 0.4643519436832566,
    "ndcg_at_12": 0.5329499219315875,
    "ndcg_at_16": 0.5329302947714897,
    "ndcg_at_20": 0.5365386550041442,
    "roc_auc_upset": 0.7420814479638009
  },
  "test_metrics_model_b": {
    "ndcg": 0.21441954104337801,
    "spearman": 0.5675194660734149,
    "mrr_top2": 0.2,
    "mrr_top4": 0.2,
    "ndcg10": 0.21441954104337801,
    "ndcg_at_4": 0.04166423104576856,
    "ndcg_at_12": 0.2363947762185742,
    "ndcg_at_16": 0.23642620876385018,
    "ndcg_at_20": 0.3893326186151716,
    "roc_auc_upset": 0.8258928571428572
  },
  "test_metrics_model_c": {
    "ndcg": 0.05124995751403931,
    "spearman": 0.3032258064516129,
    "mrr_top2": 0.0625,
    "mrr_top4": 0.2,
    "ndcg10": 0.05124995751403931,
    "ndcg_at_4": 0.00711064040423231,
    "ndcg_at_12": 0.056899138174850025,
    "ndcg_at_16": 0.1769467286075223,
    "ndcg_at_20": 0.17934445367388585,
    "roc_auc_upset": 0.8258928571428571
  },
  "test_metrics_by_conference": {
    "E": {
      "ndcg": 0.25222167422838165,
      "spearman": 0.23571428571428568
    },
    "W": {
      "ndcg": 0.7737357849437491,
      "spearman": 0.7392857142857142
    }
  },
  "notes": {
    "eos_rank_source": "eos_final_rank"
  }
}