{
  "test_metrics_ensemble": {
    "ndcg": 0.40059552201689563,
    "spearman": 0.40200222469410457,
    "mrr_top2": 1.0,
    "mrr_top4": 1.0,
    "ndcg10": 0.40059552201689563,
    "ndcg_at_4": 0.35315119534797357,
    "ndcg_at_12": 0.5816895074374777,
    "ndcg_at_16": 0.5829450852182908,
    "ndcg_at_20": 0.5835389976399489,
    "roc_auc_upset": 0.7963800904977376,
    "rank_mae_pred_vs_playoff_final_results": 7.733333110809326,
    "rank_rmse_pred_vs_playoff_final_results": 9.465727806091309,
    "rank_mae_eos_standings_vs_playoff_final_results": 3.7333333333333334,
    "rank_rmse_eos_standings_vs_playoff_final_results": 6.093712606722878,
    "playoff_metrics": {
      "spearman_pred_vs_playoff_final_results": 0.4255839822024471,
      "ndcg_at_4_final_four": 0.35315119534797357,
      "ndcg10_pred_vs_playoff_final_results": 0.4005901682716265,
      "brier_championship_odds": 0.03222232684493065,
      "rank_mae_pred_vs_playoff_final_results": 7.733333110809326,
      "rank_rmse_pred_vs_playoff_final_results": 9.465727806091309,
      "rank_mae_eos_standings_vs_playoff_final_results": 3.7333333333333334,
      "rank_rmse_eos_standings_vs_playoff_final_results": 6.093712606722878
    }
  },
  "test_metrics_model_a": {
    "ndcg": 0.40059552201689563,
    "spearman": 0.3971078976640712,
    "mrr_top2": 1.0,
    "mrr_top4": 1.0,
    "ndcg10": 0.40059552201689563,
    "ndcg_at_4": 0.35315119534797357,
    "ndcg_at_12": 0.5816895074374777,
    "ndcg_at_16": 0.5829450852182908,
    "ndcg_at_20": 0.5835389976399489,
    "roc_auc_upset": 0.8009049773755657
  },
  "test_metrics_model_b": {
    "ndcg": 0.570179955429658,
    "spearman": 0.41045606229143494,
    "mrr_top2": 0.5,
    "mrr_top4": 0.5,
    "ndcg10": 0.570179955429658,
    "ndcg_at_4": 0.47920472626830496,
    "ndcg_at_12": 0.5700308578627398,
    "ndcg_at_16": 0.5700129663621217,
    "ndcg_at_20": 0.6119230858702552,
    "roc_auc_upset": 0.8125
  },
  "test_metrics_model_c": {
    "ndcg": 0.333487026575135,
    "spearman": 0.23159065628476083,
    "mrr_top2": 0.16666666666666666,
    "mrr_top4": 0.16666666666666666,
    "ndcg10": 0.333487026575135,
    "ndcg_at_4": 0.0011069724610271625,
    "ndcg_at_12": 0.33890731926775686,
    "ndcg_at_16": 0.35966393831396193,
    "ndcg_at_20": 0.3699999322309346,
    "roc_auc_upset": 0.7633928571428571
  },
  "test_metrics_by_conference": {
    "E": {
      "ndcg": 0.3851402749883562,
      "spearman": 0.25357142857142856
    },
    "W": {
      "ndcg": 0.9218736267169007,
      "spearman": 0.5499999999999999
    }
  },
  "notes": {
    "eos_rank_source": "eos_final_rank"
  }
}