{
  "notes": {
    "eval_on": "test",
    "eos_rank_source": "eos_final_rank",
    "upset_definition": "sleeper = EOS_global_rank > predicted_strength",
    "mrr_top2": "1/rank of first team in top 2 (champion+runner-up) in predicted order.",
    "mrr_top4": "1/rank of first team in top 4 (conference finals) in predicted order.",
    "per_conference_relevance": "Within E/W: actual rank derived from EOS_global_rank (1=best in conf); NDCG/Spearman use this relevance.",
    "playoff_metrics": "Spearman (pred global vs playoff_final_results), NDCG@4 (final four), Brier (champion vs odds). rank_mae/rank_rmse: pred vs playoff_final_results; eos_standings vs playoff_final_results (baseline)."
  },
  "split_info": {
    "train_frac": 0.75,
    "n_train_dates": 141,
    "n_test_dates": 36,
    "split_mode": "seasons"
  },
  "test_metrics_ensemble": {
    "ndcg": 0.4839017626002374,
    "spearman": 0.4883203559510568,
    "mrr_top2": 0.5,
    "mrr_top4": 0.5,
    "ndcg10": 0.4839017626002374,
    "ndcg_at_4": 0.46437685999867345,
    "ndcg_at_12": 0.5294173198862445,
    "ndcg_at_16": 0.5306404502212977,
    "ndcg_at_20": 0.5329534253706528,
    "roc_auc_upset": 0.7455357142857143,
    "rank_mae_pred_vs_playoff_final_results": 6.666666507720947,
    "rank_rmse_pred_vs_playoff_final_results": 8.755949974060059,
    "rank_mae_eos_standings_vs_playoff_final_results": 3.1333333333333333,
    "rank_rmse_eos_standings_vs_playoff_final_results": 4.449719092257398,
    "playoff_metrics": {
      "spearman_pred_vs_playoff_final_results": 0.4776418242491657,
      "ndcg_at_4_final_four": 0.4643768342304213,
      "ndcg10_pred_vs_playoff_final_results": 0.48388969374383456,
      "brier_championship_odds": 0.03222232684493065,
      "rank_mae_pred_vs_playoff_final_results": 6.666666507720947,
      "rank_rmse_pred_vs_playoff_final_results": 8.755949974060059,
      "rank_mae_eos_standings_vs_playoff_final_results": 3.1333333333333333,
      "rank_rmse_eos_standings_vs_playoff_final_results": 4.449719092257398
    }
  },
  "test_metrics_model_a": {
    "ndcg": 0.4839017626002374,
    "spearman": 0.4838709677419355,
    "mrr_top2": 0.5,
    "mrr_top4": 0.5,
    "ndcg10": 0.4839017626002374,
    "ndcg_at_4": 0.46437685999867345,
    "ndcg_at_12": 0.5294173198862445,
    "ndcg_at_16": 0.5306404502212977,
    "ndcg_at_20": 0.5329533455506151,
    "roc_auc_upset": 0.75
  },
  "test_metrics_model_b": {
    "ndcg": 0.21306130463124376,
    "spearman": 0.5661846496106785,
    "mrr_top2": 0.2,
    "mrr_top4": 0.2,
    "ndcg10": 0.21306130463124376,
    "ndcg_at_4": 0.04029517653159447,
    "ndcg_at_12": 0.2350368965705642,
    "ndcg_at_16": 0.23506987241674346,
    "ndcg_at_20": 0.23507427261420852,
    "roc_auc_upset": 0.7731481481481481
  },
  "test_metrics_model_c": {
    "ndcg": 0.05124995751403931,
    "spearman": 0.30233592880978866,
    "mrr_top2": 0.06666666666666667,
    "mrr_top4": 0.2,
    "ndcg10": 0.05124995751403931,
    "ndcg_at_4": 0.00711064040423231,
    "ndcg_at_12": 0.056899138174850025,
    "ndcg_at_16": 0.17781540372208415,
    "ndcg_at_20": 0.18021312496782235,
    "roc_auc_upset": 0.8258928571428571
  },
  "test_metrics_by_conference": {
    "E": {
      "ndcg": 0.2637442104340539,
      "spearman": 0.19999999999999998
    },
    "W": {
      "ndcg": 0.7737754720340771,
      "spearman": 0.7499999999999999
    }
  },
  "by_season": {
    "2023-24": {
      "test_metrics_ensemble": {
        "ndcg": 0.5483235203748162,
        "spearman": 0.3975528364849833,
        "mrr_top2": 1.0,
        "mrr_top4": 1.0,
        "ndcg10": 0.5483235203748162,
        "ndcg_at_4": 0.35315119534797357,
        "ndcg_at_12": 0.5934806348490992,
        "ndcg_at_16": 0.5947392129510826,
        "ndcg_at_20": 0.5953543099483835,
        "roc_auc_upset": 0.7321428571428572,
        "rank_mae_pred_vs_playoff_final_results": 7.400000095367432,
        "rank_rmse_pred_vs_playoff_final_results": 9.500877380371094,
        "rank_mae_eos_standings_vs_playoff_final_results": 3.7333333333333334,
        "rank_rmse_eos_standings_vs_playoff_final_results": 6.093712606722878,
        "playoff_metrics": {
          "spearman_pred_vs_playoff_final_results": 0.4251390433815351,
          "ndcg_at_4_final_four": 0.35315119534797357,
          "ndcg10_pred_vs_playoff_final_results": 0.5483298636597933,
          "brier_championship_odds": 0.03222232684493065,
          "rank_mae_pred_vs_playoff_final_results": 7.400000095367432,
          "rank_rmse_pred_vs_playoff_final_results": 9.500877380371094,
          "rank_mae_eos_standings_vs_playoff_final_results": 3.7333333333333334,
          "rank_rmse_eos_standings_vs_playoff_final_results": 6.093712606722878
        }
      },
      "test_metrics_model_a": {
        "ndcg": 0.5483235203748162,
        "spearman": 0.4042269187986652,
        "mrr_top2": 1.0,
        "mrr_top4": 1.0,
        "ndcg10": 0.5483235203748162,
        "ndcg_at_4": 0.35315119534797357,
        "ndcg_at_12": 0.5934806348490992,
        "ndcg_at_16": 0.5953599398451292,
        "ndcg_at_20": 0.5953665850505555,
        "roc_auc_upset": 0.7276785714285715
      },
      "test_metrics_model_b": {
        "ndcg": 0.5771795601471952,
        "spearman": 0.4780867630700778,
        "mrr_top2": 0.5,
        "mrr_top4": 0.5,
        "ndcg10": 0.5771795601471952,
        "ndcg_at_4": 0.44093212795935904,
        "ndcg_at_12": 0.5770306329628674,
        "ndcg_at_16": 0.6186303692342001,
        "ndcg_at_20": 0.6232536025943433,
        "roc_auc_upset": 0.76
      },
      "test_metrics_model_c": {
        "ndcg": 0.333487026575135,
        "spearman": 0.23515016685205786,
        "mrr_top2": 0.16666666666666666,
        "mrr_top4": 0.16666666666666666,
        "ndcg10": 0.333487026575135,
        "ndcg_at_4": 0.0011069724610271625,
        "ndcg_at_12": 0.33890731926775686,
        "ndcg_at_16": 0.35966393831396193,
        "ndcg_at_20": 0.3711507384927367,
        "roc_auc_upset": 0.7633928571428571
      },
      "test_metrics_by_conference": {
        "E": {
          "ndcg": 0.3851402749883562,
          "spearman": 0.25357142857142856
        },
        "W": {
          "ndcg": 0.915875573301235,
          "spearman": 0.5285714285714286
        }
      },
      "notes": {
        "eos_rank_source": "eos_final_rank"
      }
    },
    "2024-25": {
      "test_metrics_ensemble": {
        "ndcg": 0.4839017626002374,
        "spearman": 0.4883203559510568,
        "mrr_top2": 0.5,
        "mrr_top4": 0.5,
        "ndcg10": 0.4839017626002374,
        "ndcg_at_4": 0.46437685999867345,
        "ndcg_at_12": 0.5294173198862445,
        "ndcg_at_16": 0.5306404502212977,
        "ndcg_at_20": 0.5329534253706528,
        "roc_auc_upset": 0.7455357142857143,
        "rank_mae_pred_vs_playoff_final_results": 6.666666507720947,
        "rank_rmse_pred_vs_playoff_final_results": 8.755949974060059,
        "rank_mae_eos_standings_vs_playoff_final_results": 3.1333333333333333,
        "rank_rmse_eos_standings_vs_playoff_final_results": 4.449719092257398,
        "playoff_metrics": {
          "spearman_pred_vs_playoff_final_results": 0.4776418242491657,
          "ndcg_at_4_final_four": 0.4643768342304213,
          "ndcg10_pred_vs_playoff_final_results": 0.48388969374383456,
          "brier_championship_odds": 0.03222232684493065,
          "rank_mae_pred_vs_playoff_final_results": 6.666666507720947,
          "rank_rmse_pred_vs_playoff_final_results": 8.755949974060059,
          "rank_mae_eos_standings_vs_playoff_final_results": 3.1333333333333333,
          "rank_rmse_eos_standings_vs_playoff_final_results": 4.449719092257398
        }
      },
      "test_metrics_model_a": {
        "ndcg": 0.4839017626002374,
        "spearman": 0.4838709677419355,
        "mrr_top2": 0.5,
        "mrr_top4": 0.5,
        "ndcg10": 0.4839017626002374,
        "ndcg_at_4": 0.46437685999867345,
        "ndcg_at_12": 0.5294173198862445,
        "ndcg_at_16": 0.5306404502212977,