{
  "test_metrics_ensemble": {
    "ndcg": 0.4977168364865486,
    "spearman": 0.4816462736373748,
    "mrr_top2": 0.5,
    "mrr_top4": 0.5,
    "ndcg10": 0.4977168364865486,
    "ndcg_at_4": 0.5058932736350814,
    "ndcg_at_12": 0.5418261675958148,
    "ndcg_at_16": 0.5430483202632829,
    "ndcg_at_20": 0.5430459454728245,
    "roc_auc_upset": 0.8222222222222223,
    "rank_mae_pred_vs_playoff_final_results": 7.066666603088379,
    "rank_rmse_pred_vs_playoff_final_results": 8.81286907196045,
    "rank_mae_eos_standings_vs_playoff_final_results": 3.1333333333333333,
    "rank_rmse_eos_standings_vs_playoff_final_results": 4.449719092257398,
    "playoff_metrics": {
      "spearman_pred_vs_playoff_final_results": 0.5012235817575084,
      "ndcg_at_4_final_four": 0.5058800802899736,
      "ndcg10_pred_vs_playoff_final_results": 0.49770347083867233,
      "brier_championship_odds": 0.03222232684493065,
      "rank_mae_pred_vs_playoff_final_results": 7.066666603088379,
      "rank_rmse_pred_vs_playoff_final_results": 8.81286907196045,
      "rank_mae_eos_standings_vs_playoff_final_results": 3.1333333333333333,
      "rank_rmse_eos_standings_vs_playoff_final_results": 4.449719092257398
    }
  },
  "test_metrics_model_a": {
    "ndcg": 0.4977168364865486,
    "spearman": 0.4816462736373748,
    "mrr_top2": 0.5,
    "mrr_top4": 0.5,
    "ndcg10": 0.4977168364865486,
    "ndcg_at_4": 0.5058932736350814,
    "ndcg_at_12": 0.5418261675958148,
    "ndcg_at_16": 0.5430483202632829,
    "ndcg_at_20": 0.5430459454728245,
    "roc_auc_upset": 0.8222222222222223
  },
  "test_metrics_model_b": {
    "ndcg": 0.21634548367724132,
    "spearman": 0.6373748609566184,
    "mrr_top2": 0.2,
    "mrr_top4": 0.2,
    "ndcg10": 0.21634548367724132,
    "ndcg_at_4": 0.04166423104576856,
    "ndcg_at_12": 0.3974880322937465,
    "ndcg_at_16": 0.41787499293971353,
    "ndcg_at_20": 0.4178740367433739,
    "roc_auc_upset": 0.7544642857142857
  },
  "test_metrics_model_c": {
    "ndcg": 0.05124995751403931,
    "spearman": 0.3032258064516129,
    "mrr_top2": 0.0625,
    "mrr_top4": 0.2,
    "ndcg10": 0.05124995751403931,
    "ndcg_at_4": 0.00711064040423231,
    "ndcg_at_12": 0.056899138174850025,
    "ndcg_at_16": 0.1769467286075223,
    "ndcg_at_20": 0.17934445367388585,
    "roc_auc_upset": 0.8258928571428571
  },
  "test_metrics_by_conference": {
    "E": {
      "ndcg": 0.24640794000116126,
      "spearman": 0.25357142857142856
    },
    "W": {
      "ndcg": 0.7722797454240117,
      "spearman": 0.6357142857142856
    }
  },
  "notes": {
    "eos_rank_source": "eos_final_rank"
  }
}