{
  "test_metrics_ensemble": {
    "ndcg": 0.4862541353062815,
    "spearman": 0.4958843159065628,
    "mrr_top2": 0.5,
    "mrr_top4": 0.5,
    "ndcg10": 0.4862541353062815,
    "ndcg_at_4": 0.4640705200119564,
    "ndcg_at_12": 0.5314268837210604,
    "ndcg_at_16": 0.5326498599105848,
    "ndcg_at_20": 0.5350367088968526,
    "roc_auc_upset": 0.7822222222222223,
    "rank_mae_pred_vs_playoff_final_results": 6.599999904632568,
    "rank_rmse_pred_vs_playoff_final_results": 8.690991401672363,
    "rank_mae_eos_standings_vs_playoff_final_results": 3.1333333333333333,
    "rank_rmse_eos_standings_vs_playoff_final_results": 4.449719092257398,
    "playoff_metrics": {
      "spearman_pred_vs_playoff_final_results": 0.48609566184649605,
      "ndcg_at_4_final_four": 0.4640551772443684,
      "ndcg10_pred_vs_playoff_final_results": 0.486239238391119,
      "brier_championship_odds": 0.03222232684493065,
      "rank_mae_pred_vs_playoff_final_results": 6.599999904632568,
      "rank_rmse_pred_vs_playoff_final_results": 8.690991401672363,
      "rank_mae_eos_standings_vs_playoff_final_results": 3.1333333333333333,
      "rank_rmse_eos_standings_vs_playoff_final_results": 4.449719092257398
    }
  },
  "test_metrics_model_a": {
    "ndcg": 0.5322403857080299,
    "spearman": 0.4967741935483871,
    "mrr_top2": 0.5,
    "mrr_top4": 0.5,
    "ndcg10": 0.5322403857080299,
    "ndcg_at_4": 0.4640705200119564,
    "ndcg_at_12": 0.5324551576496673,
    "ndcg_at_16": 0.53367805496445,
    "ndcg_at_20": 0.5360648994284885,
    "roc_auc_upset": 0.7410714285714286
  },
  "test_metrics_model_b": {
    "ndcg": 0.22687737695453028,
    "spearman": 0.5906562847608453,
    "mrr_top2": 0.25,
    "mrr_top4": 0.25,
    "ndcg10": 0.22687737695453028,
    "ndcg_at_4": 0.16775742802418675,
    "ndcg_at_12": 0.24884933986513424,
    "ndcg_at_16": 0.24888008229080494,
    "ndcg_at_20": 0.4046467724993607,
    "roc_auc_upset": 0.7410714285714286
  },
  "test_metrics_model_c": {
    "ndcg": 0.05124995751403931,
    "spearman": 0.307230255839822,
    "mrr_top2": 0.0625,
    "mrr_top4": 0.2,
    "ndcg10": 0.05124995751403931,
    "ndcg_at_4": 0.00711064040423231,
    "ndcg_at_12": 0.056899138174850025,
    "ndcg_at_16": 0.1769467286075223,
    "ndcg_at_20": 0.17934460063934335,
    "roc_auc_upset": 0.8214285714285714
  },
  "test_metrics_by_conference": {
    "E": {
      "ndcg": 0.2553921318355004,
      "spearman": 0.2178571428571428
    },
    "W": {
      "ndcg": 0.7729372505482254,
      "spearman": 0.7178571428571427
    }
  },
  "notes": {
    "eos_rank_source": "eos_final_rank"
  }
}