{
  "notes": {
    "eval_on": "test",
    "eos_rank_source": "eos_final_rank",
    "upset_definition": "sleeper = EOS_global_rank > predicted_strength",
    "mrr_top2": "1/rank of first team in top 2 (champion+runner-up) in predicted order.",
    "mrr_top4": "1/rank of first team in top 4 (conference finals) in predicted order.",
    "per_conference_relevance": "Within E/W: actual rank derived from EOS_global_rank (1=best in conf); NDCG/Spearman use this relevance.",
    "playoff_metrics": "Spearman (pred global vs playoff_final_results), NDCG@4 (final four), Brier (champion vs odds). rank_mae/rank_rmse: pred vs playoff_final_results; eos_standings vs playoff_final_results (baseline)."
  },
  "split_info": {
    "train_frac": 0.75,
    "n_train_dates": 141,
    "n_test_dates": 36,
    "split_mode": "seasons"
  },
  "test_metrics_ensemble": {
    "ndcg": 0.4862541353062815,
    "spearman": 0.4958843159065628,
    "mrr_top2": 0.5,
    "mrr_top4": 0.5,
    "ndcg10": 0.4862541353062815,
    "ndcg_at_4": 0.4640705200119564,
    "ndcg_at_12": 0.5314268837210604,
    "ndcg_at_16": 0.5326498599105848,
    "ndcg_at_20": 0.5350367088968526,
    "roc_auc_upset": 0.7822222222222223,
    "rank_mae_pred_vs_playoff_final_results": 6.599999904632568,
    "rank_rmse_pred_vs_playoff_final_results": 8.690991401672363,
    "rank_mae_eos_standings_vs_playoff_final_results": 3.1333333333333333,
    "rank_rmse_eos_standings_vs_playoff_final_results": 4.449719092257398,
    "playoff_metrics": {
      "spearman_pred_vs_playoff_final_results": 0.48609566184649605,
      "ndcg_at_4_final_four": 0.4640551772443684,
      "ndcg10_pred_vs_playoff_final_results": 0.486239238391119,
      "brier_championship_odds": 0.03222232684493065,
      "rank_mae_pred_vs_playoff_final_results": 6.599999904632568,
      "rank_rmse_pred_vs_playoff_final_results": 8.690991401672363,
      "rank_mae_eos_standings_vs_playoff_final_results": 3.1333333333333333,
      "rank_rmse_eos_standings_vs_playoff_final_results": 4.449719092257398
    }
  },
  "test_metrics_model_a": {
    "ndcg": 0.5322403857080299,
    "spearman": 0.4967741935483871,
    "mrr_top2": 0.5,
    "mrr_top4": 0.5,
    "ndcg10": 0.5322403857080299,
    "ndcg_at_4": 0.4640705200119564,
    "ndcg_at_12": 0.5324551576496673,
    "ndcg_at_16": 0.53367805496445,
    "ndcg_at_20": 0.5360648994284885,
    "roc_auc_upset": 0.7410714285714286
  },
  "test_metrics_model_b": {
    "ndcg": 0.22687737695453028,
    "spearman": 0.5906562847608453,
    "mrr_top2": 0.25,
    "mrr_top4": 0.25,
    "ndcg10": 0.22687737695453028,
    "ndcg_at_4": 0.16775742802418675,
    "ndcg_at_12": 0.24884933986513424,
    "ndcg_at_16": 0.24888008229080494,
    "ndcg_at_20": 0.4046467724993607,
    "roc_auc_upset": 0.7410714285714286
  },
  "test_metrics_model_c": {
    "ndcg": 0.05124995751403931,
    "spearman": 0.307230255839822,
    "mrr_top2": 0.0625,
    "mrr_top4": 0.2,
    "ndcg10": 0.05124995751403931,
    "ndcg_at_4": 0.00711064040423231,
    "ndcg_at_12": 0.056899138174850025,
    "ndcg_at_16": 0.1769467286075223,
    "ndcg_at_20": 0.17934460063934335,
    "roc_auc_upset": 0.8214285714285714
  },
  "test_metrics_by_conference": {
    "E": {
      "ndcg": 0.2553921318355004,
      "spearman": 0.2178571428571428
    },
    "W": {
      "ndcg": 0.7729372505482254,
      "spearman": 0.7178571428571427
    }
  },
  "by_season": {
    "2023-24": {
      "test_metrics_ensemble": {
        "ndcg": 0.6169167085404007,
        "spearman": 0.42246941045606223,
        "mrr_top2": 1.0,
        "mrr_top4": 1.0,
        "ndcg10": 0.6169167085404007,
        "ndcg_at_4": 0.35315119534797357,
        "ndcg_at_12": 0.6167600223101466,
        "ndcg_at_16": 0.6180565134333724,
        "ndcg_at_20": 0.6186511093293144,
        "roc_auc_upset": 0.6832579185520362,
        "rank_mae_pred_vs_playoff_final_results": 7.133333206176758,
        "rank_rmse_pred_vs_playoff_final_results": 9.302329063415527,
        "rank_mae_eos_standings_vs_playoff_final_results": 3.7333333333333334,
        "rank_rmse_eos_standings_vs_playoff_final_results": 6.093712606722878,
        "playoff_metrics": {
          "spearman_pred_vs_playoff_final_results": 0.48654060066740823,
          "ndcg_at_4_final_four": 0.35315119534797357,
          "ndcg10_pred_vs_playoff_final_results": 0.6169159893860746,
          "brier_championship_odds": 0.03222232684493065,
          "rank_mae_pred_vs_playoff_final_results": 7.133333206176758,
          "rank_rmse_pred_vs_playoff_final_results": 9.302329063415527,
          "rank_mae_eos_standings_vs_playoff_final_results": 3.7333333333333334,
          "rank_rmse_eos_standings_vs_playoff_final_results": 6.093712606722878
        }
      },
      "test_metrics_model_a": {
        "ndcg": 0.6167724475809532,
        "spearman": 0.4251390433815351,
        "mrr_top2": 1.0,
        "mrr_top4": 1.0,
        "ndcg10": 0.6167724475809532,
        "ndcg_at_4": 0.35315119534797357,
        "ndcg_at_12": 0.616615799243318,
        "ndcg_at_16": 0.6185233481133052,
        "ndcg_at_20": 0.6185299800329143,
        "roc_auc_upset": 0.6877828054298643
      },
      "test_metrics_model_b": {
        "ndcg": 0.8156850834777177,
        "spearman": 0.4117908787541713,
        "mrr_top2": 1.0,
        "mrr_top4": 1.0,
        "ndcg10": 0.8156850834777177,
        "ndcg_at_4": 0.7261751187226982,
        "ndcg_at_12": 0.8154956270898149,
        "ndcg_at_16": 0.8155114818971126,
        "ndcg_at_20": 0.8590713867483651,
        "roc_auc_upset": 0.7589285714285714
      },
      "test_metrics_model_c": {
        "ndcg": 0.333487026575135,
        "spearman": 0.23159065628476083,
        "mrr_top2": 0.16666666666666666,
        "mrr_top4": 0.16666666666666666,
        "ndcg10": 0.333487026575135,
        "ndcg_at_4": 0.0011069724610271625,
        "ndcg_at_12": 0.33890731926775686,
        "ndcg_at_16": 0.35966393831396193,
        "ndcg_at_20": 0.3699999322309346,
        "roc_auc_upset": 0.7633928571428571
      },
      "test_metrics_by_conference": {
        "E": {
          "ndcg": 0.3869402032684001,
          "spearman": 0.30357142857142855
        },
        "W": {
          "ndcg": 0.9323088577564328,
          "spearman": 0.5642857142857142
        }
      },
      "notes": {
        "eos_rank_source": "eos_final_rank"
      }
    },
    "2024-25": {
      "test_metrics_ensemble": {
        "ndcg": 0.4862541353062815,
        "spearman": 0.4958843159065628,
        "mrr_top2": 0.5,
        "mrr_top4": 0.5,
        "ndcg10": 0.4862541353062815,
        "ndcg_at_4": 0.4640705200119564,
        "ndcg_at_12": 0.5314268837210604,
        "ndcg_at_16": 0.5326498599105848,
        "ndcg_at_20": 0.5350367088968526,
        "roc_auc_upset": 0.7822222222222223,
        "rank_mae_pred_vs_playoff_final_results": 6.599999904632568,
        "rank_rmse_pred_vs_playoff_final_results": 8.690991401672363,
        "rank_mae_eos_standings_vs_playoff_final_results": 3.1333333333333333,
        "rank_rmse_eos_standings_vs_playoff_final_results": 4.449719092257398,
        "playoff_metrics": {
          "spearman_pred_vs_playoff_final_results": 0.48609566184649605,
          "ndcg_at_4_final_four": 0.4640551772443684,
          "ndcg10_pred_vs_playoff_final_results": 0.486239238391119,
          "brier_championship_odds": 0.03222232684493065,
          "rank_mae_pred_vs_playoff_final_results": 6.599999904632568,
          "rank_rmse_pred_vs_playoff_final_results": 8.690991401672363,
          "rank_mae_eos_standings_vs_playoff_final_results": 3.1333333333333333,
          "rank_rmse_eos_standings_vs_playoff_final_results": 4.449719092257398
        }
      },
      "test_metrics_model_a": {
        "ndcg": 0.5322403857080299,
        "spearman": 0.4967741935483871,
        "mrr_top2": 0.5,
        "mrr_top4": 0.5,
        "ndcg10": 0.5322403857080299,
        "ndcg_at_4": 0.4640705200119564,
        "ndcg_at_12": 0.5324551576496673,
        "ndcg_at_16": 0.53367805496445,