{
  "test_metrics_ensemble": {
    "ndcg": 0.6169167085404007,
    "spearman": 0.42246941045606223,
    "mrr_top2": 1.0,
    "mrr_top4": 1.0,
    "ndcg10": 0.6169167085404007,
    "ndcg_at_4": 0.35315119534797357,
    "ndcg_at_12": 0.6167600223101466,
    "ndcg_at_16": 0.6180565134333724,
    "ndcg_at_20": 0.6186511093293144,
    "roc_auc_upset": 0.6832579185520362,
    "rank_mae_pred_vs_playoff_final_results": 7.133333206176758,
    "rank_rmse_pred_vs_playoff_final_results": 9.302329063415527,
    "rank_mae_eos_standings_vs_playoff_final_results": 3.7333333333333334,
    "rank_rmse_eos_standings_vs_playoff_final_results": 6.093712606722878,
    "playoff_metrics": {
      "spearman_pred_vs_playoff_final_results": 0.48654060066740823,
      "ndcg_at_4_final_four": 0.35315119534797357,
      "ndcg10_pred_vs_playoff_final_results": 0.6169159893860746,
      "brier_championship_odds": 0.03222232684493065,
      "rank_mae_pred_vs_playoff_final_results": 7.133333206176758,
      "rank_rmse_pred_vs_playoff_final_results": 9.302329063415527,
      "rank_mae_eos_standings_vs_playoff_final_results": 3.7333333333333334,
      "rank_rmse_eos_standings_vs_playoff_final_results": 6.093712606722878
    }
  },
  "test_metrics_model_a": {
    "ndcg": 0.6167724475809532,
    "spearman": 0.4251390433815351,
    "mrr_top2": 1.0,
    "mrr_top4": 1.0,
    "ndcg10": 0.6167724475809532,
    "ndcg_at_4": 0.35315119534797357,
    "ndcg_at_12": 0.616615799243318,
    "ndcg_at_16": 0.6185233481133052,
    "ndcg_at_20": 0.6185299800329143,
    "roc_auc_upset": 0.6877828054298643
  },
  "test_metrics_model_b": {
    "ndcg": 0.8156850834777177,
    "spearman": 0.4117908787541713,
    "mrr_top2": 1.0,
    "mrr_top4": 1.0,
    "ndcg10": 0.8156850834777177,
    "ndcg_at_4": 0.7261751187226982,
    "ndcg_at_12": 0.8154956270898149,
    "ndcg_at_16": 0.8155114818971126,
    "ndcg_at_20": 0.8590713867483651,
    "roc_auc_upset": 0.7589285714285714
  },
  "test_metrics_model_c": {
    "ndcg": 0.333487026575135,
    "spearman": 0.23159065628476083,
    "mrr_top2": 0.16666666666666666,
    "mrr_top4": 0.16666666666666666,
    "ndcg10": 0.333487026575135,
    "ndcg_at_4": 0.0011069724610271625,
    "ndcg_at_12": 0.33890731926775686,
    "ndcg_at_16": 0.35966393831396193,
    "ndcg_at_20": 0.3699999322309346,
    "roc_auc_upset": 0.7633928571428571
  },
  "test_metrics_by_conference": {
    "E": {
      "ndcg": 0.3869402032684001,
      "spearman": 0.30357142857142855
    },
    "W": {
      "ndcg": 0.9323088577564328,
      "spearman": 0.5642857142857142
    }
  },
  "notes": {
    "eos_rank_source": "eos_final_rank"
  }
}