{
  "test_metrics_ensemble": {
    "ndcg": 0.5866579561388758,
    "spearman": 0.432258064516129,
    "mrr_top2": 1.0,
    "mrr_top4": 1.0,
    "ndcg10": 0.5866579561388758,
    "ndcg_at_4": 0.3560053866302678,
    "ndcg_at_12": 0.6303914030716655,
    "ndcg_at_16": 0.6322676262915814,
    "ndcg_at_20": 0.6322741445447373,
    "roc_auc_upset": 0.6923076923076923,
    "rank_mae_pred_vs_playoff_final_results": 7.266666889190674,
    "rank_rmse_pred_vs_playoff_final_results": 9.223158836364746,
    "rank_mae_eos_standings_vs_playoff_final_results": 3.7333333333333334,
    "rank_rmse_eos_standings_vs_playoff_final_results": 6.093712606722878,
    "playoff_metrics": {
      "spearman_pred_vs_playoff_final_results": 0.4509454949944383,
      "ndcg_at_4_final_four": 0.3560053866302678,
      "ndcg10_pred_vs_playoff_final_results": 0.5866629682074571,
      "brier_championship_odds": 0.03222232684493065,
      "rank_mae_pred_vs_playoff_final_results": 7.266666889190674,
      "rank_rmse_pred_vs_playoff_final_results": 9.223158836364746,
      "rank_mae_eos_standings_vs_playoff_final_results": 3.7333333333333334,
      "rank_rmse_eos_standings_vs_playoff_final_results": 6.093712606722878
    }
  },
  "test_metrics_model_a": {
    "ndcg": 0.5720275992904997,
    "spearman": 0.4295884315906563,
    "mrr_top2": 1.0,
    "mrr_top4": 1.0,
    "ndcg10": 0.5720275992904997,
    "ndcg_at_4": 0.3560053866302678,
    "ndcg_at_12": 0.6157648891378236,
    "ndcg_at_16": 0.6176422342985731,
    "ndcg_at_20": 0.6176488168774394,
    "roc_auc_upset": 0.7407407407407407
  },
  "test_metrics_model_b": {
    "ndcg": 0.534892312515551,
    "spearman": 0.2738598442714127,
    "mrr_top2": 0.5,
    "mrr_top4": 0.5,
    "ndcg10": 0.534892312515551,
    "ndcg_at_4": 0.4231549675107405,
    "ndcg_at_12": 0.5581105126521134,
    "ndcg_at_16": 0.558070819691346,
    "ndcg_at_20": 0.5603791604101405,
    "roc_auc_upset": 0.7857142857142857
  },
  "test_metrics_model_c": {
    "ndcg": 0.3630181610535365,
    "spearman": 0.27519466073414905,
    "mrr_top2": 0.25,
    "mrr_top4": 0.25,
    "ndcg10": 0.3630181610535365,
    "ndcg_at_4": 0.14584631107136387,
    "ndcg_at_12": 0.38486590967334117,
    "ndcg_at_16": 0.38486217881720924,
    "ndcg_at_20": 0.3854695201328368,
    "roc_auc_upset": 0.8303571428571428
  },
  "test_metrics_by_conference": {
    "E": {
      "ndcg": 0.4051186998056117,
      "spearman": 0.24642857142857136
    },
    "W": {
      "ndcg": 0.922273612311482,
      "spearman": 0.5428571428571428
    }
  },
  "notes": {
    "eos_rank_source": "eos_final_rank"
  }
}