{
  "test_metrics_ensemble": {
    "ndcg": 0.48339013114299884,
    "spearman": 0.47541713014460507,
    "mrr_top2": 0.5,
    "mrr_top4": 0.5,
    "ndcg10": 0.48339013114299884,
    "ndcg_at_4": 0.46449490234372454,
    "ndcg_at_12": 0.5275032254075156,
    "ndcg_at_16": 0.5274647805138328,
    "ndcg_at_20": 0.5310321836258166,
    "roc_auc_upset": 0.7955555555555556,
    "rank_mae_pred_vs_playoff_final_results": 6.800000190734863,
    "rank_rmse_pred_vs_playoff_final_results": 8.8656644821167,
    "rank_mae_eos_standings_vs_playoff_final_results": 3.1333333333333333,
    "rank_rmse_eos_standings_vs_playoff_final_results": 4.449719092257398,
    "playoff_metrics": {
      "spearman_pred_vs_playoff_final_results": 0.4852057842046719,
      "ndcg_at_4_final_four": 0.46449490234372454,
      "ndcg10_pred_vs_playoff_final_results": 0.4833807273282299,
      "brier_championship_odds": 0.03222232684493065,
      "rank_mae_pred_vs_playoff_final_results": 6.800000190734863,
      "rank_rmse_pred_vs_playoff_final_results": 8.8656644821167,
      "rank_mae_eos_standings_vs_playoff_final_results": 3.1333333333333333,
      "rank_rmse_eos_standings_vs_playoff_final_results": 4.449719092257398
    }
  },
  "test_metrics_model_a": {
    "ndcg": 0.48338800524041897,
    "spearman": 0.47452725250278077,
    "mrr_top2": 0.5,
    "mrr_top4": 0.5,
    "ndcg10": 0.48338800524041897,
    "ndcg_at_4": 0.46449490234372454,
    "ndcg_at_12": 0.5275011000633405,
    "ndcg_at_16": 0.5274626553326843,
    "ndcg_at_20": 0.5310300584540152,
    "roc_auc_upset": 0.7955555555555556
  },
  "test_metrics_model_b": {
    "ndcg": 0.5772802637131544,
    "spearman": 0.6618464961067854,
    "mrr_top2": 0.5,
    "mrr_top4": 0.5,
    "ndcg10": 0.5772802637131544,
    "ndcg_at_4": 0.43654099349886577,
    "ndcg_at_12": 0.5772145187660958,
    "ndcg_at_16": 0.6168993281698288,
    "ndcg_at_20": 0.6169111141657875,
    "roc_auc_upset": 0.6742081447963801
  },
  "test_metrics_model_c": {
    "ndcg": 0.13351795669564936,
    "spearman": 0.4229143492769744,
    "mrr_top2": 0.125,
    "mrr_top4": 0.125,
    "ndcg10": 0.13351795669564936,
    "ndcg_at_4": 0.021615451923040332,
    "ndcg_at_12": 0.13419077869261808,
    "ndcg_at_16": 0.341037725709104,
    "ndcg_at_20": 0.35983399007901934,
    "roc_auc_upset": 0.8214285714285714
  },
  "test_metrics_by_conference": {
    "E": {
      "ndcg": 0.2893506736974382,
      "spearman": 0.23928571428571427
    },
    "W": {
      "ndcg": 0.7524991469189859,
      "spearman": 0.7357142857142855
    }
  },
  "notes": {
    "eos_rank_source": "eos_final_rank"
  }
}