{
  "test_metrics_ensemble": {
    "ndcg": 0.5559687007810129,
    "spearman": 0.3668520578420467,
    "mrr_top2": 1.0,
    "mrr_top4": 1.0,
    "ndcg10": 0.5559687007810129,
    "ndcg_at_4": 0.33513898093933947,
    "ndcg_at_12": 0.601127825015345,
    "ndcg_at_16": 0.6029724044693758,
    "ndcg_at_20": 0.6029698466438064,
    "roc_auc_upset": 0.6919642857142857,
    "rank_mae_pred_vs_playoff_final_results": 8.0,
    "rank_rmse_pred_vs_playoff_final_results": 9.739952087402344,
    "rank_mae_eos_standings_vs_playoff_final_results": 3.7333333333333334,
    "rank_rmse_eos_standings_vs_playoff_final_results": 6.093712606722878,
    "playoff_metrics": {
      "spearman_pred_vs_playoff_final_results": 0.41490545050055616,
      "ndcg_at_4_final_four": 0.33513815635527017,
      "ndcg10_pred_vs_playoff_final_results": 0.5559736313818125,
      "brier_championship_odds": 0.03222232684493065,
      "rank_mae_pred_vs_playoff_final_results": 8.0,
      "rank_rmse_pred_vs_playoff_final_results": 9.739952087402344,
      "rank_mae_eos_standings_vs_playoff_final_results": 3.7333333333333334,
      "rank_rmse_eos_standings_vs_playoff_final_results": 6.093712606722878
    }
  },
  "test_metrics_model_a": {
    "ndcg": 0.5559687007810129,
    "spearman": 0.3668520578420467,
    "mrr_top2": 1.0,
    "mrr_top4": 1.0,
    "ndcg10": 0.5559687007810129,
    "ndcg_at_4": 0.33513898093933947,
    "ndcg_at_12": 0.601127825015345,
    "ndcg_at_16": 0.6029724044693758,
    "ndcg_at_20": 0.6029698466438064,
    "roc_auc_upset": 0.6919642857142857
  },
  "test_metrics_model_b": {
    "ndcg": 0.8110618199798463,
    "spearman": 0.3828698553948832,
    "mrr_top2": 1.0,
    "mrr_top4": 1.0,
    "ndcg10": 0.8110618199798463,
    "ndcg_at_4": 0.7116242168324007,
    "ndcg_at_12": 0.810871569022513,
    "ndcg_at_16": 0.8157780947801173,
    "ndcg_at_20": 0.8158536925635648,
    "roc_auc_upset": 0.8348214285714286
  },
  "test_metrics_model_c": {
    "ndcg": 0.333487026575135,
    "spearman": 0.23159065628476083,
    "mrr_top2": 0.16666666666666666,
    "mrr_top4": 0.16666666666666666,
    "ndcg10": 0.333487026575135,
    "ndcg_at_4": 0.0011069724610271625,
    "ndcg_at_12": 0.33890731926775686,
    "ndcg_at_16": 0.35966393831396193,
    "ndcg_at_20": 0.3699999322309346,
    "roc_auc_upset": 0.7633928571428571
  },
  "test_metrics_by_conference": {
    "E": {
      "ndcg": 0.38369169619137905,
      "spearman": 0.2321428571428571
    },
    "W": {
      "ndcg": 0.915131410824501,
      "spearman": 0.48214285714285704
    }
  },
  "notes": {
    "eos_rank_source": "eos_final_rank"
  }
}