{
  "test_metrics_ensemble": {
    "ndcg": 0.48189342850812666,
    "spearman": 0.4509454949944383,
    "mrr_top2": 0.5,
    "mrr_top4": 0.5,
    "ndcg10": 0.48189342850812666,
    "ndcg_at_4": 0.4643519436832566,
    "ndcg_at_12": 0.5270880814771455,
    "ndcg_at_16": 0.5273822807753256,
    "ndcg_at_20": 0.530889779533954,
    "roc_auc_upset": 0.7857142857142857,
    "rank_mae_pred_vs_playoff_final_results": 7.266666889190674,
    "rank_rmse_pred_vs_playoff_final_results": 9.070097923278809,
    "rank_mae_eos_standings_vs_playoff_final_results": 3.1333333333333333,
    "rank_rmse_eos_standings_vs_playoff_final_results": 4.449719092257398,
    "playoff_metrics": {
      "spearman_pred_vs_playoff_final_results": 0.4509454949944383,
      "ndcg_at_4_final_four": 0.46433662668392073,
      "ndcg10_pred_vs_playoff_final_results": 0.48187799988021324,
      "brier_championship_odds": 0.03222232684493065,
      "rank_mae_pred_vs_playoff_final_results": 7.266666889190674,
      "rank_rmse_pred_vs_playoff_final_results": 9.070097923278809,
      "rank_mae_eos_standings_vs_playoff_final_results": 3.1333333333333333,
      "rank_rmse_eos_standings_vs_playoff_final_results": 4.449719092257398
    }
  },
  "test_metrics_model_a": {
    "ndcg": 0.48189342850812666,
    "spearman": 0.439377085650723,
    "mrr_top2": 0.5,
    "mrr_top4": 0.5,
    "ndcg10": 0.48189342850812666,
    "ndcg_at_4": 0.4643519436832566,
    "ndcg_at_12": 0.5270880814771455,
    "ndcg_at_16": 0.5273822807753256,
    "ndcg_at_20": 0.530889779533954,
    "roc_auc_upset": 0.7857142857142857
  },
  "test_metrics_model_b": {
    "ndcg": 0.21633419895461262,
    "spearman": 0.6133481646273637,
    "mrr_top2": 0.2,
    "mrr_top4": 0.2,
    "ndcg10": 0.21633419895461262,
    "ndcg_at_4": 0.04166423104576856,
    "ndcg_at_12": 0.21633232721167592,
    "ndcg_at_16": 0.398646416383736,
    "ndcg_at_20": 0.3986455442774977,
    "roc_auc_upset": 0.7499999999999999
  },
  "test_metrics_model_c": {
    "ndcg": 0.05124995751403931,
    "spearman": 0.307230255839822,
    "mrr_top2": 0.0625,
    "mrr_top4": 0.2,
    "ndcg10": 0.05124995751403931,
    "ndcg_at_4": 0.00711064040423231,
    "ndcg_at_12": 0.056899138174850025,
    "ndcg_at_16": 0.1769467286075223,
    "ndcg_at_20": 0.17934460063934335,
    "roc_auc_upset": 0.8214285714285714
  },
  "test_metrics_by_conference": {
    "E": {
      "ndcg": 0.24640794000116126,
      "spearman": 0.22142857142857136
    },
    "W": {
      "ndcg": 0.7519554106097529,
      "spearman": 0.6678571428571428
    }
  },
  "notes": {
    "eos_rank_source": "eos_final_rank"
  }
}