{
  "test_metrics_ensemble": {
    "ndcg": 0.6071973615053933,
    "spearman": 0.43804226918798667,
    "mrr_top2": 1.0,
    "mrr_top4": 1.0,
    "ndcg10": 0.6071973615053933,
    "ndcg_at_4": 0.35315119534797357,
    "ndcg_at_12": 0.6070392103305832,
    "ndcg_at_16": 0.6089174753030266,
    "ndcg_at_20": 0.608923916235908,
    "roc_auc_upset": 0.7692307692307693,
    "rank_mae_pred_vs_playoff_final_results": 7.333333492279053,
    "rank_rmse_pred_vs_playoff_final_results": 9.176055908203125,
    "rank_mae_eos_standings_vs_playoff_final_results": 3.7333333333333334,
    "rank_rmse_eos_standings_vs_playoff_final_results": 6.093712606722878,
    "playoff_metrics": {
      "spearman_pred_vs_playoff_final_results": 0.46785317018909905,
      "ndcg_at_4_final_four": 0.35315119534797357,
      "ndcg10_pred_vs_playoff_final_results": 0.6071966423510671,
      "brier_championship_odds": 0.03222232684493065,
      "rank_mae_pred_vs_playoff_final_results": 7.333333492279053,
      "rank_rmse_pred_vs_playoff_final_results": 9.176055908203125,
      "rank_mae_eos_standings_vs_playoff_final_results": 3.7333333333333334,
      "rank_rmse_eos_standings_vs_playoff_final_results": 6.093712606722878
    }
  },
  "test_metrics_model_a": {
    "ndcg": 0.6071973615053933,
    "spearman": 0.43804226918798667,
    "mrr_top2": 1.0,
    "mrr_top4": 1.0,
    "ndcg10": 0.6071973615053933,
    "ndcg_at_4": 0.35315119534797357,
    "ndcg_at_12": 0.6070392103305832,
    "ndcg_at_16": 0.6089174753030266,
    "ndcg_at_20": 0.608923916235908,
    "roc_auc_upset": 0.7692307692307693
  },
  "test_metrics_model_b": {
    "ndcg": 0.5580964353753605,
    "spearman": 0.3913236929922136,
    "mrr_top2": 0.5,
    "mrr_top4": 0.5,
    "ndcg10": 0.5580964353753605,
    "ndcg_at_4": 0.4437410146181249,
    "ndcg_at_12": 0.5579532112466528,
    "ndcg_at_16": 0.5580106956268491,
    "ndcg_at_20": 0.600448317137851,
    "roc_auc_upset": 0.8348214285714286
  },
  "test_metrics_model_c": {
    "ndcg": 0.3335103168238178,
    "spearman": 0.24582869855394882,
    "mrr_top2": 0.16666666666666666,
    "mrr_top4": 0.16666666666666666,
    "ndcg10": 0.3335103168238178,
    "ndcg_at_4": 0.001111095381373398,
    "ndcg_at_12": 0.33890852755612016,
    "ndcg_at_16": 0.36020843249775714,
    "ndcg_at_20": 0.370544492926805,
    "roc_auc_upset": 0.7733333333333334
  },
  "test_metrics_by_conference": {
    "E": {
      "ndcg": 0.3851402749883562,
      "spearman": 0.2642857142857143
    },
    "W": {
      "ndcg": 0.9455771580324823,
      "spearman": 0.5928571428571427
    }
  },
  "notes": {
    "eos_rank_source": "eos_final_rank"
  }
}