{
  "test_metrics_ensemble": {
    "ndcg": 0.48923435932825315,
    "spearman": 0.4905450500556173,
    "mrr_top2": 0.5,
    "mrr_top4": 0.5,
    "ndcg10": 0.48923435932825315,
    "ndcg_at_4": 0.4643944167678145,
    "ndcg_at_12": 0.5344270840756957,
    "ndcg_at_16": 0.5359621859730592,
    "ndcg_at_20": 0.538275142195214,
    "roc_auc_upset": 0.75,
    "rank_mae_pred_vs_playoff_final_results": 6.733333110809326,
    "rank_rmse_pred_vs_playoff_final_results": 8.736895561218262,
    "rank_mae_eos_standings_vs_playoff_final_results": 3.1333333333333333,
    "rank_rmse_eos_standings_vs_playoff_final_results": 4.449719092257398,
    "playoff_metrics": {
      "spearman_pred_vs_playoff_final_results": 0.48609566184649605,
      "ndcg_at_4_final_four": 0.4643812234227066,
      "ndcg10_pred_vs_playoff_final_results": 0.48922099131352,
      "brier_championship_odds": 0.03222232684493065,
      "rank_mae_pred_vs_playoff_final_results": 6.733333110809326,
      "rank_rmse_pred_vs_playoff_final_results": 8.736895561218262,
      "rank_mae_eos_standings_vs_playoff_final_results": 3.1333333333333333,
      "rank_rmse_eos_standings_vs_playoff_final_results": 4.449719092257398
    }
  },
  "test_metrics_model_a": {
    "ndcg": 0.48923435932825315,
    "spearman": 0.48209121245828696,
    "mrr_top2": 0.5,
    "mrr_top4": 0.5,
    "ndcg10": 0.48923435932825315,
    "ndcg_at_4": 0.4643944167678145,
    "ndcg_at_12": 0.5344270840756957,
    "ndcg_at_16": 0.5359621859730592,
    "ndcg_at_20": 0.5359645081473376,
    "roc_auc_upset": 0.7544642857142857
  },
  "test_metrics_model_b": {
    "ndcg": 0.19713892692561516,
    "spearman": 0.5150166852057843,
    "mrr_top2": 0.14285714285714285,
    "mrr_top4": 0.14285714285714285,
    "ndcg10": 0.19713892692561516,
    "ndcg_at_4": 0.04166423104576856,
    "ndcg_at_12": 0.19718391934737511,
    "ndcg_at_16": 0.21750925748057276,
    "ndcg_at_20": 0.217508658860186,
    "roc_auc_upset": 0.7592592592592593
  },
  "test_metrics_model_c": {
    "ndcg": 0.05124995751403931,
    "spearman": 0.3210233592880979,
    "mrr_top2": 0.07142857142857142,
    "mrr_top4": 0.2,
    "ndcg10": 0.05124995751403931,
    "ndcg_at_4": 0.00711064040423231,
    "ndcg_at_12": 0.056899138174850025,
    "ndcg_at_16": 0.18061907061753987,
    "ndcg_at_20": 0.18301677953213064,
    "roc_auc_upset": 0.8169642857142857
  },
  "test_metrics_by_conference": {
    "E": {
      "ndcg": 0.26533736705247435,
      "spearman": 0.25357142857142856
    },
    "W": {
      "ndcg": 0.7737357849437491,
      "spearman": 0.6749999999999999
    }
  },
  "notes": {
    "eos_rank_source": "eos_final_rank"
  }
}