{
  "test_metrics_ensemble": {
    "ndcg": 0.7003629827422089,
    "spearman": 0.5159065628476084,
    "mrr_top2": 1.0,
    "mrr_top4": 1.0,
    "ndcg_at_4": 0.6493703853693824,
    "ndcg_at_12": 0.632494787497848,
    "ndcg_at_16": 0.6809717470491929,
    "ndcg_at_20": 0.6997584615110243,
    "ndcg_at_30": 0.7003629827422089,
    "rank_mae_pred_vs_playoff_outcome_rank": 6.599999904632568,
    "rank_rmse_pred_vs_playoff_outcome_rank": 8.516650199890137,
    "roc_auc_upset": 0.7873303167420814,
    "rank_mae_wl_record_standings_vs_playoff_outcome_rank": 3.7333333333333334,
    "rank_rmse_wl_record_standings_vs_playoff_outcome_rank": 6.093712606722878,
    "spearman_standings": -0.6146829810901,
    "ndcg_at_4_standings": 0.520258475026729,
    "ndcg_at_16_standings": 0.5828127563676694,
    "ndcg_at_30_standings": 0.5840896757796672,
    "rank_rmse_standings": 7.598245620727539,
    "playoff_metrics": {
      "spearman_pred_vs_playoff_outcome_rank": 0.5755283648498332,
      "ndcg_at_4_final_four": 0.6493703853693824,
      "ndcg_at_30_pred_vs_playoff_outcome_rank": 0.700359846538905,
      "brier_championship_odds": 0.030676474794745445,
      "rank_mae_pred_vs_playoff_outcome_rank": 6.599999904632568,
      "rank_rmse_pred_vs_playoff_outcome_rank": 8.516650199890137,
      "rank_mae_wl_record_standings_vs_playoff_outcome_rank": 3.7333333333333334,
      "rank_rmse_wl_record_standings_vs_playoff_outcome_rank": 6.093712606722878
    }
  },
  "test_metrics_model_a": {
    "ndcg": 0.6315923327664511,
    "spearman": 0.42602892102335926,
    "mrr_top2": 1.0,
    "mrr_top4": 1.0,
    "ndcg_at_4": 0.35315119534797357,
    "ndcg_at_12": 0.6129943275586969,
    "ndcg_at_16": 0.6149021542171564,
    "ndcg_at_20": 0.6149018437276508,
    "ndcg_at_30": 0.6315923327664511,
    "rank_mae_pred_vs_playoff_outcome_rank": 7.266666889190674,
    "rank_rmse_pred_vs_playoff_outcome_rank": 9.273618698120117,
    "roc_auc_upset": 0.7647058823529411
  },
  "test_metrics_model_b": {
    "ndcg": 0.6010882692358817,
    "spearman": 0.3343715239154616,
    "mrr_top2": 0.5,
    "mrr_top4": 0.5,
    "ndcg_at_4": 0.4437410146181249,
    "ndcg_at_12": 0.5578593597566959,
    "ndcg_at_16": 0.5579218436674293,
    "ndcg_at_20": 0.5579248413509922,
    "ndcg_at_30": 0.6010882692358817,
    "rank_mae_pred_vs_playoff_outcome_rank": 7.599999904632568,
    "rank_rmse_pred_vs_playoff_outcome_rank": 9.98665714263916,
    "roc_auc_upset": 0.7692307692307693
  },
  "test_metrics_model_c": {
    "ndcg": 0.4077863982045925,
    "spearman": 0.23337041156840932,
    "mrr_top2": 0.16666666666666666,
    "mrr_top4": 0.16666666666666666,
    "ndcg_at_4": 0.001111095381373398,
    "ndcg_at_12": 0.3389077264996702,
    "ndcg_at_16": 0.3596643455146382,
    "ndcg_at_20": 0.37000033942981986,
    "ndcg_at_30": 0.4077863982045925,
    "rank_mae_pred_vs_playoff_outcome_rank": 9.066666603088379,
    "rank_rmse_pred_vs_playoff_outcome_rank": 10.717586517333984,
    "roc_auc_upset": 0.7633928571428571
  },
  "test_metrics_by_conference": {
    "E": {
      "ndcg": 0.635225757248922,
      "spearman": 0.6607142857142856,
      "rank_mae_wl_record_standings_vs_playoff_outcome_rank": 2.6666666666666665,
      "rank_rmse_wl_record_standings_vs_playoff_outcome_rank": 3.4253953543107007,
      "rank_mae_ensemble_pred_vs_playoff_outcome_rank": 6.133333333333334,
      "rank_rmse_ensemble_pred_vs_playoff_outcome_rank": 7.933053216343208,
      "rank_mae_model_a_pred_vs_playoff_outcome_rank": 8.2,
      "rank_rmse_model_a_pred_vs_playoff_outcome_rank": 10.272941805214966,
      "rank_mae_xgb_pred_vs_playoff_outcome_rank": 4.0,
      "rank_rmse_xgb_pred_vs_playoff_outcome_rank": 6.239658110292048,
      "rank_mae_rf_pred_vs_playoff_outcome_rank": 6.6,
      "rank_rmse_rf_pred_vs_playoff_outcome_rank": 7.7502688125423544
    },
    "W": {
      "ndcg": 0.8984442703332887,
      "spearman": 0.42499999999999993,
      "rank_mae_wl_record_standings_vs_playoff_outcome_rank": 4.8,
      "rank_rmse_wl_record_standings_vs_playoff_outcome_rank": 7.907802054511312,
      "rank_mae_ensemble_pred_vs_playoff_outcome_rank": 7.066666666666666,
      "rank_rmse_ensemble_pred_vs_playoff_outcome_rank": 9.062744249582096,
      "rank_mae_model_a_pred_vs_playoff_outcome_rank": 6.333333333333333,
      "rank_rmse_model_a_pred_vs_playoff_outcome_rank": 8.15270916117254,
      "rank_mae_xgb_pred_vs_playoff_outcome_rank": 11.2,
      "rank_rmse_xgb_pred_vs_playoff_outcome_rank": 12.670174952751573,
      "rank_mae_rf_pred_vs_playoff_outcome_rank": 11.533333333333333,
      "rank_rmse_rf_pred_vs_playoff_outcome_rank": 13.025615788386615
    }
  },
  "model_vs_standings_comparison": {
    "n_teams": 30,
    "standings_vs_outcome": {
      "rank_mae": 3.7333333333333334,
      "rank_rmse": 6.093712606722878
    },
    "models": {
      "ensemble": {
        "rank_mae_pred_vs_outcome": 6.6,
        "rank_rmse_pred_vs_outcome": 8.516650358758033,
        "improvement_mae_vs_standings": -2.8666666666666663,
        "improvement_rmse_vs_standings": -2.422937752035155
      },
      "model_a": {
        "rank_mae_pred_vs_outcome": 7.266666666666667,
        "rank_rmse_pred_vs_outcome": 9.273618495495704,
        "improvement_mae_vs_standings": -3.533333333333333,
        "improvement_rmse_vs_standings": -3.1799058887728258
      },
      "xgb": {
        "rank_mae_pred_vs_outcome": 7.6,
        "rank_rmse_pred_vs_outcome": 9.986657765906136,
        "improvement_mae_vs_standings": -3.8666666666666663,
        "improvement_rmse_vs_standings": -3.892945159183258
      },
      "rf": {
        "rank_mae_pred_vs_outcome": 9.066666666666666,
        "rank_rmse_pred_vs_outcome": 10.717586793054986,
        "improvement_mae_vs_standings": -5.333333333333333,
        "improvement_rmse_vs_standings": -4.623874186332108
      }
    },
    "significance": {
      "ensemble": {
        "mean_mae_improvement": -2.8666666666666667,
        "bootstrap_95_ci_low": -4.8,
        "bootstrap_95_ci_high": -0.9333333333333333,
        "p_value_model_better_than_standings": 0.999,
        "method": "paired bootstrap over teams (resample teams, mean(standings_ae - model_ae)); H0: no improvement"
      },
      "model_a": {
        "mean_mae_improvement": -3.533333333333333,
        "bootstrap_95_ci_low": -5.433333333333334,
        "bootstrap_95_ci_high": -1.665833333333338,
        "p_value_model_better_than_standings": 1.0,
        "method": "paired bootstrap over teams (resample teams, mean(standings_ae - model_ae)); H0: no improvement"
      },
      "xgb": {
        "mean_mae_improvement": -3.8666666666666667,
        "bootstrap_95_ci_low": -6.600833333333333,
        "bootstrap_95_ci_high": -1.4,
        "p_value_model_better_than_standings": 0.998,
        "method": "paired bootstrap over teams (resample teams, mean(standings_ae - model_ae)); H0: no improvement"
      },
      "rf": {
        "mean_mae_improvement": -5.333333333333333,
        "bootstrap_95_ci_low": -8.0,
        "bootstrap_95_ci_high": -2.3,
        "p_value_model_better_than_standings": 1.0,
        "method": "paired bootstrap over teams (resample teams, mean(standings_ae - model_ae)); H0: no improvement"
      }
    }
  },
  "standings_vs_outcome_metrics": {
    "ensemble": {
      "outcome": {
        "ndcg_at_12": 0.632494787497848,
        "rank_rmse_pred_vs_playoff_outcome_rank": 8.516650199890137,
        "ndcg_at_16": 0.6809717470491929,
        "spearman": 0.5159065628476084,
        "ndcg_at_4": 0.6493703853693824,
        "ndcg_at_30": 0.7003629827422089,
        "rank_mae_pred_vs_playoff_outcome_rank": 6.599999904632568
      },
      "standings": {
        "spearman_standings": -0.6146829810901,
        "ndcg_at_4_standings": 0.520258475026729,
        "ndcg_at_16_standings": 0.5828127563676694,
        "ndcg_at_30_standings": 0.5840896757796672,
        "rank_rmse_standings": 7.598245620727539
      }
    },