{
  "notes": {
    "eval_on": "test",
    "eos_rank_source": "eos_final_rank",
    "upset_definition": "sleeper = EOS_global_rank > predicted_strength",
    "mrr_top2": "1/rank of first team in top 2 (champion+runner-up) in predicted order.",
    "mrr_top4": "1/rank of first team in top 4 (conference finals) in predicted order.",
    "per_conference_relevance": "Within E/W: actual rank derived from EOS_global_rank (1=best in conf); NDCG/Spearman use this relevance.",
    "playoff_metrics": "Spearman (pred global vs playoff_final_results), NDCG@4 (final four), Brier (champion vs odds). rank_mae/rank_rmse: pred vs playoff_final_results; eos_standings vs playoff_final_results (baseline)."
  },
  "split_info": {
    "train_frac": 0.75,
    "n_train_dates": 141,
    "n_test_dates": 36,
    "split_mode": "seasons"
  },
  "test_metrics_ensemble": {
    "ndcg": 0.4856595343051616,
    "spearman": 0.5021134593993326,
    "mrr_top2": 0.5,
    "mrr_top4": 0.5,
    "ndcg10": 0.4856595343051616,
    "ndcg_at_4": 0.4747879258974167,
    "ndcg_at_12": 0.5308324389021071,
    "ndcg_at_16": 0.5311166107859099,
    "ndcg_at_20": 0.5329114540085832,
    "roc_auc_upset": 0.7239819004524888,
    "rank_mae_pred_vs_playoff_final_results": 6.800000190734863,
    "rank_rmse_pred_vs_playoff_final_results": 8.637128829956055,
    "rank_mae_eos_standings_vs_playoff_final_results": 3.1333333333333333,
    "rank_rmse_eos_standings_vs_playoff_final_results": 4.449719092257398,
    "spearman_standings": -0.5457174638487208,
    "ndcg10_standings": 0.5139931140781658,
    "ndcg_at_4_standings": 0.5268236745217746,
    "ndcg_at_16_standings": 0.527780369315051,
    "rank_rmse_standings": 8.250252723693848,
    "playoff_metrics": {
      "spearman_pred_vs_playoff_final_results": 0.5234705228031146,
      "ndcg_at_4_final_four": 0.4747879258974167,
      "ndcg10_pred_vs_playoff_final_results": 0.4856485449725254,
      "brier_championship_odds": 0.030076470226049423,
      "rank_mae_pred_vs_playoff_final_results": 6.800000190734863,
      "rank_rmse_pred_vs_playoff_final_results": 8.637128829956055,
      "rank_mae_eos_standings_vs_playoff_final_results": 3.1333333333333333,
      "rank_rmse_eos_standings_vs_playoff_final_results": 4.449719092257398
    }
  },
  "test_metrics_model_a": {
    "ndcg": 0.4856595343051616,
    "spearman": 0.49365962180200224,
    "mrr_top2": 0.5,
    "mrr_top4": 0.5,
    "ndcg10": 0.4856595343051616,
    "ndcg_at_4": 0.4747879258974167,
    "ndcg_at_12": 0.5308324389021071,
    "ndcg_at_16": 0.5311166107859099,
    "ndcg_at_20": 0.5329114540085832,
    "roc_auc_upset": 0.7285067873303168
  },
  "test_metrics_model_b": {
    "ndcg": 0.4376962231760793,
    "spearman": 0.6022246941045606,
    "mrr_top2": 0.2,
    "mrr_top4": 0.2,
    "ndcg10": 0.4376962231760793,
    "ndcg_at_4": 0.047452952934463374,
    "ndcg_at_12": 0.43762445760123064,
    "ndcg_at_16": 0.4595511069090464,
    "ndcg_at_20": 0.45954919637386543,
    "roc_auc_upset": 0.7330316742081447
  },
  "test_metrics_model_c": {
    "ndcg": 0.05139534647930671,
    "spearman": 0.3125695216907675,
    "mrr_top2": 0.07142857142857142,
    "mrr_top4": 0.2,
    "ndcg10": 0.05139534647930671,
    "ndcg_at_4": 0.0072603807417201014,
    "ndcg_at_12": 0.05704448895120833,
    "ndcg_at_16": 0.17989573678693135,
    "ndcg_at_20": 0.18229344888290439,
    "roc_auc_upset": 0.8214285714285714
  },
  "test_metrics_by_conference": {
    "E": {
      "ndcg": 0.3443916640402221,
      "spearman": 0.3928571428571428
    },
    "W": {
      "ndcg": 0.7491563943572732,
      "spearman": 0.5928571428571427
    }
  },
  "by_season": {
    "2023-24": {
      "test_metrics_ensemble": {
        "ndcg": 0.570317247646098,
        "spearman": 0.2854282536151279,
        "mrr_top2": 1.0,
        "mrr_top4": 1.0,
        "ndcg10": 0.570317247646098,
        "ndcg_at_4": 0.35315119534797357,
        "ndcg_at_12": 0.614059134067409,
        "ndcg_at_16": 0.6140159023953349,
        "ndcg_at_20": 0.6140134913531906,
        "roc_auc_upset": 0.8687782805429864,
        "rank_mae_pred_vs_playoff_final_results": 8.399999618530273,
        "rank_rmse_pred_vs_playoff_final_results": 10.347302436828613,
        "rank_mae_eos_standings_vs_playoff_final_results": 3.7333333333333334,
        "rank_rmse_eos_standings_vs_playoff_final_results": 6.093712606722878,
        "spearman_standings": -0.37486095661846497,
        "ndcg10_standings": 0.4294715028864152,
        "ndcg_at_4_standings": 0.16635214014080835,
        "ndcg_at_16_standings": 0.4512695067124776,
        "rank_rmse_standings": 9.678153991699219,
        "playoff_metrics": {
          "spearman_pred_vs_playoff_final_results": 0.31657397107897667,
          "ndcg_at_4_final_four": 0.35315119534797357,
          "ndcg10_pred_vs_playoff_final_results": 0.5703225539151932,
          "brier_championship_odds": 0.0314764678478241,
          "rank_mae_pred_vs_playoff_final_results": 8.399999618530273,
          "rank_rmse_pred_vs_playoff_final_results": 10.347302436828613,
          "rank_mae_eos_standings_vs_playoff_final_results": 3.7333333333333334,
          "rank_rmse_eos_standings_vs_playoff_final_results": 6.093712606722878
        }
      },
      "test_metrics_model_a": {
        "ndcg": 0.570317247646098,
        "spearman": 0.2854282536151279,
        "mrr_top2": 1.0,
        "mrr_top4": 1.0,
        "ndcg10": 0.570317247646098,
        "ndcg_at_4": 0.35315119534797357,
        "ndcg_at_12": 0.614059134067409,
        "ndcg_at_16": 0.6140159023953349,
        "ndcg_at_20": 0.6140134913531906,
        "roc_auc_upset": 0.8687782805429864
      },
      "test_metrics_model_b": {
        "ndcg": 0.7076064772277197,
        "spearman": 0.3343715239154616,
        "mrr_top2": 1.0,
        "mrr_top4": 1.0,
        "ndcg10": 0.7076064772277197,
        "ndcg_at_4": 0.7261751187226982,
        "ndcg_at_12": 0.7951929439280361,
        "ndcg_at_16": 0.8002119824751833,
        "ndcg_at_20": 0.8002859264462563,
        "roc_auc_upset": 0.7991071428571428
      },
      "test_metrics_model_c": {
        "ndcg": 0.33348743391404295,
        "spearman": 0.23337041156840932,
        "mrr_top2": 0.16666666666666666,
        "mrr_top4": 0.16666666666666666,
        "ndcg10": 0.33348743391404295,
        "ndcg_at_4": 0.001111095381373398,
        "ndcg_at_12": 0.3389077264996702,
        "ndcg_at_16": 0.3596643455146382,
        "ndcg_at_20": 0.37000033942981986,
        "roc_auc_upset": 0.7633928571428571
      },
      "test_metrics_by_conference": {
        "E": {
          "ndcg": 0.35721267845452664,
          "spearman": 0.07857142857142857
        },
        "W": {
          "ndcg": 0.9048924174493659,
          "spearman": 0.4107142857142856
        }
      },
      "notes": {
        "eos_rank_source": "eos_final_rank"
      }
    },
    "2024-25": {
      "test_metrics_ensemble": {
        "ndcg": 0.4856595343051616,
        "spearman": 0.5021134593993326,
        "mrr_top2": 0.5,
        "mrr_top4": 0.5,
        "ndcg10": 0.4856595343051616,
        "ndcg_at_4": 0.4747879258974167,
        "ndcg_at_12": 0.5308324389021071,
        "ndcg_at_16": 0.5311166107859099,
        "ndcg_at_20": 0.5329114540085832,
        "roc_auc_upset": 0.7239819004524888,
        "rank_mae_pred_vs_playoff_final_results": 6.800000190734863,
        "rank_rmse_pred_vs_playoff_final_results": 8.637128829956055,
        "rank_mae_eos_standings_vs_playoff_final_results": 3.1333333333333333,
        "rank_rmse_eos_standings_vs_playoff_final_results": 4.449719092257398,
        "spearman_standings": -0.5457174638487208,
        "ndcg10_standings": 0.5139931140781658,
        "ndcg_at_4_standings": 0.5268236745217746,
        "ndcg_at_16_standings": 0.527780369315051,
        "rank_rmse_standings": 8.250252723693848,
        "playoff_metrics": {
          "spearman_pred_vs_playoff_final_results": 0.5234705228031146,
          "ndcg_at_4_final_four": 0.4747879258974167,