{
  "test_metrics_ensemble": {
    "ndcg": 0.48283255665490876,
    "spearman": 0.4567296996662959,
    "mrr_top2": 0.5,
    "mrr_top4": 0.5,
    "ndcg10": 0.48283255665490876,
    "ndcg_at_4": 0.4643944167678145,
    "ndcg_at_12": 0.5269457973759424,
    "ndcg_at_16": 0.5281489168066221,
    "ndcg_at_20": 0.5304948777869392,
    "roc_auc_upset": 0.78125,
    "rank_mae_pred_vs_playoff_final_results": 7.199999809265137,
    "rank_rmse_pred_vs_playoff_final_results": 9.022194862365723,
    "rank_mae_eos_standings_vs_playoff_final_results": 3.1333333333333333,
    "rank_rmse_eos_standings_vs_playoff_final_results": 4.449719092257398,
    "playoff_metrics": {
      "spearman_pred_vs_playoff_final_results": 0.46206896551724136,
      "ndcg_at_4_final_four": 0.4643812234227066,
      "ndcg10_pred_vs_playoff_final_results": 0.48281972600791984,
      "brier_championship_odds": 0.03222232684493065,
      "rank_mae_pred_vs_playoff_final_results": 7.199999809265137,
      "rank_rmse_pred_vs_playoff_final_results": 9.022194862365723,
      "rank_mae_eos_standings_vs_playoff_final_results": 3.1333333333333333,
      "rank_rmse_eos_standings_vs_playoff_final_results": 4.449719092257398
    }
  },
  "test_metrics_model_a": {
    "ndcg": 0.48283255665490876,
    "spearman": 0.4567296996662959,
    "mrr_top2": 0.5,
    "mrr_top4": 0.5,
    "ndcg10": 0.48283255665490876,
    "ndcg_at_4": 0.4643944167678145,
    "ndcg_at_12": 0.5269457973759424,
    "ndcg_at_16": 0.5281489168066221,
    "ndcg_at_20": 0.5304948777869392,
    "roc_auc_upset": 0.78125
  },
  "test_metrics_model_b": {
    "ndcg": 0.16619710541230373,
    "spearman": 0.5639599555061179,
    "mrr_top2": 0.2,
    "mrr_top4": 0.2,
    "ndcg10": 0.16619710541230373,
    "ndcg_at_4": 0.04029517653159447,
    "ndcg_at_12": 0.21146396704866646,
    "ndcg_at_16": 0.2328139034878668,
    "ndcg_at_20": 0.23281579103207736,
    "roc_auc_upset": 0.7777777777777778
  },
  "test_metrics_model_c": {
    "ndcg": 0.05124995751403931,
    "spearman": 0.307230255839822,
    "mrr_top2": 0.0625,
    "mrr_top4": 0.2,
    "ndcg10": 0.05124995751403931,
    "ndcg_at_4": 0.00711064040423231,
    "ndcg_at_12": 0.056899138174850025,
    "ndcg_at_16": 0.1769467286075223,
    "ndcg_at_20": 0.17934460063934335,
    "roc_auc_upset": 0.8214285714285714
  },
  "test_metrics_by_conference": {
    "E": {
      "ndcg": 0.2509381698363965,
      "spearman": 0.1928571428571428
    },
    "W": {
      "ndcg": 0.7510775020335729,
      "spearman": 0.6285714285714286
    }
  },
  "notes": {
    "eos_rank_source": "eos_final_rank"
  }
}