{
  "test_metrics_ensemble": {
    "ndcg": 0.5690133953733139,
    "spearman": 0.4042269187986652,
    "mrr_top2": 1.0,
    "mrr_top4": 1.0,
    "ndcg10": 0.5690133953733139,
    "ndcg_at_4": 0.35315119534797357,
    "ndcg_at_12": 0.6141690931945407,
    "ndcg_at_16": 0.6154561028474244,
    "ndcg_at_20": 0.6160507668129186,
    "roc_auc_upset": 0.7918552036199096,
    "rank_mae_pred_vs_playoff_final_results": 7.666666507720947,
    "rank_rmse_pred_vs_playoff_final_results": 9.448103904724121,
    "rank_mae_eos_standings_vs_playoff_final_results": 3.7333333333333334,
    "rank_rmse_eos_standings_vs_playoff_final_results": 6.093712606722878,
    "playoff_metrics": {
      "spearman_pred_vs_playoff_final_results": 0.4616240266963292,
      "ndcg_at_4_final_four": 0.35315119534797357,
      "ndcg10_pred_vs_playoff_final_results": 0.5690186446726005,
      "brier_championship_odds": 0.03222232684493065,
      "rank_mae_pred_vs_playoff_final_results": 7.666666507720947,
      "rank_rmse_pred_vs_playoff_final_results": 9.448103904724121,
      "rank_mae_eos_standings_vs_playoff_final_results": 3.7333333333333334,
      "rank_rmse_eos_standings_vs_playoff_final_results": 6.093712606722878
    }
  },
  "test_metrics_model_a": {
    "ndcg": 0.5690133953733139,
    "spearman": 0.4042269187986652,
    "mrr_top2": 1.0,
    "mrr_top4": 1.0,
    "ndcg10": 0.5690133953733139,
    "ndcg_at_4": 0.35315119534797357,
    "ndcg_at_12": 0.6141690931945407,
    "ndcg_at_16": 0.6154561028474244,
    "ndcg_at_20": 0.6160507668129186,
    "roc_auc_upset": 0.7918552036199096
  },
  "test_metrics_model_b": {
    "ndcg": 0.8062814887710054,
    "spearman": 0.43448275862068964,
    "mrr_top2": 1.0,
    "mrr_top4": 1.0,
    "ndcg10": 0.8062814887710054,
    "ndcg_at_4": 0.7116242168324007,
    "ndcg_at_12": 0.8060919912125258,
    "ndcg_at_16": 0.8467103594221351,
    "ndcg_at_20": 0.8514083098361918,
    "roc_auc_upset": 0.7366071428571429
  },
  "test_metrics_model_c": {
    "ndcg": 0.3335099094849099,
    "spearman": 0.23559510567296996,
    "mrr_top2": 0.16666666666666666,
    "mrr_top4": 0.16666666666666666,
    "ndcg10": 0.3335099094849099,
    "ndcg_at_4": 0.0011069724610271625,
    "ndcg_at_12": 0.3389081203242068,
    "ndcg_at_16": 0.3596647393089661,
    "ndcg_at_20": 0.3700007332224158,
    "roc_auc_upset": 0.7633928571428571
  },
  "test_metrics_by_conference": {
    "E": {
      "ndcg": 0.4082984176139838,
      "spearman": 0.28928571428571426
    },
    "W": {
      "ndcg": 0.9193500683938988,
      "spearman": 0.5142857142857142
    }
  },
  "notes": {
    "eos_rank_source": "eos_final_rank"
  }
}