{
  "test_metrics_ensemble": {
    "ndcg": 0.48632505539132825,
    "spearman": 0.4896551724137932,
    "mrr_top2": 0.5,
    "mrr_top4": 0.5,
    "ndcg10": 0.48632505539132825,
    "ndcg_at_4": 0.4644132116806,
    "ndcg_at_12": 0.48621943343909346,
    "ndcg_at_16": 0.5277474451645464,
    "ndcg_at_20": 0.5313557592425963,
    "roc_auc_upset": 0.8,
    "rank_mae_pred_vs_playoff_final_results": 6.866666793823242,
    "rank_rmse_pred_vs_playoff_final_results": 8.744522094726562,
    "rank_mae_eos_standings_vs_playoff_final_results": 3.1333333333333333,
    "rank_rmse_eos_standings_vs_playoff_final_results": 4.449719092257398,
    "playoff_metrics": {
      "spearman_pred_vs_playoff_final_results": 0.49855394883203563,
      "ndcg_at_4_final_four": 0.4644132116806,
      "ndcg10_pred_vs_playoff_final_results": 0.4863160809246529,
      "brier_championship_odds": 0.03222232684493065,
      "rank_mae_pred_vs_playoff_final_results": 6.866666793823242,
      "rank_rmse_pred_vs_playoff_final_results": 8.744522094726562,
      "rank_mae_eos_standings_vs_playoff_final_results": 3.1333333333333333,
      "rank_rmse_eos_standings_vs_playoff_final_results": 4.449719092257398
    }
  },
  "test_metrics_model_a": {
    "ndcg": 0.48632505539132825,
    "spearman": 0.48075639599555064,
    "mrr_top2": 0.5,
    "mrr_top4": 0.5,
    "ndcg10": 0.48632505539132825,
    "ndcg_at_4": 0.4644132116806,
    "ndcg_at_12": 0.48621943343909346,
    "ndcg_at_16": 0.5277474451645464,
    "ndcg_at_20": 0.5313557592425963,
    "roc_auc_upset": 0.8
  },
  "test_metrics_model_b": {
    "ndcg": 0.21633419895461262,
    "spearman": 0.628921023359288,
    "mrr_top2": 0.2,
    "mrr_top4": 0.2,
    "ndcg10": 0.21633419895461262,
    "ndcg_at_4": 0.04166423104576856,
    "ndcg_at_12": 0.23826469312403326,
    "ndcg_at_16": 0.4045900488277988,
    "ndcg_at_20": 0.40458894647693694,
    "roc_auc_upset": 0.7782805429864253
  },
  "test_metrics_model_c": {
    "ndcg": 0.05124995751403931,
    "spearman": 0.30189098998887653,
    "mrr_top2": 0.0625,
    "mrr_top4": 0.2,
    "ndcg10": 0.05124995751403931,
    "ndcg_at_4": 0.00711064040423231,
    "ndcg_at_12": 0.056899138174850025,
    "ndcg_at_16": 0.1769467286075223,
    "ndcg_at_20": 0.17934445367388585,
    "roc_auc_upset": 0.8258928571428571
  },
  "test_metrics_by_conference": {
    "E": {
      "ndcg": 0.2656002825589445,
      "spearman": 0.3178571428571428
    },
    "W": {
      "ndcg": 0.7728975634578972,
      "spearman": 0.6714285714285713
    }
  },
  "notes": {
    "eos_rank_source": "eos_final_rank"
  }
}