{
  "notes": {
    "eval_on": "test",
    "eos_rank_source": "eos_final_rank",
    "upset_definition": "sleeper = EOS_global_rank > predicted_strength",
    "mrr_top2": "1/rank of first team in top 2 (champion+runner-up) in predicted order.",
    "mrr_top4": "1/rank of first team in top 4 (conference finals) in predicted order.",
    "per_conference_relevance": "Within E/W: actual rank derived from EOS_global_rank (1=best in conf); NDCG/Spearman use this relevance.",
    "playoff_metrics": "Spearman (pred global vs playoff_final_results), NDCG@4 (final four), Brier (champion vs odds). rank_mae/rank_rmse: pred vs playoff_final_results; eos_standings vs playoff_final_results (baseline)."
  },
  "split_info": {
    "train_frac": 0.75,
    "n_train_dates": 141,
    "n_test_dates": 36,
    "split_mode": "seasons"
  },
  "test_metrics_ensemble": {
    "ndcg": 0.48225192507421843,
    "spearman": 0.4647385984427141,
    "mrr_top2": 0.5,
    "mrr_top4": 0.5,
    "ndcg10": 0.48225192507421843,
    "ndcg_at_4": 0.4644132116806,
    "ndcg_at_12": 0.5263653183081103,
    "ndcg_at_16": 0.5263471655354908,
    "ndcg_at_20": 0.5299509772137407,
    "roc_auc_upset": 0.7723214285714286,
    "rank_mae_pred_vs_playoff_final_results": 7.066666603088379,
    "rank_rmse_pred_vs_playoff_final_results": 8.955445289611816,
    "rank_mae_eos_standings_vs_playoff_final_results": 3.1333333333333333,
    "rank_rmse_eos_standings_vs_playoff_final_results": 4.449719092257398,
    "playoff_metrics": {
      "spearman_pred_vs_playoff_final_results": 0.46918798665183536,
      "ndcg_at_4_final_four": 0.4644132116806,
      "ndcg10_pred_vs_playoff_final_results": 0.4822398605439903,
      "brier_championship_odds": 0.03222232684493065,
      "rank_mae_pred_vs_playoff_final_results": 7.066666603088379,
      "rank_rmse_pred_vs_playoff_final_results": 8.955445289611816,
      "rank_mae_eos_standings_vs_playoff_final_results": 3.1333333333333333,
      "rank_rmse_eos_standings_vs_playoff_final_results": 4.449719092257398
    }
  },
  "test_metrics_model_a": {
    "ndcg": 0.48189477344080195,
    "spearman": 0.46206896551724136,
    "mrr_top2": 0.5,
    "mrr_top4": 0.5,
    "ndcg10": 0.48189477344080195,
    "ndcg_at_4": 0.4644132116806,
    "ndcg_at_12": 0.5260082604867051,
    "ndcg_at_16": 0.5259901351025495,
    "ndcg_at_20": 0.5295939483510984,
    "roc_auc_upset": 0.7767857142857142
  },
  "test_metrics_model_b": {
    "ndcg": 0.19904365932022547,
    "spearman": 0.6542825361512792,
    "mrr_top2": 0.14285714285714285,
    "mrr_top4": 0.14285714285714285,
    "ndcg10": 0.19904365932022547,
    "ndcg_at_4": 0.04166423104576856,
    "ndcg_at_12": 0.3746244953841397,
    "ndcg_at_16": 0.39542988034308885,
    "ndcg_at_20": 0.3954284309797705,
    "roc_auc_upset": 0.7678571428571429
  },
  "test_metrics_model_c": {
    "ndcg": 0.05124995751403931,
    "spearman": 0.30189098998887653,
    "mrr_top2": 0.0625,
    "mrr_top4": 0.2,
    "ndcg10": 0.05124995751403931,
    "ndcg_at_4": 0.00711064040423231,
    "ndcg_at_12": 0.056899138174850025,
    "ndcg_at_16": 0.1769467286075223,
    "ndcg_at_20": 0.17934445367388585,
    "roc_auc_upset": 0.8258928571428571
  },
  "test_metrics_by_conference": {
    "E": {
      "ndcg": 0.2549930415845299,
      "spearman": 0.2607142857142857
    },
    "W": {
      "ndcg": 0.7504940786340119,
      "spearman": 0.6392857142857141
    }
  },
  "by_season": {
    "2023-24": {
      "test_metrics_ensemble": {
        "ndcg": 0.5489227567395806,
        "spearman": 0.4513904338153503,
        "mrr_top2": 1.0,
        "mrr_top4": 1.0,
        "ndcg10": 0.5489227567395806,
        "ndcg_at_4": 0.35315119534797357,
        "ndcg_at_12": 0.594079713814139,
        "ndcg_at_16": 0.5953720697314896,
        "ndcg_at_20": 0.5962693792975076,
        "roc_auc_upset": 0.7647058823529411,
        "rank_mae_pred_vs_playoff_final_results": 7.133333206176758,
        "rank_rmse_pred_vs_playoff_final_results": 9.066421508789062,
        "rank_mae_eos_standings_vs_playoff_final_results": 3.7333333333333334,
        "rank_rmse_eos_standings_vs_playoff_final_results": 6.093712606722878,
        "playoff_metrics": {
          "spearman_pred_vs_playoff_final_results": 0.4972191323692992,
          "ndcg_at_4_final_four": 0.35315119534797357,
          "ndcg10_pred_vs_playoff_final_results": 0.5489277688081619,
          "brier_championship_odds": 0.03222232684493065,
          "rank_mae_pred_vs_playoff_final_results": 7.133333206176758,
          "rank_rmse_pred_vs_playoff_final_results": 9.066421508789062,
          "rank_mae_eos_standings_vs_playoff_final_results": 3.7333333333333334,
          "rank_rmse_eos_standings_vs_playoff_final_results": 6.093712606722878
        }
      },
      "test_metrics_model_a": {
        "ndcg": 0.5489227567395806,
        "spearman": 0.4411568409343715,
        "mrr_top2": 1.0,
        "mrr_top4": 1.0,
        "ndcg10": 0.5489227567395806,
        "ndcg_at_4": 0.35315119534797357,
        "ndcg_at_12": 0.594079713814139,
        "ndcg_at_16": 0.5953720697314896,
        "ndcg_at_20": 0.596260353641492,
        "roc_auc_upset": 0.7737556561085972
      },
      "test_metrics_model_b": {
        "ndcg": 0.8016865597842008,
        "spearman": 0.43804226918798667,
        "mrr_top2": 1.0,
        "mrr_top4": 1.0,
        "ndcg10": 0.8016865597842008,
        "ndcg_at_4": 0.6907114070725182,
        "ndcg_at_12": 0.8015001763761989,
        "ndcg_at_16": 0.8015206874485308,
        "ndcg_at_20": 0.8439584023268603,
        "roc_auc_upset": 0.7692307692307693
      },
      "test_metrics_model_c": {
        "ndcg": 0.333487026575135,
        "spearman": 0.23159065628476083,
        "mrr_top2": 0.16666666666666666,
        "mrr_top4": 0.16666666666666666,
        "ndcg10": 0.333487026575135,
        "ndcg_at_4": 0.0011069724610271625,
        "ndcg_at_12": 0.33890731926775686,
        "ndcg_at_16": 0.35966393831396193,
        "ndcg_at_20": 0.3699999322309346,
        "roc_auc_upset": 0.7633928571428571
      },
      "test_metrics_by_conference": {
        "E": {
          "ndcg": 0.38520906425700524,
          "spearman": 0.2714285714285714
        },
        "W": {
          "ndcg": 0.931078638698556,
          "spearman": 0.6142857142857142
        }
      },
      "notes": {
        "eos_rank_source": "eos_final_rank"
      }
    },
    "2024-25": {
      "test_metrics_ensemble": {
        "ndcg": 0.48225192507421843,
        "spearman": 0.4647385984427141,
        "mrr_top2": 0.5,
        "mrr_top4": 0.5,
        "ndcg10": 0.48225192507421843,
        "ndcg_at_4": 0.4644132116806,
        "ndcg_at_12": 0.5263653183081103,
        "ndcg_at_16": 0.5263471655354908,
        "ndcg_at_20": 0.5299509772137407,
        "roc_auc_upset": 0.7723214285714286,
        "rank_mae_pred_vs_playoff_final_results": 7.066666603088379,
        "rank_rmse_pred_vs_playoff_final_results": 8.955445289611816,
        "rank_mae_eos_standings_vs_playoff_final_results": 3.1333333333333333,
        "rank_rmse_eos_standings_vs_playoff_final_results": 4.449719092257398,
        "playoff_metrics": {
          "spearman_pred_vs_playoff_final_results": 0.46918798665183536,
          "ndcg_at_4_final_four": 0.4644132116806,
          "ndcg10_pred_vs_playoff_final_results": 0.4822398605439903,
          "brier_championship_odds": 0.03222232684493065,
          "rank_mae_pred_vs_playoff_final_results": 7.066666603088379,
          "rank_rmse_pred_vs_playoff_final_results": 8.955445289611816,
          "rank_mae_eos_standings_vs_playoff_final_results": 3.1333333333333333,
          "rank_rmse_eos_standings_vs_playoff_final_results": 4.449719092257398
        }
      },
      "test_metrics_model_a": {
        "ndcg": 0.48189477344080195,
        "spearman": 0.46206896551724136,
        "mrr_top2": 0.5,
        "mrr_top4": 0.5,
        "ndcg10": 0.48189477344080195,
        "ndcg_at_4": 0.4644132116806,
        "ndcg_at_12": 0.5260082604867051,