{
  "notes": {
    "eval_on": "test",
    "eos_rank_source": "eos_final_rank",
    "upset_definition": "sleeper = EOS_global_rank > predicted_strength",
    "mrr_top2": "1/rank of first team in top 2 (champion+runner-up) in predicted order.",
    "mrr_top4": "1/rank of first team in top 4 (conference finals) in predicted order.",
    "per_conference_relevance": "Within E/W: actual rank derived from EOS_global_rank (1=best in conf); NDCG/Spearman use this relevance.",
    "playoff_metrics": "Spearman (pred global vs playoff_final_results), NDCG@4 (final four), Brier (champion vs odds). rank_mae/rank_rmse: pred vs playoff_final_results; eos_standings vs playoff_final_results (baseline)."
  },
  "split_info": {
    "train_frac": 0.75,
    "n_train_dates": 141,
    "n_test_dates": 36,
    "split_mode": "seasons"
  },
  "test_metrics_ensemble": {
    "ndcg": 0.4822977782808895,
    "spearman": 0.43359288097886545,
    "mrr_top2": 0.5,
    "mrr_top4": 0.5,
    "ndcg10": 0.4822977782808895,
    "ndcg_at_4": 0.4642838088219973,
    "ndcg_at_12": 0.5260579459868796,
    "ndcg_at_16": 0.5263424841027584,
    "ndcg_at_20": 0.5275574002305476,
    "roc_auc_upset": 0.7777777777777777,
    "rank_mae_pred_vs_playoff_final_results": 7.4666666984558105,
    "rank_rmse_pred_vs_playoff_final_results": 9.212310791015625,
    "rank_mae_eos_standings_vs_playoff_final_results": 3.1333333333333333,
    "rank_rmse_eos_standings_vs_playoff_final_results": 4.449719092257398,
    "spearman_standings": -0.46785317018909905,
    "ndcg10_standings": 0.4875154324373213,
    "ndcg_at_4_standings": 0.4458920834630934,
    "ndcg_at_16_standings": 0.5009582950844766,
    "rank_rmse_standings": 8.929351806640625,
    "playoff_metrics": {
      "spearman_pred_vs_playoff_final_results": 0.45850945494994433,
      "ndcg_at_4_final_four": 0.4642838088219973,
      "ndcg10_pred_vs_playoff_final_results": 0.4822873204238982,
      "brier_championship_odds": 0.030076472088694572,
      "rank_mae_pred_vs_playoff_final_results": 7.4666666984558105,
      "rank_rmse_pred_vs_playoff_final_results": 9.212310791015625,
      "rank_mae_eos_standings_vs_playoff_final_results": 3.1333333333333333,
      "rank_rmse_eos_standings_vs_playoff_final_results": 4.449719092257398
    }
  },
  "test_metrics_model_a": {
    "ndcg": 0.4822977782808895,
    "spearman": 0.43359288097886545,
    "mrr_top2": 0.5,
    "mrr_top4": 0.5,
    "ndcg10": 0.4822977782808895,
    "ndcg_at_4": 0.4642838088219973,
    "ndcg_at_12": 0.5260579459868796,
    "ndcg_at_16": 0.5263424841027584,
    "ndcg_at_20": 0.5275574002305476,
    "roc_auc_upset": 0.7777777777777777
  },
  "test_metrics_model_b": {
    "ndcg": 0.4376962231760793,
    "spearman": 0.6062291434927697,
    "mrr_top2": 0.2,
    "mrr_top4": 0.2,
    "ndcg10": 0.4376962231760793,
    "ndcg_at_4": 0.047452952934463374,
    "ndcg_at_12": 0.43762445760123064,
    "ndcg_at_16": 0.4595511069090464,
    "ndcg_at_20": 0.45954919583553044,
    "roc_auc_upset": 0.7285067873303168
  },
  "test_metrics_model_c": {
    "ndcg": 0.05139534647930671,
    "spearman": 0.3125695216907675,
    "mrr_top2": 0.07142857142857142,
    "mrr_top4": 0.2,
    "ndcg10": 0.05139534647930671,
    "ndcg_at_4": 0.0072603807417201014,
    "ndcg_at_12": 0.05704448895120833,
    "ndcg_at_16": 0.17989573678693135,
    "ndcg_at_20": 0.18229344888290439,
    "roc_auc_upset": 0.8214285714285714
  },
  "test_metrics_by_conference": {
    "E": {
      "ndcg": 0.23948478007978813,
      "spearman": 0.30357142857142855
    },
    "W": {
      "ndcg": 0.7491563943572732,
      "spearman": 0.5357142857142856
    }
  },
  "by_season": {
    "2023-24": {
      "test_metrics_ensemble": {
        "ndcg": 0.5587098195600605,
        "spearman": 0.28987764182424913,
        "mrr_top2": 1.0,
        "mrr_top4": 1.0,
        "ndcg10": 0.5587098195600605,
        "ndcg_at_4": 0.35315119534797357,
        "ndcg_at_12": 0.6038682237924607,
        "ndcg_at_16": 0.6038256875352604,
        "ndcg_at_20": 0.6038230622353327,
        "roc_auc_upset": 0.8733031674208144,
        "rank_mae_pred_vs_playoff_final_results": 8.466666221618652,
        "rank_rmse_pred_vs_playoff_final_results": 10.315037727355957,
        "rank_mae_eos_standings_vs_playoff_final_results": 3.7333333333333334,
        "rank_rmse_eos_standings_vs_playoff_final_results": 6.093712606722878,
        "spearman_standings": -0.432258064516129,
        "ndcg10_standings": 0.41786690933715087,
        "ndcg_at_4_standings": 0.16635214014080835,
        "ndcg_at_16_standings": 0.44161704463320733,
        "rank_rmse_standings": 9.223158836364746,
        "playoff_metrics": {
          "spearman_pred_vs_playoff_final_results": 0.36240266963292544,
          "ndcg_at_4_final_four": 0.35315119534797357,
          "ndcg10_pred_vs_playoff_final_results": 0.5587151258291556,
          "brier_championship_odds": 0.03167646750807762,
          "rank_mae_pred_vs_playoff_final_results": 8.466666221618652,
          "rank_rmse_pred_vs_playoff_final_results": 10.315037727355957,
          "rank_mae_eos_standings_vs_playoff_final_results": 3.7333333333333334,
          "rank_rmse_eos_standings_vs_playoff_final_results": 6.093712606722878
        }
      },
      "test_metrics_model_a": {
        "ndcg": 0.5587098195600605,
        "spearman": 0.28898776418242494,
        "mrr_top2": 1.0,
        "mrr_top4": 1.0,
        "ndcg10": 0.5587098195600605,
        "ndcg_at_4": 0.35315119534797357,
        "ndcg_at_12": 0.6038642058944553,
        "ndcg_at_16": 0.6038255747164026,
        "ndcg_at_20": 0.603822949416971,
        "roc_auc_upset": 0.8733031674208144
      },
      "test_metrics_model_b": {
        "ndcg": 0.7076064772277197,
        "spearman": 0.3343715239154616,
        "mrr_top2": 1.0,
        "mrr_top4": 1.0,
        "ndcg10": 0.7076064772277197,
        "ndcg_at_4": 0.7261751187226982,
        "ndcg_at_12": 0.7951929439280361,
        "ndcg_at_16": 0.8002119824751833,
        "ndcg_at_20": 0.8002859264462563,
        "roc_auc_upset": 0.7991071428571428
      },
      "test_metrics_model_c": {
        "ndcg": 0.33348743391404295,
        "spearman": 0.23337041156840932,
        "mrr_top2": 0.16666666666666666,
        "mrr_top4": 0.16666666666666666,
        "ndcg10": 0.33348743391404295,
        "ndcg_at_4": 0.001111095381373398,
        "ndcg_at_12": 0.3389077264996702,
        "ndcg_at_16": 0.3596643455146382,
        "ndcg_at_20": 0.37000033942981986,
        "roc_auc_upset": 0.7633928571428571
      },
      "test_metrics_by_conference": {
        "E": {
          "ndcg": 0.3687692755875614,
          "spearman": 0.09999999999999999
        },
        "W": {
          "ndcg": 0.9121724366541113,
          "spearman": 0.4357142857142856
        }
      },
      "notes": {
        "eos_rank_source": "eos_final_rank"
      }
    },
    "2024-25": {
      "test_metrics_ensemble": {
        "ndcg": 0.4822977782808895,
        "spearman": 0.43359288097886545,
        "mrr_top2": 0.5,
        "mrr_top4": 0.5,
        "ndcg10": 0.4822977782808895,
        "ndcg_at_4": 0.4642838088219973,
        "ndcg_at_12": 0.5260579459868796,
        "ndcg_at_16": 0.5263424841027584,
        "ndcg_at_20": 0.5275574002305476,
        "roc_auc_upset": 0.7777777777777777,
        "rank_mae_pred_vs_playoff_final_results": 7.4666666984558105,
        "rank_rmse_pred_vs_playoff_final_results": 9.212310791015625,
        "rank_mae_eos_standings_vs_playoff_final_results": 3.1333333333333333,
        "rank_rmse_eos_standings_vs_playoff_final_results": 4.449719092257398,
        "spearman_standings": -0.46785317018909905,
        "ndcg10_standings": 0.4875154324373213,
        "ndcg_at_4_standings": 0.4458920834630934,
        "ndcg_at_16_standings": 0.5009582950844766,
        "rank_rmse_standings": 8.929351806640625,
        "playoff_metrics": {
          "spearman_pred_vs_playoff_final_results": 0.45850945494994433,
          "ndcg_at_4_final_four": 0.4642838088219973,