{
  "test_metrics_ensemble": {
    "ndcg": 0.5587098195600605,
    "spearman": 0.28987764182424913,
    "mrr_top2": 1.0,
    "mrr_top4": 1.0,
    "ndcg10": 0.5587098195600605,
    "ndcg_at_4": 0.35315119534797357,
    "ndcg_at_12": 0.6038682237924607,
    "ndcg_at_16": 0.6038256875352604,
    "ndcg_at_20": 0.6038230622353327,
    "roc_auc_upset": 0.8733031674208144,
    "rank_mae_pred_vs_playoff_final_results": 8.466666221618652,
    "rank_rmse_pred_vs_playoff_final_results": 10.315037727355957,
    "rank_mae_eos_standings_vs_playoff_final_results": 3.7333333333333334,
    "rank_rmse_eos_standings_vs_playoff_final_results": 6.093712606722878,
    "spearman_standings": -0.432258064516129,
    "ndcg10_standings": 0.41786690933715087,
    "ndcg_at_4_standings": 0.16635214014080835,
    "ndcg_at_16_standings": 0.44161704463320733,
    "rank_rmse_standings": 9.223158836364746,
    "playoff_metrics": {
      "spearman_pred_vs_playoff_final_results": 0.36240266963292544,
      "ndcg_at_4_final_four": 0.35315119534797357,
      "ndcg10_pred_vs_playoff_final_results": 0.5587151258291556,
      "brier_championship_odds": 0.03167646750807762,
      "rank_mae_pred_vs_playoff_final_results": 8.466666221618652,
      "rank_rmse_pred_vs_playoff_final_results": 10.315037727355957,
      "rank_mae_eos_standings_vs_playoff_final_results": 3.7333333333333334,
      "rank_rmse_eos_standings_vs_playoff_final_results": 6.093712606722878
    }
  },
  "test_metrics_model_a": {
    "ndcg": 0.5587098195600605,
    "spearman": 0.28898776418242494,
    "mrr_top2": 1.0,
    "mrr_top4": 1.0,
    "ndcg10": 0.5587098195600605,
    "ndcg_at_4": 0.35315119534797357,
    "ndcg_at_12": 0.6038642058944553,
    "ndcg_at_16": 0.6038255747164026,
    "ndcg_at_20": 0.603822949416971,
    "roc_auc_upset": 0.8733031674208144
  },
  "test_metrics_model_b": {
    "ndcg": 0.7076064772277197,
    "spearman": 0.3343715239154616,
    "mrr_top2": 1.0,
    "mrr_top4": 1.0,
    "ndcg10": 0.7076064772277197,
    "ndcg_at_4": 0.7261751187226982,
    "ndcg_at_12": 0.7951929439280361,
    "ndcg_at_16": 0.8002119824751833,
    "ndcg_at_20": 0.8002859264462563,
    "roc_auc_upset": 0.7991071428571428
  },
  "test_metrics_model_c": {
    "ndcg": 0.33348743391404295,
    "spearman": 0.23337041156840932,
    "mrr_top2": 0.16666666666666666,
    "mrr_top4": 0.16666666666666666,
    "ndcg10": 0.33348743391404295,
    "ndcg_at_4": 0.001111095381373398,
    "ndcg_at_12": 0.3389077264996702,
    "ndcg_at_16": 0.3596643455146382,
    "ndcg_at_20": 0.37000033942981986,
    "roc_auc_upset": 0.7633928571428571
  },
  "test_metrics_by_conference": {
    "E": {
      "ndcg": 0.3687692755875614,
      "spearman": 0.09999999999999999
    },
    "W": {
      "ndcg": 0.9121724366541113,
      "spearman": 0.4357142857142856
    }
  },
  "notes": {
    "eos_rank_source": "eos_final_rank"
  }
}