{
  "test_metrics_ensemble": {
    "ndcg": 0.4822977782808895,
    "spearman": 0.43359288097886545,
    "mrr_top2": 0.5,
    "mrr_top4": 0.5,
    "ndcg10": 0.4822977782808895,
    "ndcg_at_4": 0.4642838088219973,
    "ndcg_at_12": 0.5260579459868796,
    "ndcg_at_16": 0.5263424841027584,
    "ndcg_at_20": 0.5275574002305476,
    "roc_auc_upset": 0.7777777777777777,
    "rank_mae_pred_vs_playoff_final_results": 7.4666666984558105,
    "rank_rmse_pred_vs_playoff_final_results": 9.212310791015625,
    "rank_mae_eos_standings_vs_playoff_final_results": 3.1333333333333333,
    "rank_rmse_eos_standings_vs_playoff_final_results": 4.449719092257398,
    "spearman_standings": -0.46785317018909905,
    "ndcg10_standings": 0.4875154324373213,
    "ndcg_at_4_standings": 0.4458920834630934,
    "ndcg_at_16_standings": 0.5009582950844766,
    "rank_rmse_standings": 8.929351806640625,
    "playoff_metrics": {
      "spearman_pred_vs_playoff_final_results": 0.45850945494994433,
      "ndcg_at_4_final_four": 0.4642838088219973,
      "ndcg10_pred_vs_playoff_final_results": 0.4822873204238982,
      "brier_championship_odds": 0.030076472088694572,
      "rank_mae_pred_vs_playoff_final_results": 7.4666666984558105,
      "rank_rmse_pred_vs_playoff_final_results": 9.212310791015625,
      "rank_mae_eos_standings_vs_playoff_final_results": 3.1333333333333333,
      "rank_rmse_eos_standings_vs_playoff_final_results": 4.449719092257398
    }
  },
  "test_metrics_model_a": {
    "ndcg": 0.4822977782808895,
    "spearman": 0.43359288097886545,
    "mrr_top2": 0.5,
    "mrr_top4": 0.5,
    "ndcg10": 0.4822977782808895,
    "ndcg_at_4": 0.4642838088219973,
    "ndcg_at_12": 0.5260579459868796,
    "ndcg_at_16": 0.5263424841027584,
    "ndcg_at_20": 0.5275574002305476,
    "roc_auc_upset": 0.7777777777777777
  },
  "test_metrics_model_b": {
    "ndcg": 0.4376962231760793,
    "spearman": 0.6062291434927697,
    "mrr_top2": 0.2,
    "mrr_top4": 0.2,
    "ndcg10": 0.4376962231760793,
    "ndcg_at_4": 0.047452952934463374,
    "ndcg_at_12": 0.43762445760123064,
    "ndcg_at_16": 0.4595511069090464,
    "ndcg_at_20": 0.45954919583553044,
    "roc_auc_upset": 0.7285067873303168
  },
  "test_metrics_model_c": {
    "ndcg": 0.05139534647930671,
    "spearman": 0.3125695216907675,
    "mrr_top2": 0.07142857142857142,
    "mrr_top4": 0.2,
    "ndcg10": 0.05139534647930671,
    "ndcg_at_4": 0.0072603807417201014,
    "ndcg_at_12": 0.05704448895120833,
    "ndcg_at_16": 0.17989573678693135,
    "ndcg_at_20": 0.18229344888290439,
    "roc_auc_upset": 0.8214285714285714
  },
  "test_metrics_by_conference": {
    "E": {
      "ndcg": 0.23948478007978813,
      "spearman": 0.30357142857142855
    },
    "W": {
      "ndcg": 0.7491563943572732,
      "spearman": 0.5357142857142856
    }
  },
  "notes": {
    "eos_rank_source": "eos_final_rank"
  }
}