{
  "notes": {
    "eval_on": "test",
    "eos_rank_source": "eos_final_rank",
    "upset_definition": "sleeper = EOS_global_rank > predicted_strength",
    "mrr_top2": "1/rank of first team in top 2 (champion+runner-up) in predicted order.",
    "mrr_top4": "1/rank of first team in top 4 (conference finals) in predicted order.",
    "per_conference_relevance": "Within E/W: actual rank derived from EOS_global_rank (1=best in conf); NDCG/Spearman use this relevance.",
    "playoff_metrics": "Spearman (pred global vs playoff_final_results), NDCG@4 (final four), Brier (champion vs odds). rank_mae/rank_rmse: pred vs playoff_final_results; eos_standings vs playoff_final_results (baseline)."
  },
  "split_info": {
    "train_frac": 0.75,
    "n_train_dates": 141,
    "n_test_dates": 36,
    "split_mode": "seasons"
  },
  "test_metrics_ensemble": {
    "ndcg": 0.4576021627610721,
    "spearman": 0.4700778642936596,
    "mrr_top2": 0.5,
    "mrr_top4": 0.5,
    "ndcg10": 0.4576021627610721,
    "ndcg_at_4": 0.46449490234372454,
    "ndcg_at_12": 0.5240180270237814,
    "ndcg_at_16": 0.5252415456818177,
    "ndcg_at_20": 0.527587545892555,
    "roc_auc_upset": 0.7678571428571428,
    "rank_mae_pred_vs_playoff_final_results": 7.133333206176758,
    "rank_rmse_pred_vs_playoff_final_results": 8.910667419433594,
    "rank_mae_eos_standings_vs_playoff_final_results": 3.1333333333333333,
    "rank_rmse_eos_standings_vs_playoff_final_results": 4.449719092257398,
    "playoff_metrics": {
      "spearman_pred_vs_playoff_final_results": 0.4558398220244716,
      "ndcg_at_4_final_four": 0.46449490234372454,
      "ndcg10_pred_vs_playoff_final_results": 0.4575922197982523,
      "brier_championship_odds": 0.03222232684493065,
      "rank_mae_pred_vs_playoff_final_results": 7.133333206176758,
      "rank_rmse_pred_vs_playoff_final_results": 8.910667419433594,
      "rank_mae_eos_standings_vs_playoff_final_results": 3.1333333333333333,
      "rank_rmse_eos_standings_vs_playoff_final_results": 4.449719092257398
    }
  },
  "test_metrics_model_a": {
    "ndcg": 0.4573372708587704,
    "spearman": 0.4451612903225806,
    "mrr_top2": 0.5,
    "mrr_top4": 0.5,
    "ndcg10": 0.4573372708587704,
    "ndcg_at_4": 0.46449490234372454,
    "ndcg_at_12": 0.523753204699888,
    "ndcg_at_16": 0.5237352522919577,
    "ndcg_at_20": 0.5272981940990441,
    "roc_auc_upset": 0.78125
  },
  "test_metrics_model_b": {
    "ndcg": 0.17782844531904698,
    "spearman": 0.6102335928809789,
    "mrr_top2": 0.25,
    "mrr_top4": 0.25,
    "ndcg10": 0.17782844531904698,
    "ndcg_at_4": 0.16775742802418675,
    "ndcg_at_12": 0.22308154000532773,
    "ndcg_at_16": 0.4023575025199249,
    "ndcg_at_20": 0.4023986303359198,
    "roc_auc_upset": 0.7366071428571429
  },
  "test_metrics_model_c": {
    "ndcg": 0.05124995751403931,
    "spearman": 0.30233592880978866,
    "mrr_top2": 0.06666666666666667,
    "mrr_top4": 0.2,
    "ndcg10": 0.05124995751403931,
    "ndcg_at_4": 0.00711064040423231,
    "ndcg_at_12": 0.056899138174850025,
    "ndcg_at_16": 0.17781540372208415,
    "ndcg_at_20": 0.18021312496782235,
    "roc_auc_upset": 0.8258928571428571
  },
  "test_metrics_by_conference": {
    "E": {
      "ndcg": 0.25857054067368296,
      "spearman": 0.1964285714285714
    },
    "W": {
      "ndcg": 0.7292320651604584,
      "spearman": 0.6928571428571427
    }
  },
  "by_season": {
    "2023-24": {
      "test_metrics_ensemble": {
        "ndcg": 0.5413781700408832,
        "spearman": 0.40111234705228027,
        "mrr_top2": 1.0,
        "mrr_top4": 1.0,
        "ndcg10": 0.5413781700408832,
        "ndcg_at_4": 0.35315119534797357,
        "ndcg_at_12": 0.585127657808018,
        "ndcg_at_16": 0.5863830286931756,
        "ndcg_at_20": 0.5869869374430812,
        "roc_auc_upset": 0.7232142857142857,
        "rank_mae_pred_vs_playoff_final_results": 7.266666889190674,
        "rank_rmse_pred_vs_playoff_final_results": 9.47276782989502,
        "rank_mae_eos_standings_vs_playoff_final_results": 3.7333333333333334,
        "rank_rmse_eos_standings_vs_playoff_final_results": 6.093712606722878,
        "playoff_metrics": {
          "spearman_pred_vs_playoff_final_results": 0.41935483870967744,
          "ndcg_at_4_final_four": 0.35315119534797357,
          "ndcg10_pred_vs_playoff_final_results": 0.5413837055372918,
          "brier_championship_odds": 0.03222232684493065,
          "rank_mae_pred_vs_playoff_final_results": 7.266666889190674,
          "rank_rmse_pred_vs_playoff_final_results": 9.47276782989502,
          "rank_mae_eos_standings_vs_playoff_final_results": 3.7333333333333334,
          "rank_rmse_eos_standings_vs_playoff_final_results": 6.093712606722878
        }
      },
      "test_metrics_model_a": {
        "ndcg": 0.5413804598624418,
        "spearman": 0.4082313681868743,
        "mrr_top2": 1.0,
        "mrr_top4": 1.0,
        "ndcg10": 0.5413804598624418,
        "ndcg_at_4": 0.35315119534797357,
        "ndcg_at_12": 0.5851299470281157,
        "ndcg_at_16": 0.5863853177376763,
        "ndcg_at_20": 0.5869892264775143,
        "roc_auc_upset": 0.7232142857142857
      },
      "test_metrics_model_b": {
        "ndcg": 0.8241725267441377,
        "spearman": 0.41579532814238046,
        "mrr_top2": 1.0,
        "mrr_top4": 1.0,
        "ndcg10": 0.8241725267441377,
        "ndcg_at_4": 0.7116242168324007,
        "ndcg_at_12": 0.8239781633502945,
        "ndcg_at_16": 0.8289667664601827,
        "ndcg_at_20": 0.8665401117918683,
        "roc_auc_upset": 0.7647058823529411
      },
      "test_metrics_model_c": {
        "ndcg": 0.333487026575135,
        "spearman": 0.23515016685205786,
        "mrr_top2": 0.16666666666666666,
        "mrr_top4": 0.16666666666666666,
        "ndcg10": 0.333487026575135,
        "ndcg_at_4": 0.0011069724610271625,
        "ndcg_at_12": 0.33890731926775686,
        "ndcg_at_16": 0.35966393831396193,
        "ndcg_at_20": 0.3711507384927367,
        "roc_auc_upset": 0.7633928571428571
      },
      "test_metrics_by_conference": {
        "E": {
          "ndcg": 0.3851402749883562,
          "spearman": 0.30357142857142855
        },
        "W": {
          "ndcg": 0.9140759055859087,
          "spearman": 0.5107142857142856
        }
      },
      "notes": {
        "eos_rank_source": "eos_final_rank"
      }
    },
    "2024-25": {
      "test_metrics_ensemble": {
        "ndcg": 0.4576021627610721,
        "spearman": 0.4700778642936596,
        "mrr_top2": 0.5,
        "mrr_top4": 0.5,
        "ndcg10": 0.4576021627610721,
        "ndcg_at_4": 0.46449490234372454,
        "ndcg_at_12": 0.5240180270237814,
        "ndcg_at_16": 0.5252415456818177,
        "ndcg_at_20": 0.527587545892555,
        "roc_auc_upset": 0.7678571428571428,
        "rank_mae_pred_vs_playoff_final_results": 7.133333206176758,
        "rank_rmse_pred_vs_playoff_final_results": 8.910667419433594,
        "rank_mae_eos_standings_vs_playoff_final_results": 3.1333333333333333,
        "rank_rmse_eos_standings_vs_playoff_final_results": 4.449719092257398,
        "playoff_metrics": {
          "spearman_pred_vs_playoff_final_results": 0.4558398220244716,
          "ndcg_at_4_final_four": 0.46449490234372454,
          "ndcg10_pred_vs_playoff_final_results": 0.4575922197982523,
          "brier_championship_odds": 0.03222232684493065,
          "rank_mae_pred_vs_playoff_final_results": 7.133333206176758,
          "rank_rmse_pred_vs_playoff_final_results": 8.910667419433594,
          "rank_mae_eos_standings_vs_playoff_final_results": 3.1333333333333333,
          "rank_rmse_eos_standings_vs_playoff_final_results": 4.449719092257398
        }
      },
      "test_metrics_model_a": {
        "ndcg": 0.4573372708587704,
        "spearman": 0.4451612903225806,
        "mrr_top2": 0.5,
        "mrr_top4": 0.5,
        "ndcg10": 0.4573372708587704,
        "ndcg_at_4": 0.46449490234372454,
        "ndcg_at_12": 0.523753204699888,
        "ndcg_at_16": 0.5237352522919577,