{
  "test_metrics_ensemble": {
    "ndcg": 0.4576021627610721,
    "spearman": 0.4700778642936596,
    "mrr_top2": 0.5,
    "mrr_top4": 0.5,
    "ndcg10": 0.4576021627610721,
    "ndcg_at_4": 0.46449490234372454,
    "ndcg_at_12": 0.5240180270237814,
    "ndcg_at_16": 0.5252415456818177,
    "ndcg_at_20": 0.527587545892555,
    "roc_auc_upset": 0.7678571428571428,
    "rank_mae_pred_vs_playoff_final_results": 7.133333206176758,
    "rank_rmse_pred_vs_playoff_final_results": 8.910667419433594,
    "rank_mae_eos_standings_vs_playoff_final_results": 3.1333333333333333,
    "rank_rmse_eos_standings_vs_playoff_final_results": 4.449719092257398,
    "playoff_metrics": {
      "spearman_pred_vs_playoff_final_results": 0.4558398220244716,
      "ndcg_at_4_final_four": 0.46449490234372454,
      "ndcg10_pred_vs_playoff_final_results": 0.4575922197982523,
      "brier_championship_odds": 0.03222232684493065,
      "rank_mae_pred_vs_playoff_final_results": 7.133333206176758,
      "rank_rmse_pred_vs_playoff_final_results": 8.910667419433594,
      "rank_mae_eos_standings_vs_playoff_final_results": 3.1333333333333333,
      "rank_rmse_eos_standings_vs_playoff_final_results": 4.449719092257398
    }
  },
  "test_metrics_model_a": {
    "ndcg": 0.4573372708587704,
    "spearman": 0.4451612903225806,
    "mrr_top2": 0.5,
    "mrr_top4": 0.5,
    "ndcg10": 0.4573372708587704,
    "ndcg_at_4": 0.46449490234372454,
    "ndcg_at_12": 0.523753204699888,
    "ndcg_at_16": 0.5237352522919577,
    "ndcg_at_20": 0.5272981940990441,
    "roc_auc_upset": 0.78125
  },
  "test_metrics_model_b": {
    "ndcg": 0.17782844531904698,
    "spearman": 0.6102335928809789,
    "mrr_top2": 0.25,
    "mrr_top4": 0.25,
    "ndcg10": 0.17782844531904698,
    "ndcg_at_4": 0.16775742802418675,
    "ndcg_at_12": 0.22308154000532773,
    "ndcg_at_16": 0.4023575025199249,
    "ndcg_at_20": 0.4023986303359198,
    "roc_auc_upset": 0.7366071428571429
  },
  "test_metrics_model_c": {
    "ndcg": 0.05124995751403931,
    "spearman": 0.30233592880978866,
    "mrr_top2": 0.06666666666666667,
    "mrr_top4": 0.2,
    "ndcg10": 0.05124995751403931,
    "ndcg_at_4": 0.00711064040423231,
    "ndcg_at_12": 0.056899138174850025,
    "ndcg_at_16": 0.17781540372208415,
    "ndcg_at_20": 0.18021312496782235,
    "roc_auc_upset": 0.8258928571428571
  },
  "test_metrics_by_conference": {
    "E": {
      "ndcg": 0.25857054067368296,
      "spearman": 0.1964285714285714
    },
    "W": {
      "ndcg": 0.7292320651604584,
      "spearman": 0.6928571428571427
    }
  },
  "notes": {
    "eos_rank_source": "eos_final_rank"
  }
}