{
  "test_metrics_ensemble": {
    "ndcg": 0.5413781700408832,
    "spearman": 0.40111234705228027,
    "mrr_top2": 1.0,
    "mrr_top4": 1.0,
    "ndcg10": 0.5413781700408832,
    "ndcg_at_4": 0.35315119534797357,
    "ndcg_at_12": 0.585127657808018,
    "ndcg_at_16": 0.5863830286931756,
    "ndcg_at_20": 0.5869869374430812,
    "roc_auc_upset": 0.7232142857142857,
    "rank_mae_pred_vs_playoff_final_results": 7.266666889190674,
    "rank_rmse_pred_vs_playoff_final_results": 9.47276782989502,
    "rank_mae_eos_standings_vs_playoff_final_results": 3.7333333333333334,
    "rank_rmse_eos_standings_vs_playoff_final_results": 6.093712606722878,
    "playoff_metrics": {
      "spearman_pred_vs_playoff_final_results": 0.41935483870967744,
      "ndcg_at_4_final_four": 0.35315119534797357,
      "ndcg10_pred_vs_playoff_final_results": 0.5413837055372918,
      "brier_championship_odds": 0.03222232684493065,
      "rank_mae_pred_vs_playoff_final_results": 7.266666889190674,
      "rank_rmse_pred_vs_playoff_final_results": 9.47276782989502,
      "rank_mae_eos_standings_vs_playoff_final_results": 3.7333333333333334,
      "rank_rmse_eos_standings_vs_playoff_final_results": 6.093712606722878
    }
  },
  "test_metrics_model_a": {
    "ndcg": 0.5413804598624418,
    "spearman": 0.4082313681868743,
    "mrr_top2": 1.0,
    "mrr_top4": 1.0,
    "ndcg10": 0.5413804598624418,
    "ndcg_at_4": 0.35315119534797357,
    "ndcg_at_12": 0.5851299470281157,
    "ndcg_at_16": 0.5863853177376763,
    "ndcg_at_20": 0.5869892264775143,
    "roc_auc_upset": 0.7232142857142857
  },
  "test_metrics_model_b": {
    "ndcg": 0.8241725267441377,
    "spearman": 0.41579532814238046,
    "mrr_top2": 1.0,
    "mrr_top4": 1.0,
    "ndcg10": 0.8241725267441377,
    "ndcg_at_4": 0.7116242168324007,
    "ndcg_at_12": 0.8239781633502945,
    "ndcg_at_16": 0.8289667664601827,
    "ndcg_at_20": 0.8665401117918683,
    "roc_auc_upset": 0.7647058823529411
  },
  "test_metrics_model_c": {
    "ndcg": 0.333487026575135,
    "spearman": 0.23515016685205786,
    "mrr_top2": 0.16666666666666666,
    "mrr_top4": 0.16666666666666666,
    "ndcg10": 0.333487026575135,
    "ndcg_at_4": 0.0011069724610271625,
    "ndcg_at_12": 0.33890731926775686,
    "ndcg_at_16": 0.35966393831396193,
    "ndcg_at_20": 0.3711507384927367,
    "roc_auc_upset": 0.7633928571428571
  },
  "test_metrics_by_conference": {
    "E": {
      "ndcg": 0.3851402749883562,
      "spearman": 0.30357142857142855
    },
    "W": {
      "ndcg": 0.9140759055859087,
      "spearman": 0.5107142857142856
    }
  },
  "notes": {
    "eos_rank_source": "eos_final_rank"
  }
}