{
  "test_metrics_ensemble": {
    "ndcg": 0.4827597111392974,
    "spearman": 0.4972191323692992,
    "mrr_top2": 0.5,
    "mrr_top4": 0.5,
    "ndcg10": 0.4827597111392974,
    "ndcg_at_4": 0.4642838088219973,
    "ndcg_at_12": 0.4826335969267821,
    "ndcg_at_16": 0.5255643985570176,
    "ndcg_at_20": 0.5273593011549516,
    "roc_auc_upset": 0.7377777777777776,
    "rank_mae_pred_vs_playoff_final_results": 6.866666793823242,
    "rank_rmse_pred_vs_playoff_final_results": 8.67947769165039,
    "rank_mae_eos_standings_vs_playoff_final_results": 3.1333333333333333,
    "rank_rmse_eos_standings_vs_playoff_final_results": 4.449719092257398,
    "spearman_standings": -0.5439377085650723,
    "ndcg10_standings": 0.4912298171637577,
    "ndcg_at_4_standings": 0.4458920834630934,
    "ndcg_at_16_standings": 0.5043038197714257,
    "rank_rmse_standings": 8.266398429870605,
    "playoff_metrics": {
      "spearman_pred_vs_playoff_final_results": 0.5123470522803114,
      "ndcg_at_4_final_four": 0.4642838088219973,
      "ndcg10_pred_vs_playoff_final_results": 0.4827487218066612,
      "brier_championship_odds": 0.030076470226049423,
      "rank_mae_pred_vs_playoff_final_results": 6.866666793823242,
      "rank_rmse_pred_vs_playoff_final_results": 8.67947769165039,
      "rank_mae_eos_standings_vs_playoff_final_results": 3.1333333333333333,
      "rank_rmse_eos_standings_vs_playoff_final_results": 4.449719092257398
    }
  },
  "test_metrics_model_a": {
    "ndcg": 0.4827597111392974,
    "spearman": 0.4972191323692992,
    "mrr_top2": 0.5,
    "mrr_top4": 0.5,
    "ndcg10": 0.4827597111392974,
    "ndcg_at_4": 0.4642838088219973,
    "ndcg_at_12": 0.4826335969267821,
    "ndcg_at_16": 0.5255643985570176,
    "ndcg_at_20": 0.5273593011549516,
    "roc_auc_upset": 0.7377777777777776
  },
  "test_metrics_model_b": {
    "ndcg": 0.4376962231760793,
    "spearman": 0.6022246941045606,
    "mrr_top2": 0.2,
    "mrr_top4": 0.2,
    "ndcg10": 0.4376962231760793,
    "ndcg_at_4": 0.047452952934463374,
    "ndcg_at_12": 0.43762445760123064,
    "ndcg_at_16": 0.4595511069090464,
    "ndcg_at_20": 0.45954919637386543,
    "roc_auc_upset": 0.7330316742081447
  },
  "test_metrics_model_c": {
    "ndcg": 0.05139534647930671,
    "spearman": 0.3125695216907675,
    "mrr_top2": 0.07142857142857142,
    "mrr_top4": 0.2,
    "ndcg10": 0.05139534647930671,
    "ndcg_at_4": 0.0072603807417201014,
    "ndcg_at_12": 0.05704448895120833,
    "ndcg_at_16": 0.17989573678693135,
    "ndcg_at_20": 0.18229344888290439,
    "roc_auc_upset": 0.8214285714285714
  },
  "test_metrics_by_conference": {
    "E": {
      "ndcg": 0.2668641528815317,
      "spearman": 0.37499999999999994
    },
    "W": {
      "ndcg": 0.7487942496580289,
      "spearman": 0.5428571428571428
    }
  },
  "notes": {
    "eos_rank_source": "eos_final_rank"
  }
}