{
  "notes": {
    "eval_on": "test",
    "eos_rank_source": "eos_final_rank",
    "upset_definition": "sleeper = EOS_global_rank > predicted_strength",
    "mrr_top2": "1/rank of first team in top 2 (champion+runner-up) in predicted order.",
    "mrr_top4": "1/rank of first team in top 4 (conference finals) in predicted order.",
    "per_conference_relevance": "Within E/W: actual rank derived from EOS_global_rank (1=best in conf); NDCG/Spearman use this relevance.",
    "playoff_metrics": "Spearman (pred global vs playoff_final_results), NDCG@4 (final four), Brier (champion vs odds). rank_mae/rank_rmse: pred vs playoff_final_results; eos_standings vs playoff_final_results (baseline)."
  },
  "split_info": {
    "train_frac": 0.75,
    "n_train_dates": 141,
    "n_test_dates": 36,
    "split_mode": "seasons"
  },
  "test_metrics_ensemble": {
    "ndcg": 0.5325834454092143,
    "spearman": 0.4972191323692992,
    "mrr_top2": 0.5,
    "mrr_top4": 0.5,
    "ndcg10": 0.5325834454092143,
    "ndcg_at_4": 0.4747879258974167,
    "ndcg_at_12": 0.5327981272403284,
    "ndcg_at_16": 0.5340209982472984,
    "ndcg_at_20": 0.5363714375522483,
    "roc_auc_upset": 0.7955555555555556,
    "rank_mae_pred_vs_playoff_final_results": 6.800000190734863,
    "rank_rmse_pred_vs_playoff_final_results": 8.67947769165039,
    "rank_mae_eos_standings_vs_playoff_final_results": 3.1333333333333333,
    "rank_rmse_eos_standings_vs_playoff_final_results": 4.449719092257398,
    "playoff_metrics": {
      "spearman_pred_vs_playoff_final_results": 0.49899888765294764,
      "ndcg_at_4_final_four": 0.4747879258974167,
      "ndcg10_pred_vs_playoff_final_results": 0.5325740429232639,
      "brier_championship_odds": 0.03222232684493065,
      "rank_mae_pred_vs_playoff_final_results": 6.800000190734863,
      "rank_rmse_pred_vs_playoff_final_results": 8.67947769165039,
      "rank_mae_eos_standings_vs_playoff_final_results": 3.1333333333333333,
      "rank_rmse_eos_standings_vs_playoff_final_results": 4.449719092257398
    }
  },
  "test_metrics_model_a": {
    "ndcg": 0.5325834454092143,
    "spearman": 0.4972191323692992,
    "mrr_top2": 0.5,
    "mrr_top4": 0.5,
    "ndcg10": 0.5325834454092143,
    "ndcg_at_4": 0.4747879258974167,
    "ndcg_at_12": 0.5327981272403284,
    "ndcg_at_16": 0.5340209982472984,
    "ndcg_at_20": 0.5363714375522483,
    "roc_auc_upset": 0.7955555555555556
  },
  "test_metrics_model_b": {
    "ndcg": 0.17782844531904698,
    "spearman": 0.6106785317018909,
    "mrr_top2": 0.25,
    "mrr_top4": 0.25,
    "ndcg10": 0.17782844531904698,
    "ndcg_at_4": 0.16775742802418675,
    "ndcg_at_12": 0.22316725254695813,
    "ndcg_at_16": 0.4028436433067119,
    "ndcg_at_20": 0.4028822113197634,
    "roc_auc_upset": 0.75
  },
  "test_metrics_model_c": {
    "ndcg": 0.05124995751403931,
    "spearman": 0.3076751946607342,
    "mrr_top2": 0.06666666666666667,
    "mrr_top4": 0.2,
    "ndcg10": 0.05124995751403931,
    "ndcg_at_4": 0.00711064040423231,
    "ndcg_at_12": 0.056899138174850025,
    "ndcg_at_16": 0.17781540372208415,
    "ndcg_at_20": 0.18021327193327982,
    "roc_auc_upset": 0.8214285714285714
  },
  "test_metrics_by_conference": {
    "E": {
      "ndcg": 0.34290422636889917,
      "spearman": 0.2928571428571428
    },
    "W": {
      "ndcg": 0.752538834009314,
      "spearman": 0.682142857142857
    }
  },
  "by_season": {
    "2023-24": {
      "test_metrics_ensemble": {
        "ndcg": 0.6042712435171258,
        "spearman": 0.4091212458286986,
        "mrr_top2": 1.0,
        "mrr_top4": 1.0,
        "ndcg10": 0.6042712435171258,
        "ndcg_at_4": 0.35315119534797357,
        "ndcg_at_12": 0.6494136623609027,
        "ndcg_at_16": 0.651288676960205,
        "ndcg_at_20": 0.6512859125976063,
        "roc_auc_upset": 0.7104072398190046,
        "rank_mae_pred_vs_playoff_final_results": 7.5333333015441895,
        "rank_rmse_pred_vs_playoff_final_results": 9.409214973449707,
        "rank_mae_eos_standings_vs_playoff_final_results": 3.7333333333333334,
        "rank_rmse_eos_standings_vs_playoff_final_results": 6.093712606722878,
        "playoff_metrics": {
          "spearman_pred_vs_playoff_final_results": 0.4580645161290322,
          "ndcg_at_4_final_four": 0.35315119534797357,
          "ndcg10_pred_vs_playoff_final_results": 0.6042763125555155,
          "brier_championship_odds": 0.03222232684493065,
          "rank_mae_pred_vs_playoff_final_results": 7.5333333015441895,
          "rank_rmse_pred_vs_playoff_final_results": 9.409214973449707,
          "rank_mae_eos_standings_vs_playoff_final_results": 3.7333333333333334,
          "rank_rmse_eos_standings_vs_playoff_final_results": 6.093712606722878
        }
      },
      "test_metrics_model_a": {
        "ndcg": 0.6042712435171258,
        "spearman": 0.40333704115684094,
        "mrr_top2": 1.0,
        "mrr_top4": 1.0,
        "ndcg10": 0.6042712435171258,
        "ndcg_at_4": 0.35315119534797357,
        "ndcg_at_12": 0.6494136623609027,
        "ndcg_at_16": 0.651288676960205,
        "ndcg_at_20": 0.6512859125976063,
        "roc_auc_upset": 0.7149321266968326
      },
      "test_metrics_model_b": {
        "ndcg": 0.811142922185285,
        "spearman": 0.4242491657397108,
        "mrr_top2": 1.0,
        "mrr_top4": 1.0,
        "ndcg10": 0.811142922185285,
        "ndcg_at_4": 0.7116242168324007,
        "ndcg_at_12": 0.8110162676089777,
        "ndcg_at_16": 0.8160515087280875,
        "ndcg_at_20": 0.8536204067125883,
        "roc_auc_upset": 0.7963800904977376
      },
      "test_metrics_model_c": {
        "ndcg": 0.333487026575135,
        "spearman": 0.23159065628476083,
        "mrr_top2": 0.16666666666666666,
        "mrr_top4": 0.16666666666666666,
        "ndcg10": 0.333487026575135,
        "ndcg_at_4": 0.0011069724610271625,
        "ndcg_at_12": 0.33890731926775686,
        "ndcg_at_16": 0.35966393831396193,
        "ndcg_at_20": 0.3699999322309346,
        "roc_auc_upset": 0.7633928571428571
      },
      "test_metrics_by_conference": {
        "E": {
          "ndcg": 0.4515271632309344,
          "spearman": 0.3107142857142856
        },
        "W": {
          "ndcg": 0.9193844630282232,
          "spearman": 0.4642857142857142
        }
      },
      "notes": {
        "eos_rank_source": "eos_final_rank"
      }
    },
    "2024-25": {
      "test_metrics_ensemble": {
        "ndcg": 0.5325834454092143,
        "spearman": 0.4972191323692992,
        "mrr_top2": 0.5,
        "mrr_top4": 0.5,
        "ndcg10": 0.5325834454092143,
        "ndcg_at_4": 0.4747879258974167,
        "ndcg_at_12": 0.5327981272403284,
        "ndcg_at_16": 0.5340209982472984,
        "ndcg_at_20": 0.5363714375522483,
        "roc_auc_upset": 0.7955555555555556,
        "rank_mae_pred_vs_playoff_final_results": 6.800000190734863,
        "rank_rmse_pred_vs_playoff_final_results": 8.67947769165039,
        "rank_mae_eos_standings_vs_playoff_final_results": 3.1333333333333333,
        "rank_rmse_eos_standings_vs_playoff_final_results": 4.449719092257398,
        "playoff_metrics": {
          "spearman_pred_vs_playoff_final_results": 0.49899888765294764,
          "ndcg_at_4_final_four": 0.4747879258974167,
          "ndcg10_pred_vs_playoff_final_results": 0.5325740429232639,
          "brier_championship_odds": 0.03222232684493065,
          "rank_mae_pred_vs_playoff_final_results": 6.800000190734863,
          "rank_rmse_pred_vs_playoff_final_results": 8.67947769165039,
          "rank_mae_eos_standings_vs_playoff_final_results": 3.1333333333333333,
          "rank_rmse_eos_standings_vs_playoff_final_results": 4.449719092257398
        }
      },
      "test_metrics_model_a": {
        "ndcg": 0.5325834454092143,
        "spearman": 0.4972191323692992,
        "mrr_top2": 0.5,
        "mrr_top4": 0.5,
        "ndcg10": 0.5325834454092143,
        "ndcg_at_4": 0.4747879258974167,
        "ndcg_at_12": 0.5327981272403284,
        "ndcg_at_16": 0.5340209982472984,