{
  "test_metrics_ensemble": {
    "ndcg": 0.6042712435171258,
    "spearman": 0.4091212458286986,
    "mrr_top2": 1.0,
    "mrr_top4": 1.0,
    "ndcg10": 0.6042712435171258,
    "ndcg_at_4": 0.35315119534797357,
    "ndcg_at_12": 0.6494136623609027,
    "ndcg_at_16": 0.651288676960205,
    "ndcg_at_20": 0.6512859125976063,
    "roc_auc_upset": 0.7104072398190046,
    "rank_mae_pred_vs_playoff_final_results": 7.5333333015441895,
    "rank_rmse_pred_vs_playoff_final_results": 9.409214973449707,
    "rank_mae_eos_standings_vs_playoff_final_results": 3.7333333333333334,
    "rank_rmse_eos_standings_vs_playoff_final_results": 6.093712606722878,
    "playoff_metrics": {
      "spearman_pred_vs_playoff_final_results": 0.4580645161290322,
      "ndcg_at_4_final_four": 0.35315119534797357,
      "ndcg10_pred_vs_playoff_final_results": 0.6042763125555155,
      "brier_championship_odds": 0.03222232684493065,
      "rank_mae_pred_vs_playoff_final_results": 7.5333333015441895,
      "rank_rmse_pred_vs_playoff_final_results": 9.409214973449707,
      "rank_mae_eos_standings_vs_playoff_final_results": 3.7333333333333334,
      "rank_rmse_eos_standings_vs_playoff_final_results": 6.093712606722878
    }
  },
  "test_metrics_model_a": {
    "ndcg": 0.6042712435171258,
    "spearman": 0.40333704115684094,
    "mrr_top2": 1.0,
    "mrr_top4": 1.0,
    "ndcg10": 0.6042712435171258,
    "ndcg_at_4": 0.35315119534797357,
    "ndcg_at_12": 0.6494136623609027,
    "ndcg_at_16": 0.651288676960205,
    "ndcg_at_20": 0.6512859125976063,
    "roc_auc_upset": 0.7149321266968326
  },
  "test_metrics_model_b": {
    "ndcg": 0.811142922185285,
    "spearman": 0.4242491657397108,
    "mrr_top2": 1.0,
    "mrr_top4": 1.0,
    "ndcg10": 0.811142922185285,
    "ndcg_at_4": 0.7116242168324007,
    "ndcg_at_12": 0.8110162676089777,
    "ndcg_at_16": 0.8160515087280875,
    "ndcg_at_20": 0.8536204067125883,
    "roc_auc_upset": 0.7963800904977376
  },
  "test_metrics_model_c": {
    "ndcg": 0.333487026575135,
    "spearman": 0.23159065628476083,
    "mrr_top2": 0.16666666666666666,
    "mrr_top4": 0.16666666666666666,
    "ndcg10": 0.333487026575135,
    "ndcg_at_4": 0.0011069724610271625,
    "ndcg_at_12": 0.33890731926775686,
    "ndcg_at_16": 0.35966393831396193,
    "ndcg_at_20": 0.3699999322309346,
    "roc_auc_upset": 0.7633928571428571
  },
  "test_metrics_by_conference": {
    "E": {
      "ndcg": 0.4515271632309344,
      "spearman": 0.3107142857142856
    },
    "W": {
      "ndcg": 0.9193844630282232,
      "spearman": 0.4642857142857142
    }
  },
  "notes": {
    "eos_rank_source": "eos_final_rank"
  }
}