{
  "test_metrics_ensemble": {
    "ndcg": 0.5325834454092143,
    "spearman": 0.4972191323692992,
    "mrr_top2": 0.5,
    "mrr_top4": 0.5,
    "ndcg10": 0.5325834454092143,
    "ndcg_at_4": 0.4747879258974167,
    "ndcg_at_12": 0.5327981272403284,
    "ndcg_at_16": 0.5340209982472984,
    "ndcg_at_20": 0.5363714375522483,
    "roc_auc_upset": 0.7955555555555556,
    "rank_mae_pred_vs_playoff_final_results": 6.800000190734863,
    "rank_rmse_pred_vs_playoff_final_results": 8.67947769165039,
    "rank_mae_eos_standings_vs_playoff_final_results": 3.1333333333333333,
    "rank_rmse_eos_standings_vs_playoff_final_results": 4.449719092257398,
    "playoff_metrics": {
      "spearman_pred_vs_playoff_final_results": 0.49899888765294764,
      "ndcg_at_4_final_four": 0.4747879258974167,
      "ndcg10_pred_vs_playoff_final_results": 0.5325740429232639,
      "brier_championship_odds": 0.03222232684493065,
      "rank_mae_pred_vs_playoff_final_results": 6.800000190734863,
      "rank_rmse_pred_vs_playoff_final_results": 8.67947769165039,
      "rank_mae_eos_standings_vs_playoff_final_results": 3.1333333333333333,
      "rank_rmse_eos_standings_vs_playoff_final_results": 4.449719092257398
    }
  },
  "test_metrics_model_a": {
    "ndcg": 0.5325834454092143,
    "spearman": 0.4972191323692992,
    "mrr_top2": 0.5,
    "mrr_top4": 0.5,
    "ndcg10": 0.5325834454092143,
    "ndcg_at_4": 0.4747879258974167,
    "ndcg_at_12": 0.5327981272403284,
    "ndcg_at_16": 0.5340209982472984,
    "ndcg_at_20": 0.5363714375522483,
    "roc_auc_upset": 0.7955555555555556
  },
  "test_metrics_model_b": {
    "ndcg": 0.17782844531904698,
    "spearman": 0.6106785317018909,
    "mrr_top2": 0.25,
    "mrr_top4": 0.25,
    "ndcg10": 0.17782844531904698,
    "ndcg_at_4": 0.16775742802418675,
    "ndcg_at_12": 0.22316725254695813,
    "ndcg_at_16": 0.4028436433067119,
    "ndcg_at_20": 0.4028822113197634,
    "roc_auc_upset": 0.75
  },
  "test_metrics_model_c": {
    "ndcg": 0.05124995751403931,
    "spearman": 0.3076751946607342,
    "mrr_top2": 0.06666666666666667,
    "mrr_top4": 0.2,
    "ndcg10": 0.05124995751403931,
    "ndcg_at_4": 0.00711064040423231,
    "ndcg_at_12": 0.056899138174850025,
    "ndcg_at_16": 0.17781540372208415,
    "ndcg_at_20": 0.18021327193327982,
    "roc_auc_upset": 0.8214285714285714
  },
  "test_metrics_by_conference": {
    "E": {
      "ndcg": 0.34290422636889917,
      "spearman": 0.2928571428571428
    },
    "W": {
      "ndcg": 0.752538834009314,
      "spearman": 0.682142857142857
    }
  },
  "notes": {
    "eos_rank_source": "eos_final_rank"
  }
}