{
  "test_metrics_ensemble": {
    "ndcg": 0.48424261017484227,
    "spearman": 0.4580645161290322,
    "mrr_top2": 0.5,
    "mrr_top4": 0.5,
    "ndcg10": 0.48424261017484227,
    "ndcg_at_4": 0.4643944167678145,
    "ndcg_at_12": 0.528355480521098,
    "ndcg_at_16": 0.5283371750911698,
    "ndcg_at_20": 0.5318670953421764,
    "roc_auc_upset": 0.7678571428571428,
    "rank_mae_pred_vs_playoff_final_results": 7.0,
    "rank_rmse_pred_vs_playoff_final_results": 9.011103630065918,
    "rank_mae_eos_standings_vs_playoff_final_results": 3.1333333333333333,
    "rank_rmse_eos_standings_vs_playoff_final_results": 4.449719092257398,
    "playoff_metrics": {
      "spearman_pred_vs_playoff_final_results": 0.46607341490545046,
      "ndcg_at_4_final_four": 0.4643812234227066,
      "ndcg10_pred_vs_playoff_final_results": 0.48422924037980253,
      "brier_championship_odds": 0.03222232684493065,
      "rank_mae_pred_vs_playoff_final_results": 7.0,
      "rank_rmse_pred_vs_playoff_final_results": 9.011103630065918,
      "rank_mae_eos_standings_vs_playoff_final_results": 3.1333333333333333,
      "rank_rmse_eos_standings_vs_playoff_final_results": 4.449719092257398
    }
  },
  "test_metrics_model_a": {
    "ndcg": 0.48424261017484227,
    "spearman": 0.46117908787541706,
    "mrr_top2": 0.5,
    "mrr_top4": 0.5,
    "ndcg10": 0.48424261017484227,
    "ndcg_at_4": 0.4643944167678145,
    "ndcg_at_12": 0.5297580779313791,
    "ndcg_at_16": 0.529739664913866,
    "ndcg_at_20": 0.5332695789964119,
    "roc_auc_upset": 0.7678571428571428
  },
  "test_metrics_model_b": {
    "ndcg": 0.21633419895461262,
    "spearman": 0.6209121245828698,
    "mrr_top2": 0.2,
    "mrr_top4": 0.2,
    "ndcg10": 0.21633419895461262,
    "ndcg_at_4": 0.04166423104576856,
    "ndcg_at_12": 0.21628843686682364,
    "ndcg_at_16": 0.4072920721488813,
    "ndcg_at_20": 0.40729116249856917,
    "roc_auc_upset": 0.7723214285714285
  },
  "test_metrics_model_c": {
    "ndcg": 0.05124995751403931,
    "spearman": 0.30233592880978866,
    "mrr_top2": 0.06666666666666667,
    "mrr_top4": 0.2,
    "ndcg10": 0.05124995751403931,
    "ndcg_at_4": 0.00711064040423231,
    "ndcg_at_12": 0.056899138174850025,
    "ndcg_at_16": 0.17781540372208415,
    "ndcg_at_20": 0.18021312496782235,
    "roc_auc_upset": 0.8258928571428571
  },
  "test_metrics_by_conference": {
    "E": {
      "ndcg": 0.25813788295657203,
      "spearman": 0.21071428571428572
    },
    "W": {
      "ndcg": 0.7737357849437491,
      "spearman": 0.6678571428571428
    }
  },
  "notes": {
    "eos_rank_source": "eos_final_rank"
  }
}