{
  "test_metrics_ensemble": {
    "ndcg": 0.547143174518839,
    "spearman": 0.3757508342602892,
    "mrr_top2": 1.0,
    "mrr_top4": 1.0,
    "ndcg10": 0.547143174518839,
    "ndcg_at_4": 0.33513898093933947,
    "ndcg_at_12": 0.5923005990312359,
    "ndcg_at_16": 0.5935592676490028,
    "ndcg_at_20": 0.594165199505042,
    "roc_auc_upset": 0.7544642857142857,
    "rank_mae_pred_vs_playoff_final_results": 7.866666793823242,
    "rank_rmse_pred_vs_playoff_final_results": 9.671263694763184,
    "rank_mae_eos_standings_vs_playoff_final_results": 3.7333333333333334,
    "rank_rmse_eos_standings_vs_playoff_final_results": 6.093712606722878,
    "playoff_metrics": {
      "spearman_pred_vs_playoff_final_results": 0.4304783092324805,
      "ndcg_at_4_final_four": 0.33513815635527017,
      "ndcg10_pred_vs_playoff_final_results": 0.5471481051196387,
      "brier_championship_odds": 0.03222232684493065,
      "rank_mae_pred_vs_playoff_final_results": 7.866666793823242,
      "rank_rmse_pred_vs_playoff_final_results": 9.671263694763184,
      "rank_mae_eos_standings_vs_playoff_final_results": 3.7333333333333334,
      "rank_rmse_eos_standings_vs_playoff_final_results": 6.093712606722878
    }
  },
  "test_metrics_model_a": {
    "ndcg": 0.539368649755218,
    "spearman": 0.3632925472747497,
    "mrr_top2": 1.0,
    "mrr_top4": 1.0,
    "ndcg10": 0.539368649755218,
    "ndcg_at_4": 0.33513898093933947,
    "ndcg_at_12": 0.5845281163800884,
    "ndcg_at_16": 0.5857873811936204,
    "ndcg_at_20": 0.586393347232136,
    "roc_auc_upset": 0.7589285714285714
  },
  "test_metrics_model_b": {
    "ndcg": 0.8063721939044944,
    "spearman": 0.38020022246941043,
    "mrr_top2": 1.0,
    "mrr_top4": 1.0,
    "ndcg10": 0.8063721939044944,
    "ndcg_at_4": 0.7116242168324007,
    "ndcg_at_12": 0.8061831747580044,
    "ndcg_at_16": 0.8062051553959975,
    "ndcg_at_20": 0.8479501927385532,
    "roc_auc_upset": 0.8303571428571428
  },
  "test_metrics_model_c": {
    "ndcg": 0.3335099094849099,
    "spearman": 0.23559510567296996,
    "mrr_top2": 0.16666666666666666,
    "mrr_top4": 0.16666666666666666,
    "ndcg10": 0.3335099094849099,
    "ndcg_at_4": 0.0011069724610271625,
    "ndcg_at_12": 0.3389081203242068,
    "ndcg_at_16": 0.3596647393089661,
    "ndcg_at_20": 0.3700007332224158,
    "roc_auc_upset": 0.7633928571428571
  },
  "test_metrics_by_conference": {
    "E": {
      "ndcg": 0.3851402749883562,
      "spearman": 0.25357142857142856
    },
    "W": {
      "ndcg": 0.9193500683938988,
      "spearman": 0.48571428571428565
    }
  },
  "notes": {
    "eos_rank_source": "eos_final_rank"
  }
}