{
  "notes": {
    "eval_on": "test",
    "eos_rank_source": "eos_final_rank",
    "upset_definition": "sleeper = EOS_global_rank > predicted_strength",
    "mrr_top2": "1/rank of first team in top 2 (champion+runner-up) in predicted order.",
    "mrr_top4": "1/rank of first team in top 4 (conference finals) in predicted order.",
    "per_conference_relevance": "Within E/W: actual rank derived from EOS_global_rank (1=best in conf); NDCG/Spearman use this relevance.",
    "playoff_metrics": "Spearman (pred global vs playoff_final_results), NDCG@4 (final four), Brier (champion vs odds). rank_mae/rank_rmse: pred vs playoff_final_results; eos_standings vs playoff_final_results (baseline)."
  },
  "split_info": {
    "train_frac": 0.75,
    "n_train_dates": 141,
    "n_test_dates": 36,
    "split_mode": "seasons"
  },
  "test_metrics_ensemble": {
    "ndcg": 0.48424261017484227,
    "spearman": 0.4580645161290322,
    "mrr_top2": 0.5,
    "mrr_top4": 0.5,
    "ndcg10": 0.48424261017484227,
    "ndcg_at_4": 0.4643944167678145,
    "ndcg_at_12": 0.528355480521098,
    "ndcg_at_16": 0.5283371750911698,
    "ndcg_at_20": 0.5318670953421764,
    "roc_auc_upset": 0.7678571428571428,
    "rank_mae_pred_vs_playoff_final_results": 7.0,
    "rank_rmse_pred_vs_playoff_final_results": 9.011103630065918,
    "rank_mae_eos_standings_vs_playoff_final_results": 3.1333333333333333,
    "rank_rmse_eos_standings_vs_playoff_final_results": 4.449719092257398,
    "playoff_metrics": {
      "spearman_pred_vs_playoff_final_results": 0.46607341490545046,
      "ndcg_at_4_final_four": 0.4643812234227066,
      "ndcg10_pred_vs_playoff_final_results": 0.48422924037980253,
      "brier_championship_odds": 0.03222232684493065,
      "rank_mae_pred_vs_playoff_final_results": 7.0,
      "rank_rmse_pred_vs_playoff_final_results": 9.011103630065918,
      "rank_mae_eos_standings_vs_playoff_final_results": 3.1333333333333333,
      "rank_rmse_eos_standings_vs_playoff_final_results": 4.449719092257398
    }
  },
  "test_metrics_model_a": {
    "ndcg": 0.48424261017484227,
    "spearman": 0.46117908787541706,
    "mrr_top2": 0.5,
    "mrr_top4": 0.5,
    "ndcg10": 0.48424261017484227,
    "ndcg_at_4": 0.4643944167678145,
    "ndcg_at_12": 0.5297580779313791,
    "ndcg_at_16": 0.529739664913866,
    "ndcg_at_20": 0.5332695789964119,
    "roc_auc_upset": 0.7678571428571428
  },
  "test_metrics_model_b": {
    "ndcg": 0.21633419895461262,
    "spearman": 0.6209121245828698,
    "mrr_top2": 0.2,
    "mrr_top4": 0.2,
    "ndcg10": 0.21633419895461262,
    "ndcg_at_4": 0.04166423104576856,
    "ndcg_at_12": 0.21628843686682364,
    "ndcg_at_16": 0.4072920721488813,
    "ndcg_at_20": 0.40729116249856917,
    "roc_auc_upset": 0.7723214285714285
  },
  "test_metrics_model_c": {
    "ndcg": 0.05124995751403931,
    "spearman": 0.30233592880978866,
    "mrr_top2": 0.06666666666666667,
    "mrr_top4": 0.2,
    "ndcg10": 0.05124995751403931,
    "ndcg_at_4": 0.00711064040423231,
    "ndcg_at_12": 0.056899138174850025,
    "ndcg_at_16": 0.17781540372208415,
    "ndcg_at_20": 0.18021312496782235,
    "roc_auc_upset": 0.8258928571428571
  },
  "test_metrics_by_conference": {
    "E": {
      "ndcg": 0.25813788295657203,
      "spearman": 0.21071428571428572
    },
    "W": {
      "ndcg": 0.7737357849437491,
      "spearman": 0.6678571428571428
    }
  },
  "by_season": {
    "2023-24": {
      "test_metrics_ensemble": {
        "ndcg": 0.547143174518839,
        "spearman": 0.3757508342602892,
        "mrr_top2": 1.0,
        "mrr_top4": 1.0,
        "ndcg10": 0.547143174518839,
        "ndcg_at_4": 0.33513898093933947,
        "ndcg_at_12": 0.5923005990312359,
        "ndcg_at_16": 0.5935592676490028,
        "ndcg_at_20": 0.594165199505042,
        "roc_auc_upset": 0.7544642857142857,
        "rank_mae_pred_vs_playoff_final_results": 7.866666793823242,
        "rank_rmse_pred_vs_playoff_final_results": 9.671263694763184,
        "rank_mae_eos_standings_vs_playoff_final_results": 3.7333333333333334,
        "rank_rmse_eos_standings_vs_playoff_final_results": 6.093712606722878,
        "playoff_metrics": {
          "spearman_pred_vs_playoff_final_results": 0.4304783092324805,
          "ndcg_at_4_final_four": 0.33513815635527017,
          "ndcg10_pred_vs_playoff_final_results": 0.5471481051196387,
          "brier_championship_odds": 0.03222232684493065,
          "rank_mae_pred_vs_playoff_final_results": 7.866666793823242,
          "rank_rmse_pred_vs_playoff_final_results": 9.671263694763184,
          "rank_mae_eos_standings_vs_playoff_final_results": 3.7333333333333334,
          "rank_rmse_eos_standings_vs_playoff_final_results": 6.093712606722878
        }
      },
      "test_metrics_model_a": {
        "ndcg": 0.539368649755218,
        "spearman": 0.3632925472747497,
        "mrr_top2": 1.0,
        "mrr_top4": 1.0,
        "ndcg10": 0.539368649755218,
        "ndcg_at_4": 0.33513898093933947,
        "ndcg_at_12": 0.5845281163800884,
        "ndcg_at_16": 0.5857873811936204,
        "ndcg_at_20": 0.586393347232136,
        "roc_auc_upset": 0.7589285714285714
      },
      "test_metrics_model_b": {
        "ndcg": 0.8063721939044944,
        "spearman": 0.38020022246941043,
        "mrr_top2": 1.0,
        "mrr_top4": 1.0,
        "ndcg10": 0.8063721939044944,
        "ndcg_at_4": 0.7116242168324007,
        "ndcg_at_12": 0.8061831747580044,
        "ndcg_at_16": 0.8062051553959975,
        "ndcg_at_20": 0.8479501927385532,
        "roc_auc_upset": 0.8303571428571428
      },
      "test_metrics_model_c": {
        "ndcg": 0.3335099094849099,
        "spearman": 0.23559510567296996,
        "mrr_top2": 0.16666666666666666,
        "mrr_top4": 0.16666666666666666,
        "ndcg10": 0.3335099094849099,
        "ndcg_at_4": 0.0011069724610271625,
        "ndcg_at_12": 0.3389081203242068,
        "ndcg_at_16": 0.3596647393089661,
        "ndcg_at_20": 0.3700007332224158,
        "roc_auc_upset": 0.7633928571428571
      },
      "test_metrics_by_conference": {
        "E": {
          "ndcg": 0.3851402749883562,
          "spearman": 0.25357142857142856
        },
        "W": {
          "ndcg": 0.9193500683938988,
          "spearman": 0.48571428571428565
        }
      },
      "notes": {
        "eos_rank_source": "eos_final_rank"
      }
    },
    "2024-25": {
      "test_metrics_ensemble": {
        "ndcg": 0.48424261017484227,
        "spearman": 0.4580645161290322,
        "mrr_top2": 0.5,
        "mrr_top4": 0.5,
        "ndcg10": 0.48424261017484227,
        "ndcg_at_4": 0.4643944167678145,
        "ndcg_at_12": 0.528355480521098,
        "ndcg_at_16": 0.5283371750911698,
        "ndcg_at_20": 0.5318670953421764,
        "roc_auc_upset": 0.7678571428571428,
        "rank_mae_pred_vs_playoff_final_results": 7.0,
        "rank_rmse_pred_vs_playoff_final_results": 9.011103630065918,
        "rank_mae_eos_standings_vs_playoff_final_results": 3.1333333333333333,
        "rank_rmse_eos_standings_vs_playoff_final_results": 4.449719092257398,
        "playoff_metrics": {
          "spearman_pred_vs_playoff_final_results": 0.46607341490545046,
          "ndcg_at_4_final_four": 0.4643812234227066,
          "ndcg10_pred_vs_playoff_final_results": 0.48422924037980253,
          "brier_championship_odds": 0.03222232684493065,
          "rank_mae_pred_vs_playoff_final_results": 7.0,
          "rank_rmse_pred_vs_playoff_final_results": 9.011103630065918,
          "rank_mae_eos_standings_vs_playoff_final_results": 3.1333333333333333,
          "rank_rmse_eos_standings_vs_playoff_final_results": 4.449719092257398
        }
      },
      "test_metrics_model_a": {
        "ndcg": 0.48424261017484227,
        "spearman": 0.46117908787541706,
        "mrr_top2": 0.5,
        "mrr_top4": 0.5,
        "ndcg10": 0.48424261017484227,
        "ndcg_at_4": 0.4643944167678145,
        "ndcg_at_12": 0.5297580779313791,
        "ndcg_at_16": 0.529739664913866,
        "ndcg_at_20": 0.5332695789964119,