{
  "test_metrics_ensemble": {
    "ndcg": 0.5841756198195105,
    "spearman": 0.4242491657397108,
    "mrr_top2": 1.0,
    "mrr_top4": 1.0,
    "ndcg10": 0.5841756198195105,
    "ndcg_at_4": 0.35315119534797357,
    "ndcg_at_12": 0.6293273350220426,
    "ndcg_at_16": 0.6311999855914718,
    "ndcg_at_20": 0.6312066670880667,
    "roc_auc_upset": 0.6923076923076923,
    "rank_mae_pred_vs_playoff_final_results": 7.266666889190674,
    "rank_rmse_pred_vs_playoff_final_results": 9.287984848022461,
    "rank_mae_eos_standings_vs_playoff_final_results": 3.7333333333333334,
    "rank_rmse_eos_standings_vs_playoff_final_results": 6.093712606722878,
    "playoff_metrics": {
      "spearman_pred_vs_playoff_final_results": 0.4705228031145718,
      "ndcg_at_4_final_four": 0.35315119534797357,
      "ndcg10_pred_vs_playoff_final_results": 0.5841808691187972,
      "brier_championship_odds": 0.03222232684493065,
      "rank_mae_pred_vs_playoff_final_results": 7.266666889190674,
      "rank_rmse_pred_vs_playoff_final_results": 9.287984848022461,
      "rank_mae_eos_standings_vs_playoff_final_results": 3.7333333333333334,
      "rank_rmse_eos_standings_vs_playoff_final_results": 6.093712606722878
    }
  },
  "test_metrics_model_a": {
    "ndcg": 0.5841756198195105,
    "spearman": 0.4162402669632926,
    "mrr_top2": 1.0,
    "mrr_top4": 1.0,
    "ndcg10": 0.5841756198195105,
    "ndcg_at_4": 0.35315119534797357,
    "ndcg_at_12": 0.6293273350220426,
    "ndcg_at_16": 0.6311999855914718,
    "ndcg_at_20": 0.6312065085403477,
    "roc_auc_upset": 0.7013574660633484
  },
  "test_metrics_model_b": {
    "ndcg": 0.5639467776582638,
    "spearman": 0.41579532814238046,
    "mrr_top2": 0.5,
    "mrr_top4": 0.5,
    "ndcg10": 0.5639467776582638,
    "ndcg_at_4": 0.44093212795935904,
    "ndcg_at_12": 0.5638200764822503,
    "ndcg_at_16": 0.6053483414973058,
    "ndcg_at_20": 0.6054217485275412,
    "roc_auc_upset": 0.7777777777777778
  },
  "test_metrics_model_c": {
    "ndcg": 0.333487026575135,
    "spearman": 0.23159065628476083,
    "mrr_top2": 0.16666666666666666,
    "mrr_top4": 0.16666666666666666,
    "ndcg10": 0.333487026575135,
    "ndcg_at_4": 0.0011069724610271625,
    "ndcg_at_12": 0.33890731926775686,
    "ndcg_at_16": 0.35966393831396193,
    "ndcg_at_20": 0.3699999322309346,
    "roc_auc_upset": 0.7633928571428571
  },
  "test_metrics_by_conference": {
    "E": {
      "ndcg": 0.4065672786025889,
      "spearman": 0.3
    },
    "W": {
      "ndcg": 0.9215010578871936,
      "spearman": 0.5
    }
  },
  "notes": {
    "eos_rank_source": "eos_final_rank"
  }
}