{
  "test_metrics_ensemble": {
    "ndcg": 0.48541749126993217,
    "spearman": 0.48075639599555064,
    "mrr_top2": 0.5,
    "mrr_top4": 0.5,
    "ndcg10": 0.48541749126993217,
    "ndcg_at_4": 0.4733834825680338,
    "ndcg_at_12": 0.5306112185833332,
    "ndcg_at_16": 0.5321466131803332,
    "ndcg_at_20": 0.5344549244547745,
    "roc_auc_upset": 0.8133333333333334,
    "rank_mae_pred_vs_playoff_final_results": 7.066666603088379,
    "rank_rmse_pred_vs_playoff_final_results": 8.820430755615234,
    "rank_mae_eos_standings_vs_playoff_final_results": 3.1333333333333333,
    "rank_rmse_eos_standings_vs_playoff_final_results": 4.449719092257398,
    "playoff_metrics": {
      "spearman_pred_vs_playoff_final_results": 0.4780867630700778,
      "ndcg_at_4_final_four": 0.4733834825680338,
      "ndcg10_pred_vs_playoff_final_results": 0.4854054280685227,
      "brier_championship_odds": 0.03222232684493065,
      "rank_mae_pred_vs_playoff_final_results": 7.066666603088379,
      "rank_rmse_pred_vs_playoff_final_results": 8.820430755615234,
      "rank_mae_eos_standings_vs_playoff_final_results": 3.1333333333333333,
      "rank_rmse_eos_standings_vs_playoff_final_results": 4.449719092257398
    }
  },
  "test_metrics_model_a": {
    "ndcg": 0.48541749126993217,
    "spearman": 0.48075639599555064,
    "mrr_top2": 0.5,
    "mrr_top4": 0.5,
    "ndcg10": 0.48541749126993217,
    "ndcg_at_4": 0.4733834825680338,
    "ndcg_at_12": 0.5306112185833332,
    "ndcg_at_16": 0.5321466131803332,
    "ndcg_at_20": 0.5344549244547745,
    "roc_auc_upset": 0.8133333333333334
  },
  "test_metrics_model_b": {
    "ndcg": 0.15623394579288472,
    "spearman": 0.5630700778642936,
    "mrr_top2": 0.16666666666666666,
    "mrr_top4": 0.16666666666666666,
    "ndcg10": 0.15623394579288472,
    "ndcg_at_4": 0.04029517653159447,
    "ndcg_at_12": 0.1788535233750328,
    "ndcg_at_16": 0.22157211646109978,
    "ndcg_at_20": 0.22157601793992057,
    "roc_auc_upset": 0.7824074074074073
  },
  "test_metrics_model_c": {
    "ndcg": 0.05124995751403931,
    "spearman": 0.3076751946607342,
    "mrr_top2": 0.06666666666666667,
    "mrr_top4": 0.2,
    "ndcg10": 0.05124995751403931,
    "ndcg_at_4": 0.00711064040423231,
    "ndcg_at_12": 0.056899138174850025,
    "ndcg_at_16": 0.17781540372208415,
    "ndcg_at_20": 0.18021327193327982,
    "roc_auc_upset": 0.8214285714285714
  },
  "test_metrics_by_conference": {
    "E": {
      "ndcg": 0.2970889035745066,
      "spearman": 0.2928571428571428
    },
    "W": {
      "ndcg": 0.7723141400583361,
      "spearman": 0.657142857142857
    }
  },
  "notes": {
    "eos_rank_source": "eos_final_rank"
  }
}