{
  "notes": {
    "eval_on": "test",
    "eos_rank_source": "eos_final_rank",
    "upset_definition": "sleeper = EOS_global_rank > predicted_strength",
    "mrr_top2": "1/rank of first team in top 2 (champion+runner-up) in predicted order.",
    "mrr_top4": "1/rank of first team in top 4 (conference finals) in predicted order.",
    "per_conference_relevance": "Within E/W: actual rank derived from EOS_global_rank (1=best in conf); NDCG/Spearman use this relevance.",
    "playoff_metrics": "Spearman (pred global vs playoff_final_results), NDCG@4 (final four), Brier (champion vs odds). rank_mae/rank_rmse: pred vs playoff_final_results; eos_standings vs playoff_final_results (baseline)."
  },
  "split_info": {
    "train_frac": 0.75,
    "n_train_dates": 141,
    "n_test_dates": 36,
    "split_mode": "seasons"
  },
  "test_metrics_ensemble": {
    "ndcg": 0.48884700739145526,
    "spearman": 0.5337041156840934,
    "mrr_top2": 0.5,
    "mrr_top4": 0.5,
    "ndcg10": 0.48884700739145526,
    "ndcg_at_4": 0.4643519436832566,
    "ndcg_at_12": 0.5329586683136918,
    "ndcg_at_16": 0.5341815270062041,
    "ndcg_at_20": 0.5366175652449415,
    "roc_auc_upset": 0.7410714285714286,
    "rank_mae_pred_vs_playoff_final_results": 6.599999904632568,
    "rank_rmse_pred_vs_playoff_final_results": 8.358628273010254,
    "rank_mae_eos_standings_vs_playoff_final_results": 3.1333333333333333,
    "rank_rmse_eos_standings_vs_playoff_final_results": 4.449719092257398,
    "playoff_metrics": {
      "spearman_pred_vs_playoff_final_results": 0.521245828698554,
      "ndcg_at_4_final_four": 0.46433662668392073,
      "ndcg10_pred_vs_playoff_final_results": 0.48883158064015075,
      "brier_championship_odds": 0.03222232684493065,
      "rank_mae_pred_vs_playoff_final_results": 6.599999904632568,
      "rank_rmse_pred_vs_playoff_final_results": 8.358628273010254,
      "rank_mae_eos_standings_vs_playoff_final_results": 3.1333333333333333,
      "rank_rmse_eos_standings_vs_playoff_final_results": 4.449719092257398
    }
  },
  "test_metrics_model_a": {
    "ndcg": 0.48884700739145526,
    "spearman": 0.5234705228031146,
    "mrr_top2": 0.5,
    "mrr_top4": 0.5,
    "ndcg10": 0.48884700739145526,
    "ndcg_at_4": 0.4643519436832566,
    "ndcg_at_12": 0.5329586683136918,
    "ndcg_at_16": 0.5341815270062041,
    "ndcg_at_20": 0.5365728733354296,
    "roc_auc_upset": 0.7455357142857143
  },
  "test_metrics_model_b": {
    "ndcg": 0.17966604540235473,
    "spearman": 0.6129032258064516,
    "mrr_top2": 0.16666666666666666,
    "mrr_top4": 0.16666666666666666,
    "ndcg10": 0.17966604540235473,
    "ndcg_at_4": 0.04029517653159447,
    "ndcg_at_12": 0.17975018645183327,
    "ndcg_at_16": 0.22239766548879325,
    "ndcg_at_20": 0.37530892803786203,
    "roc_auc_upset": 0.770334928229665
  },
  "test_metrics_model_c": {
    "ndcg": 0.05124995751403931,
    "spearman": 0.30189098998887653,
    "mrr_top2": 0.0625,
    "mrr_top4": 0.2,
    "ndcg10": 0.05124995751403931,
    "ndcg_at_4": 0.00711064040423231,
    "ndcg_at_12": 0.056899138174850025,
    "ndcg_at_16": 0.1769467286075223,
    "ndcg_at_20": 0.17934445367388585,
    "roc_auc_upset": 0.8258928571428571
  },
  "test_metrics_by_conference": {
    "E": {
      "ndcg": 0.2556553842536018,
      "spearman": 0.35
    },
    "W": {
      "ndcg": 0.7737754720340771,
      "spearman": 0.7214285714285712
    }
  },
  "by_season": {
    "2023-24": {
      "test_metrics_ensemble": {
        "ndcg": 0.5958786660205039,
        "spearman": 0.4206896551724138,
        "mrr_top2": 1.0,
        "mrr_top4": 1.0,
        "ndcg10": 0.5958786660205039,
        "ndcg_at_4": 0.35315119534797357,
        "ndcg_at_12": 0.5957234878954858,
        "ndcg_at_16": 0.5970157745565415,
        "ndcg_at_20": 0.5976308086547036,
        "roc_auc_upset": 0.7453703703703703,
        "rank_mae_pred_vs_playoff_final_results": 7.400000095367432,
        "rank_rmse_pred_vs_playoff_final_results": 9.316652297973633,
        "rank_mae_eos_standings_vs_playoff_final_results": 3.7333333333333334,
        "rank_rmse_eos_standings_vs_playoff_final_results": 6.093712606722878,
        "playoff_metrics": {
          "spearman_pred_vs_playoff_final_results": 0.4553948832035596,
          "ndcg_at_4_final_four": 0.35315119534797357,
          "ndcg10_pred_vs_playoff_final_results": 0.5958779468661778,
          "brier_championship_odds": 0.03222232684493065,
          "rank_mae_pred_vs_playoff_final_results": 7.400000095367432,
          "rank_rmse_pred_vs_playoff_final_results": 9.316652297973633,
          "rank_mae_eos_standings_vs_playoff_final_results": 3.7333333333333334,
          "rank_rmse_eos_standings_vs_playoff_final_results": 6.093712606722878
        }
      },
      "test_metrics_model_a": {
        "ndcg": 0.5958786660205039,
        "spearman": 0.4206896551724138,
        "mrr_top2": 1.0,
        "mrr_top4": 1.0,
        "ndcg10": 0.5958786660205039,
        "ndcg_at_4": 0.35315119534797357,
        "ndcg_at_12": 0.5957234878954858,
        "ndcg_at_16": 0.5970157745565415,
        "ndcg_at_20": 0.5976308086547036,
        "roc_auc_upset": 0.7453703703703703
      },
      "test_metrics_model_b": {
        "ndcg": 0.5666740396086696,
        "spearman": 0.4647385984427141,
        "mrr_top2": 0.5,
        "mrr_top4": 0.5,
        "ndcg10": 0.5666740396086696,
        "ndcg_at_4": 0.4437410146181249,
        "ndcg_at_12": 0.6118249953584857,
        "ndcg_at_16": 0.6118808678348604,
        "ndcg_at_20": 0.6118828540012122,
        "roc_auc_upset": 0.7946428571428572
      },
      "test_metrics_model_c": {
        "ndcg": 0.3335099094849099,
        "spearman": 0.23559510567296996,
        "mrr_top2": 0.16666666666666666,
        "mrr_top4": 0.16666666666666666,
        "ndcg10": 0.3335099094849099,
        "ndcg_at_4": 0.0011069724610271625,
        "ndcg_at_12": 0.3389081203242068,
        "ndcg_at_16": 0.3596647393089661,
        "ndcg_at_20": 0.3700007332224158,
        "roc_auc_upset": 0.7633928571428571
      },
      "test_metrics_by_conference": {
        "E": {
          "ndcg": 0.3851402749883562,
          "spearman": 0.28571428571428564
        },
        "W": {
          "ndcg": 0.9323505455904225,
          "spearman": 0.5785714285714285
        }
      },
      "notes": {
        "eos_rank_source": "eos_final_rank"
      }
    },
    "2024-25": {
      "test_metrics_ensemble": {
        "ndcg": 0.48884700739145526,
        "spearman": 0.5337041156840934,
        "mrr_top2": 0.5,
        "mrr_top4": 0.5,
        "ndcg10": 0.48884700739145526,
        "ndcg_at_4": 0.4643519436832566,
        "ndcg_at_12": 0.5329586683136918,
        "ndcg_at_16": 0.5341815270062041,
        "ndcg_at_20": 0.5366175652449415,
        "roc_auc_upset": 0.7410714285714286,
        "rank_mae_pred_vs_playoff_final_results": 6.599999904632568,
        "rank_rmse_pred_vs_playoff_final_results": 8.358628273010254,
        "rank_mae_eos_standings_vs_playoff_final_results": 3.1333333333333333,
        "rank_rmse_eos_standings_vs_playoff_final_results": 4.449719092257398,
        "playoff_metrics": {
          "spearman_pred_vs_playoff_final_results": 0.521245828698554,
          "ndcg_at_4_final_four": 0.46433662668392073,
          "ndcg10_pred_vs_playoff_final_results": 0.48883158064015075,
          "brier_championship_odds": 0.03222232684493065,
          "rank_mae_pred_vs_playoff_final_results": 6.599999904632568,
          "rank_rmse_pred_vs_playoff_final_results": 8.358628273010254,
          "rank_mae_eos_standings_vs_playoff_final_results": 3.1333333333333333,
          "rank_rmse_eos_standings_vs_playoff_final_results": 4.449719092257398
        }
      },
      "test_metrics_model_a": {
        "ndcg": 0.48884700739145526,
        "spearman": 0.5234705228031146,
        "mrr_top2": 0.5,
        "mrr_top4": 0.5,
        "ndcg10": 0.48884700739145526,
        "ndcg_at_4": 0.4643519436832566,
        "ndcg_at_12": 0.5329586683136918,