{
  "notes": {
    "eval_on": "test",
    "eos_rank_source": "eos_final_rank",
    "upset_definition": "sleeper = EOS_global_rank > predicted_strength",
    "mrr_top2": "1/rank of first team in top 2 (champion+runner-up) in predicted order.",
    "mrr_top4": "1/rank of first team in top 4 (conference finals) in predicted order.",
    "per_conference_relevance": "Within E/W: actual rank derived from EOS_global_rank (1=best in conf); NDCG/Spearman use this relevance.",
    "playoff_metrics": "Spearman (pred global vs playoff_final_results), NDCG@4 (final four), Brier (champion vs odds). rank_mae/rank_rmse: pred vs playoff_final_results; eos_standings vs playoff_final_results (baseline)."
  },
  "split_info": {
    "train_frac": 0.75,
    "n_train_dates": 141,
    "n_test_dates": 36,
    "split_mode": "seasons"
  },
  "test_metrics_ensemble": {
    "ndcg": 0.4896604076422054,
    "spearman": 0.5150166852057843,
    "mrr_top2": 0.5,
    "mrr_top4": 0.5,
    "ndcg10": 0.4896604076422054,
    "ndcg_at_4": 0.4643519436832566,
    "ndcg_at_12": 0.5337718549108942,
    "ndcg_at_16": 0.5337531340127535,
    "ndcg_at_20": 0.5373614171974835,
    "roc_auc_upset": 0.7366071428571428,
    "rank_mae_pred_vs_playoff_final_results": 6.5333333015441895,
    "rank_rmse_pred_vs_playoff_final_results": 8.524474143981934,
    "rank_mae_eos_standings_vs_playoff_final_results": 3.1333333333333333,
    "rank_rmse_eos_standings_vs_playoff_final_results": 4.449719092257398,
    "playoff_metrics": {
      "spearman_pred_vs_playoff_final_results": 0.5141268075639599,
      "ndcg_at_4_final_four": 0.46433662668392073,
      "ndcg10_pred_vs_playoff_final_results": 0.48964498005233037,
      "brier_championship_odds": 0.03222232684493065,
      "rank_mae_pred_vs_playoff_final_results": 6.5333333015441895,
      "rank_rmse_pred_vs_playoff_final_results": 8.524474143981934,
      "rank_mae_eos_standings_vs_playoff_final_results": 3.1333333333333333,
      "rank_rmse_eos_standings_vs_playoff_final_results": 4.449719092257398
    }
  },
  "test_metrics_model_a": {
    "ndcg": 0.4896604076422054,
    "spearman": 0.5065628476084539,
    "mrr_top2": 0.5,
    "mrr_top4": 0.5,
    "ndcg10": 0.4896604076422054,
    "ndcg_at_4": 0.4643519436832566,
    "ndcg_at_12": 0.5337718549108942,
    "ndcg_at_16": 0.5337531340127535,
    "ndcg_at_20": 0.5373614171974835,
    "roc_auc_upset": 0.7410714285714286
  },
  "test_metrics_model_b": {
    "ndcg": 0.2143905751708314,
    "spearman": 0.6164627363737486,
    "mrr_top2": 0.2,
    "mrr_top4": 0.2,
    "ndcg10": 0.2143905751708314,
    "ndcg_at_4": 0.04166423104576856,
    "ndcg_at_12": 0.21442274026319205,
    "ndcg_at_16": 0.39414923743790764,
    "ndcg_at_20": 0.39415290325709657,
    "roc_auc_upset": 0.7828054298642534
  },
  "test_metrics_model_c": {
    "ndcg": 0.05124995751403931,
    "spearman": 0.30233592880978866,
    "mrr_top2": 0.06666666666666667,
    "mrr_top4": 0.2,
    "ndcg10": 0.05124995751403931,
    "ndcg_at_4": 0.00711064040423231,
    "ndcg_at_12": 0.056899138174850025,
    "ndcg_at_16": 0.17781540372208415,
    "ndcg_at_20": 0.18021312496782235,
    "roc_auc_upset": 0.8258928571428571
  },
  "test_metrics_by_conference": {
    "E": {
      "ndcg": 0.26433766589573604,
      "spearman": 0.2964285714285714
    },
    "W": {
      "ndcg": 0.7737357849437491,
      "spearman": 0.7392857142857142
    }
  },
  "by_season": {
    "2023-24": {
      "test_metrics_ensemble": {
        "ndcg": 0.6045519533944028,
        "spearman": 0.4006674082313682,
        "mrr_top2": 1.0,
        "mrr_top4": 1.0,
        "ndcg10": 0.6045519533944028,
        "ndcg_at_4": 0.35315119534797357,
        "ndcg_at_12": 0.6044427523924462,
        "ndcg_at_16": 0.6057305649446443,
        "ndcg_at_20": 0.6066038252617012,
        "roc_auc_upset": 0.7918552036199095,
        "rank_mae_pred_vs_playoff_final_results": 7.666666507720947,
        "rank_rmse_pred_vs_playoff_final_results": 9.476285934448242,
        "rank_mae_eos_standings_vs_playoff_final_results": 3.7333333333333334,
        "rank_rmse_eos_standings_vs_playoff_final_results": 6.093712606722878,
        "playoff_metrics": {
          "spearman_pred_vs_playoff_final_results": 0.4545050055617353,
          "ndcg_at_4_final_four": 0.35315119534797357,
          "ndcg10_pred_vs_playoff_final_results": 0.6045578431646565,
          "brier_championship_odds": 0.03222232684493065,
          "rank_mae_pred_vs_playoff_final_results": 7.666666507720947,
          "rank_rmse_pred_vs_playoff_final_results": 9.476285934448242,
          "rank_mae_eos_standings_vs_playoff_final_results": 3.7333333333333334,
          "rank_rmse_eos_standings_vs_playoff_final_results": 6.093712606722878
        }
      },
      "test_metrics_model_a": {
        "ndcg": 0.6045519533944028,
        "spearman": 0.40734149054505003,
        "mrr_top2": 1.0,
        "mrr_top4": 1.0,
        "ndcg10": 0.6045519533944028,
        "ndcg_at_4": 0.35315119534797357,
        "ndcg_at_12": 0.6044427523924462,
        "ndcg_at_16": 0.6057305649446443,
        "ndcg_at_20": 0.6066140519016849,
        "roc_auc_upset": 0.7873303167420814
      },
      "test_metrics_model_b": {
        "ndcg": 0.8042090079405596,
        "spearman": 0.32725250278086765,
        "mrr_top2": 1.0,
        "mrr_top4": 1.0,
        "ndcg10": 0.8042090079405596,
        "ndcg_at_4": 0.729074614628521,
        "ndcg_at_12": 0.804022565941023,
        "ndcg_at_16": 0.8040392912005901,
        "ndcg_at_20": 0.8040414804356445,
        "roc_auc_upset": 0.8933333333333334
      },
      "test_metrics_model_c": {
        "ndcg": 0.333487026575135,
        "spearman": 0.23515016685205786,
        "mrr_top2": 0.16666666666666666,
        "mrr_top4": 0.16666666666666666,
        "ndcg10": 0.333487026575135,
        "ndcg_at_4": 0.0011069724610271625,
        "ndcg_at_12": 0.33890731926775686,
        "ndcg_at_16": 0.35966393831396193,
        "ndcg_at_20": 0.3711507384927367,
        "roc_auc_upset": 0.7633928571428571
      },
      "test_metrics_by_conference": {
        "E": {
          "ndcg": 0.4082984176139838,
          "spearman": 0.2821428571428571
        },
        "W": {
          "ndcg": 0.9278354699726068,
          "spearman": 0.5142857142857142
        }
      },
      "notes": {
        "eos_rank_source": "eos_final_rank"
      }
    },
    "2024-25": {
      "test_metrics_ensemble": {
        "ndcg": 0.4896604076422054,
        "spearman": 0.5150166852057843,
        "mrr_top2": 0.5,
        "mrr_top4": 0.5,
        "ndcg10": 0.4896604076422054,
        "ndcg_at_4": 0.4643519436832566,
        "ndcg_at_12": 0.5337718549108942,
        "ndcg_at_16": 0.5337531340127535,
        "ndcg_at_20": 0.5373614171974835,
        "roc_auc_upset": 0.7366071428571428,
        "rank_mae_pred_vs_playoff_final_results": 6.5333333015441895,
        "rank_rmse_pred_vs_playoff_final_results": 8.524474143981934,
        "rank_mae_eos_standings_vs_playoff_final_results": 3.1333333333333333,
        "rank_rmse_eos_standings_vs_playoff_final_results": 4.449719092257398,
        "playoff_metrics": {
          "spearman_pred_vs_playoff_final_results": 0.5141268075639599,
          "ndcg_at_4_final_four": 0.46433662668392073,
          "ndcg10_pred_vs_playoff_final_results": 0.48964498005233037,
          "brier_championship_odds": 0.03222232684493065,
          "rank_mae_pred_vs_playoff_final_results": 6.5333333015441895,
          "rank_rmse_pred_vs_playoff_final_results": 8.524474143981934,
          "rank_mae_eos_standings_vs_playoff_final_results": 3.1333333333333333,
          "rank_rmse_eos_standings_vs_playoff_final_results": 4.449719092257398
        }
      },
      "test_metrics_model_a": {
        "ndcg": 0.4896604076422054,
        "spearman": 0.5065628476084539,
        "mrr_top2": 0.5,
        "mrr_top4": 0.5,
        "ndcg10": 0.4896604076422054,
        "ndcg_at_4": 0.4643519436832566,
        "ndcg_at_12": 0.5337718549108942,