{
  "notes": {
    "eval_on": "test",
    "eos_rank_source": "eos_final_rank",
    "upset_definition": "sleeper = EOS_global_rank > predicted_strength",
    "mrr_top2": "1/rank of first team in top 2 (champion+runner-up) in predicted order.",
    "mrr_top4": "1/rank of first team in top 4 (conference finals) in predicted order.",
    "per_conference_relevance": "Within E/W: actual rank derived from EOS_global_rank (1=best in conf); NDCG/Spearman use this relevance.",
    "playoff_metrics": "Spearman (pred global vs playoff_final_results), NDCG@4 (final four), Brier (champion vs odds). rank_mae/rank_rmse: pred vs playoff_final_results; eos_standings vs playoff_final_results (baseline)."
  },
  "split_info": {
    "train_frac": 0.75,
    "n_train_dates": 141,
    "n_test_dates": 36,
    "split_mode": "seasons"
  },
  "test_metrics_ensemble": {
    "ndcg": 0.5288437605747757,
    "spearman": 0.4981090100111235,
    "mrr_top2": 0.5,
    "mrr_top4": 0.5,
    "ndcg10": 0.5288437605747757,
    "ndcg_at_4": 0.4643519436832566,
    "ndcg_at_12": 0.5290801838380434,
    "ndcg_at_16": 0.5302831395485547,
    "ndcg_at_20": 0.5326335952934342,
    "roc_auc_upset": 0.7633928571428571,
    "rank_mae_pred_vs_playoff_final_results": 6.933333396911621,
    "rank_rmse_pred_vs_playoff_final_results": 8.671792984008789,
    "rank_mae_eos_standings_vs_playoff_final_results": 3.1333333333333333,
    "rank_rmse_eos_standings_vs_playoff_final_results": 4.449719092257398,
    "playoff_metrics": {
      "spearman_pred_vs_playoff_final_results": 0.5052280311457175,
      "ndcg_at_4_final_four": 0.46433662668392073,
      "ndcg10_pred_vs_playoff_final_results": 0.5288288693146065,
      "brier_championship_odds": 0.03222232684493065,
      "rank_mae_pred_vs_playoff_final_results": 6.933333396911621,
      "rank_rmse_pred_vs_playoff_final_results": 8.671792984008789,
      "rank_mae_eos_standings_vs_playoff_final_results": 3.1333333333333333,
      "rank_rmse_eos_standings_vs_playoff_final_results": 4.449719092257398
    }
  },
  "test_metrics_model_a": {
    "ndcg": 0.5288365052250812,
    "spearman": 0.49276974416017794,
    "mrr_top2": 0.5,
    "mrr_top4": 0.5,
    "ndcg10": 0.5288365052250812,
    "ndcg_at_4": 0.4643519436832566,
    "ndcg_at_12": 0.5290729303940913,
    "ndcg_at_16": 0.5302758866609849,
    "ndcg_at_20": 0.5326263424377642,
    "roc_auc_upset": 0.7633928571428571
  },
  "test_metrics_model_b": {
    "ndcg": 0.21306130463124376,
    "spearman": 0.593325917686318,
    "mrr_top2": 0.2,
    "mrr_top4": 0.2,
    "ndcg10": 0.21306130463124376,
    "ndcg_at_4": 0.04029517653159447,
    "ndcg_at_12": 0.2350368965705642,
    "ndcg_at_16": 0.23507017521930237,
    "ndcg_at_20": 0.38535905663647424,
    "roc_auc_upset": 0.7963800904977375
  },
  "test_metrics_model_c": {
    "ndcg": 0.05124995751403931,
    "spearman": 0.30233592880978866,
    "mrr_top2": 0.06666666666666667,
    "mrr_top4": 0.2,
    "ndcg10": 0.05124995751403931,
    "ndcg_at_4": 0.00711064040423231,
    "ndcg_at_12": 0.056899138174850025,
    "ndcg_at_16": 0.17781540372208415,
    "ndcg_at_20": 0.18021312496782235,
    "roc_auc_upset": 0.8258928571428571
  },
  "test_metrics_by_conference": {
    "E": {
      "ndcg": 0.24640794000116126,
      "spearman": 0.25357142857142856
    },
    "W": {
      "ndcg": 0.7524991469189859,
      "spearman": 0.6642857142857141
    }
  },
  "by_season": {
    "2023-24": {
      "test_metrics_ensemble": {
        "ndcg": 0.5396008776417002,
        "spearman": 0.4162402669632926,
        "mrr_top2": 1.0,
        "mrr_top4": 1.0,
        "ndcg10": 0.5396008776417002,
        "ndcg_at_4": 0.33513898093933947,
        "ndcg_at_12": 0.5833508322452126,
        "ndcg_at_16": 0.5852609327365209,
        "ndcg_at_20": 0.5852584530830126,
        "roc_auc_upset": 0.6933333333333334,
        "rank_mae_pred_vs_playoff_final_results": 7.400000095367432,
        "rank_rmse_pred_vs_playoff_final_results": 9.352361679077148,
        "rank_mae_eos_standings_vs_playoff_final_results": 3.7333333333333334,
        "rank_rmse_eos_standings_vs_playoff_final_results": 6.093712606722878,
        "playoff_metrics": {
          "spearman_pred_vs_playoff_final_results": 0.47274749721913245,
          "ndcg_at_4_final_four": 0.33513815635527017,
          "ndcg10_pred_vs_playoff_final_results": 0.5396060454732053,
          "brier_championship_odds": 0.03222232684493065,
          "rank_mae_pred_vs_playoff_final_results": 7.400000095367432,
          "rank_rmse_pred_vs_playoff_final_results": 9.352361679077148,
          "rank_mae_eos_standings_vs_playoff_final_results": 3.7333333333333334,
          "rank_rmse_eos_standings_vs_playoff_final_results": 6.093712606722878
        }
      },
      "test_metrics_model_a": {
        "ndcg": 0.5396008776417002,
        "spearman": 0.4162402669632926,
        "mrr_top2": 1.0,
        "mrr_top4": 1.0,
        "ndcg10": 0.5396008776417002,
        "ndcg_at_4": 0.33513898093933947,
        "ndcg_at_12": 0.5833508322452126,
        "ndcg_at_16": 0.5852609327365209,
        "ndcg_at_20": 0.5852584530830126,
        "roc_auc_upset": 0.6933333333333334
      },
      "test_metrics_model_b": {
        "ndcg": 0.5770801313884294,
        "spearman": 0.4967741935483871,
        "mrr_top2": 0.5,
        "mrr_top4": 0.5,
        "ndcg10": 0.5770801313884294,
        "ndcg_at_4": 0.44093212795935904,
        "ndcg_at_12": 0.5769292429211625,
        "ndcg_at_16": 0.6184747246494221,
        "ndcg_at_20": 0.6234131397215448,
        "roc_auc_upset": 0.751131221719457
      },
      "test_metrics_model_c": {
        "ndcg": 0.333487026575135,
        "spearman": 0.23515016685205786,
        "mrr_top2": 0.16666666666666666,
        "mrr_top4": 0.16666666666666666,
        "ndcg10": 0.333487026575135,
        "ndcg_at_4": 0.0011069724610271625,
        "ndcg_at_12": 0.33890731926775686,
        "ndcg_at_16": 0.35966393831396193,
        "ndcg_at_20": 0.3711507384927367,
        "roc_auc_upset": 0.7633928571428571
      },
      "test_metrics_by_conference": {
        "E": {
          "ndcg": 0.3869402032684001,
          "spearman": 0.33571428571428563
        },
        "W": {
          "ndcg": 0.9120388109941919,
          "spearman": 0.5107142857142856
        }
      },
      "notes": {
        "eos_rank_source": "eos_final_rank"
      }
    },
    "2024-25": {
      "test_metrics_ensemble": {
        "ndcg": 0.5288437605747757,
        "spearman": 0.4981090100111235,
        "mrr_top2": 0.5,
        "mrr_top4": 0.5,
        "ndcg10": 0.5288437605747757,
        "ndcg_at_4": 0.4643519436832566,
        "ndcg_at_12": 0.5290801838380434,
        "ndcg_at_16": 0.5302831395485547,
        "ndcg_at_20": 0.5326335952934342,
        "roc_auc_upset": 0.7633928571428571,
        "rank_mae_pred_vs_playoff_final_results": 6.933333396911621,
        "rank_rmse_pred_vs_playoff_final_results": 8.671792984008789,
        "rank_mae_eos_standings_vs_playoff_final_results": 3.1333333333333333,
        "rank_rmse_eos_standings_vs_playoff_final_results": 4.449719092257398,
        "playoff_metrics": {
          "spearman_pred_vs_playoff_final_results": 0.5052280311457175,
          "ndcg_at_4_final_four": 0.46433662668392073,
          "ndcg10_pred_vs_playoff_final_results": 0.5288288693146065,
          "brier_championship_odds": 0.03222232684493065,
          "rank_mae_pred_vs_playoff_final_results": 6.933333396911621,
          "rank_rmse_pred_vs_playoff_final_results": 8.671792984008789,
          "rank_mae_eos_standings_vs_playoff_final_results": 3.1333333333333333,
          "rank_rmse_eos_standings_vs_playoff_final_results": 4.449719092257398
        }
      },
      "test_metrics_model_a": {
        "ndcg": 0.5288365052250812,
        "spearman": 0.49276974416017794,
        "mrr_top2": 0.5,
        "mrr_top4": 0.5,
        "ndcg10": 0.5288365052250812,
        "ndcg_at_4": 0.4643519436832566,
        "ndcg_at_12": 0.5290729303940913,