{
  "test_metrics_ensemble": {
    "ndcg": 0.5288437605747757,
    "spearman": 0.4981090100111235,
    "mrr_top2": 0.5,
    "mrr_top4": 0.5,
    "ndcg10": 0.5288437605747757,
    "ndcg_at_4": 0.4643519436832566,
    "ndcg_at_12": 0.5290801838380434,
    "ndcg_at_16": 0.5302831395485547,
    "ndcg_at_20": 0.5326335952934342,
    "roc_auc_upset": 0.7633928571428571,
    "rank_mae_pred_vs_playoff_final_results": 6.933333396911621,
    "rank_rmse_pred_vs_playoff_final_results": 8.671792984008789,
    "rank_mae_eos_standings_vs_playoff_final_results": 3.1333333333333333,
    "rank_rmse_eos_standings_vs_playoff_final_results": 4.449719092257398,
    "playoff_metrics": {
      "spearman_pred_vs_playoff_final_results": 0.5052280311457175,
      "ndcg_at_4_final_four": 0.46433662668392073,
      "ndcg10_pred_vs_playoff_final_results": 0.5288288693146065,
      "brier_championship_odds": 0.03222232684493065,
      "rank_mae_pred_vs_playoff_final_results": 6.933333396911621,
      "rank_rmse_pred_vs_playoff_final_results": 8.671792984008789,
      "rank_mae_eos_standings_vs_playoff_final_results": 3.1333333333333333,
      "rank_rmse_eos_standings_vs_playoff_final_results": 4.449719092257398
    }
  },
  "test_metrics_model_a": {
    "ndcg": 0.5288365052250812,
    "spearman": 0.49276974416017794,
    "mrr_top2": 0.5,
    "mrr_top4": 0.5,
    "ndcg10": 0.5288365052250812,
    "ndcg_at_4": 0.4643519436832566,
    "ndcg_at_12": 0.5290729303940913,
    "ndcg_at_16": 0.5302758866609849,
    "ndcg_at_20": 0.5326263424377642,
    "roc_auc_upset": 0.7633928571428571
  },
  "test_metrics_model_b": {
    "ndcg": 0.21306130463124376,
    "spearman": 0.593325917686318,
    "mrr_top2": 0.2,
    "mrr_top4": 0.2,
    "ndcg10": 0.21306130463124376,
    "ndcg_at_4": 0.04029517653159447,
    "ndcg_at_12": 0.2350368965705642,
    "ndcg_at_16": 0.23507017521930237,
    "ndcg_at_20": 0.38535905663647424,
    "roc_auc_upset": 0.7963800904977375
  },
  "test_metrics_model_c": {
    "ndcg": 0.05124995751403931,
    "spearman": 0.30233592880978866,
    "mrr_top2": 0.06666666666666667,
    "mrr_top4": 0.2,
    "ndcg10": 0.05124995751403931,
    "ndcg_at_4": 0.00711064040423231,
    "ndcg_at_12": 0.056899138174850025,
    "ndcg_at_16": 0.17781540372208415,
    "ndcg_at_20": 0.18021312496782235,
    "roc_auc_upset": 0.8258928571428571
  },
  "test_metrics_by_conference": {
    "E": {
      "ndcg": 0.24640794000116126,
      "spearman": 0.25357142857142856
    },
    "W": {
      "ndcg": 0.7524991469189859,
      "spearman": 0.6642857142857141
    }
  },
  "notes": {
    "eos_rank_source": "eos_final_rank"
  }
}