{
  "test_metrics_ensemble": {
    "ndcg": 0.5396008776417002,
    "spearman": 0.4162402669632926,
    "mrr_top2": 1.0,
    "mrr_top4": 1.0,
    "ndcg10": 0.5396008776417002,
    "ndcg_at_4": 0.33513898093933947,
    "ndcg_at_12": 0.5833508322452126,
    "ndcg_at_16": 0.5852609327365209,
    "ndcg_at_20": 0.5852584530830126,
    "roc_auc_upset": 0.6933333333333334,
    "rank_mae_pred_vs_playoff_final_results": 7.400000095367432,
    "rank_rmse_pred_vs_playoff_final_results": 9.352361679077148,
    "rank_mae_eos_standings_vs_playoff_final_results": 3.7333333333333334,
    "rank_rmse_eos_standings_vs_playoff_final_results": 6.093712606722878,
    "playoff_metrics": {
      "spearman_pred_vs_playoff_final_results": 0.47274749721913245,
      "ndcg_at_4_final_four": 0.33513815635527017,
      "ndcg10_pred_vs_playoff_final_results": 0.5396060454732053,
      "brier_championship_odds": 0.03222232684493065,
      "rank_mae_pred_vs_playoff_final_results": 7.400000095367432,
      "rank_rmse_pred_vs_playoff_final_results": 9.352361679077148,
      "rank_mae_eos_standings_vs_playoff_final_results": 3.7333333333333334,
      "rank_rmse_eos_standings_vs_playoff_final_results": 6.093712606722878
    }
  },
  "test_metrics_model_a": {
    "ndcg": 0.5396008776417002,
    "spearman": 0.4162402669632926,
    "mrr_top2": 1.0,
    "mrr_top4": 1.0,
    "ndcg10": 0.5396008776417002,
    "ndcg_at_4": 0.33513898093933947,
    "ndcg_at_12": 0.5833508322452126,
    "ndcg_at_16": 0.5852609327365209,
    "ndcg_at_20": 0.5852584530830126,
    "roc_auc_upset": 0.6933333333333334
  },
  "test_metrics_model_b": {
    "ndcg": 0.5770801313884294,
    "spearman": 0.4967741935483871,
    "mrr_top2": 0.5,
    "mrr_top4": 0.5,
    "ndcg10": 0.5770801313884294,
    "ndcg_at_4": 0.44093212795935904,
    "ndcg_at_12": 0.5769292429211625,
    "ndcg_at_16": 0.6184747246494221,
    "ndcg_at_20": 0.6234131397215448,
    "roc_auc_upset": 0.751131221719457
  },
  "test_metrics_model_c": {
    "ndcg": 0.333487026575135,
    "spearman": 0.23515016685205786,
    "mrr_top2": 0.16666666666666666,
    "mrr_top4": 0.16666666666666666,
    "ndcg10": 0.333487026575135,
    "ndcg_at_4": 0.0011069724610271625,
    "ndcg_at_12": 0.33890731926775686,
    "ndcg_at_16": 0.35966393831396193,
    "ndcg_at_20": 0.3711507384927367,
    "roc_auc_upset": 0.7633928571428571
  },
  "test_metrics_by_conference": {
    "E": {
      "ndcg": 0.3869402032684001,
      "spearman": 0.33571428571428563
    },
    "W": {
      "ndcg": 0.9120388109941919,
      "spearman": 0.5107142857142856
    }
  },
  "notes": {
    "eos_rank_source": "eos_final_rank"
  }
}