{
  "notes": {
    "eval_on": "test",
    "eos_rank_source": "eos_final_rank",
    "upset_definition": "sleeper = EOS_global_rank > predicted_strength",
    "mrr_top2": "1/rank of first team in top 2 (champion+runner-up) in predicted order.",
    "mrr_top4": "1/rank of first team in top 4 (conference finals) in predicted order.",
    "per_conference_relevance": "Within E/W: actual rank derived from EOS_global_rank (1=best in conf); NDCG/Spearman use this relevance.",
    "playoff_metrics": "Spearman (pred global vs playoff_final_results), NDCG@4 (final four), Brier (champion vs odds). rank_mae/rank_rmse: pred vs playoff_final_results; eos_standings vs playoff_final_results (baseline)."
  },
  "split_info": {
    "train_frac": 0.75,
    "n_train_dates": 141,
    "n_test_dates": 36,
    "split_mode": "seasons"
  },
  "test_metrics_ensemble": {
    "ndcg": 0.48461519982873963,
    "spearman": 0.4771968854282535,
    "mrr_top2": 0.5,
    "mrr_top4": 0.5,
    "ndcg10": 0.48461519982873963,
    "ndcg_at_4": 0.4643944167678145,
    "ndcg_at_12": 0.48451069568361255,
    "ndcg_at_16": 0.5272803847093199,
    "ndcg_at_20": 0.5295932993739457,
    "roc_auc_upset": 0.7633928571428571,
    "rank_mae_pred_vs_playoff_final_results": 6.933333396911621,
    "rank_rmse_pred_vs_playoff_final_results": 8.85061264038086,
    "rank_mae_eos_standings_vs_playoff_final_results": 3.1333333333333333,
    "rank_rmse_eos_standings_vs_playoff_final_results": 4.449719092257398,
    "playoff_metrics": {
      "spearman_pred_vs_playoff_final_results": 0.4674082313681869,
      "ndcg_at_4_final_four": 0.4643812234227066,
      "ndcg10_pred_vs_playoff_final_results": 0.4846023674014442,
      "brier_championship_odds": 0.03222232684493065,
      "rank_mae_pred_vs_playoff_final_results": 6.933333396911621,
      "rank_rmse_pred_vs_playoff_final_results": 8.85061264038086,
      "rank_mae_eos_standings_vs_playoff_final_results": 3.1333333333333333,
      "rank_rmse_eos_standings_vs_playoff_final_results": 4.449719092257398
    }
  },
  "test_metrics_model_a": {
    "ndcg": 0.48461519982873963,
    "spearman": 0.4771968854282535,
    "mrr_top2": 0.5,
    "mrr_top4": 0.5,
    "ndcg10": 0.48461519982873963,
    "ndcg_at_4": 0.4643944167678145,
    "ndcg_at_12": 0.48451069568361255,
    "ndcg_at_16": 0.5272803847093199,
    "ndcg_at_20": 0.5295932993739457,
    "roc_auc_upset": 0.7633928571428571
  },
  "test_metrics_model_b": {
    "ndcg": 0.7757047320946842,
    "spearman": 0.6360400444938822,
    "mrr_top2": 1.0,
    "mrr_top4": 1.0,
    "ndcg10": 0.7757047320946842,
    "ndcg_at_4": 0.686743398563792,
    "ndcg_at_12": 0.7981562378367252,
    "ndcg_at_16": 0.8413672151657957,
    "ndcg_at_20": 0.8414477019681775,
    "roc_auc_upset": 0.6888888888888889
  },
  "test_metrics_model_c": {
    "ndcg": 0.05659973111469674,
    "spearman": 0.4331479421579533,
    "mrr_top2": 0.06666666666666667,
    "mrr_top4": 0.1111111111111111,
    "ndcg10": 0.05659973111469674,
    "ndcg_at_4": 0.021615451923040332,
    "ndcg_at_12": 0.056601280610190915,
    "ndcg_at_16": 0.13853376450773924,
    "ndcg_at_20": 0.2943035595672655,
    "roc_auc_upset": 0.8660714285714286
  },
  "test_metrics_by_conference": {
    "E": {
      "ndcg": 0.2519081747481702,
      "spearman": 0.2178571428571428
    },
    "W": {
      "ndcg": 0.751117189123901,
      "spearman": 0.7
    }
  },
  "by_season": {
    "2023-24": {
      "test_metrics_ensemble": {
        "ndcg": 0.5695528922424213,
        "spearman": 0.4255839822024471,
        "mrr_top2": 1.0,
        "mrr_top4": 1.0,
        "ndcg10": 0.5695528922424213,
        "ndcg_at_4": 0.35315119534797357,
        "ndcg_at_12": 0.6147030918121427,
        "ndcg_at_16": 0.6165768641482275,
        "ndcg_at_20": 0.6165832701495635,
        "roc_auc_upset": 0.7828054298642534,
        "rank_mae_pred_vs_playoff_final_results": 7.5333333015441895,
        "rank_rmse_pred_vs_playoff_final_results": 9.277212142944336,
        "rank_mae_eos_standings_vs_playoff_final_results": 3.7333333333333334,
        "rank_rmse_eos_standings_vs_playoff_final_results": 6.093712606722878,
        "playoff_metrics": {
          "spearman_pred_vs_playoff_final_results": 0.47630700778642937,
          "ndcg_at_4_final_four": 0.35315119534797357,
          "ndcg10_pred_vs_playoff_final_results": 0.5695478741461414,
          "brier_championship_odds": 0.03222232684493065,
          "rank_mae_pred_vs_playoff_final_results": 7.5333333015441895,
          "rank_rmse_pred_vs_playoff_final_results": 9.277212142944336,
          "rank_mae_eos_standings_vs_playoff_final_results": 3.7333333333333334,
          "rank_rmse_eos_standings_vs_playoff_final_results": 6.093712606722878
        }
      },
      "test_metrics_model_a": {
        "ndcg": 0.5583054503265735,
        "spearman": 0.42335928809788653,
        "mrr_top2": 1.0,
        "mrr_top4": 1.0,
        "ndcg10": 0.5583054503265735,
        "ndcg_at_4": 0.35315119534797357,
        "ndcg_at_12": 0.6034586042301131,
        "ndcg_at_16": 0.6053332390854441,
        "ndcg_at_20": 0.6053396945387312,
        "roc_auc_upset": 0.7828054298642534
      },
      "test_metrics_model_b": {
        "ndcg": 0.5728418790038451,
        "spearman": 0.5808676307007786,
        "mrr_top2": 0.5,
        "mrr_top4": 0.5,
        "ndcg10": 0.5728418790038451,
        "ndcg_at_4": 0.5872846093926635,
        "ndcg_at_12": 0.5946344928943468,
        "ndcg_at_16": 0.6002220502919227,
        "ndcg_at_20": 0.6371922556639695,
        "roc_auc_upset": 0.7733333333333333
      },
      "test_metrics_model_c": {
        "ndcg": 0.38395005185894526,
        "spearman": 0.3935483870967742,
        "mrr_top2": 0.2,
        "mrr_top4": 0.2,
        "ndcg10": 0.38395005185894526,
        "ndcg_at_4": 0.001774982492507151,
        "ndcg_at_12": 0.38385187938659227,
        "ndcg_at_16": 0.4047466216650743,
        "ndcg_at_20": 0.44701340957604807,
        "roc_auc_upset": 0.7066666666666667
      },
      "test_metrics_by_conference": {
        "E": {
          "ndcg": 0.40649848933393984,
          "spearman": 0.2607142857142857
        },
        "W": {
          "ndcg": 0.9196187851886203,
          "spearman": 0.5214285714285714
        }
      },
      "notes": {
        "eos_rank_source": "eos_final_rank"
      }
    },
    "2024-25": {
      "test_metrics_ensemble": {
        "ndcg": 0.48461519982873963,
        "spearman": 0.4771968854282535,
        "mrr_top2": 0.5,
        "mrr_top4": 0.5,
        "ndcg10": 0.48461519982873963,
        "ndcg_at_4": 0.4643944167678145,
        "ndcg_at_12": 0.48451069568361255,
        "ndcg_at_16": 0.5272803847093199,
        "ndcg_at_20": 0.5295932993739457,
        "roc_auc_upset": 0.7633928571428571,
        "rank_mae_pred_vs_playoff_final_results": 6.933333396911621,
        "rank_rmse_pred_vs_playoff_final_results": 8.85061264038086,
        "rank_mae_eos_standings_vs_playoff_final_results": 3.1333333333333333,
        "rank_rmse_eos_standings_vs_playoff_final_results": 4.449719092257398,
        "playoff_metrics": {
          "spearman_pred_vs_playoff_final_results": 0.4674082313681869,
          "ndcg_at_4_final_four": 0.4643812234227066,
          "ndcg10_pred_vs_playoff_final_results": 0.4846023674014442,
          "brier_championship_odds": 0.03222232684493065,
          "rank_mae_pred_vs_playoff_final_results": 6.933333396911621,
          "rank_rmse_pred_vs_playoff_final_results": 8.85061264038086,
          "rank_mae_eos_standings_vs_playoff_final_results": 3.1333333333333333,
          "rank_rmse_eos_standings_vs_playoff_final_results": 4.449719092257398
        }
      },
      "test_metrics_model_a": {
        "ndcg": 0.48461519982873963,
        "spearman": 0.4771968854282535,
        "mrr_top2": 0.5,
        "mrr_top4": 0.5,
        "ndcg10": 0.48461519982873963,
        "ndcg_at_4": 0.4643944167678145,
        "ndcg_at_12": 0.48451069568361255,
        "ndcg_at_16": 0.5272803847093199,