{
  "test_metrics_ensemble": {
    "ndcg": 0.48461519982873963,
    "spearman": 0.4771968854282535,
    "mrr_top2": 0.5,
    "mrr_top4": 0.5,
    "ndcg10": 0.48461519982873963,
    "ndcg_at_4": 0.4643944167678145,
    "ndcg_at_12": 0.48451069568361255,
    "ndcg_at_16": 0.5272803847093199,
    "ndcg_at_20": 0.5295932993739457,
    "roc_auc_upset": 0.7633928571428571,
    "rank_mae_pred_vs_playoff_final_results": 6.933333396911621,
    "rank_rmse_pred_vs_playoff_final_results": 8.85061264038086,
    "rank_mae_eos_standings_vs_playoff_final_results": 3.1333333333333333,
    "rank_rmse_eos_standings_vs_playoff_final_results": 4.449719092257398,
    "playoff_metrics": {
      "spearman_pred_vs_playoff_final_results": 0.4674082313681869,
      "ndcg_at_4_final_four": 0.4643812234227066,
      "ndcg10_pred_vs_playoff_final_results": 0.4846023674014442,
      "brier_championship_odds": 0.03222232684493065,
      "rank_mae_pred_vs_playoff_final_results": 6.933333396911621,
      "rank_rmse_pred_vs_playoff_final_results": 8.85061264038086,
      "rank_mae_eos_standings_vs_playoff_final_results": 3.1333333333333333,
      "rank_rmse_eos_standings_vs_playoff_final_results": 4.449719092257398
    }
  },
  "test_metrics_model_a": {
    "ndcg": 0.48461519982873963,
    "spearman": 0.4771968854282535,
    "mrr_top2": 0.5,
    "mrr_top4": 0.5,
    "ndcg10": 0.48461519982873963,
    "ndcg_at_4": 0.4643944167678145,
    "ndcg_at_12": 0.48451069568361255,
    "ndcg_at_16": 0.5272803847093199,
    "ndcg_at_20": 0.5295932993739457,
    "roc_auc_upset": 0.7633928571428571
  },
  "test_metrics_model_b": {
    "ndcg": 0.7757047320946842,
    "spearman": 0.6360400444938822,
    "mrr_top2": 1.0,
    "mrr_top4": 1.0,
    "ndcg10": 0.7757047320946842,
    "ndcg_at_4": 0.686743398563792,
    "ndcg_at_12": 0.7981562378367252,
    "ndcg_at_16": 0.8413672151657957,
    "ndcg_at_20": 0.8414477019681775,
    "roc_auc_upset": 0.6888888888888889
  },
  "test_metrics_model_c": {
    "ndcg": 0.05659973111469674,
    "spearman": 0.4331479421579533,
    "mrr_top2": 0.06666666666666667,
    "mrr_top4": 0.1111111111111111,
    "ndcg10": 0.05659973111469674,
    "ndcg_at_4": 0.021615451923040332,
    "ndcg_at_12": 0.056601280610190915,
    "ndcg_at_16": 0.13853376450773924,
    "ndcg_at_20": 0.2943035595672655,
    "roc_auc_upset": 0.8660714285714286
  },
  "test_metrics_by_conference": {
    "E": {
      "ndcg": 0.2519081747481702,
      "spearman": 0.2178571428571428
    },
    "W": {
      "ndcg": 0.751117189123901,
      "spearman": 0.7
    }
  },
  "notes": {
    "eos_rank_source": "eos_final_rank"
  }
}