{
  "notes": {
    "eval_on": "test",
    "eos_rank_source": "eos_final_rank",
    "upset_definition": "sleeper = EOS_global_rank > predicted_strength",
    "mrr_top2": "1/rank of first team in top 2 (champion+runner-up) in predicted order.",
    "mrr_top4": "1/rank of first team in top 4 (conference finals) in predicted order.",
    "per_conference_relevance": "Within E/W: actual rank derived from EOS_global_rank (1=best in conf); NDCG/Spearman use this relevance.",
    "playoff_metrics": "Spearman (pred global vs playoff_final_results), NDCG@4 (final four), Brier (champion vs odds). rank_mae/rank_rmse: pred vs playoff_final_results; eos_standings vs playoff_final_results (baseline)."
  },
  "split_info": {
    "train_frac": 0.75,
    "n_train_dates": 141,
    "n_test_dates": 36,
    "split_mode": "seasons"
  },
  "test_metrics_ensemble": {
    "ndcg": 0.531491184633937,
    "spearman": 0.48476084538375974,
    "mrr_top2": 0.5,
    "mrr_top4": 0.5,
    "ndcg10": 0.531491184633937,
    "ndcg_at_4": 0.4643944167678145,
    "ndcg_at_12": 0.5316951308624661,
    "ndcg_at_16": 0.5316765427580545,
    "ndcg_at_20": 0.5352803309965242,
    "roc_auc_upset": 0.7589285714285714,
    "rank_mae_pred_vs_playoff_final_results": 6.866666793823242,
    "rank_rmse_pred_vs_playoff_final_results": 8.78635311126709,
    "rank_mae_eos_standings_vs_playoff_final_results": 3.1333333333333333,
    "rank_rmse_eos_standings_vs_playoff_final_results": 4.449719092257398,
    "playoff_metrics": {
      "spearman_pred_vs_playoff_final_results": 0.4901001112347052,
      "ndcg_at_4_final_four": 0.4643812234227066,
      "ndcg10_pred_vs_playoff_final_results": 0.531478353986948,
      "brier_championship_odds": 0.03222232684493065,
      "rank_mae_pred_vs_playoff_final_results": 6.866666793823242,
      "rank_rmse_pred_vs_playoff_final_results": 8.78635311126709,
      "rank_mae_eos_standings_vs_playoff_final_results": 3.1333333333333333,
      "rank_rmse_eos_standings_vs_playoff_final_results": 4.449719092257398
    }
  },
  "test_metrics_model_a": {
    "ndcg": 0.5314863255840325,
    "spearman": 0.4642936596218019,
    "mrr_top2": 0.5,
    "mrr_top4": 0.5,
    "ndcg10": 0.5314863255840325,
    "ndcg_at_4": 0.4643944167678145,
    "ndcg_at_12": 0.5316902730888747,
    "ndcg_at_16": 0.5316716853570833,
    "ndcg_at_20": 0.535212220177692,
    "roc_auc_upset": 0.7678571428571429
  },
  "test_metrics_model_b": {
    "ndcg": 0.18873764344019955,
    "spearman": 0.553281423804227,
    "mrr_top2": 0.2,
    "mrr_top4": 0.2,
    "ndcg10": 0.18873764344019955,
    "ndcg_at_4": 0.04029517653159447,
    "ndcg_at_12": 0.18948159248916877,
    "ndcg_at_16": 0.3910292151135365,
    "ndcg_at_20": 0.39103202765459477,
    "roc_auc_upset": 0.768888888888889
  },
  "test_metrics_model_c": {
    "ndcg": 0.05124995751403931,
    "spearman": 0.3076751946607342,
    "mrr_top2": 0.06666666666666667,
    "mrr_top4": 0.2,
    "ndcg10": 0.05124995751403931,
    "ndcg_at_4": 0.00711064040423231,
    "ndcg_at_12": 0.056899138174850025,
    "ndcg_at_16": 0.17781540372208415,
    "ndcg_at_20": 0.18021327193327982,
    "roc_auc_upset": 0.8214285714285714
  },
  "test_metrics_by_conference": {
    "E": {
      "ndcg": 0.26049363773702766,
      "spearman": 0.2642857142857143
    },
    "W": {
      "ndcg": 0.7723141400583361,
      "spearman": 0.6928571428571427
    }
  },
  "by_season": {
    "2023-24": {
      "test_metrics_ensemble": {
        "ndcg": 0.596110893906986,
        "spearman": 0.44560622914349274,
        "mrr_top2": 1.0,
        "mrr_top4": 1.0,
        "ndcg10": 0.596110893906986,
        "ndcg_at_4": 0.35315119534797357,
        "ndcg_at_12": 0.5973257580031793,
        "ndcg_at_16": 0.597286338035336,
        "ndcg_at_20": 0.5981857870689308,
        "roc_auc_upset": 0.7644444444444445,
        "rank_mae_pred_vs_playoff_final_results": 7.266666889190674,
        "rank_rmse_pred_vs_playoff_final_results": 9.114091873168945,
        "rank_mae_eos_standings_vs_playoff_final_results": 3.7333333333333334,
        "rank_rmse_eos_standings_vs_playoff_final_results": 6.093712606722878,
        "playoff_metrics": {
          "spearman_pred_vs_playoff_final_results": 0.4883203559510568,
          "ndcg_at_4_final_four": 0.35315119534797357,
          "ndcg10_pred_vs_playoff_final_results": 0.5961101747526598,
          "brier_championship_odds": 0.03222232684493065,
          "rank_mae_pred_vs_playoff_final_results": 7.266666889190674,
          "rank_rmse_pred_vs_playoff_final_results": 9.114091873168945,
          "rank_mae_eos_standings_vs_playoff_final_results": 3.7333333333333334,
          "rank_rmse_eos_standings_vs_playoff_final_results": 6.093712606722878
        }
      },
      "test_metrics_model_a": {
        "ndcg": 0.596110893906986,
        "spearman": 0.44560622914349274,
        "mrr_top2": 1.0,
        "mrr_top4": 1.0,
        "ndcg10": 0.596110893906986,
        "ndcg_at_4": 0.35315119534797357,
        "ndcg_at_12": 0.5973257580031793,
        "ndcg_at_16": 0.597286338035336,
        "ndcg_at_20": 0.5981857870689308,
        "roc_auc_upset": 0.7644444444444445
      },
      "test_metrics_model_b": {
        "ndcg": 0.46756286031391103,
        "spearman": 0.37486095661846497,
        "mrr_top2": 0.5,
        "mrr_top4": 0.5,
        "ndcg10": 0.46756286031391103,
        "ndcg_at_4": 0.47920472626830496,
        "ndcg_at_12": 0.46754788076644993,
        "ndcg_at_16": 0.5902713440406218,
        "ndcg_at_20": 0.5902740434400807,
        "roc_auc_upset": 0.7544642857142856
      },
      "test_metrics_model_c": {
        "ndcg": 0.33348743391404295,
        "spearman": 0.23692992213570632,
        "mrr_top2": 0.16666666666666666,
        "mrr_top4": 0.16666666666666666,
        "ndcg10": 0.33348743391404295,
        "ndcg_at_4": 0.001111095381373398,
        "ndcg_at_12": 0.3389077264996702,
        "ndcg_at_16": 0.3596643455146382,
        "ndcg_at_20": 0.371151145691622,
        "roc_auc_upset": 0.7633928571428571
      },
      "test_metrics_by_conference": {
        "E": {
          "ndcg": 0.3869402032684001,
          "spearman": 0.2821428571428571
        },
        "W": {
          "ndcg": 0.9410333004535666,
          "spearman": 0.6285714285714286
        }
      },
      "notes": {
        "eos_rank_source": "eos_final_rank"
      }
    },
    "2024-25": {
      "test_metrics_ensemble": {
        "ndcg": 0.531491184633937,
        "spearman": 0.48476084538375974,
        "mrr_top2": 0.5,
        "mrr_top4": 0.5,
        "ndcg10": 0.531491184633937,
        "ndcg_at_4": 0.4643944167678145,
        "ndcg_at_12": 0.5316951308624661,
        "ndcg_at_16": 0.5316765427580545,
        "ndcg_at_20": 0.5352803309965242,
        "roc_auc_upset": 0.7589285714285714,
        "rank_mae_pred_vs_playoff_final_results": 6.866666793823242,
        "rank_rmse_pred_vs_playoff_final_results": 8.78635311126709,
        "rank_mae_eos_standings_vs_playoff_final_results": 3.1333333333333333,
        "rank_rmse_eos_standings_vs_playoff_final_results": 4.449719092257398,
        "playoff_metrics": {
          "spearman_pred_vs_playoff_final_results": 0.4901001112347052,
          "ndcg_at_4_final_four": 0.4643812234227066,
          "ndcg10_pred_vs_playoff_final_results": 0.531478353986948,
          "brier_championship_odds": 0.03222232684493065,
          "rank_mae_pred_vs_playoff_final_results": 6.866666793823242,
          "rank_rmse_pred_vs_playoff_final_results": 8.78635311126709,
          "rank_mae_eos_standings_vs_playoff_final_results": 3.1333333333333333,
          "rank_rmse_eos_standings_vs_playoff_final_results": 4.449719092257398
        }
      },
      "test_metrics_model_a": {
        "ndcg": 0.5314863255840325,
        "spearman": 0.4642936596218019,
        "mrr_top2": 0.5,
        "mrr_top4": 0.5,
        "ndcg10": 0.5314863255840325,
        "ndcg_at_4": 0.4643944167678145,
        "ndcg_at_12": 0.5316902730888747,
        "ndcg_at_16": 0.5316716853570833,