{
  "test_metrics_ensemble": {
    "ndcg": 0.4842526831627675,
    "spearman": 0.48787541713014465,
    "mrr_top2": 0.5,
    "mrr_top4": 0.5,
    "ndcg10": 0.4842526831627675,
    "ndcg_at_4": 0.46444719014824637,
    "ndcg_at_12": 0.52836555086318,
    "ndcg_at_16": 0.5283472446607965,
    "ndcg_at_20": 0.5319555516218243,
    "roc_auc_upset": 0.7589285714285714,
    "rank_mae_pred_vs_playoff_final_results": 6.866666793823242,
    "rank_rmse_pred_vs_playoff_final_results": 8.759756088256836,
    "rank_mae_eos_standings_vs_playoff_final_results": 3.1333333333333333,
    "rank_rmse_eos_standings_vs_playoff_final_results": 4.449719092257398,
    "playoff_metrics": {
      "spearman_pred_vs_playoff_final_results": 0.49410456062291436,
      "ndcg_at_4_final_four": 0.46444719014824637,
      "ndcg10_pred_vs_playoff_final_results": 0.4842406186325394,
      "brier_championship_odds": 0.03222232684493065,
      "rank_mae_pred_vs_playoff_final_results": 6.866666793823242,
      "rank_rmse_pred_vs_playoff_final_results": 8.759756088256836,
      "rank_mae_eos_standings_vs_playoff_final_results": 3.1333333333333333,
      "rank_rmse_eos_standings_vs_playoff_final_results": 4.449719092257398
    }
  },
  "test_metrics_model_a": {
    "ndcg": 0.4842526831627675,
    "spearman": 0.4794215795328142,
    "mrr_top2": 0.5,
    "mrr_top4": 0.5,
    "ndcg10": 0.4842526831627675,
    "ndcg_at_4": 0.46444719014824637,
    "ndcg_at_12": 0.52836555086318,
    "ndcg_at_16": 0.5283472446607965,
    "ndcg_at_20": 0.5319146438915078,
    "roc_auc_upset": 0.7633928571428571
  },
  "test_metrics_model_b": {
    "ndcg": 0.5797787705900707,
    "spearman": 0.7098998887652946,
    "mrr_top2": 0.5,
    "mrr_top4": 0.5,
    "ndcg10": 0.5797787705900707,
    "ndcg_at_4": 0.45330826342272706,
    "ndcg_at_12": 0.5796281663141806,
    "ndcg_at_16": 0.6222395189705923,
    "ndcg_at_20": 0.6228363599935823,
    "roc_auc_upset": 0.6380090497737556
  },
  "test_metrics_model_c": {
    "ndcg": 0.7097939751389355,
    "spearman": 0.5577308120133482,
    "mrr_top2": 1.0,
    "mrr_top4": 1.0,
    "ndcg10": 0.7097939751389355,
    "ndcg_at_4": 0.6898842912997367,
    "ndcg_at_12": 0.7096089179941091,
    "ndcg_at_16": 0.7926878161557982,
    "ndcg_at_20": 0.7932716188886549,
    "roc_auc_upset": 0.755656108597285
  },
  "test_metrics_by_conference": {
    "E": {
      "ndcg": 0.26248772319829716,
      "spearman": 0.2714285714285714
    },
    "W": {
      "ndcg": 0.7737357849437491,
      "spearman": 0.7321428571428571
    }
  },
  "notes": {
    "eos_rank_source": "eos_final_rank"
  }
}