{
  "test_metrics_ensemble": {
    "ndcg": 0.5407410568334956,
    "spearman": 0.38598442714126807,
    "mrr_top2": 1.0,
    "mrr_top4": 1.0,
    "ndcg10": 0.5407410568334956,
    "ndcg_at_4": 0.35315119534797357,
    "ndcg_at_12": 0.5872702661919275,
    "ndcg_at_16": 0.5878524145056331,
    "ndcg_at_20": 0.5878499562149654,
    "roc_auc_upset": 0.7194570135746606,
    "rank_mae_pred_vs_playoff_final_results": 7.666666507720947,
    "rank_rmse_pred_vs_playoff_final_results": 9.591663360595703,
    "rank_mae_eos_standings_vs_playoff_final_results": 3.7333333333333334,
    "rank_rmse_eos_standings_vs_playoff_final_results": 6.093712606722878,
    "playoff_metrics": {
      "spearman_pred_vs_playoff_final_results": 0.4273637374860957,
      "ndcg_at_4_final_four": 0.35315119534797357,
      "ndcg10_pred_vs_playoff_final_results": 0.5407463061327823,
      "brier_championship_odds": 0.03222232684493065,
      "rank_mae_pred_vs_playoff_final_results": 7.666666507720947,
      "rank_rmse_pred_vs_playoff_final_results": 9.591663360595703,
      "rank_mae_eos_standings_vs_playoff_final_results": 3.7333333333333334,
      "rank_rmse_eos_standings_vs_playoff_final_results": 6.093712606722878
    }
  },
  "test_metrics_model_a": {
    "ndcg": 0.5407410568334956,
    "spearman": 0.3815350389321468,
    "mrr_top2": 1.0,
    "mrr_top4": 1.0,
    "ndcg10": 0.5407410568334956,
    "ndcg_at_4": 0.35315119534797357,
    "ndcg_at_12": 0.5872702661919275,
    "ndcg_at_16": 0.5878522819929379,
    "ndcg_at_20": 0.587849823702853,
    "roc_auc_upset": 0.7194570135746606
  },
  "test_metrics_model_b": {
    "ndcg": 0.529639843685654,
    "spearman": 0.5167964404894326,
    "mrr_top2": 0.5,
    "mrr_top4": 0.5,
    "ndcg10": 0.529639843685654,
    "ndcg_at_4": 0.4434595565891552,
    "ndcg_at_12": 0.5960367860140662,
    "ndcg_at_16": 0.5960348788025499,
    "ndcg_at_20": 0.5961260831771731,
    "roc_auc_upset": 0.6830357142857143
  },
  "test_metrics_model_c": {
    "ndcg": 0.7630078757515232,
    "spearman": 0.3939933259176863,
    "mrr_top2": 1.0,
    "mrr_top4": 1.0,
    "ndcg10": 0.7630078757515232,
    "ndcg_at_4": 0.6701706645886623,
    "ndcg_at_12": 0.7861661574170258,
    "ndcg_at_16": 0.7861292813171408,
    "ndcg_at_20": 0.7861980763190237,
    "roc_auc_upset": 0.7644444444444445
  },
  "test_metrics_by_conference": {
    "E": {
      "ndcg": 0.38696647065455475,
      "spearman": 0.27499999999999997
    },
    "W": {
      "ndcg": 0.9180503746164516,
      "spearman": 0.5214285714285714
    }
  },
  "notes": {
    "eos_rank_source": "eos_final_rank"
  }
}