{
  "test_metrics_ensemble": {
    "ndcg": 0.533354219892057,
    "spearman": 0.5145717463848721,
    "mrr_top2": 0.5,
    "mrr_top4": 0.5,
    "ndcg10": 0.533354219892057,
    "ndcg_at_4": 0.46444719014824637,
    "ndcg_at_12": 0.533557676762374,
    "ndcg_at_16": 0.5347804636723924,
    "ndcg_at_20": 0.537171880796257,
    "roc_auc_upset": 0.7455357142857143,
    "rank_mae_pred_vs_playoff_final_results": 6.666666507720947,
    "rank_rmse_pred_vs_playoff_final_results": 8.5283842086792,
    "rank_mae_eos_standings_vs_playoff_final_results": 3.1333333333333333,
    "rank_rmse_eos_standings_vs_playoff_final_results": 4.449719092257398,
    "playoff_metrics": {
      "spearman_pred_vs_playoff_final_results": 0.5154616240266964,
      "ndcg_at_4_final_four": 0.46444719014824637,
      "ndcg10_pred_vs_playoff_final_results": 0.5333426940583917,
      "brier_championship_odds": 0.03222232684493065,
      "rank_mae_pred_vs_playoff_final_results": 6.666666507720947,
      "rank_rmse_pred_vs_playoff_final_results": 8.5283842086792,
      "rank_mae_eos_standings_vs_playoff_final_results": 3.1333333333333333,
      "rank_rmse_eos_standings_vs_playoff_final_results": 4.449719092257398
    }
  },
  "test_metrics_model_a": {
    "ndcg": 0.533065697973162,
    "spearman": 0.5119021134593993,
    "mrr_top2": 0.5,
    "mrr_top4": 0.5,
    "ndcg10": 0.533065697973162,
    "ndcg_at_4": 0.46444719014824637,
    "ndcg_at_12": 0.533269230628717,
    "ndcg_at_16": 0.5344920396642737,
    "ndcg_at_20": 0.536883458056691,
    "roc_auc_upset": 0.75
  },
  "test_metrics_model_b": {
    "ndcg": 0.22686016290958325,
    "spearman": 0.646718576195773,
    "mrr_top2": 0.25,
    "mrr_top4": 0.25,
    "ndcg10": 0.22686016290958325,
    "ndcg_at_4": 0.16775742802418675,
    "ndcg_at_12": 0.40799994966497577,
    "ndcg_at_16": 0.4279564137819948,
    "ndcg_at_20": 0.42795540865602943,
    "roc_auc_upset": 0.7276785714285714
  },
  "test_metrics_model_c": {
    "ndcg": 0.05124995751403931,
    "spearman": 0.307230255839822,
    "mrr_top2": 0.0625,
    "mrr_top4": 0.2,
    "ndcg10": 0.05124995751403931,
    "ndcg_at_4": 0.00711064040423231,
    "ndcg_at_12": 0.056899138174850025,
    "ndcg_at_16": 0.1769467286075223,
    "ndcg_at_20": 0.17934460063934335,
    "roc_auc_upset": 0.8214285714285714
  },
  "test_metrics_by_conference": {
    "E": {
      "ndcg": 0.26248772319829716,
      "spearman": 0.2964285714285714
    },
    "W": {
      "ndcg": 0.7737357849437491,
      "spearman": 0.6749999999999999
    }
  },
  "notes": {
    "eos_rank_source": "eos_final_rank"
  }
}