{
  "test_metrics_ensemble": {
    "ndcg": 0.5983833401192131,
    "spearman": 0.3971078976640712,
    "mrr_top2": 1.0,
    "mrr_top4": 1.0,
    "ndcg10": 0.5983833401192131,
    "ndcg_at_4": 0.33513898093933947,
    "ndcg_at_12": 0.5982315219965253,
    "ndcg_at_16": 0.59948581225852,
    "ndcg_at_20": 0.6000804994046146,
    "roc_auc_upset": 0.7410714285714286,
    "rank_mae_pred_vs_playoff_final_results": 7.666666507720947,
    "rank_rmse_pred_vs_playoff_final_results": 9.504384994506836,
    "rank_mae_eos_standings_vs_playoff_final_results": 3.7333333333333334,
    "rank_rmse_eos_standings_vs_playoff_final_results": 6.093712606722878,
    "playoff_metrics": {
      "spearman_pred_vs_playoff_final_results": 0.4696329254727475,
      "ndcg_at_4_final_four": 0.33513815635527017,
      "ndcg10_pred_vs_playoff_final_results": 0.5983825394971055,
      "brier_championship_odds": 0.03222232684493065,
      "rank_mae_pred_vs_playoff_final_results": 7.666666507720947,
      "rank_rmse_pred_vs_playoff_final_results": 9.504384994506836,
      "rank_mae_eos_standings_vs_playoff_final_results": 3.7333333333333334,
      "rank_rmse_eos_standings_vs_playoff_final_results": 6.093712606722878
    }
  },
  "test_metrics_model_a": {
    "ndcg": 0.5906107134039719,
    "spearman": 0.3917686318131257,
    "mrr_top2": 1.0,
    "mrr_top4": 1.0,
    "ndcg10": 0.5906107134039719,
    "ndcg_at_4": 0.33513898093933947,
    "ndcg_at_12": 0.5904609368952024,
    "ndcg_at_16": 0.5917158232074089,
    "ndcg_at_20": 0.5923105445276348,
    "roc_auc_upset": 0.7455357142857143
  },
  "test_metrics_model_b": {
    "ndcg": 0.8007389886782452,
    "spearman": 0.38509454949944383,
    "mrr_top2": 1.0,
    "mrr_top4": 1.0,
    "ndcg10": 0.8007389886782452,
    "ndcg_at_4": 0.705915834267812,
    "ndcg_at_12": 0.8005514491898702,
    "ndcg_at_16": 0.8005760353060427,
    "ndcg_at_20": 0.8054413941540948,
    "roc_auc_upset": 0.7453703703703705
  },
  "test_metrics_model_c": {
    "ndcg": 0.333487026575135,
    "spearman": 0.23159065628476083,
    "mrr_top2": 0.16666666666666666,
    "mrr_top4": 0.16666666666666666,
    "ndcg10": 0.333487026575135,
    "ndcg_at_4": 0.0011069724610271625,
    "ndcg_at_12": 0.33890731926775686,
    "ndcg_at_16": 0.35966393831396193,
    "ndcg_at_20": 0.3699999322309346,
    "roc_auc_upset": 0.7633928571428571
  },
  "test_metrics_by_conference": {
    "E": {
      "ndcg": 0.3851402749883562,
      "spearman": 0.27499999999999997
    },
    "W": {
      "ndcg": 0.9425049095363238,
      "spearman": 0.5035714285714286
    }
  },
  "notes": {
    "eos_rank_source": "eos_final_rank"
  }
}