{
  "test_metrics_ensemble": {
    "ndcg": 0.558299719103666,
    "spearman": 0.4175750834260289,
    "mrr_top2": 1.0,
    "mrr_top4": 1.0,
    "ndcg10": 0.558299719103666,
    "ndcg_at_4": 0.35315119534797357,
    "ndcg_at_12": 0.5581584343576981,
    "ndcg_at_16": 0.6026567832109587,
    "ndcg_at_20": 0.6026542270466505,
    "roc_auc_upset": 0.8125,
    "rank_mae_pred_vs_playoff_final_results": 7.400000095367432,
    "rank_rmse_pred_vs_playoff_final_results": 9.341663360595703,
    "rank_mae_eos_standings_vs_playoff_final_results": 3.7333333333333334,
    "rank_rmse_eos_standings_vs_playoff_final_results": 6.093712606722878,
    "playoff_metrics": {
      "spearman_pred_vs_playoff_final_results": 0.4682981090100112,
      "ndcg_at_4_final_four": 0.35315119534797357,
      "ndcg10_pred_vs_playoff_final_results": 0.5583047311722473,
      "brier_championship_odds": 0.03222232684493065,
      "rank_mae_pred_vs_playoff_final_results": 7.400000095367432,
      "rank_rmse_pred_vs_playoff_final_results": 9.341663360595703,
      "rank_mae_eos_standings_vs_playoff_final_results": 3.7333333333333334,
      "rank_rmse_eos_standings_vs_playoff_final_results": 6.093712606722878
    }
  },
  "test_metrics_model_a": {
    "ndcg": 0.558299719103666,
    "spearman": 0.4117908787541713,
    "mrr_top2": 1.0,
    "mrr_top4": 1.0,
    "ndcg10": 0.558299719103666,
    "ndcg_at_4": 0.35315119534797357,
    "ndcg_at_12": 0.5581584343576981,
    "ndcg_at_16": 0.6026567832109587,
    "ndcg_at_20": 0.6026542270466505,
    "roc_auc_upset": 0.7873303167420814
  },
  "test_metrics_model_b": {
    "ndcg": 0.8051903261342123,
    "spearman": 0.453615127919911,
    "mrr_top2": 1.0,
    "mrr_top4": 1.0,
    "ndcg10": 0.8051903261342123,
    "ndcg_at_4": 0.7261751187226982,
    "ndcg_at_12": 0.8050036263745958,
    "ndcg_at_16": 0.8447536905826675,
    "ndcg_at_20": 0.849532927846397,
    "roc_auc_upset": 0.71875
  },
  "test_metrics_model_c": {
    "ndcg": 0.333487026575135,
    "spearman": 0.23159065628476083,
    "mrr_top2": 0.16666666666666666,
    "mrr_top4": 0.16666666666666666,
    "ndcg10": 0.333487026575135,
    "ndcg_at_4": 0.0011069724610271625,
    "ndcg_at_12": 0.33890731926775686,
    "ndcg_at_16": 0.35966393831396193,
    "ndcg_at_20": 0.3699999322309346,
    "roc_auc_upset": 0.7633928571428571
  },
  "test_metrics_by_conference": {
    "E": {
      "ndcg": 0.38363726287645844,
      "spearman": 0.25357142857142856
    },
    "W": {
      "ndcg": 0.9120388109941919,
      "spearman": 0.5249999999999999
    }
  },
  "notes": {
    "eos_rank_source": "eos_final_rank"
  }
}