{
  "test_metrics_ensemble": {
    "ndcg": 0.45857864611221255,
    "spearman": 0.41846496106785314,
    "mrr_top2": 0.5,
    "mrr_top4": 0.5,
    "ndcg10": 0.45857864611221255,
    "ndcg_at_4": 0.4640676940033355,
    "ndcg_at_12": 0.481108762920387,
    "ndcg_at_16": 0.5237237676564597,
    "ndcg_at_20": 0.5272267049975747,
    "roc_auc_upset": 0.7946428571428572,
    "rank_mae_pred_vs_playoff_final_results": 7.400000095367432,
    "rank_rmse_pred_vs_playoff_final_results": 9.33452320098877,
    "rank_mae_eos_standings_vs_playoff_final_results": 3.1333333333333333,
    "rank_rmse_eos_standings_vs_playoff_final_results": 4.449719092257398,
    "playoff_metrics": {
      "spearman_pred_vs_playoff_final_results": 0.4264738598442714,
      "ndcg_at_4_final_four": 0.46405447074221323,
      "ndcg10_pred_vs_playoff_final_results": 0.45856580711181844,
      "brier_championship_odds": 0.03222232684493065,
      "rank_mae_pred_vs_playoff_final_results": 7.400000095367432,
      "rank_rmse_pred_vs_playoff_final_results": 9.33452320098877,
      "rank_mae_eos_standings_vs_playoff_final_results": 3.1333333333333333,
      "rank_rmse_eos_standings_vs_playoff_final_results": 4.449719092257398
    }
  },
  "test_metrics_model_a": {
    "ndcg": 0.4816897580557994,
    "spearman": 0.4211345939933259,
    "mrr_top2": 0.5,
    "mrr_top4": 0.5,
    "ndcg10": 0.4816897580557994,
    "ndcg_at_4": 0.4640676940033355,
    "ndcg_at_12": 0.4819178079881056,
    "ndcg_at_16": 0.5245327506655973,
    "ndcg_at_20": 0.5280356844486261,
    "roc_auc_upset": 0.7946428571428572
  },
  "test_metrics_model_b": {
    "ndcg": 0.2065749778582289,
    "spearman": 0.6026696329254727,
    "mrr_top2": 0.16666666666666666,
    "mrr_top4": 0.16666666666666666,
    "ndcg10": 0.2065749778582289,
    "ndcg_at_4": 0.04166423104576856,
    "ndcg_at_12": 0.22846517980696898,
    "ndcg_at_16": 0.22849926564412232,
    "ndcg_at_20": 0.3814057843015164,
    "roc_auc_upset": 0.8009049773755657
  },
  "test_metrics_model_c": {
    "ndcg": 0.05124995751403931,
    "spearman": 0.307230255839822,
    "mrr_top2": 0.0625,
    "mrr_top4": 0.2,
    "ndcg10": 0.05124995751403931,
    "ndcg_at_4": 0.00711064040423231,
    "ndcg_at_12": 0.056899138174850025,
    "ndcg_at_16": 0.1769467286075223,
    "ndcg_at_20": 0.17934460063934335,
    "roc_auc_upset": 0.8214285714285714
  },
  "test_metrics_by_conference": {
    "E": {
      "ndcg": 0.2347217009141873,
      "spearman": 0.13928571428571426
    },
    "W": {
      "ndcg": 0.7377286180675833,
      "spearman": 0.6142857142857142
    }
  },
  "notes": {
    "eos_rank_source": "eos_final_rank"
  }
}