{
  "test_metrics_ensemble": {
    "ndcg": 0.4839307480233942,
    "spearman": 0.5203559510567297,
    "mrr_top2": 0.5,
    "mrr_top4": 0.5,
    "ndcg10": 0.4839307480233942,
    "ndcg_at_4": 0.4643944167678145,
    "ndcg_at_12": 0.528043700285601,
    "ndcg_at_16": 0.5280254446060502,
    "ndcg_at_20": 0.5315930029082353,
    "roc_auc_upset": 0.7410714285714286,
    "rank_mae_pred_vs_playoff_final_results": 6.599999904632568,
    "rank_rmse_pred_vs_playoff_final_results": 8.477420806884766,
    "rank_mae_eos_standings_vs_playoff_final_results": 3.1333333333333333,
    "rank_rmse_eos_standings_vs_playoff_final_results": 4.449719092257398,
    "playoff_metrics": {
      "spearman_pred_vs_playoff_final_results": 0.5132369299221357,
      "ndcg_at_4_final_four": 0.4643812234227066,
      "ndcg10_pred_vs_playoff_final_results": 0.48391736166609134,
      "brier_championship_odds": 0.03222232684493065,
      "rank_mae_pred_vs_playoff_final_results": 6.599999904632568,
      "rank_rmse_pred_vs_playoff_final_results": 8.477420806884766,
      "rank_mae_eos_standings_vs_playoff_final_results": 3.1333333333333333,
      "rank_rmse_eos_standings_vs_playoff_final_results": 4.449719092257398
    }
  },
  "test_metrics_model_a": {
    "ndcg": 0.4839307480233942,
    "spearman": 0.5203559510567297,
    "mrr_top2": 0.5,
    "mrr_top4": 0.5,
    "ndcg10": 0.4839307480233942,
    "ndcg_at_4": 0.4643944167678145,
    "ndcg_at_12": 0.528043700285601,
    "ndcg_at_16": 0.5280254446060502,
    "ndcg_at_20": 0.5315930029082353,
    "roc_auc_upset": 0.7410714285714286
  },
  "test_metrics_model_b": {
    "ndcg": 0.20641689471603403,
    "spearman": 0.628921023359288,
    "mrr_top2": 0.16666666666666666,
    "mrr_top4": 0.16666666666666666,
    "ndcg10": 0.20641689471603403,
    "ndcg_at_4": 0.04166423104576856,
    "ndcg_at_12": 0.22909829164741546,
    "ndcg_at_16": 0.3880426559669539,
    "ndcg_at_20": 0.38804182166989803,
    "roc_auc_upset": 0.7733333333333333
  },
  "test_metrics_model_c": {
    "ndcg": 0.05124995751403931,
    "spearman": 0.30233592880978866,
    "mrr_top2": 0.06666666666666667,
    "mrr_top4": 0.2,
    "ndcg10": 0.05124995751403931,
    "ndcg_at_4": 0.00711064040423231,
    "ndcg_at_12": 0.056899138174850025,
    "ndcg_at_16": 0.17781540372208415,
    "ndcg_at_20": 0.18021312496782235,
    "roc_auc_upset": 0.8258928571428571
  },
  "test_metrics_by_conference": {
    "E": {
      "ndcg": 0.27745335871982874,
      "spearman": 0.3071428571428571
    },
    "W": {
      "ndcg": 0.7519554106097529,
      "spearman": 0.7035714285714285
    }
  },
  "notes": {
    "eos_rank_source": "eos_final_rank"
  }
}