{
  "test_metrics_ensemble": {
    "ndcg": 0.48594547977572133,
    "spearman": 0.47630700778642937,
    "mrr_top2": 0.5,
    "mrr_top4": 0.5,
    "ndcg10": 0.48594547977572133,
    "ndcg_at_4": 0.46423103544156546,
    "ndcg_at_12": 0.48581988960597194,
    "ndcg_at_16": 0.5287580053894675,
    "ndcg_at_20": 0.5299798239925453,
    "roc_auc_upset": 0.7678571428571428,
    "rank_mae_pred_vs_playoff_final_results": 6.666666507720947,
    "rank_rmse_pred_vs_playoff_final_results": 8.85814094543457,
    "rank_mae_eos_standings_vs_playoff_final_results": 3.1333333333333333,
    "rank_rmse_eos_standings_vs_playoff_final_results": 4.449719092257398,
    "spearman_standings": -0.5065628476084539,
    "ndcg10_standings": 0.49620495039257245,
    "ndcg_at_4_standings": 0.44576015001201386,
    "ndcg_at_16_standings": 0.5093374742219374,
    "rank_rmse_standings": 8.59844970703125,
    "playoff_metrics": {
      "spearman_pred_vs_playoff_final_results": 0.4843159065628476,
      "ndcg_at_4_final_four": 0.46421784209645756,
      "ndcg10_pred_vs_playoff_final_results": 0.4859326530292566,
      "brier_championship_odds": 0.030076468363404274,
      "rank_mae_pred_vs_playoff_final_results": 6.666666507720947,
      "rank_rmse_pred_vs_playoff_final_results": 8.85814094543457,
      "rank_mae_eos_standings_vs_playoff_final_results": 3.1333333333333333,
      "rank_rmse_eos_standings_vs_playoff_final_results": 4.449719092257398
    }
  },
  "test_metrics_model_a": {
    "ndcg": 0.48450553509496264,
    "spearman": 0.47408231368186876,
    "mrr_top2": 0.5,
    "mrr_top4": 0.5,
    "ndcg10": 0.48450553509496264,
    "ndcg_at_4": 0.46423103544156546,
    "ndcg_at_12": 0.4843803231514178,
    "ndcg_at_16": 0.5273185493582443,
    "ndcg_at_20": 0.5285404064489128,
    "roc_auc_upset": 0.7866666666666666
  },
  "test_metrics_model_b": {
    "ndcg": 0.4376962231760793,
    "spearman": 0.6022246941045606,
    "mrr_top2": 0.2,
    "mrr_top4": 0.2,
    "ndcg10": 0.4376962231760793,
    "ndcg_at_4": 0.047452952934463374,
    "ndcg_at_12": 0.43762445760123064,
    "ndcg_at_16": 0.4595511069090464,
    "ndcg_at_20": 0.45954919637386543,
    "roc_auc_upset": 0.7330316742081447
  },
  "test_metrics_model_c": {
    "ndcg": 0.05139534647930671,
    "spearman": 0.3125695216907675,
    "mrr_top2": 0.07142857142857142,
    "mrr_top4": 0.2,
    "ndcg10": 0.05139534647930671,
    "ndcg_at_4": 0.0072603807417201014,
    "ndcg_at_12": 0.05704448895120833,
    "ndcg_at_16": 0.17989573678693135,
    "ndcg_at_20": 0.18229344888290439,
    "roc_auc_upset": 0.8214285714285714
  },
  "test_metrics_by_conference": {
    "E": {
      "ndcg": 0.2471837093788119,
      "spearman": 0.2821428571428571
    },
    "W": {
      "ndcg": 0.7491563943572732,
      "spearman": 0.5928571428571427
    }
  },
  "notes": {
    "eos_rank_source": "eos_final_rank"
  }
}