{
  "test_metrics_ensemble": {
    "ndcg": 0.5894591869301209,
    "spearman": 0.3913236929922136,
    "mrr_top2": 1.0,
    "mrr_top4": 1.0,
    "ndcg10": 0.5894591869301209,
    "ndcg_at_4": 0.35315119534797357,
    "ndcg_at_12": 0.5893098854321526,
    "ndcg_at_16": 0.5905647901475167,
    "ndcg_at_20": 0.5911595635905125,
    "roc_auc_upset": 0.75,
    "rank_mae_pred_vs_playoff_final_results": 7.666666507720947,
    "rank_rmse_pred_vs_playoff_final_results": 9.5498685836792,
    "rank_mae_eos_standings_vs_playoff_final_results": 3.7333333333333334,
    "rank_rmse_eos_standings_vs_playoff_final_results": 6.093712606722878,
    "playoff_metrics": {
      "spearman_pred_vs_playoff_final_results": 0.4251390433815351,
      "ndcg_at_4_final_four": 0.35315119534797357,
      "ndcg10_pred_vs_playoff_final_results": 0.5894584677757948,
      "brier_championship_odds": 0.03222232684493065,
      "rank_mae_pred_vs_playoff_final_results": 7.666666507720947,
      "rank_rmse_pred_vs_playoff_final_results": 9.5498685836792,
      "rank_mae_eos_standings_vs_playoff_final_results": 3.7333333333333334,
      "rank_rmse_eos_standings_vs_playoff_final_results": 6.093712606722878
    }
  },
  "test_metrics_model_a": {
    "ndcg": 0.5894591869301209,
    "spearman": 0.3913236929922136,
    "mrr_top2": 1.0,
    "mrr_top4": 1.0,
    "ndcg10": 0.5894591869301209,
    "ndcg_at_4": 0.35315119534797357,
    "ndcg_at_12": 0.5893098854321526,
    "ndcg_at_16": 0.5905647901475167,
    "ndcg_at_20": 0.5911595635905125,
    "roc_auc_upset": 0.75
  },
  "test_metrics_model_b": {
    "ndcg": 0.5626916745767592,
    "spearman": 0.3552836484983315,
    "mrr_top2": 0.5,
    "mrr_top4": 0.5,
    "ndcg10": 0.5626916745767592,
    "ndcg_at_4": 0.4821042221741278,
    "ndcg_at_12": 0.5626323602499966,
    "ndcg_at_16": 0.5638787864161934,
    "ndcg_at_20": 0.6028231828593856,
    "roc_auc_upset": 0.8266666666666667
  },
  "test_metrics_model_c": {
    "ndcg": 0.33348743391404295,
    "spearman": 0.23692992213570632,
    "mrr_top2": 0.16666666666666666,
    "mrr_top4": 0.16666666666666666,
    "ndcg10": 0.33348743391404295,
    "ndcg_at_4": 0.001111095381373398,
    "ndcg_at_12": 0.3389077264996702,
    "ndcg_at_16": 0.3596643455146382,
    "ndcg_at_20": 0.371151145691622,
    "roc_auc_upset": 0.7633928571428571
  },
  "test_metrics_by_conference": {
    "E": {
      "ndcg": 0.38504331979094114,
      "spearman": 0.23571428571428568
    },
    "W": {
      "ndcg": 0.9251958024152124,
      "spearman": 0.557142857142857
    }
  },
  "notes": {
    "eos_rank_source": "eos_final_rank"
  }
}