{
  "test_metrics_ensemble": {
    "ndcg": 0.48456948251755666,
    "spearman": 0.4634037819799778,
    "mrr_top2": 0.5,
    "mrr_top4": 0.5,
    "ndcg10": 0.48456948251755666,
    "ndcg_at_4": 0.46433156090549454,
    "ndcg_at_12": 0.4844430441419045,
    "ndcg_at_16": 0.5283194208205807,
    "ndcg_at_20": 0.5306653810509834,
    "roc_auc_upset": 0.7692307692307694,
    "rank_mae_pred_vs_playoff_final_results": 7.066666603088379,
    "rank_rmse_pred_vs_playoff_final_results": 8.966605186462402,
    "rank_mae_eos_standings_vs_playoff_final_results": 3.1333333333333333,
    "rank_rmse_eos_standings_vs_playoff_final_results": 4.449719092257398,
    "playoff_metrics": {
      "spearman_pred_vs_playoff_final_results": 0.45984427141268075,
      "ndcg_at_4_final_four": 0.4643315309894802,
      "ndcg10_pred_vs_playoff_final_results": 0.48455794700166765,
      "brier_championship_odds": 0.03222232684493065,
      "rank_mae_pred_vs_playoff_final_results": 7.066666603088379,
      "rank_rmse_pred_vs_playoff_final_results": 8.966605186462402,
      "rank_mae_eos_standings_vs_playoff_final_results": 3.1333333333333333,
      "rank_rmse_eos_standings_vs_playoff_final_results": 4.449719092257398
    }
  },
  "test_metrics_model_a": {
    "ndcg": 0.4846134652438903,
    "spearman": 0.4593993325917686,
    "mrr_top2": 0.5,
    "mrr_top4": 0.5,
    "ndcg10": 0.4846134652438903,
    "ndcg_at_4": 0.46437685999867345,
    "ndcg_at_12": 0.4844870153154196,
    "ndcg_at_16": 0.5271218972418266,
    "ndcg_at_20": 0.5306847977105406,
    "roc_auc_upset": 0.7737556561085974
  },
  "test_metrics_model_b": {
    "ndcg": 0.1919906161333246,
    "spearman": 0.5959955506117909,
    "mrr_top2": 0.2,
    "mrr_top4": 0.2,
    "ndcg10": 0.1919906161333246,
    "ndcg_at_4": 0.04174492448450587,
    "ndcg_at_12": 0.1920272837656004,
    "ndcg_at_16": 0.23178151666986416,
    "ndcg_at_20": 0.38755738446684296,
    "roc_auc_upset": 0.75
  },
  "test_metrics_model_c": {
    "ndcg": 0.05124995751403931,
    "spearman": 0.3076751946607342,
    "mrr_top2": 0.06666666666666667,
    "mrr_top4": 0.2,
    "ndcg10": 0.05124995751403931,
    "ndcg_at_4": 0.00711064040423231,
    "ndcg_at_12": 0.056899138174850025,
    "ndcg_at_16": 0.17781540372208415,
    "ndcg_at_20": 0.18021327193327982,
    "roc_auc_upset": 0.8214285714285714
  },
  "test_metrics_by_conference": {
    "E": {
      "ndcg": 0.24264247242260595,
      "spearman": 0.20357142857142854
    },
    "W": {
      "ndcg": 0.7510557287076046,
      "spearman": 0.6678571428571428
    }
  },
  "notes": {
    "eos_rank_source": "eos_final_rank"
  }
}