{
  "test_metrics_ensemble": {
    "ndcg": 0.558299719103666,
    "spearman": 0.41401557285873186,
    "mrr_top2": 1.0,
    "mrr_top4": 1.0,
    "ndcg10": 0.558299719103666,
    "ndcg_at_4": 0.35315119534797357,
    "ndcg_at_12": 0.6034582310559956,
    "ndcg_at_16": 0.6047461191268507,
    "ndcg_at_20": 0.6053609725110123,
    "roc_auc_upset": 0.7828054298642534,
    "rank_mae_pred_vs_playoff_final_results": 7.5333333015441895,
    "rank_rmse_pred_vs_playoff_final_results": 9.370165824890137,
    "rank_mae_eos_standings_vs_playoff_final_results": 3.7333333333333334,
    "rank_rmse_eos_standings_vs_playoff_final_results": 6.093712606722878,
    "playoff_metrics": {
      "spearman_pred_vs_playoff_final_results": 0.4318131256952169,
      "ndcg_at_4_final_four": 0.35315119534797357,
      "ndcg10_pred_vs_playoff_final_results": 0.5583047311722473,
      "brier_championship_odds": 0.03222232684493065,
      "rank_mae_pred_vs_playoff_final_results": 7.5333333015441895,
      "rank_rmse_pred_vs_playoff_final_results": 9.370165824890137,
      "rank_mae_eos_standings_vs_playoff_final_results": 3.7333333333333334,
      "rank_rmse_eos_standings_vs_playoff_final_results": 6.093712606722878
    }
  },
  "test_metrics_model_a": {
    "ndcg": 0.558299719103666,
    "spearman": 0.4082313681868743,
    "mrr_top2": 1.0,
    "mrr_top4": 1.0,
    "ndcg10": 0.558299719103666,
    "ndcg_at_4": 0.35315119534797357,
    "ndcg_at_12": 0.6034582310559956,
    "ndcg_at_16": 0.6047461191268507,
    "ndcg_at_20": 0.6053609725110123,
    "roc_auc_upset": 0.7828054298642534
  },
  "test_metrics_model_b": {
    "ndcg": 0.8167029707414781,
    "spearman": 0.43893214682981085,
    "mrr_top2": 1.0,
    "mrr_top4": 1.0,
    "ndcg10": 0.8167029707414781,
    "ndcg_at_4": 0.7116242168324007,
    "ndcg_at_12": 0.816512643015199,
    "ndcg_at_16": 0.816534100271695,
    "ndcg_at_20": 0.8600983803306878,
    "roc_auc_upset": 0.7321428571428571
  },
  "test_metrics_model_c": {
    "ndcg": 0.3335099094849099,
    "spearman": 0.23559510567296996,
    "mrr_top2": 0.16666666666666666,
    "mrr_top4": 0.16666666666666666,
    "ndcg10": 0.3335099094849099,
    "ndcg_at_4": 0.0011069724610271625,
    "ndcg_at_12": 0.3389081203242068,
    "ndcg_at_16": 0.3596647393089661,
    "ndcg_at_20": 0.3700007332224158,
    "roc_auc_upset": 0.7633928571428571
  },
  "test_metrics_by_conference": {
    "E": {
      "ndcg": 0.3869402032684001,
      "spearman": 0.27499999999999997
    },
    "W": {
      "ndcg": 0.9222781924371147,
      "spearman": 0.5464285714285714
    }
  },
  "notes": {
    "eos_rank_source": "eos_final_rank"
  }
}