{
  "test_metrics_ensemble": {
    "ndcg": 0.48640927268616113,
    "spearman": 0.5119021134593993,
    "mrr_top2": 0.5,
    "mrr_top4": 0.5,
    "ndcg10": 0.48640927268616113,
    "ndcg_at_4": 0.46444719014824637,
    "ndcg_at_12": 0.5319241713315723,
    "ndcg_at_16": 0.5331471093761717,
    "ndcg_at_20": 0.53553853368389,
    "roc_auc_upset": 0.7410714285714286,
    "rank_mae_pred_vs_playoff_final_results": 6.599999904632568,
    "rank_rmse_pred_vs_playoff_final_results": 8.551802635192871,
    "rank_mae_eos_standings_vs_playoff_final_results": 3.1333333333333333,
    "rank_rmse_eos_standings_vs_playoff_final_results": 4.449719092257398,
    "playoff_metrics": {
      "spearman_pred_vs_playoff_final_results": 0.49855394883203563,
      "ndcg_at_4_final_four": 0.46444719014824637,
      "ndcg10_pred_vs_playoff_final_results": 0.48639721136136055,
      "brier_championship_odds": 0.03222232684493065,
      "rank_mae_pred_vs_playoff_final_results": 6.599999904632568,
      "rank_rmse_pred_vs_playoff_final_results": 8.551802635192871,
      "rank_mae_eos_standings_vs_playoff_final_results": 3.1333333333333333,
      "rank_rmse_eos_standings_vs_playoff_final_results": 4.449719092257398
    }
  },
  "test_metrics_model_a": {
    "ndcg": 0.48640927268616113,
    "spearman": 0.5119021134593993,
    "mrr_top2": 0.5,
    "mrr_top4": 0.5,
    "ndcg10": 0.48640927268616113,
    "ndcg_at_4": 0.46444719014824637,
    "ndcg_at_12": 0.5319241713315723,
    "ndcg_at_16": 0.5331471093761717,
    "ndcg_at_20": 0.53553853368389,
    "roc_auc_upset": 0.7410714285714286
  },
  "test_metrics_model_b": {
    "ndcg": 0.16755540443770164,
    "spearman": 0.5879866518353727,
    "mrr_top2": 0.2,
    "mrr_top4": 0.2,
    "ndcg10": 0.16755540443770164,
    "ndcg_at_4": 0.04166423104576856,
    "ndcg_at_12": 0.234754275205851,
    "ndcg_at_16": 0.23478867448525828,
    "ndcg_at_20": 0.38266857807237387,
    "roc_auc_upset": 0.7873303167420814
  },
  "test_metrics_model_c": {
    "ndcg": 0.05124995751403931,
    "spearman": 0.30233592880978866,
    "mrr_top2": 0.06666666666666667,
    "mrr_top4": 0.2,
    "ndcg10": 0.05124995751403931,
    "ndcg_at_4": 0.00711064040423231,
    "ndcg_at_12": 0.056899138174850025,
    "ndcg_at_16": 0.17781540372208415,
    "ndcg_at_20": 0.18021312496782235,
    "roc_auc_upset": 0.8258928571428571
  },
  "test_metrics_by_conference": {
    "E": {
      "ndcg": 0.26959322289269383,
      "spearman": 0.2964285714285714
    },
    "W": {
      "ndcg": 0.7737754720340771,
      "spearman": 0.7214285714285712
    }
  },
  "notes": {
    "eos_rank_source": "eos_final_rank"
  }
}