{
  "test_metrics_ensemble": {
    "ndcg": 0.6183989487400983,
    "spearman": 0.4202447163515017,
    "mrr_top2": 1.0,
    "mrr_top4": 1.0,
    "ndcg10": 0.6183989487400983,
    "ndcg_at_4": 0.35315119534797357,
    "ndcg_at_12": 0.618286110586962,
    "ndcg_at_16": 0.6195388646143931,
    "ndcg_at_20": 0.6201425499961899,
    "roc_auc_upset": 0.7361111111111112,
    "rank_mae_pred_vs_playoff_final_results": 7.266666889190674,
    "rank_rmse_pred_vs_playoff_final_results": 9.320228576660156,
    "rank_mae_eos_standings_vs_playoff_final_results": 3.7333333333333334,
    "rank_rmse_eos_standings_vs_playoff_final_results": 6.093712606722878,
    "playoff_metrics": {
      "spearman_pred_vs_playoff_final_results": 0.42869855394883205,
      "ndcg_at_4_final_four": 0.35315119534797357,
      "ndcg10_pred_vs_playoff_final_results": 0.6184039608086795,
      "brier_championship_odds": 0.03222232684493065,
      "rank_mae_pred_vs_playoff_final_results": 7.266666889190674,
      "rank_rmse_pred_vs_playoff_final_results": 9.320228576660156,
      "rank_mae_eos_standings_vs_playoff_final_results": 3.7333333333333334,
      "rank_rmse_eos_standings_vs_playoff_final_results": 6.093712606722878
    }
  },
  "test_metrics_model_a": {
    "ndcg": 0.6183989487400983,
    "spearman": 0.4206896551724138,
    "mrr_top2": 1.0,
    "mrr_top4": 1.0,
    "ndcg10": 0.6183989487400983,
    "ndcg_at_4": 0.35315119534797357,
    "ndcg_at_12": 0.618286110586962,
    "ndcg_at_16": 0.6195388646143931,
    "ndcg_at_20": 0.6201425499961899,
    "roc_auc_upset": 0.7361111111111112
  },
  "test_metrics_model_b": {
    "ndcg": 0.824193024239035,
    "spearman": 0.43759733036707454,
    "mrr_top2": 1.0,
    "mrr_top4": 1.0,
    "ndcg10": 0.824193024239035,
    "ndcg_at_4": 0.7116242168324007,
    "ndcg_at_12": 0.8239986554611726,
    "ndcg_at_16": 0.8290939345635128,
    "ndcg_at_20": 0.8660605143047344,
    "roc_auc_upset": 0.7737556561085972
  },
  "test_metrics_model_c": {
    "ndcg": 0.333487026575135,
    "spearman": 0.23159065628476083,
    "mrr_top2": 0.16666666666666666,
    "mrr_top4": 0.16666666666666666,
    "ndcg10": 0.333487026575135,
    "ndcg_at_4": 0.0011069724610271625,
    "ndcg_at_12": 0.33890731926775686,
    "ndcg_at_16": 0.35966393831396193,
    "ndcg_at_20": 0.3699999322309346,
    "roc_auc_upset": 0.7633928571428571
  },
  "test_metrics_by_conference": {
    "E": {
      "ndcg": 0.406013486878053,
      "spearman": 0.23928571428571427
    },
    "W": {
      "ndcg": 0.9449572706704487,
      "spearman": 0.5857142857142856
    }
  },
  "notes": {
    "eos_rank_source": "eos_final_rank"
  }
}