{
  "test_metrics_ensemble": {
    "ndcg": 0.48486087886006374,
    "spearman": 0.5101223581757508,
    "mrr_top2": 0.5,
    "mrr_top4": 0.5,
    "ndcg10": 0.48486087886006374,
    "ndcg_at_4": 0.4643519436832566,
    "ndcg_at_12": 0.5286203733236599,
    "ndcg_at_16": 0.5298435647892664,
    "ndcg_at_20": 0.5322349301978095,
    "roc_auc_upset": 0.7410714285714286,
    "rank_mae_pred_vs_playoff_final_results": 6.599999904632568,
    "rank_rmse_pred_vs_playoff_final_results": 8.56737995147705,
    "rank_mae_eos_standings_vs_playoff_final_results": 3.1333333333333333,
    "rank_rmse_eos_standings_vs_playoff_final_results": 4.449719092257398,
    "playoff_metrics": {
      "spearman_pred_vs_playoff_final_results": 0.49499443826473855,
      "ndcg_at_4_final_four": 0.46433662668392073,
      "ndcg10_pred_vs_playoff_final_results": 0.4848459862710759,
      "brier_championship_odds": 0.03222232684493065,
      "rank_mae_pred_vs_playoff_final_results": 6.599999904632568,
      "rank_rmse_pred_vs_playoff_final_results": 8.56737995147705,
      "rank_mae_eos_standings_vs_playoff_final_results": 3.1333333333333333,
      "rank_rmse_eos_standings_vs_playoff_final_results": 4.449719092257398
    }
  },
  "test_metrics_model_a": {
    "ndcg": 0.48486087886006374,
    "spearman": 0.5101223581757508,
    "mrr_top2": 0.5,
    "mrr_top4": 0.5,
    "ndcg10": 0.48486087886006374,
    "ndcg_at_4": 0.4643519436832566,
    "ndcg_at_12": 0.5286203733236599,
    "ndcg_at_16": 0.5298435647892664,
    "ndcg_at_20": 0.5322349301978095,
    "roc_auc_upset": 0.7410714285714286
  },
  "test_metrics_model_b": {
    "ndcg": 0.2268891913953935,
    "spearman": 0.6249165739710789,
    "mrr_top2": 0.25,
    "mrr_top4": 0.25,
    "ndcg10": 0.2268891913953935,
    "ndcg_at_4": 0.16775742802418675,
    "ndcg_at_12": 0.22691548268220016,
    "ndcg_at_16": 0.40914821477338265,
    "ndcg_at_20": 0.40918924381544125,
    "roc_auc_upset": 0.7155555555555555
  },
  "test_metrics_model_c": {
    "ndcg": 0.05124995751403931,
    "spearman": 0.30189098998887653,
    "mrr_top2": 0.0625,
    "mrr_top4": 0.2,
    "ndcg10": 0.05124995751403931,
    "ndcg_at_4": 0.00711064040423231,
    "ndcg_at_12": 0.056899138174850025,
    "ndcg_at_16": 0.1769467286075223,
    "ndcg_at_20": 0.17934445367388585,
    "roc_auc_upset": 0.8258928571428571
  },
  "test_metrics_by_conference": {
    "E": {
      "ndcg": 0.24737794491293497,
      "spearman": 0.25357142857142856
    },
    "W": {
      "ndcg": 0.7743588954336382,
      "spearman": 0.7642857142857141
    }
  },
  "notes": {
    "eos_rank_source": "eos_final_rank"
  }
}