{
  "notes": {
    "eval_on": "test",
    "eos_rank_source": "eos_final_rank",
    "upset_definition": "sleeper = EOS_global_rank > predicted_strength",
    "mrr_top2": "1/rank of first team in top 2 (champion+runner-up) in predicted order.",
    "mrr_top4": "1/rank of first team in top 4 (conference finals) in predicted order.",
    "per_conference_relevance": "Within E/W: actual rank derived from EOS_global_rank (1=best in conf); NDCG/Spearman use this relevance.",
    "playoff_metrics": "Spearman (pred global vs playoff_final_results), NDCG@4 (final four), Brier (champion vs odds). rank_mae/rank_rmse: pred vs playoff_final_results; eos_standings vs playoff_final_results (baseline)."
  },
  "split_info": {
    "train_frac": 0.75,
    "n_train_dates": 141,
    "n_test_dates": 36,
    "split_mode": "seasons"
  },
  "test_metrics_ensemble": {
    "ndcg": 0.48486087886006374,
    "spearman": 0.5101223581757508,
    "mrr_top2": 0.5,
    "mrr_top4": 0.5,
    "ndcg10": 0.48486087886006374,
    "ndcg_at_4": 0.4643519436832566,
    "ndcg_at_12": 0.5286203733236599,
    "ndcg_at_16": 0.5298435647892664,
    "ndcg_at_20": 0.5322349301978095,
    "roc_auc_upset": 0.7410714285714286,
    "rank_mae_pred_vs_playoff_final_results": 6.599999904632568,
    "rank_rmse_pred_vs_playoff_final_results": 8.56737995147705,
    "rank_mae_eos_standings_vs_playoff_final_results": 3.1333333333333333,
    "rank_rmse_eos_standings_vs_playoff_final_results": 4.449719092257398,
    "playoff_metrics": {
      "spearman_pred_vs_playoff_final_results": 0.49499443826473855,
      "ndcg_at_4_final_four": 0.46433662668392073,
      "ndcg10_pred_vs_playoff_final_results": 0.4848459862710759,
      "brier_championship_odds": 0.03222232684493065,
      "rank_mae_pred_vs_playoff_final_results": 6.599999904632568,
      "rank_rmse_pred_vs_playoff_final_results": 8.56737995147705,
      "rank_mae_eos_standings_vs_playoff_final_results": 3.1333333333333333,
      "rank_rmse_eos_standings_vs_playoff_final_results": 4.449719092257398
    }
  },
  "test_metrics_model_a": {
    "ndcg": 0.48486087886006374,
    "spearman": 0.5101223581757508,
    "mrr_top2": 0.5,
    "mrr_top4": 0.5,
    "ndcg10": 0.48486087886006374,
    "ndcg_at_4": 0.4643519436832566,
    "ndcg_at_12": 0.5286203733236599,
    "ndcg_at_16": 0.5298435647892664,
    "ndcg_at_20": 0.5322349301978095,
    "roc_auc_upset": 0.7410714285714286
  },
  "test_metrics_model_b": {
    "ndcg": 0.2268891913953935,
    "spearman": 0.6249165739710789,
    "mrr_top2": 0.25,
    "mrr_top4": 0.25,
    "ndcg10": 0.2268891913953935,
    "ndcg_at_4": 0.16775742802418675,
    "ndcg_at_12": 0.22691548268220016,
    "ndcg_at_16": 0.40914821477338265,
    "ndcg_at_20": 0.40918924381544125,
    "roc_auc_upset": 0.7155555555555555
  },
  "test_metrics_model_c": {
    "ndcg": 0.05124995751403931,
    "spearman": 0.30189098998887653,
    "mrr_top2": 0.0625,
    "mrr_top4": 0.2,
    "ndcg10": 0.05124995751403931,
    "ndcg_at_4": 0.00711064040423231,
    "ndcg_at_12": 0.056899138174850025,
    "ndcg_at_16": 0.1769467286075223,
    "ndcg_at_20": 0.17934445367388585,
    "roc_auc_upset": 0.8258928571428571
  },
  "test_metrics_by_conference": {
    "E": {
      "ndcg": 0.24737794491293497,
      "spearman": 0.25357142857142856
    },
    "W": {
      "ndcg": 0.7743588954336382,
      "spearman": 0.7642857142857141
    }
  },
  "by_season": {
    "2023-24": {
      "test_metrics_ensemble": {
        "ndcg": 0.6183989487400983,
        "spearman": 0.4202447163515017,
        "mrr_top2": 1.0,
        "mrr_top4": 1.0,
        "ndcg10": 0.6183989487400983,
        "ndcg_at_4": 0.35315119534797357,
        "ndcg_at_12": 0.618286110586962,
        "ndcg_at_16": 0.6195388646143931,
        "ndcg_at_20": 0.6201425499961899,
        "roc_auc_upset": 0.7361111111111112,
        "rank_mae_pred_vs_playoff_final_results": 7.266666889190674,
        "rank_rmse_pred_vs_playoff_final_results": 9.320228576660156,
        "rank_mae_eos_standings_vs_playoff_final_results": 3.7333333333333334,
        "rank_rmse_eos_standings_vs_playoff_final_results": 6.093712606722878,
        "playoff_metrics": {
          "spearman_pred_vs_playoff_final_results": 0.42869855394883205,
          "ndcg_at_4_final_four": 0.35315119534797357,
          "ndcg10_pred_vs_playoff_final_results": 0.6184039608086795,
          "brier_championship_odds": 0.03222232684493065,
          "rank_mae_pred_vs_playoff_final_results": 7.266666889190674,
          "rank_rmse_pred_vs_playoff_final_results": 9.320228576660156,
          "rank_mae_eos_standings_vs_playoff_final_results": 3.7333333333333334,
          "rank_rmse_eos_standings_vs_playoff_final_results": 6.093712606722878
        }
      },
      "test_metrics_model_a": {
        "ndcg": 0.6183989487400983,
        "spearman": 0.4206896551724138,
        "mrr_top2": 1.0,
        "mrr_top4": 1.0,
        "ndcg10": 0.6183989487400983,
        "ndcg_at_4": 0.35315119534797357,
        "ndcg_at_12": 0.618286110586962,
        "ndcg_at_16": 0.6195388646143931,
        "ndcg_at_20": 0.6201425499961899,
        "roc_auc_upset": 0.7361111111111112
      },
      "test_metrics_model_b": {
        "ndcg": 0.824193024239035,
        "spearman": 0.43759733036707454,
        "mrr_top2": 1.0,
        "mrr_top4": 1.0,
        "ndcg10": 0.824193024239035,
        "ndcg_at_4": 0.7116242168324007,
        "ndcg_at_12": 0.8239986554611726,
        "ndcg_at_16": 0.8290939345635128,
        "ndcg_at_20": 0.8660605143047344,
        "roc_auc_upset": 0.7737556561085972
      },
      "test_metrics_model_c": {
        "ndcg": 0.333487026575135,
        "spearman": 0.23159065628476083,
        "mrr_top2": 0.16666666666666666,
        "mrr_top4": 0.16666666666666666,
        "ndcg10": 0.333487026575135,
        "ndcg_at_4": 0.0011069724610271625,
        "ndcg_at_12": 0.33890731926775686,
        "ndcg_at_16": 0.35966393831396193,
        "ndcg_at_20": 0.3699999322309346,
        "roc_auc_upset": 0.7633928571428571
      },
      "test_metrics_by_conference": {
        "E": {
          "ndcg": 0.406013486878053,
          "spearman": 0.23928571428571427
        },
        "W": {
          "ndcg": 0.9449572706704487,
          "spearman": 0.5857142857142856
        }
      },
      "notes": {
        "eos_rank_source": "eos_final_rank"
      }
    },
    "2024-25": {
      "test_metrics_ensemble": {
        "ndcg": 0.48486087886006374,
        "spearman": 0.5101223581757508,
        "mrr_top2": 0.5,
        "mrr_top4": 0.5,
        "ndcg10": 0.48486087886006374,
        "ndcg_at_4": 0.4643519436832566,
        "ndcg_at_12": 0.5286203733236599,
        "ndcg_at_16": 0.5298435647892664,
        "ndcg_at_20": 0.5322349301978095,
        "roc_auc_upset": 0.7410714285714286,
        "rank_mae_pred_vs_playoff_final_results": 6.599999904632568,
        "rank_rmse_pred_vs_playoff_final_results": 8.56737995147705,
        "rank_mae_eos_standings_vs_playoff_final_results": 3.1333333333333333,
        "rank_rmse_eos_standings_vs_playoff_final_results": 4.449719092257398,
        "playoff_metrics": {
          "spearman_pred_vs_playoff_final_results": 0.49499443826473855,
          "ndcg_at_4_final_four": 0.46433662668392073,
          "ndcg10_pred_vs_playoff_final_results": 0.4848459862710759,
          "brier_championship_odds": 0.03222232684493065,
          "rank_mae_pred_vs_playoff_final_results": 6.599999904632568,
          "rank_rmse_pred_vs_playoff_final_results": 8.56737995147705,
          "rank_mae_eos_standings_vs_playoff_final_results": 3.1333333333333333,
          "rank_rmse_eos_standings_vs_playoff_final_results": 4.449719092257398
        }
      },
      "test_metrics_model_a": {
        "ndcg": 0.48486087886006374,
        "spearman": 0.5101223581757508,
        "mrr_top2": 0.5,
        "mrr_top4": 0.5,
        "ndcg10": 0.48486087886006374,
        "ndcg_at_4": 0.4643519436832566,
        "ndcg_at_12": 0.5286203733236599,
        "ndcg_at_16": 0.5298435647892664,