{
  "test_metrics_ensemble": {
    "ndcg": 0.48593296648918133,
    "spearman": 0.48031145717463847,
    "mrr_top2": 0.5,
    "mrr_top4": 0.5,
    "ndcg10": 0.48593296648918133,
    "ndcg_at_4": 0.4643519436832566,
    "ndcg_at_12": 0.48618066100960106,
    "ndcg_at_16": 0.5287953025358217,
    "ndcg_at_20": 0.5323581956445289,
    "roc_auc_upset": 0.8044444444444445,
    "rank_mae_pred_vs_playoff_final_results": 6.933333396911621,
    "rank_rmse_pred_vs_playoff_final_results": 8.824209213256836,
    "rank_mae_eos_standings_vs_playoff_final_results": 3.1333333333333333,
    "rank_rmse_eos_standings_vs_playoff_final_results": 4.449719092257398,
    "playoff_metrics": {
      "spearman_pred_vs_playoff_final_results": 0.4767519466073415,
      "ndcg_at_4_final_four": 0.46433662668392073,
      "ndcg10_pred_vs_playoff_final_results": 0.4859175365324493,
      "brier_championship_odds": 0.03222232684493065,
      "rank_mae_pred_vs_playoff_final_results": 6.933333396911621,
      "rank_rmse_pred_vs_playoff_final_results": 8.824209213256836,
      "rank_mae_eos_standings_vs_playoff_final_results": 3.1333333333333333,
      "rank_rmse_eos_standings_vs_playoff_final_results": 4.449719092257398
    }
  },
  "test_metrics_model_a": {
    "ndcg": 0.48593296648918133,
    "spearman": 0.4705228031145718,
    "mrr_top2": 0.5,
    "mrr_top4": 0.5,
    "ndcg10": 0.48593296648918133,
    "ndcg_at_4": 0.4643519436832566,
    "ndcg_at_12": 0.4861703071901353,
    "ndcg_at_16": 0.5287849495105558,
    "ndcg_at_20": 0.5323102104636499,
    "roc_auc_upset": 0.8133333333333334
  },
  "test_metrics_model_b": {
    "ndcg": 0.15627980117372517,
    "spearman": 0.5323692992213571,
    "mrr_top2": 0.16666666666666666,
    "mrr_top4": 0.16666666666666666,
    "ndcg10": 0.15627980117372517,
    "ndcg_at_4": 0.04029517653159447,
    "ndcg_at_12": 0.15629266836798264,
    "ndcg_at_16": 0.21922939781881115,
    "ndcg_at_20": 0.36711016570956484,
    "roc_auc_upset": 0.8552036199095022
  },
  "test_metrics_model_c": {
    "ndcg": 0.05124995751403931,
    "spearman": 0.307230255839822,
    "mrr_top2": 0.0625,
    "mrr_top4": 0.2,
    "ndcg10": 0.05124995751403931,
    "ndcg_at_4": 0.00711064040423231,
    "ndcg_at_12": 0.056899138174850025,
    "ndcg_at_16": 0.1769467286075223,
    "ndcg_at_20": 0.17934460063934335,
    "roc_auc_upset": 0.8214285714285714
  },
  "test_metrics_by_conference": {
    "E": {
      "ndcg": 0.25529192735351874,
      "spearman": 0.22499999999999998
    },
    "W": {
      "ndcg": 0.7723538271486643,
      "spearman": 0.7142857142857142
    }
  },
  "notes": {
    "eos_rank_source": "eos_final_rank"
  }
}