{
  "test_metrics_ensemble": {
    "ndcg": 0.541145942154401,
    "spearman": 0.4162402669632926,
    "mrr_top2": 1.0,
    "mrr_top4": 1.0,
    "ndcg10": 0.541145942154401,
    "ndcg_at_4": 0.35315119534797357,
    "ndcg_at_12": 0.5876750451627486,
    "ndcg_at_16": 0.5882571918378438,
    "ndcg_at_20": 0.5882569509875443,
    "roc_auc_upset": 0.7946428571428571,
    "rank_mae_pred_vs_playoff_final_results": 7.133333206176758,
    "rank_rmse_pred_vs_playoff_final_results": 9.352361679077148,
    "rank_mae_eos_standings_vs_playoff_final_results": 3.7333333333333334,
    "rank_rmse_eos_standings_vs_playoff_final_results": 6.093712606722878,
    "playoff_metrics": {
      "spearman_pred_vs_playoff_final_results": 0.49543937708565067,
      "ndcg_at_4_final_four": 0.35315119534797357,
      "ndcg10_pred_vs_playoff_final_results": 0.5411514776508096,
      "brier_championship_odds": 0.03222232684493065,
      "rank_mae_pred_vs_playoff_final_results": 7.133333206176758,
      "rank_rmse_pred_vs_playoff_final_results": 9.352361679077148,
      "rank_mae_eos_standings_vs_playoff_final_results": 3.7333333333333334,
      "rank_rmse_eos_standings_vs_playoff_final_results": 6.093712606722878
    }
  },
  "test_metrics_model_a": {
    "ndcg": 0.541145942154401,
    "spearman": 0.4162402669632926,
    "mrr_top2": 1.0,
    "mrr_top4": 1.0,
    "ndcg10": 0.541145942154401,
    "ndcg_at_4": 0.35315119534797357,
    "ndcg_at_12": 0.5876750451627486,
    "ndcg_at_16": 0.5882571918378438,
    "ndcg_at_20": 0.5882569509875443,
    "roc_auc_upset": 0.7946428571428571
  },
  "test_metrics_model_b": {
    "ndcg": 0.8023797131139717,
    "spearman": 0.40734149054505003,
    "mrr_top2": 1.0,
    "mrr_top4": 1.0,
    "ndcg10": 0.8023797131139717,
    "ndcg_at_4": 0.7116242168324007,
    "ndcg_at_12": 0.8021931476373413,
    "ndcg_at_16": 0.8437739192838485,
    "ndcg_at_20": 0.84839153054479,
    "roc_auc_upset": 0.7544642857142857
  },
  "test_metrics_model_c": {
    "ndcg": 0.333487026575135,
    "spearman": 0.23159065628476083,
    "mrr_top2": 0.16666666666666666,
    "mrr_top4": 0.16666666666666666,
    "ndcg10": 0.333487026575135,
    "ndcg_at_4": 0.0011069724610271625,
    "ndcg_at_12": 0.33890731926775686,
    "ndcg_at_16": 0.35966393831396193,
    "ndcg_at_20": 0.3699999322309346,
    "roc_auc_upset": 0.7633928571428571
  },
  "test_metrics_by_conference": {
    "E": {
      "ndcg": 0.3869402032684001,
      "spearman": 0.2821428571428571
    },
    "W": {
      "ndcg": 0.9184565006366837,
      "spearman": 0.47857142857142854
    }
  },
  "notes": {
    "eos_rank_source": "eos_final_rank"
  }
}