{
  "notes": {
    "eval_on": "test",
    "eos_rank_source": "eos_final_rank",
    "upset_definition": "sleeper = EOS_global_rank > predicted_strength",
    "mrr_top2": "1/rank of first team in top 2 (champion+runner-up) in predicted order.",
    "mrr_top4": "1/rank of first team in top 4 (conference finals) in predicted order.",
    "per_conference_relevance": "Within E/W: actual rank derived from EOS_global_rank (1=best in conf); NDCG/Spearman use this relevance.",
    "playoff_metrics": "Spearman (pred global vs playoff_final_results), NDCG@4 (final four), Brier (champion vs odds). rank_mae/rank_rmse: pred vs playoff_final_results; eos_standings vs playoff_final_results (baseline)."
  },
  "split_info": {
    "train_frac": 0.75,
    "n_train_dates": 141,
    "n_test_dates": 36,
    "split_mode": "seasons"
  },
  "test_metrics_ensemble": {
    "ndcg": 0.48276787198016013,
    "spearman": 0.49499443826473855,
    "mrr_top2": 0.5,
    "mrr_top4": 0.5,
    "ndcg10": 0.48276787198016013,
    "ndcg_at_4": 0.4643519436832566,
    "ndcg_at_12": 0.4830060440475542,
    "ndcg_at_16": 0.5268623946302693,
    "ndcg_at_20": 0.5298269197986933,
    "roc_auc_upset": 0.7678571428571428,
    "rank_mae_pred_vs_playoff_final_results": 7.0,
    "rank_rmse_pred_vs_playoff_final_results": 8.69865894317627,
    "rank_mae_eos_standings_vs_playoff_final_results": 3.1333333333333333,
    "rank_rmse_eos_standings_vs_playoff_final_results": 4.449719092257398,
    "playoff_metrics": {
      "spearman_pred_vs_playoff_final_results": 0.48787541713014465,
      "ndcg_at_4_final_four": 0.46433662668392073,
      "ndcg10_pred_vs_playoff_final_results": 0.4827524433522467,
      "brier_championship_odds": 0.03222232684493065,
      "rank_mae_pred_vs_playoff_final_results": 7.0,
      "rank_rmse_pred_vs_playoff_final_results": 8.69865894317627,
      "rank_mae_eos_standings_vs_playoff_final_results": 3.1333333333333333,
      "rank_rmse_eos_standings_vs_playoff_final_results": 4.449719092257398
    }
  },
  "test_metrics_model_a": {
    "ndcg": 0.48276787198016013,
    "spearman": 0.49499443826473855,
    "mrr_top2": 0.5,
    "mrr_top4": 0.5,
    "ndcg10": 0.48276787198016013,
    "ndcg_at_4": 0.4643519436832566,
    "ndcg_at_12": 0.4830060440475542,
    "ndcg_at_16": 0.5268623946302693,
    "ndcg_at_20": 0.5298269197986933,
    "roc_auc_upset": 0.7678571428571428
  },
  "test_metrics_model_b": {
    "ndcg": 0.21441960365664167,
    "spearman": 0.6471635150166852,
    "mrr_top2": 0.2,
    "mrr_top4": 0.2,
    "ndcg10": 0.21441960365664167,
    "ndcg_at_4": 0.04166423104576856,
    "ndcg_at_12": 0.41255782583791484,
    "ndcg_at_16": 0.41265987992558756,
    "ndcg_at_20": 0.4126581571223174,
    "roc_auc_upset": 0.75
  },
  "test_metrics_model_c": {
    "ndcg": 0.05124995751403931,
    "spearman": 0.30189098998887653,
    "mrr_top2": 0.0625,
    "mrr_top4": 0.2,
    "ndcg10": 0.05124995751403931,
    "ndcg_at_4": 0.00711064040423231,
    "ndcg_at_12": 0.056899138174850025,
    "ndcg_at_16": 0.1769467286075223,
    "ndcg_at_20": 0.17934445367388585,
    "roc_auc_upset": 0.8258928571428571
  },
  "test_metrics_by_conference": {
    "E": {
      "ndcg": 0.2401782317927594,
      "spearman": 0.23571428571428568
    },
    "W": {
      "ndcg": 0.7621882543043447,
      "spearman": 0.7321428571428571
    }
  },
  "by_season": {
    "2023-24": {
      "test_metrics_ensemble": {
        "ndcg": 0.541145942154401,
        "spearman": 0.4162402669632926,
        "mrr_top2": 1.0,
        "mrr_top4": 1.0,
        "ndcg10": 0.541145942154401,
        "ndcg_at_4": 0.35315119534797357,
        "ndcg_at_12": 0.5876750451627486,
        "ndcg_at_16": 0.5882571918378438,
        "ndcg_at_20": 0.5882569509875443,
        "roc_auc_upset": 0.7946428571428571,
        "rank_mae_pred_vs_playoff_final_results": 7.133333206176758,
        "rank_rmse_pred_vs_playoff_final_results": 9.352361679077148,
        "rank_mae_eos_standings_vs_playoff_final_results": 3.7333333333333334,
        "rank_rmse_eos_standings_vs_playoff_final_results": 6.093712606722878,
        "playoff_metrics": {
          "spearman_pred_vs_playoff_final_results": 0.49543937708565067,
          "ndcg_at_4_final_four": 0.35315119534797357,
          "ndcg10_pred_vs_playoff_final_results": 0.5411514776508096,
          "brier_championship_odds": 0.03222232684493065,
          "rank_mae_pred_vs_playoff_final_results": 7.133333206176758,
          "rank_rmse_pred_vs_playoff_final_results": 9.352361679077148,
          "rank_mae_eos_standings_vs_playoff_final_results": 3.7333333333333334,
          "rank_rmse_eos_standings_vs_playoff_final_results": 6.093712606722878
        }
      },
      "test_metrics_model_a": {
        "ndcg": 0.541145942154401,
        "spearman": 0.4162402669632926,
        "mrr_top2": 1.0,
        "mrr_top4": 1.0,
        "ndcg10": 0.541145942154401,
        "ndcg_at_4": 0.35315119534797357,
        "ndcg_at_12": 0.5876750451627486,
        "ndcg_at_16": 0.5882571918378438,
        "ndcg_at_20": 0.5882569509875443,
        "roc_auc_upset": 0.7946428571428571
      },
      "test_metrics_model_b": {
        "ndcg": 0.8023797131139717,
        "spearman": 0.40734149054505003,
        "mrr_top2": 1.0,
        "mrr_top4": 1.0,
        "ndcg10": 0.8023797131139717,
        "ndcg_at_4": 0.7116242168324007,
        "ndcg_at_12": 0.8021931476373413,
        "ndcg_at_16": 0.8437739192838485,
        "ndcg_at_20": 0.84839153054479,
        "roc_auc_upset": 0.7544642857142857
      },
      "test_metrics_model_c": {
        "ndcg": 0.333487026575135,
        "spearman": 0.23159065628476083,
        "mrr_top2": 0.16666666666666666,
        "mrr_top4": 0.16666666666666666,
        "ndcg10": 0.333487026575135,
        "ndcg_at_4": 0.0011069724610271625,
        "ndcg_at_12": 0.33890731926775686,
        "ndcg_at_16": 0.35966393831396193,
        "ndcg_at_20": 0.3699999322309346,
        "roc_auc_upset": 0.7633928571428571
      },
      "test_metrics_by_conference": {
        "E": {
          "ndcg": 0.3869402032684001,
          "spearman": 0.2821428571428571
        },
        "W": {
          "ndcg": 0.9184565006366837,
          "spearman": 0.47857142857142854
        }
      },
      "notes": {
        "eos_rank_source": "eos_final_rank"
      }
    },
    "2024-25": {
      "test_metrics_ensemble": {
        "ndcg": 0.48276787198016013,
        "spearman": 0.49499443826473855,
        "mrr_top2": 0.5,
        "mrr_top4": 0.5,
        "ndcg10": 0.48276787198016013,
        "ndcg_at_4": 0.4643519436832566,
        "ndcg_at_12": 0.4830060440475542,
        "ndcg_at_16": 0.5268623946302693,
        "ndcg_at_20": 0.5298269197986933,
        "roc_auc_upset": 0.7678571428571428,
        "rank_mae_pred_vs_playoff_final_results": 7.0,
        "rank_rmse_pred_vs_playoff_final_results": 8.69865894317627,
        "rank_mae_eos_standings_vs_playoff_final_results": 3.1333333333333333,
        "rank_rmse_eos_standings_vs_playoff_final_results": 4.449719092257398,
        "playoff_metrics": {
          "spearman_pred_vs_playoff_final_results": 0.48787541713014465,
          "ndcg_at_4_final_four": 0.46433662668392073,
          "ndcg10_pred_vs_playoff_final_results": 0.4827524433522467,
          "brier_championship_odds": 0.03222232684493065,
          "rank_mae_pred_vs_playoff_final_results": 7.0,
          "rank_rmse_pred_vs_playoff_final_results": 8.69865894317627,
          "rank_mae_eos_standings_vs_playoff_final_results": 3.1333333333333333,
          "rank_rmse_eos_standings_vs_playoff_final_results": 4.449719092257398
        }
      },
      "test_metrics_model_a": {
        "ndcg": 0.48276787198016013,
        "spearman": 0.49499443826473855,
        "mrr_top2": 0.5,
        "mrr_top4": 0.5,
        "ndcg10": 0.48276787198016013,
        "ndcg_at_4": 0.4643519436832566,
        "ndcg_at_12": 0.4830060440475542,
        "ndcg_at_16": 0.5268623946302693,
        "ndcg_at_20": 0.5298269197986933,