{
  "test_metrics_ensemble": {
    "ndcg": 0.48276787198016013,
    "spearman": 0.49499443826473855,
    "mrr_top2": 0.5,
    "mrr_top4": 0.5,
    "ndcg10": 0.48276787198016013,
    "ndcg_at_4": 0.4643519436832566,
    "ndcg_at_12": 0.4830060440475542,
    "ndcg_at_16": 0.5268623946302693,
    "ndcg_at_20": 0.5298269197986933,
    "roc_auc_upset": 0.7678571428571428,
    "rank_mae_pred_vs_playoff_final_results": 7.0,
    "rank_rmse_pred_vs_playoff_final_results": 8.69865894317627,
    "rank_mae_eos_standings_vs_playoff_final_results": 3.1333333333333333,
    "rank_rmse_eos_standings_vs_playoff_final_results": 4.449719092257398,
    "playoff_metrics": {
      "spearman_pred_vs_playoff_final_results": 0.48787541713014465,
      "ndcg_at_4_final_four": 0.46433662668392073,
      "ndcg10_pred_vs_playoff_final_results": 0.4827524433522467,
      "brier_championship_odds": 0.03222232684493065,
      "rank_mae_pred_vs_playoff_final_results": 7.0,
      "rank_rmse_pred_vs_playoff_final_results": 8.69865894317627,
      "rank_mae_eos_standings_vs_playoff_final_results": 3.1333333333333333,
      "rank_rmse_eos_standings_vs_playoff_final_results": 4.449719092257398
    }
  },
  "test_metrics_model_a": {
    "ndcg": 0.48276787198016013,
    "spearman": 0.49499443826473855,
    "mrr_top2": 0.5,
    "mrr_top4": 0.5,
    "ndcg10": 0.48276787198016013,
    "ndcg_at_4": 0.4643519436832566,
    "ndcg_at_12": 0.4830060440475542,
    "ndcg_at_16": 0.5268623946302693,
    "ndcg_at_20": 0.5298269197986933,
    "roc_auc_upset": 0.7678571428571428
  },
  "test_metrics_model_b": {
    "ndcg": 0.21441960365664167,
    "spearman": 0.6471635150166852,
    "mrr_top2": 0.2,
    "mrr_top4": 0.2,
    "ndcg10": 0.21441960365664167,
    "ndcg_at_4": 0.04166423104576856,
    "ndcg_at_12": 0.41255782583791484,
    "ndcg_at_16": 0.41265987992558756,
    "ndcg_at_20": 0.4126581571223174,
    "roc_auc_upset": 0.75
  },
  "test_metrics_model_c": {
    "ndcg": 0.05124995751403931,
    "spearman": 0.30189098998887653,
    "mrr_top2": 0.0625,
    "mrr_top4": 0.2,
    "ndcg10": 0.05124995751403931,
    "ndcg_at_4": 0.00711064040423231,
    "ndcg_at_12": 0.056899138174850025,
    "ndcg_at_16": 0.1769467286075223,
    "ndcg_at_20": 0.17934445367388585,
    "roc_auc_upset": 0.8258928571428571
  },
  "test_metrics_by_conference": {
    "E": {
      "ndcg": 0.2401782317927594,
      "spearman": 0.23571428571428568
    },
    "W": {
      "ndcg": 0.7621882543043447,
      "spearman": 0.7321428571428571
    }
  },
  "notes": {
    "eos_rank_source": "eos_final_rank"
  }
}