{
  "test_metrics_ensemble": {
    "ndcg": 0.5695446912748563,
    "spearman": 0.26941045606229147,
    "mrr_top2": 1.0,
    "mrr_top4": 1.0,
    "ndcg10": 0.5695446912748563,
    "ndcg_at_4": 0.34414453842094367,
    "ndcg_at_12": 0.6132867806213684,
    "ndcg_at_16": 0.6132435674640231,
    "ndcg_at_20": 0.6132411729056905,
    "roc_auc_upset": 0.8080357142857142,
    "rank_mae_pred_vs_playoff_final_results": 8.266666412353516,
    "rank_rmse_pred_vs_playoff_final_results": 10.462632179260254,
    "rank_mae_eos_standings_vs_playoff_final_results": 3.7333333333333334,
    "rank_rmse_eos_standings_vs_playoff_final_results": 6.093712606722878,
    "spearman_standings": -0.38776418242491656,
    "ndcg10_standings": 0.41763247302438217,
    "ndcg_at_4_standings": 0.026748957771845352,
    "ndcg_at_16_standings": 0.439434484278302,
    "rank_rmse_standings": 9.577752113342285,
    "playoff_metrics": {
      "spearman_pred_vs_playoff_final_results": 0.32057842046718577,
      "ndcg_at_4_final_four": 0.34414453842094367,
      "ndcg10_pred_vs_playoff_final_results": 0.5695502837410734,
      "brier_championship_odds": 0.0314764678478241,
      "rank_mae_pred_vs_playoff_final_results": 8.266666412353516,
      "rank_rmse_pred_vs_playoff_final_results": 10.462632179260254,
      "rank_mae_eos_standings_vs_playoff_final_results": 3.7333333333333334,
      "rank_rmse_eos_standings_vs_playoff_final_results": 6.093712606722878
    }
  },
  "test_metrics_model_a": {
    "ndcg": 0.5695446912748563,
    "spearman": 0.27430478309232476,
    "mrr_top2": 1.0,
    "mrr_top4": 1.0,
    "ndcg10": 0.5695446912748563,
    "ndcg_at_4": 0.34414453842094367,
    "ndcg_at_12": 0.6132867806213684,
    "ndcg_at_16": 0.6132435674640231,
    "ndcg_at_20": 0.6138185504590996,
    "roc_auc_upset": 0.8080357142857142
  },
  "test_metrics_model_b": {
    "ndcg": 0.8065914185819337,
    "spearman": 0.4829810901001112,
    "mrr_top2": 1.0,
    "mrr_top4": 1.0,
    "ndcg10": 0.8065914185819337,
    "ndcg_at_4": 0.6907114070725182,
    "ndcg_at_12": 0.8063802234833427,
    "ndcg_at_16": 0.8470005139050484,
    "ndcg_at_20": 0.8518649618435864,
    "roc_auc_upset": 0.7555555555555555
  },
  "test_metrics_model_c": {
    "ndcg": 0.33348743391404295,
    "spearman": 0.23337041156840932,
    "mrr_top2": 0.16666666666666666,
    "mrr_top4": 0.16666666666666666,
    "ndcg10": 0.33348743391404295,
    "ndcg_at_4": 0.001111095381373398,
    "ndcg_at_12": 0.3389077264996702,
    "ndcg_at_16": 0.3596643455146382,
    "ndcg_at_20": 0.37000033942981986,
    "roc_auc_upset": 0.7633928571428571
  },
  "test_metrics_by_conference": {
    "E": {
      "ndcg": 0.368893933875612,
      "spearman": 0.0857142857142857
    },
    "W": {
      "ndcg": 0.9061599473516356,
      "spearman": 0.38928571428571423
    }
  },
  "notes": {
    "eos_rank_source": "eos_final_rank"
  }
}