{
  "notes": {
    "eval_on": "test",
    "eos_rank_source": "eos_final_rank",
    "upset_definition": "sleeper = EOS_global_rank > predicted_strength",
    "mrr_top2": "1/rank of first team in top 2 (champion+runner-up) in predicted order.",
    "mrr_top4": "1/rank of first team in top 4 (conference finals) in predicted order.",
    "per_conference_relevance": "Within E/W: actual rank derived from EOS_global_rank (1=best in conf); NDCG/Spearman use this relevance.",
    "playoff_metrics": "Spearman (pred global vs playoff_final_results), NDCG@4 (final four), Brier (champion vs odds). rank_mae/rank_rmse: pred vs playoff_final_results; eos_standings vs playoff_final_results (baseline)."
  },
  "split_info": {
    "train_frac": 0.75,
    "n_train_dates": 141,
    "n_test_dates": 36,
    "split_mode": "seasons"
  },
  "test_metrics_ensemble": {
    "ndcg": 0.4832432051221292,
    "spearman": 0.4353726362625139,
    "mrr_top2": 0.5,
    "mrr_top4": 0.5,
    "ndcg10": 0.4832432051221292,
    "ndcg_at_4": 0.4730975652470979,
    "ndcg_at_12": 0.4831169639116143,
    "ndcg_at_16": 0.5260477284647198,
    "ndcg_at_20": 0.5278403052272275,
    "roc_auc_upset": 0.8214285714285714,
    "rank_mae_pred_vs_playoff_final_results": 7.4666666984558105,
    "rank_rmse_pred_vs_playoff_final_results": 9.19782543182373,
    "rank_mae_eos_standings_vs_playoff_final_results": 3.1333333333333333,
    "rank_rmse_eos_standings_vs_playoff_final_results": 4.449719092257398,
    "spearman_standings": -0.47497219132369295,
    "ndcg10_standings": 0.5027108068040438,
    "ndcg_at_4_standings": 0.5152109313106433,
    "ndcg_at_16_standings": 0.5157809133035284,
    "rank_rmse_standings": 8.869422912597656,
    "playoff_metrics": {
      "spearman_pred_vs_playoff_final_results": 0.45317018909899887,
      "ndcg_at_4_final_four": 0.4730975652470979,
      "ndcg10_pred_vs_playoff_final_results": 0.48323270277895025,
      "brier_championship_odds": 0.030076472088694572,
      "rank_mae_pred_vs_playoff_final_results": 7.4666666984558105,
      "rank_rmse_pred_vs_playoff_final_results": 9.19782543182373,
      "rank_mae_eos_standings_vs_playoff_final_results": 3.1333333333333333,
      "rank_rmse_eos_standings_vs_playoff_final_results": 4.449719092257398
    }
  },
  "test_metrics_model_a": {
    "ndcg": 0.4832432051221292,
    "spearman": 0.4353726362625139,
    "mrr_top2": 0.5,
    "mrr_top4": 0.5,
    "ndcg10": 0.4832432051221292,
    "ndcg_at_4": 0.4730975652470979,
    "ndcg_at_12": 0.4831169639116143,
    "ndcg_at_16": 0.5260477284647198,
    "ndcg_at_20": 0.5278403052272275,
    "roc_auc_upset": 0.8214285714285714
  },
  "test_metrics_model_b": {
    "ndcg": 0.20234794654321717,
    "spearman": 0.5911012235817574,
    "mrr_top2": 0.16666666666666666,
    "mrr_top4": 0.16666666666666666,
    "ndcg10": 0.20234794654321717,
    "ndcg_at_4": 0.04029517653159447,
    "ndcg_at_12": 0.20300327510450827,
    "ndcg_at_16": 0.3735997581437313,
    "ndcg_at_20": 0.39314249958632913,
    "roc_auc_upset": 0.7955555555555556
  },
  "test_metrics_model_c": {
    "ndcg": 0.05139534647930671,
    "spearman": 0.3125695216907675,
    "mrr_top2": 0.07142857142857142,
    "mrr_top4": 0.2,
    "ndcg10": 0.05139534647930671,
    "ndcg_at_4": 0.0072603807417201014,
    "ndcg_at_12": 0.05704448895120833,
    "ndcg_at_16": 0.17989573678693135,
    "ndcg_at_20": 0.18229344888290439,
    "roc_auc_upset": 0.8214285714285714
  },
  "test_metrics_by_conference": {
    "E": {
      "ndcg": 0.25279024978877096,
      "spearman": 0.2785714285714285
    },
    "W": {
      "ndcg": 0.7346666807940231,
      "spearman": 0.5178571428571428
    }
  },
  "by_season": {
    "2023-24": {
      "test_metrics_ensemble": {
        "ndcg": 0.5695446912748563,
        "spearman": 0.26941045606229147,
        "mrr_top2": 1.0,
        "mrr_top4": 1.0,
        "ndcg10": 0.5695446912748563,
        "ndcg_at_4": 0.34414453842094367,
        "ndcg_at_12": 0.6132867806213684,
        "ndcg_at_16": 0.6132435674640231,
        "ndcg_at_20": 0.6132411729056905,
        "roc_auc_upset": 0.8080357142857142,
        "rank_mae_pred_vs_playoff_final_results": 8.266666412353516,
        "rank_rmse_pred_vs_playoff_final_results": 10.462632179260254,
        "rank_mae_eos_standings_vs_playoff_final_results": 3.7333333333333334,
        "rank_rmse_eos_standings_vs_playoff_final_results": 6.093712606722878,
        "spearman_standings": -0.38776418242491656,
        "ndcg10_standings": 0.41763247302438217,
        "ndcg_at_4_standings": 0.026748957771845352,
        "ndcg_at_16_standings": 0.439434484278302,
        "rank_rmse_standings": 9.577752113342285,
        "playoff_metrics": {
          "spearman_pred_vs_playoff_final_results": 0.32057842046718577,
          "ndcg_at_4_final_four": 0.34414453842094367,
          "ndcg10_pred_vs_playoff_final_results": 0.5695502837410734,
          "brier_championship_odds": 0.0314764678478241,
          "rank_mae_pred_vs_playoff_final_results": 8.266666412353516,
          "rank_rmse_pred_vs_playoff_final_results": 10.462632179260254,
          "rank_mae_eos_standings_vs_playoff_final_results": 3.7333333333333334,
          "rank_rmse_eos_standings_vs_playoff_final_results": 6.093712606722878
        }
      },
      "test_metrics_model_a": {
        "ndcg": 0.5695446912748563,
        "spearman": 0.27430478309232476,
        "mrr_top2": 1.0,
        "mrr_top4": 1.0,
        "ndcg10": 0.5695446912748563,
        "ndcg_at_4": 0.34414453842094367,
        "ndcg_at_12": 0.6132867806213684,
        "ndcg_at_16": 0.6132435674640231,
        "ndcg_at_20": 0.6138185504590996,
        "roc_auc_upset": 0.8080357142857142
      },
      "test_metrics_model_b": {
        "ndcg": 0.8065914185819337,
        "spearman": 0.4829810901001112,
        "mrr_top2": 1.0,
        "mrr_top4": 1.0,
        "ndcg10": 0.8065914185819337,
        "ndcg_at_4": 0.6907114070725182,
        "ndcg_at_12": 0.8063802234833427,
        "ndcg_at_16": 0.8470005139050484,
        "ndcg_at_20": 0.8518649618435864,
        "roc_auc_upset": 0.7555555555555555
      },
      "test_metrics_model_c": {
        "ndcg": 0.33348743391404295,
        "spearman": 0.23337041156840932,
        "mrr_top2": 0.16666666666666666,
        "mrr_top4": 0.16666666666666666,
        "ndcg10": 0.33348743391404295,
        "ndcg_at_4": 0.001111095381373398,
        "ndcg_at_12": 0.3389077264996702,
        "ndcg_at_16": 0.3596643455146382,
        "ndcg_at_20": 0.37000033942981986,
        "roc_auc_upset": 0.7633928571428571
      },
      "test_metrics_by_conference": {
        "E": {
          "ndcg": 0.368893933875612,
          "spearman": 0.0857142857142857
        },
        "W": {
          "ndcg": 0.9061599473516356,
          "spearman": 0.38928571428571423
        }
      },
      "notes": {
        "eos_rank_source": "eos_final_rank"
      }
    },
    "2024-25": {
      "test_metrics_ensemble": {
        "ndcg": 0.4832432051221292,
        "spearman": 0.4353726362625139,
        "mrr_top2": 0.5,
        "mrr_top4": 0.5,
        "ndcg10": 0.4832432051221292,
        "ndcg_at_4": 0.4730975652470979,
        "ndcg_at_12": 0.4831169639116143,
        "ndcg_at_16": 0.5260477284647198,
        "ndcg_at_20": 0.5278403052272275,
        "roc_auc_upset": 0.8214285714285714,
        "rank_mae_pred_vs_playoff_final_results": 7.4666666984558105,
        "rank_rmse_pred_vs_playoff_final_results": 9.19782543182373,
        "rank_mae_eos_standings_vs_playoff_final_results": 3.1333333333333333,
        "rank_rmse_eos_standings_vs_playoff_final_results": 4.449719092257398,
        "spearman_standings": -0.47497219132369295,
        "ndcg10_standings": 0.5027108068040438,
        "ndcg_at_4_standings": 0.5152109313106433,
        "ndcg_at_16_standings": 0.5157809133035284,
        "rank_rmse_standings": 8.869422912597656,
        "playoff_metrics": {
          "spearman_pred_vs_playoff_final_results": 0.45317018909899887,