{
  "test_metrics_ensemble": {
    "ndcg": 0.45027697139955153,
    "spearman": 0.7383759733036708,
    "mrr_top2": 0.2,
    "mrr_top4": 0.2,
    "ndcg_at_4": 0.054419265663439804,
    "ndcg_at_12": 0.37305276792636605,
    "ndcg_at_16": 0.3731915463227723,
    "ndcg_at_20": 0.45027013961189444,
    "ndcg_at_30": 0.45027697139955153,
    "rank_mae_pred_vs_playoff_outcome_rank": 5.199999809265137,
    "rank_rmse_pred_vs_playoff_outcome_rank": 6.260990619659424,
    "roc_auc_upset": 0.8044444444444444,
    "rank_mae_wl_record_standings_vs_playoff_outcome_rank": 3.1333333333333333,
    "rank_rmse_wl_record_standings_vs_playoff_outcome_rank": 4.449719092257398,
    "spearman_standings": -0.7423804226918799,
    "ndcg_at_4_standings": 0.3249302638758039,
    "ndcg_at_16_standings": 0.5832097949187329,
    "ndcg_at_30_standings": 0.603321369335788,
    "rank_rmse_standings": 6.212889671325684,
    "playoff_metrics": {
      "spearman_pred_vs_playoff_outcome_rank": 0.7152391546162402,
      "ndcg_at_4_final_four": 0.054419265663439804,
      "ndcg_at_30_pred_vs_playoff_outcome_rank": 0.4502730014947438,
      "brier_championship_odds": 0.030943136662244797,
      "rank_mae_pred_vs_playoff_outcome_rank": 5.199999809265137,
      "rank_rmse_pred_vs_playoff_outcome_rank": 6.260990619659424,
      "rank_mae_wl_record_standings_vs_playoff_outcome_rank": 3.1333333333333333,
      "rank_rmse_wl_record_standings_vs_playoff_outcome_rank": 4.449719092257398
    }
  },
  "test_metrics_model_a": {
    "ndcg": 0.5980283159214838,
    "spearman": 0.4874304783092325,
    "mrr_top2": 0.5,
    "mrr_top4": 0.5,
    "ndcg_at_4": 0.4643944167678145,
    "ndcg_at_12": 0.48478794548492526,
    "ndcg_at_16": 0.5275576132439197,
    "ndcg_at_20": 0.5299082386323931,
    "ndcg_at_30": 0.5980283159214838,
    "rank_mae_pred_vs_playoff_outcome_rank": 6.866666793823242,
    "rank_rmse_pred_vs_playoff_outcome_rank": 8.763561248779297,
    "roc_auc_upset": 0.7589285714285714
  },
  "test_metrics_model_b": {
    "ndcg": 0.4180271588386758,
    "spearman": 0.6373748609566184,
    "mrr_top2": 0.2,
    "mrr_top4": 0.2,
    "ndcg_at_4": 0.04166423104576856,
    "ndcg_at_12": 0.3974880322937465,
    "ndcg_at_16": 0.41787499293971353,
    "ndcg_at_20": 0.4178740367433739,
    "ndcg_at_30": 0.4180271588386758,
    "rank_mae_pred_vs_playoff_outcome_rank": 5.666666507720947,
    "rank_rmse_pred_vs_playoff_outcome_rank": 7.371114730834961,
    "roc_auc_upset": 0.7544642857142857
  },
  "test_metrics_model_c": {
    "ndcg": 0.3211656608039577,
    "spearman": 0.3032258064516129,
    "mrr_top2": 0.0625,
    "mrr_top4": 0.2,
    "ndcg_at_4": 0.00711064040423231,
    "ndcg_at_12": 0.056899138174850025,
    "ndcg_at_16": 0.1769467286075223,
    "ndcg_at_20": 0.17934445367388585,
    "ndcg_at_30": 0.3211656608039577,
    "rank_mae_pred_vs_playoff_outcome_rank": 8.466666221618652,
    "rank_rmse_pred_vs_playoff_outcome_rank": 10.217632293701172,
    "roc_auc_upset": 0.8258928571428571
  },
  "test_metrics_by_conference": {
    "E": {
      "ndcg": 0.5731065412568205,
      "spearman": 0.657142857142857,
      "rank_mae_wl_record_standings_vs_playoff_outcome_rank": 2.933333333333333,
      "rank_rmse_wl_record_standings_vs_playoff_outcome_rank": 3.8297084310253524,
      "rank_mae_ensemble_pred_vs_playoff_outcome_rank": 6.0,
      "rank_rmse_ensemble_pred_vs_playoff_outcome_rank": 7.339391437078872,
      "rank_mae_model_a_pred_vs_playoff_outcome_rank": 8.666666666666666,
      "rank_rmse_model_a_pred_vs_playoff_outcome_rank": 10.844353369380768,
      "rank_mae_xgb_pred_vs_playoff_outcome_rank": 6.133333333333334,
      "rank_rmse_xgb_pred_vs_playoff_outcome_rank": 8.19756061276768,
      "rank_mae_rf_pred_vs_playoff_outcome_rank": 10.0,
      "rank_rmse_rf_pred_vs_playoff_outcome_rank": 11.039323650779819
    },
    "W": {
      "ndcg": 0.67960872503132,
      "spearman": 0.8178571428571428,
      "rank_mae_wl_record_standings_vs_playoff_outcome_rank": 3.3333333333333335,
      "rank_rmse_wl_record_standings_vs_playoff_outcome_rank": 4.993328882953068,
      "rank_mae_ensemble_pred_vs_playoff_outcome_rank": 4.4,
      "rank_rmse_ensemble_pred_vs_playoff_outcome_rank": 4.953113498935123,
      "rank_mae_model_a_pred_vs_playoff_outcome_rank": 5.066666666666666,
      "rank_rmse_model_a_pred_vs_playoff_outcome_rank": 6.0,
      "rank_mae_xgb_pred_vs_playoff_outcome_rank": 5.2,
      "rank_rmse_xgb_pred_vs_playoff_outcome_rank": 6.439461675223067,
      "rank_mae_rf_pred_vs_playoff_outcome_rank": 6.933333333333334,
      "rank_rmse_rf_pred_vs_playoff_outcome_rank": 9.323804659758448
    }
  },
  "model_vs_standings_comparison": {
    "n_teams": 30,
    "standings_vs_outcome": {
      "rank_mae": 3.1333333333333333,
      "rank_rmse": 4.449719092257398
    },
    "models": {
      "ensemble": {
        "rank_mae_pred_vs_outcome": 5.2,
        "rank_rmse_pred_vs_outcome": 6.260990336999411,
        "improvement_mae_vs_standings": -2.066666666666667,
        "improvement_rmse_vs_standings": -1.811271244742013
      },
      "model_a": {
        "rank_mae_pred_vs_outcome": 6.866666666666666,
        "rank_rmse_pred_vs_outcome": 8.763560920082657,
        "improvement_mae_vs_standings": -3.733333333333333,
        "improvement_rmse_vs_standings": -4.313841827825259
      },
      "xgb": {
        "rank_mae_pred_vs_outcome": 5.666666666666667,
        "rank_rmse_pred_vs_outcome": 7.371114795831994,
        "improvement_mae_vs_standings": -2.5333333333333337,
        "improvement_rmse_vs_standings": -2.9213957035745954
      },
      "rf": {
        "rank_mae_pred_vs_outcome": 8.466666666666667,
        "rank_rmse_pred_vs_outcome": 10.21763181955584,
        "improvement_mae_vs_standings": -5.333333333333334,
        "improvement_rmse_vs_standings": -5.767912727298443
      }
    },
    "significance": {
      "ensemble": {
        "mean_mae_improvement": -2.066666666666667,
        "bootstrap_95_ci_low": -3.5,
        "bootstrap_95_ci_high": -0.5,
        "p_value_model_better_than_standings": 0.996,
        "method": "paired bootstrap over teams (resample teams, mean(standings_ae - model_ae)); H0: no improvement"
      },
      "model_a": {
        "mean_mae_improvement": -3.7333333333333334,
        "bootstrap_95_ci_low": -5.633333333333334,
        "bootstrap_95_ci_high": -1.8666666666666667,
        "p_value_model_better_than_standings": 1.0,
        "method": "paired bootstrap over teams (resample teams, mean(standings_ae - model_ae)); H0: no improvement"
      },
      "xgb": {
        "mean_mae_improvement": -2.533333333333333,
        "bootstrap_95_ci_low": -4.633333333333334,
        "bootstrap_95_ci_high": -0.4666666666666667,
        "p_value_model_better_than_standings": 0.992,
        "method": "paired bootstrap over teams (resample teams, mean(standings_ae - model_ae)); H0: no improvement"
      },
      "rf": {
        "mean_mae_improvement": -5.333333333333333,
        "bootstrap_95_ci_low": -7.733333333333333,
        "bootstrap_95_ci_high": -2.933333333333333,
        "p_value_model_better_than_standings": 1.0,
        "method": "paired bootstrap over teams (resample teams, mean(standings_ae - model_ae)); H0: no improvement"
      }
    }
  },
  "standings_vs_outcome_metrics": {
    "ensemble": {
      "outcome": {
        "ndcg_at_30": 0.45027697139955153,
        "ndcg_at_16": 0.3731915463227723,
        "spearman": 0.7383759733036708,
        "rank_rmse_pred_vs_playoff_outcome_rank": 6.260990619659424,
        "ndcg_at_12": 0.37305276792636605,
        "ndcg_at_4": 0.054419265663439804,
        "rank_mae_pred_vs_playoff_outcome_rank": 5.199999809265137
      },
      "standings": {
        "spearman_standings": -0.7423804226918799,
        "ndcg_at_4_standings": 0.3249302638758039,
        "ndcg_at_16_standings": 0.5832097949187329,
        "ndcg_at_30_standings": 0.603321369335788,
        "rank_rmse_standings": 6.212889671325684
      }
    },