{
  "test_metrics_ensemble": {
    "ndcg": 0.4885696581360604,
    "spearman": 0.47185761957730815,
    "mrr_top2": 0.5,
    "mrr_top4": 0.5,
    "ndcg10": 0.4885696581360604,
    "ndcg_at_4": 0.4643519436832566,
    "ndcg_at_12": 0.4887848784407939,
    "ndcg_at_16": 0.530312693381318,
    "ndcg_at_20": 0.5338800839675508,
    "roc_auc_upset": 0.7678571428571428,
    "rank_mae_pred_vs_playoff_final_results": 7.0,
    "rank_rmse_pred_vs_playoff_final_results": 8.895691871643066,
    "rank_mae_eos_standings_vs_playoff_final_results": 3.1333333333333333,
    "rank_rmse_eos_standings_vs_playoff_final_results": 4.449719092257398,
    "playoff_metrics": {
      "spearman_pred_vs_playoff_final_results": 0.4682981090100112,
      "ndcg_at_4_final_four": 0.46433662668392073,
      "ndcg10_pred_vs_playoff_final_results": 0.48855476554707256,
      "brier_championship_odds": 0.03222232684493065,
      "rank_mae_pred_vs_playoff_final_results": 7.0,
      "rank_rmse_pred_vs_playoff_final_results": 8.895691871643066,
      "rank_mae_eos_standings_vs_playoff_final_results": 3.1333333333333333,
      "rank_rmse_eos_standings_vs_playoff_final_results": 4.449719092257398
    }
  },
  "test_metrics_model_a": {
    "ndcg": 0.4885696581360604,
    "spearman": 0.47185761957730815,
    "mrr_top2": 0.5,
    "mrr_top4": 0.5,
    "ndcg10": 0.4885696581360604,
    "ndcg_at_4": 0.4643519436832566,
    "ndcg_at_12": 0.4887848784407939,
    "ndcg_at_16": 0.530312693381318,
    "ndcg_at_20": 0.5338800839675508,
    "roc_auc_upset": 0.7678571428571428
  },
  "test_metrics_model_b": {
    "ndcg": 0.17869879898724592,
    "spearman": 0.6280311457174638,
    "mrr_top2": 0.25,
    "mrr_top4": 0.25,
    "ndcg10": 0.17869879898724592,
    "ndcg_at_4": 0.16775742802418675,
    "ndcg_at_12": 0.22403737760181588,
    "ndcg_at_16": 0.40425701882659126,
    "ndcg_at_20": 0.40429584505489025,
    "roc_auc_upset": 0.7366071428571428
  },
  "test_metrics_model_c": {
    "ndcg": 0.05124995751403931,
    "spearman": 0.30233592880978866,
    "mrr_top2": 0.06666666666666667,
    "mrr_top4": 0.2,
    "ndcg10": 0.05124995751403931,
    "ndcg_at_4": 0.00711064040423231,
    "ndcg_at_12": 0.056899138174850025,
    "ndcg_at_16": 0.17781540372208415,
    "ndcg_at_20": 0.18021312496782235,
    "roc_auc_upset": 0.8258928571428571
  },
  "test_metrics_by_conference": {
    "E": {
      "ndcg": 0.23782247701230383,
      "spearman": 0.175
    },
    "W": {
      "ndcg": 0.7737357849437491,
      "spearman": 0.7392857142857142
    }
  },
  "notes": {
    "eos_rank_source": "eos_final_rank"
  }
}