{
  "notes": {
    "eval_on": "test",
    "eos_rank_source": "eos_final_rank",
    "upset_definition": "sleeper = EOS_global_rank > predicted_strength",
    "mrr_top2": "1/rank of first team in top 2 (champion+runner-up) in predicted order.",
    "mrr_top4": "1/rank of first team in top 4 (conference finals) in predicted order.",
    "per_conference_relevance": "Within E/W: actual rank derived from EOS_global_rank (1=best in conf); NDCG/Spearman use this relevance.",
    "playoff_metrics": "Spearman (pred global vs playoff_final_results), NDCG@4 (final four), Brier (champion vs odds). rank_mae/rank_rmse: pred vs playoff_final_results; eos_standings vs playoff_final_results (baseline)."
  },
  "split_info": {
    "train_frac": 0.75,
    "n_train_dates": 141,
    "n_test_dates": 36,
    "split_mode": "seasons"
  },
  "test_metrics_ensemble": {
    "ndcg": 0.5355539677686534,
    "spearman": 0.47541713014460507,
    "mrr_top2": 0.5,
    "mrr_top4": 0.5,
    "ndcg10": 0.5355539677686534,
    "ndcg_at_4": 0.4643944167678145,
    "ndcg_at_12": 0.5357678693410447,
    "ndcg_at_16": 0.5357480550430652,
    "ndcg_at_20": 0.5392732853708804,
    "roc_auc_upset": 0.7601809954751131,
    "rank_mae_pred_vs_playoff_final_results": 6.933333396911621,
    "rank_rmse_pred_vs_playoff_final_results": 8.8656644821167,
    "rank_mae_eos_standings_vs_playoff_final_results": 3.1333333333333333,
    "rank_rmse_eos_standings_vs_playoff_final_results": 4.449719092257398,
    "playoff_metrics": {
      "spearman_pred_vs_playoff_final_results": 0.47185761957730815,
      "ndcg_at_4_final_four": 0.4643812234227066,
      "ndcg10_pred_vs_playoff_final_results": 0.5355411394885214,
      "brier_championship_odds": 0.03222232684493065,
      "rank_mae_pred_vs_playoff_final_results": 6.933333396911621,
      "rank_rmse_pred_vs_playoff_final_results": 8.8656644821167,
      "rank_mae_eos_standings_vs_playoff_final_results": 3.1333333333333333,
      "rank_rmse_eos_standings_vs_playoff_final_results": 4.449719092257398
    }
  },
  "test_metrics_model_a": {
    "ndcg": 0.5355539677686534,
    "spearman": 0.47541713014460507,
    "mrr_top2": 0.5,
    "mrr_top4": 0.5,
    "ndcg10": 0.5355539677686534,
    "ndcg_at_4": 0.4643944167678145,
    "ndcg_at_12": 0.5357678693410447,
    "ndcg_at_16": 0.5357480550430652,
    "ndcg_at_20": 0.5392732853708804,
    "roc_auc_upset": 0.7601809954751131
  },
  "test_metrics_model_b": {
    "ndcg": 0.17990396494657288,
    "spearman": 0.6008898776418242,
    "mrr_top2": 0.25,
    "mrr_top4": 0.25,
    "ndcg10": 0.17990396494657288,
    "ndcg_at_4": 0.16775742802418675,
    "ndcg_at_12": 0.22383134653774872,
    "ndcg_at_16": 0.403063907837031,
    "ndcg_at_20": 0.4030630332820072,
    "roc_auc_upset": 0.7455357142857143
  },
  "test_metrics_model_c": {
    "ndcg": 0.05124995751403931,
    "spearman": 0.307230255839822,
    "mrr_top2": 0.0625,
    "mrr_top4": 0.2,
    "ndcg10": 0.05124995751403931,
    "ndcg_at_4": 0.00711064040423231,
    "ndcg_at_12": 0.056899138174850025,
    "ndcg_at_16": 0.1769467286075223,
    "ndcg_at_20": 0.17934460063934335,
    "roc_auc_upset": 0.8214285714285714
  },
  "test_metrics_by_conference": {
    "E": {
      "ndcg": 0.2595236328252539,
      "spearman": 0.22499999999999998
    },
    "W": {
      "ndcg": 0.7729372505482254,
      "spearman": 0.7178571428571427
    }
  },
  "by_season": {
    "2023-24": {
      "test_metrics_ensemble": {
        "ndcg": 0.6082591063174515,
        "spearman": 0.43270300333704115,
        "mrr_top2": 1.0,
        "mrr_top4": 1.0,
        "ndcg10": 0.6082591063174515,
        "ndcg_at_4": 0.3560053866302678,
        "ndcg_at_12": 0.6080993421894316,
        "ndcg_at_16": 0.6093278282383856,
        "ndcg_at_20": 0.6096232270086173,
        "roc_auc_upset": 0.6877828054298643,
        "rank_mae_pred_vs_playoff_final_results": 7.199999809265137,
        "rank_rmse_pred_vs_playoff_final_results": 9.219544410705566,
        "rank_mae_eos_standings_vs_playoff_final_results": 3.7333333333333334,
        "rank_rmse_eos_standings_vs_playoff_final_results": 6.093712606722878,
        "playoff_metrics": {
          "spearman_pred_vs_playoff_final_results": 0.4295884315906563,
          "ndcg_at_4_final_four": 0.3560053866302678,
          "ndcg10_pred_vs_playoff_final_results": 0.6082583871631253,
          "brier_championship_odds": 0.03222232684493065,
          "rank_mae_pred_vs_playoff_final_results": 7.199999809265137,
          "rank_rmse_pred_vs_playoff_final_results": 9.219544410705566,
          "rank_mae_eos_standings_vs_playoff_final_results": 3.7333333333333334,
          "rank_rmse_eos_standings_vs_playoff_final_results": 6.093712606722878
        }
      },
      "test_metrics_model_a": {
        "ndcg": 0.6082591063174515,
        "spearman": 0.43270300333704115,
        "mrr_top2": 1.0,
        "mrr_top4": 1.0,
        "ndcg10": 0.6082591063174515,
        "ndcg_at_4": 0.3560053866302678,
        "ndcg_at_12": 0.6080993421894316,
        "ndcg_at_16": 0.6093278282383856,
        "ndcg_at_20": 0.6096232270086173,
        "roc_auc_upset": 0.6877828054298643
      },
      "test_metrics_model_b": {
        "ndcg": 0.8110618199798463,
        "spearman": 0.3997775305895439,
        "mrr_top2": 1.0,
        "mrr_top4": 1.0,
        "ndcg10": 0.8110618199798463,
        "ndcg_at_4": 0.7116242168324007,
        "ndcg_at_12": 0.8108735779715156,
        "ndcg_at_16": 0.8108953244901507,
        "ndcg_at_20": 0.8155932007082998,
        "roc_auc_upset": 0.8125
      },
      "test_metrics_model_c": {
        "ndcg": 0.333487026575135,
        "spearman": 0.23159065628476083,
        "mrr_top2": 0.16666666666666666,
        "mrr_top4": 0.16666666666666666,
        "ndcg10": 0.333487026575135,
        "ndcg_at_4": 0.0011069724610271625,
        "ndcg_at_12": 0.33890731926775686,
        "ndcg_at_16": 0.35966393831396193,
        "ndcg_at_20": 0.3699999322309346,
        "roc_auc_upset": 0.7633928571428571
      },
      "test_metrics_by_conference": {
        "E": {
          "ndcg": 0.3831522604205715,
          "spearman": 0.1857142857142857
        },
        "W": {
          "ndcg": 0.9322282740664924,
          "spearman": 0.6785714285714285
        }
      },
      "notes": {
        "eos_rank_source": "eos_final_rank"
      }
    },
    "2024-25": {
      "test_metrics_ensemble": {
        "ndcg": 0.5355539677686534,
        "spearman": 0.47541713014460507,
        "mrr_top2": 0.5,
        "mrr_top4": 0.5,
        "ndcg10": 0.5355539677686534,
        "ndcg_at_4": 0.4643944167678145,
        "ndcg_at_12": 0.5357678693410447,
        "ndcg_at_16": 0.5357480550430652,
        "ndcg_at_20": 0.5392732853708804,
        "roc_auc_upset": 0.7601809954751131,
        "rank_mae_pred_vs_playoff_final_results": 6.933333396911621,
        "rank_rmse_pred_vs_playoff_final_results": 8.8656644821167,
        "rank_mae_eos_standings_vs_playoff_final_results": 3.1333333333333333,
        "rank_rmse_eos_standings_vs_playoff_final_results": 4.449719092257398,
        "playoff_metrics": {
          "spearman_pred_vs_playoff_final_results": 0.47185761957730815,
          "ndcg_at_4_final_four": 0.4643812234227066,
          "ndcg10_pred_vs_playoff_final_results": 0.5355411394885214,
          "brier_championship_odds": 0.03222232684493065,
          "rank_mae_pred_vs_playoff_final_results": 6.933333396911621,
          "rank_rmse_pred_vs_playoff_final_results": 8.8656644821167,
          "rank_mae_eos_standings_vs_playoff_final_results": 3.1333333333333333,
          "rank_rmse_eos_standings_vs_playoff_final_results": 4.449719092257398
        }
      },
      "test_metrics_model_a": {
        "ndcg": 0.5355539677686534,
        "spearman": 0.47541713014460507,
        "mrr_top2": 0.5,
        "mrr_top4": 0.5,
        "ndcg10": 0.5355539677686534,
        "ndcg_at_4": 0.4643944167678145,
        "ndcg_at_12": 0.5357678693410447,
        "ndcg_at_16": 0.5357480550430652,