{
  "test_metrics_ensemble": {
    "ndcg": 0.6082591063174515,
    "spearman": 0.43270300333704115,
    "mrr_top2": 1.0,
    "mrr_top4": 1.0,
    "ndcg10": 0.6082591063174515,
    "ndcg_at_4": 0.3560053866302678,
    "ndcg_at_12": 0.6080993421894316,
    "ndcg_at_16": 0.6093278282383856,
    "ndcg_at_20": 0.6096232270086173,
    "roc_auc_upset": 0.6877828054298643,
    "rank_mae_pred_vs_playoff_final_results": 7.199999809265137,
    "rank_rmse_pred_vs_playoff_final_results": 9.219544410705566,
    "rank_mae_eos_standings_vs_playoff_final_results": 3.7333333333333334,
    "rank_rmse_eos_standings_vs_playoff_final_results": 6.093712606722878,
    "playoff_metrics": {
      "spearman_pred_vs_playoff_final_results": 0.4295884315906563,
      "ndcg_at_4_final_four": 0.3560053866302678,
      "ndcg10_pred_vs_playoff_final_results": 0.6082583871631253,
      "brier_championship_odds": 0.03222232684493065,
      "rank_mae_pred_vs_playoff_final_results": 7.199999809265137,
      "rank_rmse_pred_vs_playoff_final_results": 9.219544410705566,
      "rank_mae_eos_standings_vs_playoff_final_results": 3.7333333333333334,
      "rank_rmse_eos_standings_vs_playoff_final_results": 6.093712606722878
    }
  },
  "test_metrics_model_a": {
    "ndcg": 0.6082591063174515,
    "spearman": 0.43270300333704115,
    "mrr_top2": 1.0,
    "mrr_top4": 1.0,
    "ndcg10": 0.6082591063174515,
    "ndcg_at_4": 0.3560053866302678,
    "ndcg_at_12": 0.6080993421894316,
    "ndcg_at_16": 0.6093278282383856,
    "ndcg_at_20": 0.6096232270086173,
    "roc_auc_upset": 0.6877828054298643
  },
  "test_metrics_model_b": {
    "ndcg": 0.8110618199798463,
    "spearman": 0.3997775305895439,
    "mrr_top2": 1.0,
    "mrr_top4": 1.0,
    "ndcg10": 0.8110618199798463,
    "ndcg_at_4": 0.7116242168324007,
    "ndcg_at_12": 0.8108735779715156,
    "ndcg_at_16": 0.8108953244901507,
    "ndcg_at_20": 0.8155932007082998,
    "roc_auc_upset": 0.8125
  },
  "test_metrics_model_c": {
    "ndcg": 0.333487026575135,
    "spearman": 0.23159065628476083,
    "mrr_top2": 0.16666666666666666,
    "mrr_top4": 0.16666666666666666,
    "ndcg10": 0.333487026575135,
    "ndcg_at_4": 0.0011069724610271625,
    "ndcg_at_12": 0.33890731926775686,
    "ndcg_at_16": 0.35966393831396193,
    "ndcg_at_20": 0.3699999322309346,
    "roc_auc_upset": 0.7633928571428571
  },
  "test_metrics_by_conference": {
    "E": {
      "ndcg": 0.3831522604205715,
      "spearman": 0.1857142857142857
    },
    "W": {
      "ndcg": 0.9322282740664924,
      "spearman": 0.6785714285714285
    }
  },
  "notes": {
    "eos_rank_source": "eos_final_rank"
  }
}