{
  "test_metrics_ensemble": {
    "ndcg": 0.4212605764630848,
    "spearman": 0.4166852057842047,
    "mrr_top2": 0.3333333333333333,
    "mrr_top4": 0.3333333333333333,
    "ndcg10": 0.4212605764630848,
    "ndcg_at_4": 0.3767120824434095,
    "ndcg_at_12": 0.44414268648340066,
    "ndcg_at_16": 0.4441308665118936,
    "ndcg_at_20": 0.44763415408346957,
    "roc_auc_upset": 0.7991071428571428,
    "rank_mae_pred_vs_playoff_final_results": 7.4666666984558105,
    "rank_rmse_pred_vs_playoff_final_results": 9.348796844482422,
    "rank_mae_eos_standings_vs_playoff_final_results": 3.1333333333333333,
    "rank_rmse_eos_standings_vs_playoff_final_results": 4.449719092257398,
    "playoff_metrics": {
      "spearman_pred_vs_playoff_final_results": 0.42380422691879865,
      "ndcg_at_4_final_four": 0.3767120446936024,
      "ndcg10_pred_vs_playoff_final_results": 0.42124940749023826,
      "brier_championship_odds": 0.03222232684493065,
      "rank_mae_pred_vs_playoff_final_results": 7.4666666984558105,
      "rank_rmse_pred_vs_playoff_final_results": 9.348796844482422,
      "rank_mae_eos_standings_vs_playoff_final_results": 3.1333333333333333,
      "rank_rmse_eos_standings_vs_playoff_final_results": 4.449719092257398
    }
  },
  "test_metrics_model_a": {
    "ndcg": 0.4212605764630848,
    "spearman": 0.4166852057842047,
    "mrr_top2": 0.3333333333333333,
    "mrr_top4": 0.3333333333333333,
    "ndcg10": 0.4212605764630848,
    "ndcg_at_4": 0.3767120824434095,
    "ndcg_at_12": 0.44414268648340066,
    "ndcg_at_16": 0.4441308665118936,
    "ndcg_at_20": 0.44763415408346957,
    "roc_auc_upset": 0.7991071428571428
  },
  "test_metrics_model_b": {
    "ndcg": 0.17958290223697113,
    "spearman": 0.5385984427141268,
    "mrr_top2": 0.16666666666666666,
    "mrr_top4": 0.16666666666666666,
    "ndcg10": 0.17958290223697113,
    "ndcg_at_4": 0.04029517653159447,
    "ndcg_at_12": 0.22342327442505866,
    "ndcg_at_16": 0.22352888788262562,
    "ndcg_at_20": 0.2235303104697248,
    "roc_auc_upset": 0.7142857142857143
  },
  "test_metrics_model_c": {
    "ndcg": 0.05124995751403931,
    "spearman": 0.30055617352614017,
    "mrr_top2": 0.0625,
    "mrr_top4": 0.2,
    "ndcg10": 0.05124995751403931,
    "ndcg_at_4": 0.00711064040423231,
    "ndcg_at_12": 0.056899138174850025,
    "ndcg_at_16": 0.1769467286075223,
    "ndcg_at_20": 0.17934445367388585,
    "roc_auc_upset": 0.8258928571428571
  },
  "test_metrics_by_conference": {
    "E": {
      "ndcg": 0.24264247242260595,
      "spearman": 0.16428571428571426
    },
    "W": {
      "ndcg": 0.7353805715987022,
      "spearman": 0.575
    }
  },
  "notes": {
    "eos_rank_source": "eos_final_rank"
  }
}