{
  "test_metrics_ensemble": {
    "ndcg": 0.5582020878505326,
    "spearman": 0.41045606229143494,
    "mrr_top2": 1.0,
    "mrr_top4": 1.0,
    "ndcg10": 0.5582020878505326,
    "ndcg_at_4": 0.35315119534797357,
    "ndcg_at_12": 0.604726710769237,
    "ndcg_at_16": 0.6046868500064864,
    "ndcg_at_20": 0.6053017019648658,
    "roc_auc_upset": 0.7555555555555555,
    "rank_mae_pred_vs_playoff_final_results": 7.133333206176758,
    "rank_rmse_pred_vs_playoff_final_results": 9.398581504821777,
    "rank_mae_eos_standings_vs_playoff_final_results": 3.7333333333333334,
    "rank_rmse_eos_standings_vs_playoff_final_results": 6.093712606722878,
    "playoff_metrics": {
      "spearman_pred_vs_playoff_final_results": 0.48698553948832035,
      "ndcg_at_4_final_four": 0.35315119534797357,
      "ndcg10_pred_vs_playoff_final_results": 0.5582079776207863,
      "brier_championship_odds": 0.03222232684493065,
      "rank_mae_pred_vs_playoff_final_results": 7.133333206176758,
      "rank_rmse_pred_vs_playoff_final_results": 9.398581504821777,
      "rank_mae_eos_standings_vs_playoff_final_results": 3.7333333333333334,
      "rank_rmse_eos_standings_vs_playoff_final_results": 6.093712606722878
    }
  },
  "test_metrics_model_a": {
    "ndcg": 0.5582020878505326,
    "spearman": 0.41045606229143494,
    "mrr_top2": 1.0,
    "mrr_top4": 1.0,
    "ndcg10": 0.5582020878505326,
    "ndcg_at_4": 0.35315119534797357,
    "ndcg_at_12": 0.604726710769237,
    "ndcg_at_16": 0.6046868500064864,
    "ndcg_at_20": 0.6053017019648658,
    "roc_auc_upset": 0.7555555555555555
  },
  "test_metrics_model_b": {
    "ndcg": 0.6686694393937582,
    "spearman": 0.49365962180200224,
    "mrr_top2": 0.5,
    "mrr_top4": 0.5,
    "ndcg10": 0.6686694393937582,
    "ndcg_at_4": 0.6081769964867648,
    "ndcg_at_12": 0.6686734324980381,
    "ndcg_at_16": 0.6686227771331075,
    "ndcg_at_20": 0.6709909485890463,
    "roc_auc_upset": 0.7601809954751131
  },
  "test_metrics_model_c": {
    "ndcg": 0.5654373276288018,
    "spearman": 0.4687430478309232,
    "mrr_top2": 0.5,
    "mrr_top4": 0.5,
    "ndcg10": 0.5654373276288018,
    "ndcg_at_4": 0.4437410146181249,
    "ndcg_at_12": 0.5709539593308303,
    "ndcg_at_16": 0.611587914371887,
    "ndcg_at_20": 0.6116083501694863,
    "roc_auc_upset": 0.7592592592592593
  },
  "test_metrics_by_conference": {
    "E": {
      "ndcg": 0.38689768138590575,
      "spearman": 0.2821428571428571
    },
    "W": {
      "ndcg": 0.9128427146077064,
      "spearman": 0.4678571428571427
    }
  },
  "notes": {
    "eos_rank_source": "eos_final_rank"
  }
}