{
  "notes": {
    "eval_on": "test",
    "eos_rank_source": "eos_final_rank",
    "upset_definition": "sleeper = EOS_global_rank > predicted_strength",
    "mrr_top2": "1/rank of first team in top 2 (champion+runner-up) in predicted order.",
    "mrr_top4": "1/rank of first team in top 4 (conference finals) in predicted order.",
    "per_conference_relevance": "Within E/W: actual rank derived from EOS_global_rank (1=best in conf); NDCG/Spearman use this relevance.",
    "playoff_metrics": "Spearman (pred global vs playoff_final_results), NDCG@4 (final four), Brier (champion vs odds). rank_mae/rank_rmse: pred vs playoff_final_results; eos_standings vs playoff_final_results (baseline)."
  },
  "split_info": {
    "train_frac": 0.75,
    "n_train_dates": 141,
    "n_test_dates": 36,
    "split_mode": "seasons"
  },
  "test_metrics_ensemble": {
    "ndcg": 0.5296246552826509,
    "spearman": 0.46918798665183536,
    "mrr_top2": 0.5,
    "mrr_top4": 0.5,
    "ndcg10": 0.5296246552826509,
    "ndcg_at_4": 0.4640705200119564,
    "ndcg_at_12": 0.5298290917871759,
    "ndcg_at_16": 0.5310516931285116,
    "ndcg_at_20": 0.5334385491438707,
    "roc_auc_upset": 0.7142857142857143,
    "rank_mae_pred_vs_playoff_final_results": 6.800000190734863,
    "rank_rmse_pred_vs_playoff_final_results": 8.918146133422852,
    "rank_mae_eos_standings_vs_playoff_final_results": 3.1333333333333333,
    "rank_rmse_eos_standings_vs_playoff_final_results": 4.449719092257398,
    "playoff_metrics": {
      "spearman_pred_vs_playoff_final_results": 0.4487208008898776,
      "ndcg_at_4_final_four": 0.4640551772443684,
      "ndcg10_pred_vs_playoff_final_results": 0.5296097583674884,
      "brier_championship_odds": 0.03222232684493065,
      "rank_mae_pred_vs_playoff_final_results": 6.800000190734863,
      "rank_rmse_pred_vs_playoff_final_results": 8.918146133422852,
      "rank_mae_eos_standings_vs_playoff_final_results": 3.1333333333333333,
      "rank_rmse_eos_standings_vs_playoff_final_results": 4.449719092257398
    }
  },
  "test_metrics_model_a": {
    "ndcg": 0.5291674566311392,
    "spearman": 0.4589543937708565,
    "mrr_top2": 0.5,
    "mrr_top4": 0.5,
    "ndcg10": 0.5291674566311392,
    "ndcg_at_4": 0.4640705200119564,
    "ndcg_at_12": 0.5293720132267433,
    "ndcg_at_16": 0.5305951470370874,
    "ndcg_at_20": 0.5329820049886592,
    "roc_auc_upset": 0.7288888888888888
  },
  "test_metrics_model_b": {
    "ndcg": 0.37964496821589794,
    "spearman": 0.6983314794215795,
    "mrr_top2": 0.2,
    "mrr_top4": 0.2,
    "ndcg10": 0.37964496821589794,
    "ndcg_at_4": 0.04029517653159447,
    "ndcg_at_12": 0.37954696487661616,
    "ndcg_at_16": 0.37956959036841453,
    "ndcg_at_20": 0.4165434678879801,
    "roc_auc_upset": 0.7239819004524888
  },
  "test_metrics_model_c": {
    "ndcg": 0.288234310358289,
    "spearman": 0.6703003337041158,
    "mrr_top2": 0.14285714285714285,
    "mrr_top4": 0.16666666666666666,
    "ndcg10": 0.288234310358289,
    "ndcg_at_4": 0.0301945308447331,
    "ndcg_at_12": 0.37593368644203823,
    "ndcg_at_16": 0.3765504862115584,
    "ndcg_at_20": 0.41478034467723734,
    "roc_auc_upset": 0.71875
  },
  "test_metrics_by_conference": {
    "E": {
      "ndcg": 0.2469456564454394,
      "spearman": 0.21071428571428572
    },
    "W": {
      "ndcg": 0.7505337657243399,
      "spearman": 0.6857142857142856
    }
  },
  "by_season": {
    "2023-24": {
      "test_metrics_ensemble": {
        "ndcg": 0.5582020878505326,
        "spearman": 0.41045606229143494,
        "mrr_top2": 1.0,
        "mrr_top4": 1.0,
        "ndcg10": 0.5582020878505326,
        "ndcg_at_4": 0.35315119534797357,
        "ndcg_at_12": 0.604726710769237,
        "ndcg_at_16": 0.6046868500064864,
        "ndcg_at_20": 0.6053017019648658,
        "roc_auc_upset": 0.7555555555555555,
        "rank_mae_pred_vs_playoff_final_results": 7.133333206176758,
        "rank_rmse_pred_vs_playoff_final_results": 9.398581504821777,
        "rank_mae_eos_standings_vs_playoff_final_results": 3.7333333333333334,
        "rank_rmse_eos_standings_vs_playoff_final_results": 6.093712606722878,
        "playoff_metrics": {
          "spearman_pred_vs_playoff_final_results": 0.48698553948832035,
          "ndcg_at_4_final_four": 0.35315119534797357,
          "ndcg10_pred_vs_playoff_final_results": 0.5582079776207863,
          "brier_championship_odds": 0.03222232684493065,
          "rank_mae_pred_vs_playoff_final_results": 7.133333206176758,
          "rank_rmse_pred_vs_playoff_final_results": 9.398581504821777,
          "rank_mae_eos_standings_vs_playoff_final_results": 3.7333333333333334,
          "rank_rmse_eos_standings_vs_playoff_final_results": 6.093712606722878
        }
      },
      "test_metrics_model_a": {
        "ndcg": 0.5582020878505326,
        "spearman": 0.41045606229143494,
        "mrr_top2": 1.0,
        "mrr_top4": 1.0,
        "ndcg10": 0.5582020878505326,
        "ndcg_at_4": 0.35315119534797357,
        "ndcg_at_12": 0.604726710769237,
        "ndcg_at_16": 0.6046868500064864,
        "ndcg_at_20": 0.6053017019648658,
        "roc_auc_upset": 0.7555555555555555
      },
      "test_metrics_model_b": {
        "ndcg": 0.6686694393937582,
        "spearman": 0.49365962180200224,
        "mrr_top2": 0.5,
        "mrr_top4": 0.5,
        "ndcg10": 0.6686694393937582,
        "ndcg_at_4": 0.6081769964867648,
        "ndcg_at_12": 0.6686734324980381,
        "ndcg_at_16": 0.6686227771331075,
        "ndcg_at_20": 0.6709909485890463,
        "roc_auc_upset": 0.7601809954751131
      },
      "test_metrics_model_c": {
        "ndcg": 0.5654373276288018,
        "spearman": 0.4687430478309232,
        "mrr_top2": 0.5,
        "mrr_top4": 0.5,
        "ndcg10": 0.5654373276288018,
        "ndcg_at_4": 0.4437410146181249,
        "ndcg_at_12": 0.5709539593308303,
        "ndcg_at_16": 0.611587914371887,
        "ndcg_at_20": 0.6116083501694863,
        "roc_auc_upset": 0.7592592592592593
      },
      "test_metrics_by_conference": {
        "E": {
          "ndcg": 0.38689768138590575,
          "spearman": 0.2821428571428571
        },
        "W": {
          "ndcg": 0.9128427146077064,
          "spearman": 0.4678571428571427
        }
      },
      "notes": {
        "eos_rank_source": "eos_final_rank"
      }
    },
    "2024-25": {
      "test_metrics_ensemble": {
        "ndcg": 0.5296246552826509,
        "spearman": 0.46918798665183536,
        "mrr_top2": 0.5,
        "mrr_top4": 0.5,
        "ndcg10": 0.5296246552826509,
        "ndcg_at_4": 0.4640705200119564,
        "ndcg_at_12": 0.5298290917871759,
        "ndcg_at_16": 0.5310516931285116,
        "ndcg_at_20": 0.5334385491438707,
        "roc_auc_upset": 0.7142857142857143,
        "rank_mae_pred_vs_playoff_final_results": 6.800000190734863,
        "rank_rmse_pred_vs_playoff_final_results": 8.918146133422852,
        "rank_mae_eos_standings_vs_playoff_final_results": 3.1333333333333333,
        "rank_rmse_eos_standings_vs_playoff_final_results": 4.449719092257398,
        "playoff_metrics": {
          "spearman_pred_vs_playoff_final_results": 0.4487208008898776,
          "ndcg_at_4_final_four": 0.4640551772443684,
          "ndcg10_pred_vs_playoff_final_results": 0.5296097583674884,
          "brier_championship_odds": 0.03222232684493065,
          "rank_mae_pred_vs_playoff_final_results": 6.800000190734863,
          "rank_rmse_pred_vs_playoff_final_results": 8.918146133422852,
          "rank_mae_eos_standings_vs_playoff_final_results": 3.1333333333333333,
          "rank_rmse_eos_standings_vs_playoff_final_results": 4.449719092257398
        }
      },
      "test_metrics_model_a": {
        "ndcg": 0.5291674566311392,
        "spearman": 0.4589543937708565,
        "mrr_top2": 0.5,
        "mrr_top4": 0.5,
        "ndcg10": 0.5291674566311392,
        "ndcg_at_4": 0.4640705200119564,
        "ndcg_at_12": 0.5293720132267433,
        "ndcg_at_16": 0.5305951470370874,