{
  "test_metrics_ensemble": {
    "ndcg": 0.596110893906986,
    "spearman": 0.44560622914349274,
    "mrr_top2": 1.0,
    "mrr_top4": 1.0,
    "ndcg10": 0.596110893906986,
    "ndcg_at_4": 0.35315119534797357,
    "ndcg_at_12": 0.5973257580031793,
    "ndcg_at_16": 0.597286338035336,
    "ndcg_at_20": 0.5981857870689308,
    "roc_auc_upset": 0.7644444444444445,
    "rank_mae_pred_vs_playoff_final_results": 7.266666889190674,
    "rank_rmse_pred_vs_playoff_final_results": 9.114091873168945,
    "rank_mae_eos_standings_vs_playoff_final_results": 3.7333333333333334,
    "rank_rmse_eos_standings_vs_playoff_final_results": 6.093712606722878,
    "playoff_metrics": {
      "spearman_pred_vs_playoff_final_results": 0.4883203559510568,
      "ndcg_at_4_final_four": 0.35315119534797357,
      "ndcg10_pred_vs_playoff_final_results": 0.5961101747526598,
      "brier_championship_odds": 0.03222232684493065,
      "rank_mae_pred_vs_playoff_final_results": 7.266666889190674,
      "rank_rmse_pred_vs_playoff_final_results": 9.114091873168945,
      "rank_mae_eos_standings_vs_playoff_final_results": 3.7333333333333334,
      "rank_rmse_eos_standings_vs_playoff_final_results": 6.093712606722878
    }
  },
  "test_metrics_model_a": {
    "ndcg": 0.596110893906986,
    "spearman": 0.44560622914349274,
    "mrr_top2": 1.0,
    "mrr_top4": 1.0,
    "ndcg10": 0.596110893906986,
    "ndcg_at_4": 0.35315119534797357,
    "ndcg_at_12": 0.5973257580031793,
    "ndcg_at_16": 0.597286338035336,
    "ndcg_at_20": 0.5981857870689308,
    "roc_auc_upset": 0.7644444444444445
  },
  "test_metrics_model_b": {
    "ndcg": 0.46756286031391103,
    "spearman": 0.37486095661846497,
    "mrr_top2": 0.5,
    "mrr_top4": 0.5,
    "ndcg10": 0.46756286031391103,
    "ndcg_at_4": 0.47920472626830496,
    "ndcg_at_12": 0.46754788076644993,
    "ndcg_at_16": 0.5902713440406218,
    "ndcg_at_20": 0.5902740434400807,
    "roc_auc_upset": 0.7544642857142856
  },
  "test_metrics_model_c": {
    "ndcg": 0.33348743391404295,
    "spearman": 0.23692992213570632,
    "mrr_top2": 0.16666666666666666,
    "mrr_top4": 0.16666666666666666,
    "ndcg10": 0.33348743391404295,
    "ndcg_at_4": 0.001111095381373398,
    "ndcg_at_12": 0.3389077264996702,
    "ndcg_at_16": 0.3596643455146382,
    "ndcg_at_20": 0.371151145691622,
    "roc_auc_upset": 0.7633928571428571
  },
  "test_metrics_by_conference": {
    "E": {
      "ndcg": 0.3869402032684001,
      "spearman": 0.2821428571428571
    },
    "W": {
      "ndcg": 0.9410333004535666,
      "spearman": 0.6285714285714286
    }
  },
  "notes": {
    "eos_rank_source": "eos_final_rank"
  }
}