{
  "test_metrics_ensemble": {
    "ndcg": 0.531491184633937,
    "spearman": 0.48476084538375974,
    "mrr_top2": 0.5,
    "mrr_top4": 0.5,
    "ndcg10": 0.531491184633937,
    "ndcg_at_4": 0.4643944167678145,
    "ndcg_at_12": 0.5316951308624661,
    "ndcg_at_16": 0.5316765427580545,
    "ndcg_at_20": 0.5352803309965242,
    "roc_auc_upset": 0.7589285714285714,
    "rank_mae_pred_vs_playoff_final_results": 6.866666793823242,
    "rank_rmse_pred_vs_playoff_final_results": 8.78635311126709,
    "rank_mae_eos_standings_vs_playoff_final_results": 3.1333333333333333,
    "rank_rmse_eos_standings_vs_playoff_final_results": 4.449719092257398,
    "playoff_metrics": {
      "spearman_pred_vs_playoff_final_results": 0.4901001112347052,
      "ndcg_at_4_final_four": 0.4643812234227066,
      "ndcg10_pred_vs_playoff_final_results": 0.531478353986948,
      "brier_championship_odds": 0.03222232684493065,
      "rank_mae_pred_vs_playoff_final_results": 6.866666793823242,
      "rank_rmse_pred_vs_playoff_final_results": 8.78635311126709,
      "rank_mae_eos_standings_vs_playoff_final_results": 3.1333333333333333,
      "rank_rmse_eos_standings_vs_playoff_final_results": 4.449719092257398
    }
  },
  "test_metrics_model_a": {
    "ndcg": 0.5314863255840325,
    "spearman": 0.4642936596218019,
    "mrr_top2": 0.5,
    "mrr_top4": 0.5,
    "ndcg10": 0.5314863255840325,
    "ndcg_at_4": 0.4643944167678145,
    "ndcg_at_12": 0.5316902730888747,
    "ndcg_at_16": 0.5316716853570833,
    "ndcg_at_20": 0.535212220177692,
    "roc_auc_upset": 0.7678571428571429
  },
  "test_metrics_model_b": {
    "ndcg": 0.18873764344019955,
    "spearman": 0.553281423804227,
    "mrr_top2": 0.2,
    "mrr_top4": 0.2,
    "ndcg10": 0.18873764344019955,
    "ndcg_at_4": 0.04029517653159447,
    "ndcg_at_12": 0.18948159248916877,
    "ndcg_at_16": 0.3910292151135365,
    "ndcg_at_20": 0.39103202765459477,
    "roc_auc_upset": 0.768888888888889
  },
  "test_metrics_model_c": {
    "ndcg": 0.05124995751403931,
    "spearman": 0.3076751946607342,
    "mrr_top2": 0.06666666666666667,
    "mrr_top4": 0.2,
    "ndcg10": 0.05124995751403931,
    "ndcg_at_4": 0.00711064040423231,
    "ndcg_at_12": 0.056899138174850025,
    "ndcg_at_16": 0.17781540372208415,
    "ndcg_at_20": 0.18021327193327982,
    "roc_auc_upset": 0.8214285714285714
  },
  "test_metrics_by_conference": {
    "E": {
      "ndcg": 0.26049363773702766,
      "spearman": 0.2642857142857143
    },
    "W": {
      "ndcg": 0.7723141400583361,
      "spearman": 0.6928571428571427
    }
  },
  "notes": {
    "eos_rank_source": "eos_final_rank"
  }
}