{
  "notes": {
    "eval_on": "test",
    "eos_rank_source": "eos_final_rank",
    "upset_definition": "sleeper = EOS_global_rank > predicted_strength",
    "mrr_top2": "1/rank of first team in top 2 (champion+runner-up) in predicted order.",
    "mrr_top4": "1/rank of first team in top 4 (conference finals) in predicted order.",
    "per_conference_relevance": "Within E/W: actual rank derived from EOS_global_rank (1=best in conf); NDCG/Spearman use this relevance.",
    "playoff_metrics": "Spearman (pred global vs playoff_final_results), NDCG@4 (final four), Brier (champion vs odds). rank_mae/rank_rmse: pred vs playoff_final_results; eos_standings vs playoff_final_results (baseline)."
  },
  "split_info": {
    "train_frac": 0.75,
    "n_train_dates": 141,
    "n_test_dates": 36,
    "split_mode": "seasons"
  },
  "test_metrics_ensemble": {
    "ndcg": 0.48883299460983043,
    "spearman": 0.4593993325917686,
    "mrr_top2": 0.5,
    "mrr_top4": 0.5,
    "ndcg10": 0.48883299460983043,
    "ndcg_at_4": 0.4643519436832566,
    "ndcg_at_12": 0.5329446592127647,
    "ndcg_at_16": 0.5329260017654665,
    "ndcg_at_20": 0.53645582201376,
    "roc_auc_upset": 0.7589285714285714,
    "rank_mae_pred_vs_playoff_final_results": 6.866666793823242,
    "rank_rmse_pred_vs_playoff_final_results": 9.0,
    "rank_mae_eos_standings_vs_playoff_final_results": 3.1333333333333333,
    "rank_rmse_eos_standings_vs_playoff_final_results": 4.449719092257398,
    "playoff_metrics": {
      "spearman_pred_vs_playoff_final_results": 0.4593993325917686,
      "ndcg_at_4_final_four": 0.46433662668392073,
      "ndcg10_pred_vs_playoff_final_results": 0.48881754373882313,
      "brier_championship_odds": 0.03222232684493065,
      "rank_mae_pred_vs_playoff_final_results": 6.866666793823242,
      "rank_rmse_pred_vs_playoff_final_results": 9.0,
      "rank_mae_eos_standings_vs_playoff_final_results": 3.1333333333333333,
      "rank_rmse_eos_standings_vs_playoff_final_results": 4.449719092257398
    }
  },
  "test_metrics_model_a": {
    "ndcg": 0.48883299460983043,
    "spearman": 0.4593993325917686,
    "mrr_top2": 0.5,
    "mrr_top4": 0.5,
    "ndcg10": 0.48883299460983043,
    "ndcg_at_4": 0.4643519436832566,
    "ndcg_at_12": 0.5329446592127647,
    "ndcg_at_16": 0.5329260017654665,
    "ndcg_at_20": 0.53645582201376,
    "roc_auc_upset": 0.7589285714285714
  },
  "test_metrics_model_b": {
    "ndcg": 0.17736935212386717,
    "spearman": 0.5715239154616241,
    "mrr_top2": 0.25,
    "mrr_top4": 0.25,
    "ndcg10": 0.17736935212386717,
    "ndcg_at_4": 0.16638837351001265,
    "ndcg_at_12": 0.17740865064706832,
    "ndcg_at_16": 0.24086775755103323,
    "ndcg_at_20": 0.39663894253894627,
    "roc_auc_upset": 0.7633928571428572
  },
  "test_metrics_model_c": {
    "ndcg": 0.05124995751403931,
    "spearman": 0.30233592880978866,
    "mrr_top2": 0.06666666666666667,
    "mrr_top4": 0.2,
    "ndcg10": 0.05124995751403931,
    "ndcg_at_4": 0.00711064040423231,
    "ndcg_at_12": 0.056899138174850025,
    "ndcg_at_16": 0.17781540372208415,
    "ndcg_at_20": 0.18021312496782235,
    "roc_auc_upset": 0.8258928571428571
  },
  "test_metrics_by_conference": {
    "E": {
      "ndcg": 0.24640794000116126,
      "spearman": 0.22142857142857136
    },
    "W": {
      "ndcg": 0.773346442494741,
      "spearman": 0.6642857142857141
    }
  },
  "by_season": {
    "2023-24": {
      "test_metrics_ensemble": {
        "ndcg": 0.5489227567395806,
        "spearman": 0.40289210233592887,
        "mrr_top2": 1.0,
        "mrr_top4": 1.0,
        "ndcg10": 0.5489227567395806,
        "ndcg_at_4": 0.35315119534797357,
        "ndcg_at_12": 0.594079713814139,
        "ndcg_at_16": 0.5953382273155287,
        "ndcg_at_20": 0.5959317934334053,
        "roc_auc_upset": 0.7873303167420815,
        "rank_mae_pred_vs_playoff_final_results": 7.4666666984558105,
        "rank_rmse_pred_vs_playoff_final_results": 9.4586820602417,
        "rank_mae_eos_standings_vs_playoff_final_results": 3.7333333333333334,
        "rank_rmse_eos_standings_vs_playoff_final_results": 6.093712606722878,
        "playoff_metrics": {
          "spearman_pred_vs_playoff_final_results": 0.48209121245828696,
          "ndcg_at_4_final_four": 0.35315119534797357,
          "ndcg10_pred_vs_playoff_final_results": 0.5489277688081619,
          "brier_championship_odds": 0.03222232684493065,
          "rank_mae_pred_vs_playoff_final_results": 7.4666666984558105,
          "rank_rmse_pred_vs_playoff_final_results": 9.4586820602417,
          "rank_mae_eos_standings_vs_playoff_final_results": 3.7333333333333334,
          "rank_rmse_eos_standings_vs_playoff_final_results": 6.093712606722878
        }
      },
      "test_metrics_model_a": {
        "ndcg": 0.5411482319759596,
        "spearman": 0.3828698553948832,
        "mrr_top2": 1.0,
        "mrr_top4": 1.0,
        "ndcg10": 0.5411482319759596,
        "ndcg_at_4": 0.35315119534797357,
        "ndcg_at_12": 0.5863072311629915,
        "ndcg_at_16": 0.5875663408601463,
        "ndcg_at_20": 0.5881599411604994,
        "roc_auc_upset": 0.7963800904977376
      },
      "test_metrics_model_b": {
        "ndcg": 0.8167762461145109,
        "spearman": 0.453615127919911,
        "mrr_top2": 1.0,
        "mrr_top4": 1.0,
        "ndcg10": 0.8167762461145109,
        "ndcg_at_4": 0.7116242168324007,
        "ndcg_at_12": 0.8166716104366707,
        "ndcg_at_16": 0.8215781302768116,
        "ndcg_at_20": 0.859146997446051,
        "roc_auc_upset": 0.78125
      },
      "test_metrics_model_c": {
        "ndcg": 0.333487026575135,
        "spearman": 0.23515016685205786,
        "mrr_top2": 0.16666666666666666,
        "mrr_top4": 0.16666666666666666,
        "ndcg10": 0.333487026575135,
        "ndcg_at_4": 0.0011069724610271625,
        "ndcg_at_12": 0.33890731926775686,
        "ndcg_at_16": 0.35966393831396193,
        "ndcg_at_20": 0.3711507384927367,
        "roc_auc_upset": 0.7633928571428571
      },
      "test_metrics_by_conference": {
        "E": {
          "ndcg": 0.38520906425700524,
          "spearman": 0.2714285714285714
        },
        "W": {
          "ndcg": 0.9193389423526216,
          "spearman": 0.5178571428571428
        }
      },
      "notes": {
        "eos_rank_source": "eos_final_rank"
      }
    },
    "2024-25": {
      "test_metrics_ensemble": {
        "ndcg": 0.48883299460983043,
        "spearman": 0.4593993325917686,
        "mrr_top2": 0.5,
        "mrr_top4": 0.5,
        "ndcg10": 0.48883299460983043,
        "ndcg_at_4": 0.4643519436832566,
        "ndcg_at_12": 0.5329446592127647,
        "ndcg_at_16": 0.5329260017654665,
        "ndcg_at_20": 0.53645582201376,
        "roc_auc_upset": 0.7589285714285714,
        "rank_mae_pred_vs_playoff_final_results": 6.866666793823242,
        "rank_rmse_pred_vs_playoff_final_results": 9.0,
        "rank_mae_eos_standings_vs_playoff_final_results": 3.1333333333333333,
        "rank_rmse_eos_standings_vs_playoff_final_results": 4.449719092257398,
        "playoff_metrics": {
          "spearman_pred_vs_playoff_final_results": 0.4593993325917686,
          "ndcg_at_4_final_four": 0.46433662668392073,
          "ndcg10_pred_vs_playoff_final_results": 0.48881754373882313,
          "brier_championship_odds": 0.03222232684493065,
          "rank_mae_pred_vs_playoff_final_results": 6.866666793823242,
          "rank_rmse_pred_vs_playoff_final_results": 9.0,
          "rank_mae_eos_standings_vs_playoff_final_results": 3.1333333333333333,
          "rank_rmse_eos_standings_vs_playoff_final_results": 4.449719092257398
        }
      },
      "test_metrics_model_a": {
        "ndcg": 0.48883299460983043,
        "spearman": 0.4593993325917686,
        "mrr_top2": 0.5,
        "mrr_top4": 0.5,
        "ndcg10": 0.48883299460983043,
        "ndcg_at_4": 0.4643519436832566,
        "ndcg_at_12": 0.5329446592127647,
        "ndcg_at_16": 0.5329260017654665,
        "ndcg_at_20": 0.53645582201376,