{
  "test_metrics_ensemble": {
    "ndcg": 0.48883299460983043,
    "spearman": 0.4593993325917686,
    "mrr_top2": 0.5,
    "mrr_top4": 0.5,
    "ndcg10": 0.48883299460983043,
    "ndcg_at_4": 0.4643519436832566,
    "ndcg_at_12": 0.5329446592127647,
    "ndcg_at_16": 0.5329260017654665,
    "ndcg_at_20": 0.53645582201376,
    "roc_auc_upset": 0.7589285714285714,
    "rank_mae_pred_vs_playoff_final_results": 6.866666793823242,
    "rank_rmse_pred_vs_playoff_final_results": 9.0,
    "rank_mae_eos_standings_vs_playoff_final_results": 3.1333333333333333,
    "rank_rmse_eos_standings_vs_playoff_final_results": 4.449719092257398,
    "playoff_metrics": {
      "spearman_pred_vs_playoff_final_results": 0.4593993325917686,
      "ndcg_at_4_final_four": 0.46433662668392073,
      "ndcg10_pred_vs_playoff_final_results": 0.48881754373882313,
      "brier_championship_odds": 0.03222232684493065,
      "rank_mae_pred_vs_playoff_final_results": 6.866666793823242,
      "rank_rmse_pred_vs_playoff_final_results": 9.0,
      "rank_mae_eos_standings_vs_playoff_final_results": 3.1333333333333333,
      "rank_rmse_eos_standings_vs_playoff_final_results": 4.449719092257398
    }
  },
  "test_metrics_model_a": {
    "ndcg": 0.48883299460983043,
    "spearman": 0.4593993325917686,
    "mrr_top2": 0.5,
    "mrr_top4": 0.5,
    "ndcg10": 0.48883299460983043,
    "ndcg_at_4": 0.4643519436832566,
    "ndcg_at_12": 0.5329446592127647,
    "ndcg_at_16": 0.5329260017654665,
    "ndcg_at_20": 0.53645582201376,
    "roc_auc_upset": 0.7589285714285714
  },
  "test_metrics_model_b": {
    "ndcg": 0.17736935212386717,
    "spearman": 0.5715239154616241,
    "mrr_top2": 0.25,
    "mrr_top4": 0.25,
    "ndcg10": 0.17736935212386717,
    "ndcg_at_4": 0.16638837351001265,
    "ndcg_at_12": 0.17740865064706832,
    "ndcg_at_16": 0.24086775755103323,
    "ndcg_at_20": 0.39663894253894627,
    "roc_auc_upset": 0.7633928571428572
  },
  "test_metrics_model_c": {
    "ndcg": 0.05124995751403931,
    "spearman": 0.30233592880978866,
    "mrr_top2": 0.06666666666666667,
    "mrr_top4": 0.2,
    "ndcg10": 0.05124995751403931,
    "ndcg_at_4": 0.00711064040423231,
    "ndcg_at_12": 0.056899138174850025,
    "ndcg_at_16": 0.17781540372208415,
    "ndcg_at_20": 0.18021312496782235,
    "roc_auc_upset": 0.8258928571428571
  },
  "test_metrics_by_conference": {
    "E": {
      "ndcg": 0.24640794000116126,
      "spearman": 0.22142857142857136
    },
    "W": {
      "ndcg": 0.773346442494741,
      "spearman": 0.6642857142857141
    }
  },
  "notes": {
    "eos_rank_source": "eos_final_rank"
  }
}