{
  "notes": {
    "eval_on": "test",
    "eos_rank_source": "eos_final_rank",
    "upset_definition": "sleeper = EOS_global_rank > predicted_strength",
    "mrr_top2": "1/rank of first team in top 2 (champion+runner-up) in predicted order.",
    "mrr_top4": "1/rank of first team in top 4 (conference finals) in predicted order.",
    "per_conference_relevance": "Within E/W: actual rank derived from EOS_global_rank (1=best in conf); NDCG/Spearman use this relevance.",
    "playoff_metrics": "Spearman (pred global vs playoff_final_results), NDCG@4 (final four), Brier (champion vs odds). rank_mae/rank_rmse: pred vs playoff_final_results; eos_standings vs playoff_final_results (baseline)."
  },
  "split_info": {
    "train_frac": 0.75,
    "n_train_dates": 141,
    "n_test_dates": 36,
    "split_mode": "seasons"
  },
  "test_metrics_ensemble": {
    "ndcg": 0.4878394383968827,
    "spearman": 0.49365962180200224,
    "mrr_top2": 0.5,
    "mrr_top4": 0.5,
    "ndcg10": 0.4878394383968827,
    "ndcg_at_4": 0.4643944167678145,
    "ndcg_at_12": 0.5330325295442686,
    "ndcg_at_16": 0.5345677384122802,
    "ndcg_at_20": 0.5368760305619806,
    "roc_auc_upset": 0.7955555555555556,
    "rank_mae_pred_vs_playoff_final_results": 6.800000190734863,
    "rank_rmse_pred_vs_playoff_final_results": 8.710147857666016,
    "rank_mae_eos_standings_vs_playoff_final_results": 3.1333333333333333,
    "rank_rmse_eos_standings_vs_playoff_final_results": 4.449719092257398,
    "playoff_metrics": {
      "spearman_pred_vs_playoff_final_results": 0.5141268075639599,
      "ndcg_at_4_final_four": 0.4643812234227066,
      "ndcg10_pred_vs_playoff_final_results": 0.487826073587577,
      "brier_championship_odds": 0.03222232684493065,
      "rank_mae_pred_vs_playoff_final_results": 6.800000190734863,
      "rank_rmse_pred_vs_playoff_final_results": 8.710147857666016,
      "rank_mae_eos_standings_vs_playoff_final_results": 3.1333333333333333,
      "rank_rmse_eos_standings_vs_playoff_final_results": 4.449719092257398
    }
  },
  "test_metrics_model_a": {
    "ndcg": 0.4878394383968827,
    "spearman": 0.49365962180200224,
    "mrr_top2": 0.5,
    "mrr_top4": 0.5,
    "ndcg10": 0.4878394383968827,
    "ndcg_at_4": 0.4643944167678145,
    "ndcg_at_12": 0.5330325295442686,
    "ndcg_at_16": 0.5345677384122802,
    "ndcg_at_20": 0.5368760305619806,
    "roc_auc_upset": 0.7955555555555556
  },
  "test_metrics_model_b": {
    "ndcg": 0.21633419895461262,
    "spearman": 0.6547274749721913,
    "mrr_top2": 0.2,
    "mrr_top4": 0.2,
    "ndcg10": 0.21633419895461262,
    "ndcg_at_4": 0.04166423104576856,
    "ndcg_at_12": 0.39748729751750833,
    "ndcg_at_16": 0.4178789055231357,
    "ndcg_at_20": 0.41787794930958766,
    "roc_auc_upset": 0.75
  },
  "test_metrics_model_c": {
    "ndcg": 0.05124995751403931,
    "spearman": 0.307230255839822,
    "mrr_top2": 0.0625,
    "mrr_top4": 0.2,
    "ndcg10": 0.05124995751403931,
    "ndcg_at_4": 0.00711064040423231,
    "ndcg_at_12": 0.056899138174850025,
    "ndcg_at_16": 0.1769467286075223,
    "ndcg_at_20": 0.17934460063934335,
    "roc_auc_upset": 0.8214285714285714
  },
  "test_metrics_by_conference": {
    "E": {
      "ndcg": 0.27648335380805505,
      "spearman": 0.2678571428571428
    },
    "W": {
      "ndcg": 0.7722797454240117,
      "spearman": 0.6714285714285713
    }
  },
  "by_season": {
    "2023-24": {
      "test_metrics_ensemble": {
        "ndcg": 0.6025401433425465,
        "spearman": 0.3650723025583982,
        "mrr_top2": 1.0,
        "mrr_top4": 1.0,
        "ndcg10": 0.6025401433425465,
        "ndcg_at_4": 0.33513898093933947,
        "ndcg_at_12": 0.602431470777057,
        "ndcg_at_16": 0.6036551903086141,
        "ndcg_at_20": 0.6042611133123844,
        "roc_auc_upset": 0.711111111111111,
        "rank_mae_pred_vs_playoff_final_results": 7.666666507720947,
        "rank_rmse_pred_vs_playoff_final_results": 9.753631591796875,
        "rank_mae_eos_standings_vs_playoff_final_results": 3.7333333333333334,
        "rank_rmse_eos_standings_vs_playoff_final_results": 6.093712606722878,
        "playoff_metrics": {
          "spearman_pred_vs_playoff_final_results": 0.4211345939933259,
          "ndcg_at_4_final_four": 0.33513815635527017,
          "ndcg10_pred_vs_playoff_final_results": 0.6025464051597419,
          "brier_championship_odds": 0.03222232684493065,
          "rank_mae_pred_vs_playoff_final_results": 7.666666507720947,
          "rank_rmse_pred_vs_playoff_final_results": 9.753631591796875,
          "rank_mae_eos_standings_vs_playoff_final_results": 3.7333333333333334,
          "rank_rmse_eos_standings_vs_playoff_final_results": 6.093712606722878
        }
      },
      "test_metrics_model_a": {
        "ndcg": 0.6025401433425465,
        "spearman": 0.3650723025583982,
        "mrr_top2": 1.0,
        "mrr_top4": 1.0,
        "ndcg10": 0.6025401433425465,
        "ndcg_at_4": 0.33513898093933947,
        "ndcg_at_12": 0.602431470777057,
        "ndcg_at_16": 0.6042759172026608,
        "ndcg_at_20": 0.6042733884145565,
        "roc_auc_upset": 0.7111111111111111
      },
      "test_metrics_model_b": {
        "ndcg": 0.8007618939783429,
        "spearman": 0.385539488320356,
        "mrr_top2": 1.0,
        "mrr_top4": 1.0,
        "ndcg10": 0.8007618939783429,
        "ndcg_at_4": 0.705915834267812,
        "ndcg_at_12": 0.8006372965379145,
        "ndcg_at_16": 0.8005792840006273,
        "ndcg_at_20": 0.8423243373375737,
        "roc_auc_upset": 0.7453703703703705
      },
      "test_metrics_model_c": {
        "ndcg": 0.333487026575135,
        "spearman": 0.23159065628476083,
        "mrr_top2": 0.16666666666666666,
        "mrr_top4": 0.16666666666666666,
        "ndcg10": 0.333487026575135,
        "ndcg_at_4": 0.0011069724610271625,
        "ndcg_at_12": 0.33890731926775686,
        "ndcg_at_16": 0.35966393831396193,
        "ndcg_at_20": 0.3699999322309346,
        "roc_auc_upset": 0.7633928571428571
      },
      "test_metrics_by_conference": {
        "E": {
          "ndcg": 0.40506426649069116,
          "spearman": 0.2321428571428571
        },
        "W": {
          "ndcg": 0.9250964527926339,
          "spearman": 0.5071428571428571
        }
      },
      "notes": {
        "eos_rank_source": "eos_final_rank"
      }
    },
    "2024-25": {
      "test_metrics_ensemble": {
        "ndcg": 0.4878394383968827,
        "spearman": 0.49365962180200224,
        "mrr_top2": 0.5,
        "mrr_top4": 0.5,
        "ndcg10": 0.4878394383968827,
        "ndcg_at_4": 0.4643944167678145,
        "ndcg_at_12": 0.5330325295442686,
        "ndcg_at_16": 0.5345677384122802,
        "ndcg_at_20": 0.5368760305619806,
        "roc_auc_upset": 0.7955555555555556,
        "rank_mae_pred_vs_playoff_final_results": 6.800000190734863,
        "rank_rmse_pred_vs_playoff_final_results": 8.710147857666016,
        "rank_mae_eos_standings_vs_playoff_final_results": 3.1333333333333333,
        "rank_rmse_eos_standings_vs_playoff_final_results": 4.449719092257398,
        "playoff_metrics": {
          "spearman_pred_vs_playoff_final_results": 0.5141268075639599,
          "ndcg_at_4_final_four": 0.4643812234227066,
          "ndcg10_pred_vs_playoff_final_results": 0.487826073587577,
          "brier_championship_odds": 0.03222232684493065,
          "rank_mae_pred_vs_playoff_final_results": 6.800000190734863,
          "rank_rmse_pred_vs_playoff_final_results": 8.710147857666016,
          "rank_mae_eos_standings_vs_playoff_final_results": 3.1333333333333333,
          "rank_rmse_eos_standings_vs_playoff_final_results": 4.449719092257398
        }
      },
      "test_metrics_model_a": {
        "ndcg": 0.4878394383968827,
        "spearman": 0.49365962180200224,
        "mrr_top2": 0.5,
        "mrr_top4": 0.5,
        "ndcg10": 0.4878394383968827,
        "ndcg_at_4": 0.4643944167678145,
        "ndcg_at_12": 0.5330325295442686,
        "ndcg_at_16": 0.5345677384122802,