{
  "test_metrics_ensemble": {
    "ndcg": 0.4921535848351965,
    "spearman": 0.47363737486095664,
    "mrr_top2": 0.5,
    "mrr_top4": 0.5,
    "ndcg10": 0.4921535848351965,
    "ndcg_at_4": 0.5004034533491234,
    "ndcg_at_12": 0.5376669746383508,
    "ndcg_at_16": 0.5376479549613011,
    "ndcg_at_20": 0.5411929674132535,
    "roc_auc_upset": 0.7633928571428571,
    "rank_mae_pred_vs_playoff_final_results": 6.933333396911621,
    "rank_rmse_pred_vs_playoff_final_results": 8.880690574645996,
    "rank_mae_eos_standings_vs_playoff_final_results": 3.1333333333333333,
    "rank_rmse_eos_standings_vs_playoff_final_results": 4.449719092257398,
    "playoff_metrics": {
      "spearman_pred_vs_playoff_final_results": 0.4843159065628476,
      "ndcg_at_4_final_four": 0.5004034533491234,
      "ndcg10_pred_vs_playoff_final_results": 0.492141521633787,
      "brier_championship_odds": 0.03222232684493065,
      "rank_mae_pred_vs_playoff_final_results": 6.933333396911621,
      "rank_rmse_pred_vs_playoff_final_results": 8.880690574645996,
      "rank_mae_eos_standings_vs_playoff_final_results": 3.1333333333333333,
      "rank_rmse_eos_standings_vs_playoff_final_results": 4.449719092257398
    }
  },
  "test_metrics_model_a": {
    "ndcg": 0.4921535848351965,
    "spearman": 0.47185761957730815,
    "mrr_top2": 0.5,
    "mrr_top4": 0.5,
    "ndcg10": 0.4921535848351965,
    "ndcg_at_4": 0.5004034533491234,
    "ndcg_at_12": 0.5373455427979157,
    "ndcg_at_16": 0.537638929452675,
    "ndcg_at_20": 0.5411839419443235,
    "roc_auc_upset": 0.7678571428571428
  },
  "test_metrics_model_b": {
    "ndcg": 0.167555341824438,
    "spearman": 0.5795328142380423,
    "mrr_top2": 0.2,
    "mrr_top4": 0.2,
    "ndcg10": 0.167555341824438,
    "ndcg_at_4": 0.04166423104576856,
    "ndcg_at_12": 0.23475421260903376,
    "ndcg_at_16": 0.2347473153747932,
    "ndcg_at_20": 0.385073644166097,
    "roc_auc_upset": 0.8054298642533936
  },
  "test_metrics_model_c": {
    "ndcg": 0.05124995751403931,
    "spearman": 0.303670745272525,
    "mrr_top2": 0.06666666666666667,
    "mrr_top4": 0.2,
    "ndcg10": 0.05124995751403931,
    "ndcg_at_4": 0.00711064040423231,
    "ndcg_at_12": 0.056899138174850025,
    "ndcg_at_16": 0.17781540372208415,
    "ndcg_at_20": 0.18021312496782235,
    "roc_auc_upset": 0.8258928571428571
  },
  "test_metrics_by_conference": {
    "E": {
      "ndcg": 0.25813788295657203,
      "spearman": 0.20357142857142854
    },
    "W": {
      "ndcg": 0.7737357849437491,
      "spearman": 0.6678571428571428
    }
  },
  "notes": {
    "eos_rank_source": "eos_final_rank"
  }
}