{
  "test_metrics_ensemble": {
    "ndcg": 0.3529703378058913,
    "spearman": 0.3343715239154616,
    "mrr_top2": 1.0,
    "mrr_top4": 1.0,
    "ndcg10": 0.3529703378058913,
    "ndcg_at_4": 0.35315119534797357,
    "ndcg_at_12": 0.5737220683061605,
    "ndcg_at_16": 0.5749479900200756,
    "ndcg_at_20": 0.5755540045724392,
    "roc_auc_upset": 0.832579185520362,
    "rank_mae_pred_vs_playoff_final_results": 8.266666412353516,
    "rank_rmse_pred_vs_playoff_final_results": 9.98665714263916,
    "rank_mae_eos_standings_vs_playoff_final_results": 3.7333333333333334,
    "rank_rmse_eos_standings_vs_playoff_final_results": 6.093712606722878,
    "playoff_metrics": {
      "spearman_pred_vs_playoff_final_results": 0.3779755283648498,
      "ndcg_at_4_final_four": 0.35315119534797357,
      "ndcg10_pred_vs_playoff_final_results": 0.35297128816322426,
      "brier_championship_odds": 0.03222232684493065,
      "rank_mae_pred_vs_playoff_final_results": 8.266666412353516,
      "rank_rmse_pred_vs_playoff_final_results": 9.98665714263916,
      "rank_mae_eos_standings_vs_playoff_final_results": 3.7333333333333334,
      "rank_rmse_eos_standings_vs_playoff_final_results": 6.093712606722878
    }
  },
  "test_metrics_model_a": {
    "ndcg": 0.3529703378058913,
    "spearman": 0.3343715239154616,
    "mrr_top2": 1.0,
    "mrr_top4": 1.0,
    "ndcg10": 0.3529703378058913,
    "ndcg_at_4": 0.35315119534797357,
    "ndcg_at_12": 0.5737220683061605,
    "ndcg_at_16": 0.5749479900200756,
    "ndcg_at_20": 0.5755540045724392,
    "roc_auc_upset": 0.832579185520362
  },
  "test_metrics_model_b": {
    "ndcg": 0.818500321620072,
    "spearman": 0.457174638487208,
    "mrr_top2": 1.0,
    "mrr_top4": 1.0,
    "ndcg10": 0.818500321620072,
    "ndcg_at_4": 0.729074614628521,
    "ndcg_at_12": 0.8183101257615133,
    "ndcg_at_16": 0.8183314286325015,
    "ndcg_at_20": 0.8619710004534632,
    "roc_auc_upset": 0.7733333333333333
  },
  "test_metrics_model_c": {
    "ndcg": 0.3335099094849099,
    "spearman": 0.23559510567296996,
    "mrr_top2": 0.16666666666666666,
    "mrr_top4": 0.16666666666666666,
    "ndcg10": 0.3335099094849099,
    "ndcg_at_4": 0.0011069724610271625,
    "ndcg_at_12": 0.3389081203242068,
    "ndcg_at_16": 0.3596647393089661,
    "ndcg_at_20": 0.3700007332224158,
    "roc_auc_upset": 0.7633928571428571
  },
  "test_metrics_by_conference": {
    "E": {
      "ndcg": 0.3836257979983503,
      "spearman": 0.20357142857142854
    },
    "W": {
      "ndcg": 0.9120342308685592,
      "spearman": 0.457142857142857
    }
  },
  "notes": {
    "eos_rank_source": "eos_final_rank"
  }
}