{
  "notes": {
    "eval_on": "test",
    "eos_rank_source": "eos_final_rank",
    "upset_definition": "sleeper = EOS_global_rank > predicted_strength",
    "mrr_top2": "1/rank of first team in top 2 (champion+runner-up) in predicted order.",
    "mrr_top4": "1/rank of first team in top 4 (conference finals) in predicted order.",
    "per_conference_relevance": "Within E/W: actual rank derived from EOS_global_rank (1=best in conf); NDCG/Spearman use this relevance.",
    "playoff_metrics": "Spearman (pred global vs playoff_final_results), NDCG@4 (final four), Brier (champion vs odds). rank_mae/rank_rmse: pred vs playoff_final_results; eos_standings vs playoff_final_results (baseline)."
  },
  "split_info": {
    "train_frac": 0.75,
    "n_train_dates": 141,
    "n_test_dates": 36,
    "split_mode": "seasons"
  },
  "test_metrics_ensemble": {
    "ndcg": 0.4827319928427261,
    "spearman": 0.46206896551724136,
    "mrr_top2": 0.5,
    "mrr_top4": 0.5,
    "ndcg10": 0.4827319928427261,
    "ndcg_at_4": 0.46437685999867345,
    "ndcg_at_12": 0.48297017433439193,
    "ndcg_at_16": 0.5255850097857214,
    "ndcg_at_20": 0.5291933288956694,
    "roc_auc_upset": 0.7633928571428572,
    "rank_mae_pred_vs_playoff_final_results": 6.933333396911621,
    "rank_rmse_pred_vs_playoff_final_results": 8.977749824523926,
    "rank_mae_eos_standings_vs_playoff_final_results": 3.1333333333333333,
    "rank_rmse_eos_standings_vs_playoff_final_results": 4.449719092257398,
    "playoff_metrics": {
      "spearman_pred_vs_playoff_final_results": 0.46651835372636263,
      "ndcg_at_4_final_four": 0.4643768342304213,
      "ndcg10_pred_vs_playoff_final_results": 0.48272146678104355,
      "brier_championship_odds": 0.03222232684493065,
      "rank_mae_pred_vs_playoff_final_results": 6.933333396911621,
      "rank_rmse_pred_vs_playoff_final_results": 8.977749824523926,
      "rank_mae_eos_standings_vs_playoff_final_results": 3.1333333333333333,
      "rank_rmse_eos_standings_vs_playoff_final_results": 4.449719092257398
    }
  },
  "test_metrics_model_a": {
    "ndcg": 0.4827319928427261,
    "spearman": 0.46206896551724136,
    "mrr_top2": 0.5,
    "mrr_top4": 0.5,
    "ndcg10": 0.4827319928427261,
    "ndcg_at_4": 0.46437685999867345,
    "ndcg_at_12": 0.48297017433439193,
    "ndcg_at_16": 0.5255850097857214,
    "ndcg_at_20": 0.5291933288956694,
    "roc_auc_upset": 0.7633928571428572
  },
  "test_metrics_model_b": {
    "ndcg": 0.17990443205154372,
    "spearman": 0.5977753058954393,
    "mrr_top2": 0.25,
    "mrr_top4": 0.25,
    "ndcg10": 0.17990443205154372,
    "ndcg_at_4": 0.16775742802418675,
    "ndcg_at_12": 0.22515698144424964,
    "ndcg_at_16": 0.24604438098009332,
    "ndcg_at_20": 0.4018113119874715,
    "roc_auc_upset": 0.7544642857142858
  },
  "test_metrics_model_c": {
    "ndcg": 0.05124995751403931,
    "spearman": 0.30189098998887653,
    "mrr_top2": 0.0625,
    "mrr_top4": 0.2,
    "ndcg10": 0.05124995751403931,
    "ndcg_at_4": 0.00711064040423231,
    "ndcg_at_12": 0.056899138174850025,
    "ndcg_at_16": 0.1769467286075223,
    "ndcg_at_20": 0.17934445367388585,
    "roc_auc_upset": 0.8258928571428571
  },
  "test_metrics_by_conference": {
    "E": {
      "ndcg": 0.2592377558477092,
      "spearman": 0.2285714285714285
    },
    "W": {
      "ndcg": 0.7509104922398915,
      "spearman": 0.7
    }
  },
  "by_season": {
    "2023-24": {
      "test_metrics_ensemble": {
        "ndcg": 0.5695452629711343,
        "spearman": 0.4602892102335928,
        "mrr_top2": 1.0,
        "mrr_top4": 1.0,
        "ndcg10": 0.5695452629711343,
        "ndcg_at_4": 0.35315119534797357,
        "ndcg_at_12": 0.5694024014299954,
        "ndcg_at_16": 0.613928858514944,
        "ndcg_at_20": 0.6139285425732541,
        "roc_auc_upset": 0.7175925925925926,
        "rank_mae_pred_vs_playoff_final_results": 7.0,
        "rank_rmse_pred_vs_playoff_final_results": 8.992589950561523,
        "rank_mae_eos_standings_vs_playoff_final_results": 3.7333333333333334,
        "rank_rmse_eos_standings_vs_playoff_final_results": 6.093712606722878,
        "playoff_metrics": {
          "spearman_pred_vs_playoff_final_results": 0.4638487208008899,
          "ndcg_at_4_final_four": 0.35315119534797357,
          "ndcg10_pred_vs_playoff_final_results": 0.5695505122704211,
          "brier_championship_odds": 0.03222232684493065,
          "rank_mae_pred_vs_playoff_final_results": 7.0,
          "rank_rmse_pred_vs_playoff_final_results": 8.992589950561523,
          "rank_mae_eos_standings_vs_playoff_final_results": 3.7333333333333334,
          "rank_rmse_eos_standings_vs_playoff_final_results": 6.093712606722878
        }
      },
      "test_metrics_model_a": {
        "ndcg": 0.5695452629711343,
        "spearman": 0.4513904338153503,
        "mrr_top2": 1.0,
        "mrr_top4": 1.0,
        "ndcg10": 0.5695452629711343,
        "ndcg_at_4": 0.35315119534797357,
        "ndcg_at_12": 0.5694024014299954,
        "ndcg_at_16": 0.613928858514944,
        "ndcg_at_20": 0.6139285425732541,
        "roc_auc_upset": 0.7222222222222222
      },
      "test_metrics_model_b": {
        "ndcg": 0.8127858954854074,
        "spearman": 0.44560622914349274,
        "mrr_top2": 1.0,
        "mrr_top4": 1.0,
        "ndcg10": 0.8127858954854074,
        "ndcg_at_4": 0.729074614628521,
        "ndcg_at_12": 0.8125945229858542,
        "ndcg_at_16": 0.81769258362638,
        "ndcg_at_20": 0.8552614771155206,
        "roc_auc_upset": 0.8488888888888889
      },
      "test_metrics_model_c": {
        "ndcg": 0.333487026575135,
        "spearman": 0.23159065628476083,
        "mrr_top2": 0.16666666666666666,
        "mrr_top4": 0.16666666666666666,
        "ndcg10": 0.333487026575135,
        "ndcg_at_4": 0.0011069724610271625,
        "ndcg_at_12": 0.33890731926775686,
        "ndcg_at_16": 0.35966393831396193,
        "ndcg_at_20": 0.3699999322309346,
        "roc_auc_upset": 0.7633928571428571
      },
      "test_metrics_by_conference": {
        "E": {
          "ndcg": 0.4065672786025889,
          "spearman": 0.32499999999999996
        },
        "W": {
          "ndcg": 0.9118746489891401,
          "spearman": 0.5535714285714285
        }
      },
      "notes": {
        "eos_rank_source": "eos_final_rank"
      }
    },
    "2024-25": {
      "test_metrics_ensemble": {
        "ndcg": 0.4827319928427261,
        "spearman": 0.46206896551724136,
        "mrr_top2": 0.5,
        "mrr_top4": 0.5,
        "ndcg10": 0.4827319928427261,
        "ndcg_at_4": 0.46437685999867345,
        "ndcg_at_12": 0.48297017433439193,
        "ndcg_at_16": 0.5255850097857214,
        "ndcg_at_20": 0.5291933288956694,
        "roc_auc_upset": 0.7633928571428572,
        "rank_mae_pred_vs_playoff_final_results": 6.933333396911621,
        "rank_rmse_pred_vs_playoff_final_results": 8.977749824523926,
        "rank_mae_eos_standings_vs_playoff_final_results": 3.1333333333333333,
        "rank_rmse_eos_standings_vs_playoff_final_results": 4.449719092257398,
        "playoff_metrics": {
          "spearman_pred_vs_playoff_final_results": 0.46651835372636263,
          "ndcg_at_4_final_four": 0.4643768342304213,
          "ndcg10_pred_vs_playoff_final_results": 0.48272146678104355,
          "brier_championship_odds": 0.03222232684493065,
          "rank_mae_pred_vs_playoff_final_results": 6.933333396911621,
          "rank_rmse_pred_vs_playoff_final_results": 8.977749824523926,
          "rank_mae_eos_standings_vs_playoff_final_results": 3.1333333333333333,
          "rank_rmse_eos_standings_vs_playoff_final_results": 4.449719092257398
        }
      },
      "test_metrics_model_a": {
        "ndcg": 0.4827319928427261,
        "spearman": 0.46206896551724136,
        "mrr_top2": 0.5,
        "mrr_top4": 0.5,
        "ndcg10": 0.4827319928427261,
        "ndcg_at_4": 0.46437685999867345,
        "ndcg_at_12": 0.48297017433439193,
        "ndcg_at_16": 0.5255850097857214,
        "ndcg_at_20": 0.5291933288956694,