{
  "test_metrics_ensemble": {
    "ndcg": 0.5695452629711343,
    "spearman": 0.4602892102335928,
    "mrr_top2": 1.0,
    "mrr_top4": 1.0,
    "ndcg10": 0.5695452629711343,
    "ndcg_at_4": 0.35315119534797357,
    "ndcg_at_12": 0.5694024014299954,
    "ndcg_at_16": 0.613928858514944,
    "ndcg_at_20": 0.6139285425732541,
    "roc_auc_upset": 0.7175925925925926,
    "rank_mae_pred_vs_playoff_final_results": 7.0,
    "rank_rmse_pred_vs_playoff_final_results": 8.992589950561523,
    "rank_mae_eos_standings_vs_playoff_final_results": 3.7333333333333334,
    "rank_rmse_eos_standings_vs_playoff_final_results": 6.093712606722878,
    "playoff_metrics": {
      "spearman_pred_vs_playoff_final_results": 0.4638487208008899,
      "ndcg_at_4_final_four": 0.35315119534797357,
      "ndcg10_pred_vs_playoff_final_results": 0.5695505122704211,
      "brier_championship_odds": 0.03222232684493065,
      "rank_mae_pred_vs_playoff_final_results": 7.0,
      "rank_rmse_pred_vs_playoff_final_results": 8.992589950561523,
      "rank_mae_eos_standings_vs_playoff_final_results": 3.7333333333333334,
      "rank_rmse_eos_standings_vs_playoff_final_results": 6.093712606722878
    }
  },
  "test_metrics_model_a": {
    "ndcg": 0.5695452629711343,
    "spearman": 0.4513904338153503,
    "mrr_top2": 1.0,
    "mrr_top4": 1.0,
    "ndcg10": 0.5695452629711343,
    "ndcg_at_4": 0.35315119534797357,
    "ndcg_at_12": 0.5694024014299954,
    "ndcg_at_16": 0.613928858514944,
    "ndcg_at_20": 0.6139285425732541,
    "roc_auc_upset": 0.7222222222222222
  },
  "test_metrics_model_b": {
    "ndcg": 0.8127858954854074,
    "spearman": 0.44560622914349274,
    "mrr_top2": 1.0,
    "mrr_top4": 1.0,
    "ndcg10": 0.8127858954854074,
    "ndcg_at_4": 0.729074614628521,
    "ndcg_at_12": 0.8125945229858542,
    "ndcg_at_16": 0.81769258362638,
    "ndcg_at_20": 0.8552614771155206,
    "roc_auc_upset": 0.8488888888888889
  },
  "test_metrics_model_c": {
    "ndcg": 0.333487026575135,
    "spearman": 0.23159065628476083,
    "mrr_top2": 0.16666666666666666,
    "mrr_top4": 0.16666666666666666,
    "ndcg10": 0.333487026575135,
    "ndcg_at_4": 0.0011069724610271625,
    "ndcg_at_12": 0.33890731926775686,
    "ndcg_at_16": 0.35966393831396193,
    "ndcg_at_20": 0.3699999322309346,
    "roc_auc_upset": 0.7633928571428571
  },
  "test_metrics_by_conference": {
    "E": {
      "ndcg": 0.4065672786025889,
      "spearman": 0.32499999999999996
    },
    "W": {
      "ndcg": 0.9118746489891401,
      "spearman": 0.5535714285714285
    }
  },
  "notes": {
    "eos_rank_source": "eos_final_rank"
  }
}