{
  "notes": {
    "eval_on": "test",
    "eos_rank_source": "eos_final_rank",
    "upset_definition": "sleeper = EOS_global_rank > predicted_strength",
    "mrr_top2": "1/rank of first team in top 2 (champion+runner-up) in predicted order.",
    "mrr_top4": "1/rank of first team in top 4 (conference finals) in predicted order.",
    "per_conference_relevance": "Within E/W: actual rank derived from EOS_global_rank (1=best in conf); NDCG/Spearman use this relevance.",
    "playoff_metrics": "Spearman (pred global vs playoff_final_results), NDCG@4 (final four), Brier (champion vs odds). rank_mae/rank_rmse: pred vs playoff_final_results; eos_standings vs playoff_final_results (baseline)."
  },
  "split_info": {
    "train_frac": 0.75,
    "n_train_dates": 141,
    "n_test_dates": 36,
    "split_mode": "seasons"
  },
  "test_metrics_ensemble": {
    "ndcg": 0.48188008124560777,
    "spearman": 0.4567296996662959,
    "mrr_top2": 0.5,
    "mrr_top4": 0.5,
    "ndcg10": 0.48188008124560777,
    "ndcg_at_4": 0.4643519436832566,
    "ndcg_at_12": 0.48210757894900824,
    "ndcg_at_16": 0.5248980602039185,
    "ndcg_at_20": 0.5272440354822222,
    "roc_auc_upset": 0.7857142857142857,
    "rank_mae_pred_vs_playoff_final_results": 7.266666889190674,
    "rank_rmse_pred_vs_playoff_final_results": 9.022194862365723,
    "rank_mae_eos_standings_vs_playoff_final_results": 3.1333333333333333,
    "rank_rmse_eos_standings_vs_playoff_final_results": 4.449719092257398,
    "playoff_metrics": {
      "spearman_pred_vs_playoff_final_results": 0.4505005561735262,
      "ndcg_at_4_final_four": 0.46433662668392073,
      "ndcg10_pred_vs_playoff_final_results": 0.4818646495085692,
      "brier_championship_odds": 0.03222232684493065,
      "rank_mae_pred_vs_playoff_final_results": 7.266666889190674,
      "rank_rmse_pred_vs_playoff_final_results": 9.022194862365723,
      "rank_mae_eos_standings_vs_playoff_final_results": 3.1333333333333333,
      "rank_rmse_eos_standings_vs_playoff_final_results": 4.449719092257398
    }
  },
  "test_metrics_model_a": {
    "ndcg": 0.48188008124560777,
    "spearman": 0.4567296996662959,
    "mrr_top2": 0.5,
    "mrr_top4": 0.5,
    "ndcg10": 0.48188008124560777,
    "ndcg_at_4": 0.4643519436832566,
    "ndcg_at_12": 0.48210757894900824,
    "ndcg_at_16": 0.5248980602039185,
    "ndcg_at_20": 0.5272440354822222,
    "roc_auc_upset": 0.7857142857142857
  },
  "test_metrics_model_b": {
    "ndcg": 0.21441960365664167,
    "spearman": 0.6342602892102336,
    "mrr_top2": 0.2,
    "mrr_top4": 0.2,
    "ndcg10": 0.21441960365664167,
    "ndcg_at_4": 0.04166423104576856,
    "ndcg_at_12": 0.2370988985390561,
    "ndcg_at_16": 0.39951594078596414,
    "ndcg_at_20": 0.3995144838187985,
    "roc_auc_upset": 0.7375565610859728
  },
  "test_metrics_model_c": {
    "ndcg": 0.05124995751403931,
    "spearman": 0.3076751946607342,
    "mrr_top2": 0.06666666666666667,
    "mrr_top4": 0.2,
    "ndcg10": 0.05124995751403931,
    "ndcg_at_4": 0.00711064040423231,
    "ndcg_at_12": 0.056899138174850025,
    "ndcg_at_16": 0.17781540372208415,
    "ndcg_at_20": 0.18021327193327982,
    "roc_auc_upset": 0.8214285714285714
  },
  "test_metrics_by_conference": {
    "E": {
      "ndcg": 0.23782247701230383,
      "spearman": 0.21428571428571427
    },
    "W": {
      "ndcg": 0.7504940786340119,
      "spearman": 0.6392857142857141
    }
  },
  "by_season": {
    "2023-24": {
      "test_metrics_ensemble": {
        "ndcg": 0.557407451896776,
        "spearman": 0.40778642936596216,
        "mrr_top2": 1.0,
        "mrr_top4": 1.0,
        "ndcg10": 0.557407451896776,
        "ndcg_at_4": 0.35315119534797357,
        "ndcg_at_12": 0.6011472002117153,
        "ndcg_at_16": 0.6024012854714703,
        "ndcg_at_20": 0.6030071771948278,
        "roc_auc_upset": 0.7918552036199095,
        "rank_mae_pred_vs_playoff_final_results": 7.666666507720947,
        "rank_rmse_pred_vs_playoff_final_results": 9.41983699798584,
        "rank_mae_eos_standings_vs_playoff_final_results": 3.7333333333333334,
        "rank_rmse_eos_standings_vs_playoff_final_results": 6.093712606722878,
        "playoff_metrics": {
          "spearman_pred_vs_playoff_final_results": 0.4642936596218019,
          "ndcg_at_4_final_four": 0.35315119534797357,
          "ndcg10_pred_vs_playoff_final_results": 0.5574017754438759,
          "brier_championship_odds": 0.03222232684493065,
          "rank_mae_pred_vs_playoff_final_results": 7.666666507720947,
          "rank_rmse_pred_vs_playoff_final_results": 9.41983699798584,
          "rank_mae_eos_standings_vs_playoff_final_results": 3.7333333333333334,
          "rank_rmse_eos_standings_vs_playoff_final_results": 6.093712606722878
        }
      },
      "test_metrics_model_a": {
        "ndcg": 0.557407451896776,
        "spearman": 0.40289210233592887,
        "mrr_top2": 1.0,
        "mrr_top4": 1.0,
        "ndcg10": 0.557407451896776,
        "ndcg_at_4": 0.35315119534797357,
        "ndcg_at_12": 0.6011472002117153,
        "ndcg_at_16": 0.6024012854714703,
        "ndcg_at_20": 0.6030071771948278,
        "roc_auc_upset": 0.7963800904977375
      },
      "test_metrics_model_b": {
        "ndcg": 0.8062669745834677,
        "spearman": 0.3997775305895439,
        "mrr_top2": 1.0,
        "mrr_top4": 1.0,
        "ndcg10": 0.8062669745834677,
        "ndcg_at_4": 0.7116242168324007,
        "ndcg_at_12": 0.8060793880508403,
        "ndcg_at_16": 0.8060959685998608,
        "ndcg_at_20": 0.8496602945680664,
        "roc_auc_upset": 0.75
      },
      "test_metrics_model_c": {
        "ndcg": 0.333487026575135,
        "spearman": 0.23159065628476083,
        "mrr_top2": 0.16666666666666666,
        "mrr_top4": 0.16666666666666666,
        "ndcg10": 0.333487026575135,
        "ndcg_at_4": 0.0011069724610271625,
        "ndcg_at_12": 0.33890731926775686,
        "ndcg_at_16": 0.35966393831396193,
        "ndcg_at_20": 0.3699999322309346,
        "roc_auc_upset": 0.7633928571428571
      },
      "test_metrics_by_conference": {
        "E": {
          "ndcg": 0.40649848933393984,
          "spearman": 0.2928571428571428
        },
        "W": {
          "ndcg": 0.9115128168812958,
          "spearman": 0.5142857142857142
        }
      },
      "notes": {
        "eos_rank_source": "eos_final_rank"
      }
    },
    "2024-25": {
      "test_metrics_ensemble": {
        "ndcg": 0.48188008124560777,
        "spearman": 0.4567296996662959,
        "mrr_top2": 0.5,
        "mrr_top4": 0.5,
        "ndcg10": 0.48188008124560777,
        "ndcg_at_4": 0.4643519436832566,
        "ndcg_at_12": 0.48210757894900824,
        "ndcg_at_16": 0.5248980602039185,
        "ndcg_at_20": 0.5272440354822222,
        "roc_auc_upset": 0.7857142857142857,
        "rank_mae_pred_vs_playoff_final_results": 7.266666889190674,
        "rank_rmse_pred_vs_playoff_final_results": 9.022194862365723,
        "rank_mae_eos_standings_vs_playoff_final_results": 3.1333333333333333,
        "rank_rmse_eos_standings_vs_playoff_final_results": 4.449719092257398,
        "playoff_metrics": {
          "spearman_pred_vs_playoff_final_results": 0.4505005561735262,
          "ndcg_at_4_final_four": 0.46433662668392073,
          "ndcg10_pred_vs_playoff_final_results": 0.4818646495085692,
          "brier_championship_odds": 0.03222232684493065,
          "rank_mae_pred_vs_playoff_final_results": 7.266666889190674,
          "rank_rmse_pred_vs_playoff_final_results": 9.022194862365723,
          "rank_mae_eos_standings_vs_playoff_final_results": 3.1333333333333333,
          "rank_rmse_eos_standings_vs_playoff_final_results": 4.449719092257398
        }
      },
      "test_metrics_model_a": {
        "ndcg": 0.48188008124560777,
        "spearman": 0.4567296996662959,
        "mrr_top2": 0.5,
        "mrr_top4": 0.5,
        "ndcg10": 0.48188008124560777,
        "ndcg_at_4": 0.4643519436832566,
        "ndcg_at_12": 0.48210757894900824,
        "ndcg_at_16": 0.5248980602039185,