{
  "test_metrics_ensemble": {
    "ndcg": 0.40227778527305413,
    "spearman": 0.36774193548387096,
    "mrr_top2": 1.0,
    "mrr_top4": 1.0,
    "ndcg10": 0.40227778527305413,
    "ndcg_at_4": 0.35315119534797357,
    "ndcg_at_12": 0.5833766853616813,
    "ndcg_at_16": 0.5846321337258873,
    "ndcg_at_20": 0.5852380407886439,
    "roc_auc_upset": 0.7589285714285715,
    "rank_mae_pred_vs_playoff_final_results": 7.800000190734863,
    "rank_rmse_pred_vs_playoff_final_results": 9.733104705810547,
    "rank_mae_eos_standings_vs_playoff_final_results": 3.7333333333333334,
    "rank_rmse_eos_standings_vs_playoff_final_results": 6.093712606722878,
    "playoff_metrics": {
      "spearman_pred_vs_playoff_final_results": 0.43003337041156836,
      "ndcg_at_4_final_four": 0.35315119534797357,
      "ndcg10_pred_vs_playoff_final_results": 0.40228279734163547,
      "brier_championship_odds": 0.03222232684493065,
      "rank_mae_pred_vs_playoff_final_results": 7.800000190734863,
      "rank_rmse_pred_vs_playoff_final_results": 9.733104705810547,
      "rank_mae_eos_standings_vs_playoff_final_results": 3.7333333333333334,
      "rank_rmse_eos_standings_vs_playoff_final_results": 6.093712606722878
    }
  },
  "test_metrics_model_a": {
    "ndcg": 0.40227778527305413,
    "spearman": 0.3668520578420467,
    "mrr_top2": 1.0,
    "mrr_top4": 1.0,
    "ndcg10": 0.40227778527305413,
    "ndcg_at_4": 0.35315119534797357,
    "ndcg_at_12": 0.5833726674636758,
    "ndcg_at_16": 0.5846320209070295,
    "ndcg_at_20": 0.5852379279702823,
    "roc_auc_upset": 0.7589285714285715
  },
  "test_metrics_model_b": {
    "ndcg": 0.8063721939044944,
    "spearman": 0.4313681868743047,
    "mrr_top2": 1.0,
    "mrr_top4": 1.0,
    "ndcg10": 0.8063721939044944,
    "ndcg_at_4": 0.7116242168324007,
    "ndcg_at_12": 0.8061826725207536,
    "ndcg_at_16": 0.8459304694539505,
    "ndcg_at_20": 0.8507057358295005,
    "roc_auc_upset": 0.7777777777777778
  },
  "test_metrics_model_c": {
    "ndcg": 0.333487026575135,
    "spearman": 0.23159065628476083,
    "mrr_top2": 0.16666666666666666,
    "mrr_top4": 0.16666666666666666,
    "ndcg10": 0.333487026575135,
    "ndcg_at_4": 0.0011069724610271625,
    "ndcg_at_12": 0.33890731926775686,
    "ndcg_at_16": 0.35966393831396193,
    "ndcg_at_20": 0.3699999322309346,
    "roc_auc_upset": 0.7633928571428571
  },
  "test_metrics_by_conference": {
    "E": {
      "ndcg": 0.3851402749883562,
      "spearman": 0.2642857142857143
    },
    "W": {
      "ndcg": 0.9249367954852322,
      "spearman": 0.47857142857142854
    }
  },
  "notes": {
    "eos_rank_source": "eos_final_rank"
  }
}