{
  "notes": {
    "eval_on": "test",
    "eos_rank_source": "eos_final_rank",
    "upset_definition": "sleeper = EOS_global_rank > predicted_strength",
    "mrr_top2": "1/rank of first team in top 2 (champion+runner-up) in predicted order.",
    "mrr_top4": "1/rank of first team in top 4 (conference finals) in predicted order.",
    "per_conference_relevance": "Within E/W: actual rank derived from EOS_global_rank (1=best in conf); NDCG/Spearman use this relevance.",
    "playoff_metrics": "Spearman (pred global vs playoff_final_results), NDCG@4 (final four), Brier (champion vs odds). rank_mae/rank_rmse: pred vs playoff_final_results; eos_standings vs playoff_final_results (baseline)."
  },
  "split_info": {
    "train_frac": 0.75,
    "n_train_dates": 141,
    "n_test_dates": 36,
    "split_mode": "seasons"
  },
  "test_metrics_ensemble": {
    "ndcg": 0.4979809992553143,
    "spearman": 0.49855394883203563,
    "mrr_top2": 0.5,
    "mrr_top4": 0.5,
    "ndcg10": 0.4979809992553143,
    "ndcg_at_4": 0.5060164115227557,
    "ndcg_at_12": 0.5420902609776918,
    "ndcg_at_16": 0.5433123933876227,
    "ndcg_at_20": 0.5457036995572772,
    "roc_auc_upset": 0.7911111111111111,
    "rank_mae_pred_vs_playoff_final_results": 6.599999904632568,
    "rank_rmse_pred_vs_playoff_final_results": 8.667948722839355,
    "rank_mae_eos_standings_vs_playoff_final_results": 3.1333333333333333,
    "rank_rmse_eos_standings_vs_playoff_final_results": 4.449719092257398,
    "playoff_metrics": {
      "spearman_pred_vs_playoff_final_results": 0.4905450500556173,
      "ndcg_at_4_final_four": 0.5060164115227557,
      "ndcg10_pred_vs_playoff_final_results": 0.4979689360539048,
      "brier_championship_odds": 0.03222232684493065,
      "rank_mae_pred_vs_playoff_final_results": 6.599999904632568,
      "rank_rmse_pred_vs_playoff_final_results": 8.667948722839355,
      "rank_mae_eos_standings_vs_playoff_final_results": 3.1333333333333333,
      "rank_rmse_eos_standings_vs_playoff_final_results": 4.449719092257398
    }
  },
  "test_metrics_model_a": {
    "ndcg": 0.4976934302604494,
    "spearman": 0.4816462736373748,
    "mrr_top2": 0.5,
    "mrr_top4": 0.5,
    "ndcg10": 0.4976934302604494,
    "ndcg_at_4": 0.5060164115227557,
    "ndcg_at_12": 0.5418027675177629,
    "ndcg_at_16": 0.5417834306007385,
    "ndcg_at_20": 0.5453916784664473,
    "roc_auc_upset": 0.8
  },
  "test_metrics_model_b": {
    "ndcg": 0.2044732083189892,
    "spearman": 0.6400444938820912,
    "mrr_top2": 0.16666666666666666,
    "mrr_top4": 0.16666666666666666,
    "ndcg10": 0.2044732083189892,
    "ndcg_at_4": 0.04166423104576856,
    "ndcg_at_12": 0.22715511579298983,
    "ndcg_at_16": 0.3860996303755704,
    "ndcg_at_20": 0.38609888914806945,
    "roc_auc_upset": 0.7285067873303167
  },
  "test_metrics_model_c": {
    "ndcg": 0.05124995751403931,
    "spearman": 0.30233592880978866,
    "mrr_top2": 0.06666666666666667,
    "mrr_top4": 0.2,
    "ndcg10": 0.05124995751403931,
    "ndcg_at_4": 0.00711064040423231,
    "ndcg_at_12": 0.056899138174850025,
    "ndcg_at_16": 0.17781540372208415,
    "ndcg_at_20": 0.18021312496782235,
    "roc_auc_upset": 0.8258928571428571
  },
  "test_metrics_by_conference": {
    "E": {
      "ndcg": 0.2472652221172795,
      "spearman": 0.22499999999999998
    },
    "W": {
      "ndcg": 0.7737357849437491,
      "spearman": 0.7107142857142856
    }
  },
  "by_season": {
    "2023-24": {
      "test_metrics_ensemble": {
        "ndcg": 0.5896877862558768,
        "spearman": 0.4505005561735262,
        "mrr_top2": 1.0,
        "mrr_top4": 1.0,
        "ndcg10": 0.5896877862558768,
        "ndcg_at_4": 0.35315119534797357,
        "ndcg_at_12": 0.5909043374916253,
        "ndcg_at_16": 0.590865410085025,
        "ndcg_at_20": 0.5917490097777119,
        "roc_auc_upset": 0.755656108597285,
        "rank_mae_pred_vs_playoff_final_results": 7.133333206176758,
        "rank_rmse_pred_vs_playoff_final_results": 9.073771476745605,
        "rank_mae_eos_standings_vs_playoff_final_results": 3.7333333333333334,
        "rank_rmse_eos_standings_vs_playoff_final_results": 6.093712606722878,
        "playoff_metrics": {
          "spearman_pred_vs_playoff_final_results": 0.5056729699666296,
          "ndcg_at_4_final_four": 0.35315119534797357,
          "ndcg10_pred_vs_playoff_final_results": 0.5896870671015507,
          "brier_championship_odds": 0.03222232684493065,
          "rank_mae_pred_vs_playoff_final_results": 7.133333206176758,
          "rank_rmse_pred_vs_playoff_final_results": 9.073771476745605,
          "rank_mae_eos_standings_vs_playoff_final_results": 3.7333333333333334,
          "rank_rmse_eos_standings_vs_playoff_final_results": 6.093712606722878
        }
      },
      "test_metrics_model_a": {
        "ndcg": 0.5896877862558768,
        "spearman": 0.4505005561735262,
        "mrr_top2": 1.0,
        "mrr_top4": 1.0,
        "ndcg10": 0.5896877862558768,
        "ndcg_at_4": 0.35315119534797357,
        "ndcg_at_12": 0.5909043374916253,
        "ndcg_at_16": 0.590865410085025,
        "ndcg_at_20": 0.5917490097777119,
        "roc_auc_upset": 0.755656108597285
      },
      "test_metrics_model_b": {
        "ndcg": 0.8014953694985414,
        "spearman": 0.41401557285873186,
        "mrr_top2": 1.0,
        "mrr_top4": 1.0,
        "ndcg10": 0.8014953694985414,
        "ndcg_at_4": 0.7261751187226982,
        "ndcg_at_12": 0.8012882771702573,
        "ndcg_at_16": 0.8410546717971994,
        "ndcg_at_20": 0.8457487907649268,
        "roc_auc_upset": 0.8169642857142857
      },
      "test_metrics_model_c": {
        "ndcg": 0.333487026575135,
        "spearman": 0.23515016685205786,
        "mrr_top2": 0.16666666666666666,
        "mrr_top4": 0.16666666666666666,
        "ndcg10": 0.333487026575135,
        "ndcg_at_4": 0.0011069724610271625,
        "ndcg_at_12": 0.33890731926775686,
        "ndcg_at_16": 0.35966393831396193,
        "ndcg_at_20": 0.3711507384927367,
        "roc_auc_upset": 0.7633928571428571
      },
      "test_metrics_by_conference": {
        "E": {
          "ndcg": 0.3869402032684001,
          "spearman": 0.2964285714285714
        },
        "W": {
          "ndcg": 0.9293047301489092,
          "spearman": 0.5928571428571427
        }
      },
      "notes": {
        "eos_rank_source": "eos_final_rank"
      }
    },
    "2024-25": {
      "test_metrics_ensemble": {
        "ndcg": 0.4979809992553143,
        "spearman": 0.49855394883203563,
        "mrr_top2": 0.5,
        "mrr_top4": 0.5,
        "ndcg10": 0.4979809992553143,
        "ndcg_at_4": 0.5060164115227557,
        "ndcg_at_12": 0.5420902609776918,
        "ndcg_at_16": 0.5433123933876227,
        "ndcg_at_20": 0.5457036995572772,
        "roc_auc_upset": 0.7911111111111111,
        "rank_mae_pred_vs_playoff_final_results": 6.599999904632568,
        "rank_rmse_pred_vs_playoff_final_results": 8.667948722839355,
        "rank_mae_eos_standings_vs_playoff_final_results": 3.1333333333333333,
        "rank_rmse_eos_standings_vs_playoff_final_results": 4.449719092257398,
        "playoff_metrics": {
          "spearman_pred_vs_playoff_final_results": 0.4905450500556173,
          "ndcg_at_4_final_four": 0.5060164115227557,
          "ndcg10_pred_vs_playoff_final_results": 0.4979689360539048,
          "brier_championship_odds": 0.03222232684493065,
          "rank_mae_pred_vs_playoff_final_results": 6.599999904632568,
          "rank_rmse_pred_vs_playoff_final_results": 8.667948722839355,
          "rank_mae_eos_standings_vs_playoff_final_results": 3.1333333333333333,
          "rank_rmse_eos_standings_vs_playoff_final_results": 4.449719092257398
        }
      },
      "test_metrics_model_a": {
        "ndcg": 0.4976934302604494,
        "spearman": 0.4816462736373748,
        "mrr_top2": 0.5,
        "mrr_top4": 0.5,
        "ndcg10": 0.4976934302604494,
        "ndcg_at_4": 0.5060164115227557,
        "ndcg_at_12": 0.5418027675177629,