{
  "test_metrics_ensemble": {
    "ndcg": 0.4844226184229019,
    "spearman": 0.4883203559510568,
    "mrr_top2": 0.5,
    "mrr_top4": 0.5,
    "ndcg10": 0.4844226184229019,
    "ndcg_at_4": 0.4640705200119564,
    "ndcg_at_12": 0.5285354414868993,
    "ndcg_at_16": 0.5297586394672842,
    "ndcg_at_20": 0.5321090975190311,
    "roc_auc_upset": 0.7911111111111111,
    "rank_mae_pred_vs_playoff_final_results": 6.733333110809326,
    "rank_rmse_pred_vs_playoff_final_results": 8.755949974060059,
    "rank_mae_eos_standings_vs_playoff_final_results": 3.1333333333333333,
    "rank_rmse_eos_standings_vs_playoff_final_results": 4.449719092257398,
    "playoff_metrics": {
      "spearman_pred_vs_playoff_final_results": 0.4767519466073415,
      "ndcg_at_4_final_four": 0.4640551772443684,
      "ndcg10_pred_vs_playoff_final_results": 0.4844071618969013,
      "brier_championship_odds": 0.03222232684493065,
      "rank_mae_pred_vs_playoff_final_results": 6.733333110809326,
      "rank_rmse_pred_vs_playoff_final_results": 8.755949974060059,
      "rank_mae_eos_standings_vs_playoff_final_results": 3.1333333333333333,
      "rank_rmse_eos_standings_vs_playoff_final_results": 4.449719092257398
    }
  },
  "test_metrics_model_a": {
    "ndcg": 0.48383068757293185,
    "spearman": 0.48698553948832035,
    "mrr_top2": 0.5,
    "mrr_top4": 0.5,
    "ndcg10": 0.48383068757293185,
    "ndcg_at_4": 0.4640705200119564,
    "ndcg_at_12": 0.5279436661177347,
    "ndcg_at_16": 0.529166909490819,
    "ndcg_at_20": 0.5315173701451253,
    "roc_auc_upset": 0.75
  },
  "test_metrics_model_b": {
    "ndcg": 0.16744612903542058,
    "spearman": 0.607119021134594,
    "mrr_top2": 0.2,
    "mrr_top4": 0.2,
    "ndcg10": 0.16744612903542058,
    "ndcg_at_4": 0.04166423104576856,
    "ndcg_at_12": 0.21278766335704224,
    "ndcg_at_16": 0.23413685001946002,
    "ndcg_at_20": 0.38704365403818763,
    "roc_auc_upset": 0.7175925925925926
  },
  "test_metrics_model_c": {
    "ndcg": 0.05124995751403931,
    "spearman": 0.30189098998887653,
    "mrr_top2": 0.0625,
    "mrr_top4": 0.2,
    "ndcg10": 0.05124995751403931,
    "ndcg_at_4": 0.00711064040423231,
    "ndcg_at_12": 0.056899138174850025,
    "ndcg_at_16": 0.1769467286075223,
    "ndcg_at_20": 0.17934445367388585,
    "roc_auc_upset": 0.8258928571428571
  },
  "test_metrics_by_conference": {
    "E": {
      "ndcg": 0.253532201325994,
      "spearman": 0.21428571428571427
    },
    "W": {
      "ndcg": 0.7733861295850691,
      "spearman": 0.7392857142857142
    }
  },
  "notes": {
    "eos_rank_source": "eos_final_rank"
  }
}