{
  "test_metrics_ensemble": {
    "ndcg": 0.5585300489417686,
    "spearman": 0.4834260289210234,
    "mrr_top2": 1.0,
    "mrr_top4": 1.0,
    "ndcg10": 0.5585300489417686,
    "ndcg_at_4": 0.35315119534797357,
    "ndcg_at_12": 0.6036844824960043,
    "ndcg_at_16": 0.6055967105769676,
    "ndcg_at_20": 0.6058922992317707,
    "roc_auc_upset": 0.6830357142857143,
    "rank_mae_pred_vs_playoff_final_results": 6.666666507720947,
    "rank_rmse_pred_vs_playoff_final_results": 8.79772663116455,
    "rank_mae_eos_standings_vs_playoff_final_results": 3.7333333333333334,
    "rank_rmse_eos_standings_vs_playoff_final_results": 6.093712606722878,
    "playoff_metrics": {
      "spearman_pred_vs_playoff_final_results": 0.5301446051167964,
      "ndcg_at_4_final_four": 0.35315119534797357,
      "ndcg10_pred_vs_playoff_final_results": 0.5585352982410553,
      "brier_championship_odds": 0.03222232684493065,
      "rank_mae_pred_vs_playoff_final_results": 6.666666507720947,
      "rank_rmse_pred_vs_playoff_final_results": 8.79772663116455,
      "rank_mae_eos_standings_vs_playoff_final_results": 3.7333333333333334,
      "rank_rmse_eos_standings_vs_playoff_final_results": 6.093712606722878
    }
  },
  "test_metrics_model_a": {
    "ndcg": 0.5585300489417686,
    "spearman": 0.4834260289210234,
    "mrr_top2": 1.0,
    "mrr_top4": 1.0,
    "ndcg10": 0.5585300489417686,
    "ndcg_at_4": 0.35315119534797357,
    "ndcg_at_12": 0.6036844824960043,
    "ndcg_at_16": 0.6055967105769676,
    "ndcg_at_20": 0.6058922992317707,
    "roc_auc_upset": 0.6830357142857143
  },
  "test_metrics_model_b": {
    "ndcg": 0.8041183028070705,
    "spearman": 0.3699666295884316,
    "mrr_top2": 1.0,
    "mrr_top4": 1.0,
    "ndcg10": 0.8041183028070705,
    "ndcg_at_4": 0.729074614628521,
    "ndcg_at_12": 0.8039104568089267,
    "ndcg_at_16": 0.8089148833875022,
    "ndcg_at_20": 0.8089159890773694,
    "roc_auc_upset": 0.84375
  },
  "test_metrics_model_c": {
    "ndcg": 0.333487026575135,
    "spearman": 0.23159065628476083,
    "mrr_top2": 0.16666666666666666,
    "mrr_top4": 0.16666666666666666,
    "ndcg10": 0.333487026575135,
    "ndcg_at_4": 0.0011069724610271625,
    "ndcg_at_12": 0.33890731926775686,
    "ndcg_at_16": 0.35966393831396193,
    "ndcg_at_20": 0.3699999322309346,
    "roc_auc_upset": 0.7633928571428571
  },
  "test_metrics_by_conference": {
    "E": {
      "ndcg": 0.3851402749883562,
      "spearman": 0.3
    },
    "W": {
      "ndcg": 0.9215010578871936,
      "spearman": 0.6142857142857142
    }
  },
  "notes": {
    "eos_rank_source": "eos_final_rank"
  }
}