{
  "test_metrics_ensemble": {
    "ndcg": 0.541145942154401,
    "spearman": 0.418020022246941,
    "mrr_top2": 1.0,
    "mrr_top4": 1.0,
    "ndcg10": 0.541145942154401,
    "ndcg_at_4": 0.35315119534797357,
    "ndcg_at_12": 0.5863089598408993,
    "ndcg_at_16": 0.5875340059271831,
    "ndcg_at_20": 0.5881377626493786,
    "roc_auc_upset": 0.7991071428571428,
    "rank_mae_pred_vs_playoff_final_results": 7.199999809265137,
    "rank_rmse_pred_vs_playoff_final_results": 9.338093757629395,
    "rank_mae_eos_standings_vs_playoff_final_results": 3.7333333333333334,
    "rank_rmse_eos_standings_vs_playoff_final_results": 6.093712606722878,
    "playoff_metrics": {
      "spearman_pred_vs_playoff_final_results": 0.4407119021134594,
      "ndcg_at_4_final_four": 0.35315119534797357,
      "ndcg10_pred_vs_playoff_final_results": 0.5411514776508096,
      "brier_championship_odds": 0.03222232684493065,
      "rank_mae_pred_vs_playoff_final_results": 7.199999809265137,
      "rank_rmse_pred_vs_playoff_final_results": 9.338093757629395,
      "rank_mae_eos_standings_vs_playoff_final_results": 3.7333333333333334,
      "rank_rmse_eos_standings_vs_playoff_final_results": 6.093712606722878
    }
  },
  "test_metrics_model_a": {
    "ndcg": 0.541145942154401,
    "spearman": 0.4122358175750834,
    "mrr_top2": 1.0,
    "mrr_top4": 1.0,
    "ndcg10": 0.541145942154401,
    "ndcg_at_4": 0.35315119534797357,
    "ndcg_at_12": 0.5863089598408993,
    "ndcg_at_16": 0.5875340059271831,
    "ndcg_at_20": 0.5881377626493786,
    "roc_auc_upset": 0.7737556561085973
  },
  "test_metrics_model_b": {
    "ndcg": 0.8052132314343098,
    "spearman": 0.40200222469410457,
    "mrr_top2": 1.0,
    "mrr_top4": 1.0,
    "ndcg10": 0.8052132314343098,
    "ndcg_at_4": 0.7261751187226982,
    "ndcg_at_12": 0.8050024192658557,
    "ndcg_at_16": 0.8099925750110796,
    "ndcg_at_20": 0.809993536693832,
    "roc_auc_upset": 0.7828054298642533
  },
  "test_metrics_model_c": {
    "ndcg": 0.333487026575135,
    "spearman": 0.23159065628476083,
    "mrr_top2": 0.16666666666666666,
    "mrr_top4": 0.16666666666666666,
    "ndcg10": 0.333487026575135,
    "ndcg_at_4": 0.0011069724610271625,
    "ndcg_at_12": 0.33890731926775686,
    "ndcg_at_16": 0.35966393831396193,
    "ndcg_at_20": 0.3699999322309346,
    "roc_auc_upset": 0.7633928571428571
  },
  "test_metrics_by_conference": {
    "E": {
      "ndcg": 0.38369169619137905,
      "spearman": 0.2321428571428571
    },
    "W": {
      "ndcg": 0.9213917431112483,
      "spearman": 0.6178571428571428
    }
  },
  "notes": {
    "eos_rank_source": "eos_final_rank"
  }
}