{
  "test_metrics_ensemble": {
    "ndcg": 0.4882569487278297,
    "spearman": 0.4682981090100112,
    "mrr_top2": 0.5,
    "mrr_top4": 0.5,
    "ndcg10": 0.4882569487278297,
    "ndcg_at_4": 0.46414085016152934,
    "ndcg_at_12": 0.5323687646391098,
    "ndcg_at_16": 0.5323501772013335,
    "ndcg_at_20": 0.5358799999822309,
    "roc_auc_upset": 0.7589285714285714,
    "rank_mae_pred_vs_playoff_final_results": 6.866666793823242,
    "rank_rmse_pred_vs_playoff_final_results": 8.925618171691895,
    "rank_mae_eos_standings_vs_playoff_final_results": 3.1333333333333333,
    "rank_rmse_eos_standings_vs_playoff_final_results": 4.449719092257398,
    "playoff_metrics": {
      "spearman_pred_vs_playoff_final_results": 0.4700778642936596,
      "ndcg_at_4_final_four": 0.4641255331621935,
      "ndcg10_pred_vs_playoff_final_results": 0.48824149785682247,
      "brier_championship_odds": 0.03222232684493065,
      "rank_mae_pred_vs_playoff_final_results": 6.866666793823242,
      "rank_rmse_pred_vs_playoff_final_results": 8.925618171691895,
      "rank_mae_eos_standings_vs_playoff_final_results": 3.1333333333333333,
      "rank_rmse_eos_standings_vs_playoff_final_results": 4.449719092257398
    }
  },
  "test_metrics_model_a": {
    "ndcg": 0.4882569487278297,
    "spearman": 0.4682981090100112,
    "mrr_top2": 0.5,
    "mrr_top4": 0.5,
    "ndcg10": 0.4882569487278297,
    "ndcg_at_4": 0.46414085016152934,
    "ndcg_at_12": 0.5323687646391098,
    "ndcg_at_16": 0.5323501772013335,
    "ndcg_at_20": 0.5358799999822309,
    "roc_auc_upset": 0.7589285714285714
  },
  "test_metrics_model_b": {
    "ndcg": 0.21440232699843098,
    "spearman": 0.617797552836485,
    "mrr_top2": 0.2,
    "mrr_top4": 0.2,
    "ndcg10": 0.21440232699843098,
    "ndcg_at_4": 0.04166423104576856,
    "ndcg_at_12": 0.2143461856330299,
    "ndcg_at_16": 0.3936627737388285,
    "ndcg_at_20": 0.39366192900730945,
    "roc_auc_upset": 0.7767857142857143
  },
  "test_metrics_model_c": {
    "ndcg": 0.05124995751403931,
    "spearman": 0.307230255839822,
    "mrr_top2": 0.0625,
    "mrr_top4": 0.2,
    "ndcg10": 0.05124995751403931,
    "ndcg_at_4": 0.00711064040423231,
    "ndcg_at_12": 0.056899138174850025,
    "ndcg_at_16": 0.1769467286075223,
    "ndcg_at_20": 0.17934460063934335,
    "roc_auc_upset": 0.8214285714285714
  },
  "test_metrics_by_conference": {
    "E": {
      "ndcg": 0.24095566361910986,
      "spearman": 0.1928571428571428
    },
    "W": {
      "ndcg": 0.7737754720340771,
      "spearman": 0.7428571428571428
    }
  },
  "notes": {
    "eos_rank_source": "eos_final_rank"
  }
}