{
  "test_metrics_ensemble": {
    "ndcg": 0.40452487212601773,
    "spearman": 0.4189098998887653,
    "mrr_top2": 1.0,
    "mrr_top4": 1.0,
    "ndcg10": 0.40452487212601773,
    "ndcg_at_4": 0.35315119534797357,
    "ndcg_at_12": 0.5856606823600685,
    "ndcg_at_16": 0.5875706056720998,
    "ndcg_at_20": 0.5875771389854925,
    "roc_auc_upset": 0.7692307692307692,
    "rank_mae_pred_vs_playoff_final_results": 7.333333492279053,
    "rank_rmse_pred_vs_playoff_final_results": 9.330951690673828,
    "rank_mae_eos_standings_vs_playoff_final_results": 3.7333333333333334,
    "rank_rmse_eos_standings_vs_playoff_final_results": 6.093712606722878,
    "playoff_metrics": {
      "spearman_pred_vs_playoff_final_results": 0.4593993325917686,
      "ndcg_at_4_final_four": 0.35315119534797357,
      "ndcg10_pred_vs_playoff_final_results": 0.4045254073078945,
      "brier_championship_odds": 0.03222232684493065,
      "rank_mae_pred_vs_playoff_final_results": 7.333333492279053,
      "rank_rmse_pred_vs_playoff_final_results": 9.330951690673828,
      "rank_mae_eos_standings_vs_playoff_final_results": 3.7333333333333334,
      "rank_rmse_eos_standings_vs_playoff_final_results": 6.093712606722878
    }
  },
  "test_metrics_model_a": {
    "ndcg": 0.40452487212601773,
    "spearman": 0.4189098998887653,
    "mrr_top2": 1.0,
    "mrr_top4": 1.0,
    "ndcg10": 0.40452487212601773,
    "ndcg_at_4": 0.35315119534797357,
    "ndcg_at_12": 0.5856606823600685,
    "ndcg_at_16": 0.5875706056720998,
    "ndcg_at_20": 0.5875771389854925,
    "roc_auc_upset": 0.7692307692307692
  },
  "test_metrics_model_b": {
    "ndcg": 0.5592564348944508,
    "spearman": 0.4309232480533926,
    "mrr_top2": 0.5,
    "mrr_top4": 0.5,
    "ndcg10": 0.5592564348944508,
    "ndcg_at_4": 0.44093212795935904,
    "ndcg_at_12": 0.5591337299230104,
    "ndcg_at_16": 0.5591728319469684,
    "ndcg_at_20": 0.6022694840373691,
    "roc_auc_upset": 0.8080357142857142
  },
  "test_metrics_model_c": {
    "ndcg": 0.333487026575135,
    "spearman": 0.23159065628476083,
    "mrr_top2": 0.16666666666666666,
    "mrr_top4": 0.16666666666666666,
    "ndcg10": 0.333487026575135,
    "ndcg_at_4": 0.0011069724610271625,
    "ndcg_at_12": 0.33890731926775686,
    "ndcg_at_16": 0.35966393831396193,
    "ndcg_at_20": 0.3699999322309346,
    "roc_auc_upset": 0.7633928571428571
  },
  "test_metrics_by_conference": {
    "E": {
      "ndcg": 0.3869402032684001,
      "spearman": 0.2821428571428571
    },
    "W": {
      "ndcg": 0.944762046097341,
      "spearman": 0.557142857142857
    }
  },
  "notes": {
    "eos_rank_source": "eos_final_rank"
  }
}