{
  "test_metrics_ensemble": {
    "ndcg": 0.4980049221609778,
    "spearman": 0.5216907675194661,
    "mrr_top2": 0.5,
    "mrr_top4": 0.5,
    "ndcg10": 0.4980049221609778,
    "ndcg_at_4": 0.5059460470155133,
    "ndcg_at_12": 0.5421141775995931,
    "ndcg_at_16": 0.5420948426305329,
    "ndcg_at_20": 0.5462856437890153,
    "roc_auc_upset": 0.7911111111111111,
    "rank_mae_pred_vs_playoff_final_results": 6.599999904632568,
    "rank_rmse_pred_vs_playoff_final_results": 8.465616226196289,
    "rank_mae_eos_standings_vs_playoff_final_results": 3.1333333333333333,
    "rank_rmse_eos_standings_vs_playoff_final_results": 4.449719092257398,
    "playoff_metrics": {
      "spearman_pred_vs_playoff_final_results": 0.5243604004449388,
      "ndcg_at_4_final_four": 0.5059460470155133,
      "ndcg10_pred_vs_playoff_final_results": 0.4979937704765021,
      "brier_championship_odds": 0.03222232684493065,
      "rank_mae_pred_vs_playoff_final_results": 6.599999904632568,
      "rank_rmse_pred_vs_playoff_final_results": 8.465616226196289,
      "rank_mae_eos_standings_vs_playoff_final_results": 3.1333333333333333,
      "rank_rmse_eos_standings_vs_playoff_final_results": 4.449719092257398
    }
  },
  "test_metrics_model_a": {
    "ndcg": 0.4980049221609778,
    "spearman": 0.5216907675194661,
    "mrr_top2": 0.5,
    "mrr_top4": 0.5,
    "ndcg10": 0.4980049221609778,
    "ndcg_at_4": 0.5059460470155133,
    "ndcg_at_12": 0.5421141775995931,
    "ndcg_at_16": 0.5420948426305329,
    "ndcg_at_20": 0.5462856437890153,
    "roc_auc_upset": 0.7911111111111111
  },
  "test_metrics_model_b": {
    "ndcg": 0.19710003553644426,
    "spearman": 0.6053392658509456,
    "mrr_top2": 0.14285714285714285,
    "mrr_top4": 0.14285714285714285,
    "ndcg10": 0.19710003553644426,
    "ndcg_at_4": 0.04166423104576856,
    "ndcg_at_12": 0.19714745406490428,
    "ndcg_at_16": 0.3774081686803399,
    "ndcg_at_20": 0.37740739046604826,
    "roc_auc_upset": 0.7416267942583732
  },
  "test_metrics_model_c": {
    "ndcg": 0.05124995751403931,
    "spearman": 0.30233592880978866,
    "mrr_top2": 0.06666666666666667,
    "mrr_top4": 0.2,
    "ndcg10": 0.05124995751403931,
    "ndcg_at_4": 0.00711064040423231,
    "ndcg_at_12": 0.056899138174850025,
    "ndcg_at_16": 0.17781540372208415,
    "ndcg_at_20": 0.18021312496782235,
    "roc_auc_upset": 0.8258928571428571
  },
  "test_metrics_by_conference": {
    "E": {
      "ndcg": 0.2549930415845299,
      "spearman": 0.2678571428571428
    },
    "W": {
      "ndcg": 0.7840480028189971,
      "spearman": 0.7428571428571428
    }
  },
  "notes": {
    "eos_rank_source": "eos_final_rank"
  }
}