{
  "notes": {
    "eval_on": "test",
    "eos_rank_source": "eos_final_rank",
    "upset_definition": "sleeper = EOS_global_rank > predicted_strength",
    "mrr_top2": "1/rank of first team in top 2 (champion+runner-up) in predicted order.",
    "mrr_top4": "1/rank of first team in top 4 (conference finals) in predicted order.",
    "per_conference_relevance": "Within E/W: actual rank derived from EOS_global_rank (1=best in conf); NDCG/Spearman use this relevance.",
    "playoff_metrics": "Spearman (pred global vs playoff_final_results), NDCG@4 (final four), Brier (champion vs odds). rank_mae/rank_rmse: pred vs playoff_final_results; eos_standings vs playoff_final_results (baseline)."
  },
  "split_info": {
    "train_frac": 0.75,
    "n_train_dates": 141,
    "n_test_dates": 36,
    "split_mode": "seasons"
  },
  "test_metrics_ensemble": {
    "ndcg": 0.4980049221609778,
    "spearman": 0.5216907675194661,
    "mrr_top2": 0.5,
    "mrr_top4": 0.5,
    "ndcg10": 0.4980049221609778,
    "ndcg_at_4": 0.5059460470155133,
    "ndcg_at_12": 0.5421141775995931,
    "ndcg_at_16": 0.5420948426305329,
    "ndcg_at_20": 0.5462856437890153,
    "roc_auc_upset": 0.7911111111111111,
    "rank_mae_pred_vs_playoff_final_results": 6.599999904632568,
    "rank_rmse_pred_vs_playoff_final_results": 8.465616226196289,
    "rank_mae_eos_standings_vs_playoff_final_results": 3.1333333333333333,
    "rank_rmse_eos_standings_vs_playoff_final_results": 4.449719092257398,
    "playoff_metrics": {
      "spearman_pred_vs_playoff_final_results": 0.5243604004449388,
      "ndcg_at_4_final_four": 0.5059460470155133,
      "ndcg10_pred_vs_playoff_final_results": 0.4979937704765021,
      "brier_championship_odds": 0.03222232684493065,
      "rank_mae_pred_vs_playoff_final_results": 6.599999904632568,
      "rank_rmse_pred_vs_playoff_final_results": 8.465616226196289,
      "rank_mae_eos_standings_vs_playoff_final_results": 3.1333333333333333,
      "rank_rmse_eos_standings_vs_playoff_final_results": 4.449719092257398
    }
  },
  "test_metrics_model_a": {
    "ndcg": 0.4980049221609778,
    "spearman": 0.5216907675194661,
    "mrr_top2": 0.5,
    "mrr_top4": 0.5,
    "ndcg10": 0.4980049221609778,
    "ndcg_at_4": 0.5059460470155133,
    "ndcg_at_12": 0.5421141775995931,
    "ndcg_at_16": 0.5420948426305329,
    "ndcg_at_20": 0.5462856437890153,
    "roc_auc_upset": 0.7911111111111111
  },
  "test_metrics_model_b": {
    "ndcg": 0.19710003553644426,
    "spearman": 0.6053392658509456,
    "mrr_top2": 0.14285714285714285,
    "mrr_top4": 0.14285714285714285,
    "ndcg10": 0.19710003553644426,
    "ndcg_at_4": 0.04166423104576856,
    "ndcg_at_12": 0.19714745406490428,
    "ndcg_at_16": 0.3774081686803399,
    "ndcg_at_20": 0.37740739046604826,
    "roc_auc_upset": 0.7416267942583732
  },
  "test_metrics_model_c": {
    "ndcg": 0.05124995751403931,
    "spearman": 0.30233592880978866,
    "mrr_top2": 0.06666666666666667,
    "mrr_top4": 0.2,
    "ndcg10": 0.05124995751403931,
    "ndcg_at_4": 0.00711064040423231,
    "ndcg_at_12": 0.056899138174850025,
    "ndcg_at_16": 0.17781540372208415,
    "ndcg_at_20": 0.18021312496782235,
    "roc_auc_upset": 0.8258928571428571
  },
  "test_metrics_by_conference": {
    "E": {
      "ndcg": 0.2549930415845299,
      "spearman": 0.2678571428571428
    },
    "W": {
      "ndcg": 0.7840480028189971,
      "spearman": 0.7428571428571428
    }
  },
  "by_season": {
    "2023-24": {
      "test_metrics_ensemble": {
        "ndcg": 0.40452487212601773,
        "spearman": 0.4189098998887653,
        "mrr_top2": 1.0,
        "mrr_top4": 1.0,
        "ndcg10": 0.40452487212601773,
        "ndcg_at_4": 0.35315119534797357,
        "ndcg_at_12": 0.5856606823600685,
        "ndcg_at_16": 0.5875706056720998,
        "ndcg_at_20": 0.5875771389854925,
        "roc_auc_upset": 0.7692307692307692,
        "rank_mae_pred_vs_playoff_final_results": 7.333333492279053,
        "rank_rmse_pred_vs_playoff_final_results": 9.330951690673828,
        "rank_mae_eos_standings_vs_playoff_final_results": 3.7333333333333334,
        "rank_rmse_eos_standings_vs_playoff_final_results": 6.093712606722878,
        "playoff_metrics": {
          "spearman_pred_vs_playoff_final_results": 0.4593993325917686,
          "ndcg_at_4_final_four": 0.35315119534797357,
          "ndcg10_pred_vs_playoff_final_results": 0.4045254073078945,
          "brier_championship_odds": 0.03222232684493065,
          "rank_mae_pred_vs_playoff_final_results": 7.333333492279053,
          "rank_rmse_pred_vs_playoff_final_results": 9.330951690673828,
          "rank_mae_eos_standings_vs_playoff_final_results": 3.7333333333333334,
          "rank_rmse_eos_standings_vs_playoff_final_results": 6.093712606722878
        }
      },
      "test_metrics_model_a": {
        "ndcg": 0.40452487212601773,
        "spearman": 0.4189098998887653,
        "mrr_top2": 1.0,
        "mrr_top4": 1.0,
        "ndcg10": 0.40452487212601773,
        "ndcg_at_4": 0.35315119534797357,
        "ndcg_at_12": 0.5856606823600685,
        "ndcg_at_16": 0.5875706056720998,
        "ndcg_at_20": 0.5875771389854925,
        "roc_auc_upset": 0.7692307692307692
      },
      "test_metrics_model_b": {
        "ndcg": 0.5592564348944508,
        "spearman": 0.4309232480533926,
        "mrr_top2": 0.5,
        "mrr_top4": 0.5,
        "ndcg10": 0.5592564348944508,
        "ndcg_at_4": 0.44093212795935904,
        "ndcg_at_12": 0.5591337299230104,
        "ndcg_at_16": 0.5591728319469684,
        "ndcg_at_20": 0.6022694840373691,
        "roc_auc_upset": 0.8080357142857142
      },
      "test_metrics_model_c": {
        "ndcg": 0.333487026575135,
        "spearman": 0.23159065628476083,
        "mrr_top2": 0.16666666666666666,
        "mrr_top4": 0.16666666666666666,
        "ndcg10": 0.333487026575135,
        "ndcg_at_4": 0.0011069724610271625,
        "ndcg_at_12": 0.33890731926775686,
        "ndcg_at_16": 0.35966393831396193,
        "ndcg_at_20": 0.3699999322309346,
        "roc_auc_upset": 0.7633928571428571
      },
      "test_metrics_by_conference": {
        "E": {
          "ndcg": 0.3869402032684001,
          "spearman": 0.2821428571428571
        },
        "W": {
          "ndcg": 0.944762046097341,
          "spearman": 0.557142857142857
        }
      },
      "notes": {
        "eos_rank_source": "eos_final_rank"
      }
    },
    "2024-25": {
      "test_metrics_ensemble": {
        "ndcg": 0.4980049221609778,
        "spearman": 0.5216907675194661,
        "mrr_top2": 0.5,
        "mrr_top4": 0.5,
        "ndcg10": 0.4980049221609778,
        "ndcg_at_4": 0.5059460470155133,
        "ndcg_at_12": 0.5421141775995931,
        "ndcg_at_16": 0.5420948426305329,
        "ndcg_at_20": 0.5462856437890153,
        "roc_auc_upset": 0.7911111111111111,
        "rank_mae_pred_vs_playoff_final_results": 6.599999904632568,
        "rank_rmse_pred_vs_playoff_final_results": 8.465616226196289,
        "rank_mae_eos_standings_vs_playoff_final_results": 3.1333333333333333,
        "rank_rmse_eos_standings_vs_playoff_final_results": 4.449719092257398,
        "playoff_metrics": {
          "spearman_pred_vs_playoff_final_results": 0.5243604004449388,
          "ndcg_at_4_final_four": 0.5059460470155133,
          "ndcg10_pred_vs_playoff_final_results": 0.4979937704765021,
          "brier_championship_odds": 0.03222232684493065,
          "rank_mae_pred_vs_playoff_final_results": 6.599999904632568,
          "rank_rmse_pred_vs_playoff_final_results": 8.465616226196289,
          "rank_mae_eos_standings_vs_playoff_final_results": 3.1333333333333333,
          "rank_rmse_eos_standings_vs_playoff_final_results": 4.449719092257398
        }
      },
      "test_metrics_model_a": {
        "ndcg": 0.4980049221609778,
        "spearman": 0.5216907675194661,
        "mrr_top2": 0.5,
        "mrr_top4": 0.5,
        "ndcg10": 0.4980049221609778,
        "ndcg_at_4": 0.5059460470155133,
        "ndcg_at_12": 0.5421141775995931,