{
  "notes": {
    "eval_on": "test",
    "eos_rank_source": "eos_final_rank",
    "upset_definition": "sleeper = EOS_global_rank > predicted_strength",
    "mrr_top2": "1/rank of first team in top 2 (champion+runner-up) in predicted order.",
    "mrr_top4": "1/rank of first team in top 4 (conference finals) in predicted order.",
    "per_conference_relevance": "Within E/W: actual rank derived from EOS_global_rank (1=best in conf); NDCG/Spearman use this relevance.",
    "playoff_metrics": "Spearman (pred global vs playoff_final_results), NDCG@4 (final four), Brier (champion vs odds). rank_mae/rank_rmse: pred vs playoff_final_results; eos_standings vs playoff_final_results (baseline)."
  },
  "split_info": {
    "train_frac": 0.75,
    "n_train_dates": 141,
    "n_test_dates": 36,
    "split_mode": "seasons"
  },
  "test_metrics_ensemble": {
    "ndcg": 0.4806698155536026,
    "spearman": 0.47230255839822033,
    "mrr_top2": 0.5,
    "mrr_top4": 0.5,
    "ndcg10": 0.4806698155536026,
    "ndcg_at_4": 0.4643944167678145,
    "ndcg_at_12": 0.5247836243557361,
    "ndcg_at_16": 0.5247656187434484,
    "ndcg_at_20": 0.5283331869758758,
    "roc_auc_upset": 0.7723214285714286,
    "rank_mae_pred_vs_playoff_final_results": 7.066666603088379,
    "rank_rmse_pred_vs_playoff_final_results": 8.89194393157959,
    "rank_mae_eos_standings_vs_playoff_final_results": 3.1333333333333333,
    "rank_rmse_eos_standings_vs_playoff_final_results": 4.449719092257398,
    "playoff_metrics": {
      "spearman_pred_vs_playoff_final_results": 0.46785317018909905,
      "ndcg_at_4_final_four": 0.4643812234227066,
      "ndcg10_pred_vs_playoff_final_results": 0.48065639979033836,
      "brier_championship_odds": 0.03222232684493065,
      "rank_mae_pred_vs_playoff_final_results": 7.066666603088379,
      "rank_rmse_pred_vs_playoff_final_results": 8.89194393157959,
      "rank_mae_eos_standings_vs_playoff_final_results": 3.1333333333333333,
      "rank_rmse_eos_standings_vs_playoff_final_results": 4.449719092257398
    }
  },
  "test_metrics_model_a": {
    "ndcg": 0.4806698155536026,
    "spearman": 0.4589543937708565,
    "mrr_top2": 0.5,
    "mrr_top4": 0.5,
    "ndcg10": 0.4806698155536026,
    "ndcg_at_4": 0.4643944167678145,
    "ndcg_at_12": 0.4809188925310215,
    "ndcg_at_16": 0.5235339376662594,
    "ndcg_at_20": 0.527063879042967,
    "roc_auc_upset": 0.78125
  },
  "test_metrics_model_b": {
    "ndcg": 0.21633419895461262,
    "spearman": 0.6262513904338153,
    "mrr_top2": 0.2,
    "mrr_top4": 0.2,
    "ndcg10": 0.21633419895461262,
    "ndcg_at_4": 0.04166423104576856,
    "ndcg_at_12": 0.2163312918297293,
    "ndcg_at_16": 0.40251749380066404,
    "ndcg_at_20": 0.4025165892665738,
    "roc_auc_upset": 0.7901785714285714
  },
  "test_metrics_model_c": {
    "ndcg": 0.05124995751403931,
    "spearman": 0.30233592880978866,
    "mrr_top2": 0.06666666666666667,
    "mrr_top4": 0.2,
    "ndcg10": 0.05124995751403931,
    "ndcg_at_4": 0.00711064040423231,
    "ndcg_at_12": 0.056899138174850025,
    "ndcg_at_16": 0.17781540372208415,
    "ndcg_at_20": 0.18021312496782235,
    "roc_auc_upset": 0.8258928571428571
  },
  "test_metrics_by_conference": {
    "E": {
      "ndcg": 0.26049363773702766,
      "spearman": 0.2642857142857143
    },
    "W": {
      "ndcg": 0.7377722213958888,
      "spearman": 0.6749999999999999
    }
  },
  "by_season": {
    "2023-24": {
      "test_metrics_ensemble": {
        "ndcg": 0.5491507967561244,
        "spearman": 0.4220244716351501,
        "mrr_top2": 1.0,
        "mrr_top4": 1.0,
        "ndcg10": 0.5491507967561244,
        "ndcg_at_4": 0.35315119534797357,
        "ndcg_at_12": 0.5928940955885922,
        "ndcg_at_16": 0.594773445575681,
        "ndcg_at_20": 0.5947822397108523,
        "roc_auc_upset": 0.7142857142857143,
        "rank_mae_pred_vs_playoff_final_results": 7.133333206176758,
        "rank_rmse_pred_vs_playoff_final_results": 9.305912017822266,
        "rank_mae_eos_standings_vs_playoff_final_results": 3.7333333333333334,
        "rank_rmse_eos_standings_vs_playoff_final_results": 6.093712606722878,
        "playoff_metrics": {
          "spearman_pred_vs_playoff_final_results": 0.4758620689655172,
          "ndcg_at_4_final_four": 0.35315119534797357,
          "ndcg10_pred_vs_playoff_final_results": 0.549156332252533,
          "brier_championship_odds": 0.03222232684493065,
          "rank_mae_pred_vs_playoff_final_results": 7.133333206176758,
          "rank_rmse_pred_vs_playoff_final_results": 9.305912017822266,
          "rank_mae_eos_standings_vs_playoff_final_results": 3.7333333333333334,
          "rank_rmse_eos_standings_vs_playoff_final_results": 6.093712606722878
        }
      },
      "test_metrics_model_a": {
        "ndcg": 0.5491507967561244,
        "spearman": 0.41846496106785314,
        "mrr_top2": 1.0,
        "mrr_top4": 1.0,
        "ndcg10": 0.5491507967561244,
        "ndcg_at_4": 0.35315119534797357,
        "ndcg_at_12": 0.5928940955885922,
        "ndcg_at_16": 0.594773445575681,
        "ndcg_at_20": 0.5947732140548367,
        "roc_auc_upset": 0.71875
      },
      "test_metrics_model_b": {
        "ndcg": 0.8037396290426359,
        "spearman": 0.4113459399332592,
        "mrr_top2": 1.0,
        "mrr_top4": 1.0,
        "ndcg10": 0.8037396290426359,
        "ndcg_at_4": 0.6879025204137522,
        "ndcg_at_12": 0.8035533103335293,
        "ndcg_at_16": 0.8035700722125643,
        "ndcg_at_20": 0.8460068935558499,
        "roc_auc_upset": 0.8214285714285714
      },
      "test_metrics_model_c": {
        "ndcg": 0.333487026575135,
        "spearman": 0.24048943270300333,
        "mrr_top2": 0.16666666666666666,
        "mrr_top4": 0.16666666666666666,
        "ndcg10": 0.333487026575135,
        "ndcg_at_4": 0.0011069724610271625,
        "ndcg_at_12": 0.33890731926775686,
        "ndcg_at_16": 0.35966393831396193,
        "ndcg_at_20": 0.37116955007129654,
        "roc_auc_upset": 0.7777777777777778
      },
      "test_metrics_by_conference": {
        "E": {
          "ndcg": 0.3851402749883562,
          "spearman": 0.2642857142857143
        },
        "W": {
          "ndcg": 0.9191859063888469,
          "spearman": 0.5428571428571428
        }
      },
      "notes": {
        "eos_rank_source": "eos_final_rank"
      }
    },
    "2024-25": {
      "test_metrics_ensemble": {
        "ndcg": 0.4806698155536026,
        "spearman": 0.47230255839822033,
        "mrr_top2": 0.5,
        "mrr_top4": 0.5,
        "ndcg10": 0.4806698155536026,
        "ndcg_at_4": 0.4643944167678145,
        "ndcg_at_12": 0.5247836243557361,
        "ndcg_at_16": 0.5247656187434484,
        "ndcg_at_20": 0.5283331869758758,
        "roc_auc_upset": 0.7723214285714286,
        "rank_mae_pred_vs_playoff_final_results": 7.066666603088379,
        "rank_rmse_pred_vs_playoff_final_results": 8.89194393157959,
        "rank_mae_eos_standings_vs_playoff_final_results": 3.1333333333333333,
        "rank_rmse_eos_standings_vs_playoff_final_results": 4.449719092257398,
        "playoff_metrics": {
          "spearman_pred_vs_playoff_final_results": 0.46785317018909905,
          "ndcg_at_4_final_four": 0.4643812234227066,
          "ndcg10_pred_vs_playoff_final_results": 0.48065639979033836,
          "brier_championship_odds": 0.03222232684493065,
          "rank_mae_pred_vs_playoff_final_results": 7.066666603088379,
          "rank_rmse_pred_vs_playoff_final_results": 8.89194393157959,
          "rank_mae_eos_standings_vs_playoff_final_results": 3.1333333333333333,
          "rank_rmse_eos_standings_vs_playoff_final_results": 4.449719092257398
        }
      },
      "test_metrics_model_a": {
        "ndcg": 0.4806698155536026,
        "spearman": 0.4589543937708565,
        "mrr_top2": 0.5,
        "mrr_top4": 0.5,
        "ndcg10": 0.4806698155536026,
        "ndcg_at_4": 0.4643944167678145,
        "ndcg_at_12": 0.4809188925310215,
        "ndcg_at_16": 0.5235339376662594,