{
  "notes": {
    "eval_on": "test",
    "eos_rank_source": "eos_final_rank",
    "upset_definition": "sleeper = EOS_global_rank > predicted_strength",
    "mrr_top2": "1/rank of first team in top 2 (champion+runner-up) in predicted order.",
    "mrr_top4": "1/rank of first team in top 4 (conference finals) in predicted order.",
    "per_conference_relevance": "Within E/W: actual rank derived from EOS_global_rank (1=best in conf); NDCG/Spearman use this relevance.",
    "playoff_metrics": "Spearman (pred global vs playoff_final_results), NDCG@4 (final four), Brier (champion vs odds). rank_mae/rank_rmse: pred vs playoff_final_results; eos_standings vs playoff_final_results (baseline)."
  },
  "split_info": {
    "train_frac": 0.75,
    "n_train_dates": 141,
    "n_test_dates": 36,
    "split_mode": "seasons"
  },
  "test_metrics_ensemble": {
    "ndcg": 0.4842527413517856,
    "spearman": 0.47897664071190205,
    "mrr_top2": 0.5,
    "mrr_top4": 0.5,
    "ndcg10": 0.4842527413517856,
    "ndcg_at_4": 0.4733834825680338,
    "ndcg_at_12": 0.5283656090369138,
    "ndcg_at_16": 0.528347302830068,
    "ndcg_at_20": 0.5319101980589804,
    "roc_auc_upset": 0.8133333333333334,
    "rank_mae_pred_vs_playoff_final_results": 7.066666603088379,
    "rank_rmse_pred_vs_playoff_final_results": 8.83553409576416,
    "rank_mae_eos_standings_vs_playoff_final_results": 3.1333333333333333,
    "rank_rmse_eos_standings_vs_playoff_final_results": 4.449719092257398,
    "playoff_metrics": {
      "spearman_pred_vs_playoff_final_results": 0.4843159065628476,
      "ndcg_at_4_final_four": 0.4733834825680338,
      "ndcg10_pred_vs_playoff_final_results": 0.4842426222832147,
      "brier_championship_odds": 0.03222232684493065,
      "rank_mae_pred_vs_playoff_final_results": 7.066666603088379,
      "rank_rmse_pred_vs_playoff_final_results": 8.83553409576416,
      "rank_mae_eos_standings_vs_playoff_final_results": 3.1333333333333333,
      "rank_rmse_eos_standings_vs_playoff_final_results": 4.449719092257398
    }
  },
  "test_metrics_model_a": {
    "ndcg": 0.48425636991251186,
    "spearman": 0.4638487208008899,
    "mrr_top2": 0.5,
    "mrr_top4": 0.5,
    "ndcg10": 0.48425636991251186,
    "ndcg_at_4": 0.4733834825680338,
    "ndcg_at_12": 0.5283692366445363,
    "ndcg_at_16": 0.5283504037355865,
    "ndcg_at_20": 0.5295695411885978,
    "roc_auc_upset": 0.8125
  },
  "test_metrics_model_b": {
    "ndcg": 0.520756424545124,
    "spearman": 0.7423804226918799,
    "mrr_top2": 0.3333333333333333,
    "mrr_top4": 0.3333333333333333,
    "ndcg10": 0.520756424545124,
    "ndcg_at_4": 0.35938170546570813,
    "ndcg_at_12": 0.5206638773348025,
    "ndcg_at_16": 0.5428423456100303,
    "ndcg_at_20": 0.5428543206644245,
    "roc_auc_upset": 0.7592592592592593
  },
  "test_metrics_model_c": {
    "ndcg": 0.5368229427235094,
    "spearman": 0.6974416017797552,
    "mrr_top2": 0.3333333333333333,
    "mrr_top4": 0.3333333333333333,
    "ndcg10": 0.5368229427235094,
    "ndcg_at_4": 0.3605075375815869,
    "ndcg_at_12": 0.5366876394316726,
    "ndcg_at_16": 0.5368467032036928,
    "ndcg_at_20": 0.5368552949240222,
    "roc_auc_upset": 0.6875
  },
  "test_metrics_by_conference": {
    "E": {
      "ndcg": 0.29911471791003796,
      "spearman": 0.3321428571428571
    },
    "W": {
      "ndcg": 0.7356950005896224,
      "spearman": 0.6
    }
  },
  "by_season": {
    "2023-24": {
      "test_metrics_ensemble": {
        "ndcg": 0.5574059672872763,
        "spearman": 0.3797552836484983,
        "mrr_top2": 1.0,
        "mrr_top4": 1.0,
        "ndcg10": 0.5574059672872763,
        "ndcg_at_4": 0.35315119534797357,
        "ndcg_at_12": 0.6011512450781525,
        "ndcg_at_16": 0.6024053300276422,
        "ndcg_at_20": 0.6030112579902396,
        "roc_auc_upset": 0.7777777777777778,
        "rank_mae_pred_vs_playoff_final_results": 7.866666793823242,
        "rank_rmse_pred_vs_playoff_final_results": 9.640193939208984,
        "rank_mae_eos_standings_vs_playoff_final_results": 3.7333333333333334,
        "rank_rmse_eos_standings_vs_playoff_final_results": 6.093712606722878,
        "playoff_metrics": {
          "spearman_pred_vs_playoff_final_results": 0.4166852057842047,
          "ndcg_at_4_final_four": 0.35315119534797357,
          "ndcg10_pred_vs_playoff_final_results": 0.5574112165865631,
          "brier_championship_odds": 0.03222232684493065,
          "rank_mae_pred_vs_playoff_final_results": 7.866666793823242,
          "rank_rmse_pred_vs_playoff_final_results": 9.640193939208984,
          "rank_mae_eos_standings_vs_playoff_final_results": 3.7333333333333334,
          "rank_rmse_eos_standings_vs_playoff_final_results": 6.093712606722878
        }
      },
      "test_metrics_model_a": {
        "ndcg": 0.5574059672872763,
        "spearman": 0.37352614015572855,
        "mrr_top2": 1.0,
        "mrr_top4": 1.0,
        "ndcg10": 0.5574059672872763,
        "ndcg_at_4": 0.35315119534797357,
        "ndcg_at_12": 0.6011512450781525,
        "ndcg_at_16": 0.6024053300276422,
        "ndcg_at_20": 0.6030112579902396,
        "roc_auc_upset": 0.7824074074074074
      },
      "test_metrics_model_b": {
        "ndcg": 0.912533353294079,
        "spearman": 0.7067853170189099,
        "mrr_top2": 1.0,
        "mrr_top4": 1.0,
        "ndcg10": 0.912533353294079,
        "ndcg_at_4": 0.7798130936337676,
        "ndcg_at_12": 0.9124759699511557,
        "ndcg_at_16": 0.9157075548840313,
        "ndcg_at_20": 0.9157496291594058,
        "roc_auc_upset": 0.6137566137566137
      },
      "test_metrics_model_c": {
        "ndcg": 0.9357422746258491,
        "spearman": 0.6858731924360401,
        "mrr_top2": 1.0,
        "mrr_top4": 1.0,
        "ndcg10": 0.9357422746258491,
        "ndcg_at_4": 0.8719080735423882,
        "ndcg_at_12": 0.9356679161641955,
        "ndcg_at_16": 0.9387393456441763,
        "ndcg_at_20": 0.9388142437159626,
        "roc_auc_upset": 0.6889952153110048
      },
      "test_metrics_by_conference": {
        "E": {
          "ndcg": 0.40649848933393984,
          "spearman": 0.2714285714285714
        },
        "W": {
          "ndcg": 0.9149577747861424,
          "spearman": 0.4928571428571427
        }
      },
      "notes": {
        "eos_rank_source": "eos_final_rank"
      }
    },
    "2024-25": {
      "test_metrics_ensemble": {
        "ndcg": 0.4842527413517856,
        "spearman": 0.47897664071190205,
        "mrr_top2": 0.5,
        "mrr_top4": 0.5,
        "ndcg10": 0.4842527413517856,
        "ndcg_at_4": 0.4733834825680338,
        "ndcg_at_12": 0.5283656090369138,
        "ndcg_at_16": 0.528347302830068,
        "ndcg_at_20": 0.5319101980589804,
        "roc_auc_upset": 0.8133333333333334,
        "rank_mae_pred_vs_playoff_final_results": 7.066666603088379,
        "rank_rmse_pred_vs_playoff_final_results": 8.83553409576416,
        "rank_mae_eos_standings_vs_playoff_final_results": 3.1333333333333333,
        "rank_rmse_eos_standings_vs_playoff_final_results": 4.449719092257398,
        "playoff_metrics": {
          "spearman_pred_vs_playoff_final_results": 0.4843159065628476,
          "ndcg_at_4_final_four": 0.4733834825680338,
          "ndcg10_pred_vs_playoff_final_results": 0.4842426222832147,
          "brier_championship_odds": 0.03222232684493065,
          "rank_mae_pred_vs_playoff_final_results": 7.066666603088379,
          "rank_rmse_pred_vs_playoff_final_results": 8.83553409576416,
          "rank_mae_eos_standings_vs_playoff_final_results": 3.1333333333333333,
          "rank_rmse_eos_standings_vs_playoff_final_results": 4.449719092257398
        }
      },
      "test_metrics_model_a": {
        "ndcg": 0.48425636991251186,
        "spearman": 0.4638487208008899,
        "mrr_top2": 0.5,
        "mrr_top4": 0.5,
        "ndcg10": 0.48425636991251186,
        "ndcg_at_4": 0.4733834825680338,
        "ndcg_at_12": 0.5283692366445363,
        "ndcg_at_16": 0.5283504037355865,
        "ndcg_at_20": 0.5295695411885978,