{
  "test_metrics_ensemble": {
    "ndcg": 0.48233213469010067,
    "spearman": 0.4576195773081201,
    "mrr_top2": 0.5,
    "mrr_top4": 0.5,
    "ndcg10": 0.48233213469010067,
    "ndcg_at_4": 0.4645175546554888,
    "ndcg_at_12": 0.4822061327878843,
    "ndcg_at_16": 0.5251445257680759,
    "ndcg_at_20": 0.5263594463378481,
    "roc_auc_upset": 0.7946428571428572,
    "rank_mae_pred_vs_playoff_final_results": 7.400000095367432,
    "rank_rmse_pred_vs_playoff_final_results": 9.014802932739258,
    "rank_mae_eos_standings_vs_playoff_final_results": 3.1333333333333333,
    "rank_rmse_eos_standings_vs_playoff_final_results": 4.449719092257398,
    "spearman_standings": -0.4700778642936596,
    "ndcg10_standings": 0.48713736482833375,
    "ndcg_at_4_standings": 0.445429762791943,
    "ndcg_at_16_standings": 0.5002722800026275,
    "rank_rmse_standings": 8.910667419433594,
    "playoff_metrics": {
      "spearman_pred_vs_playoff_final_results": 0.46117908787541706,
      "ndcg_at_4_final_four": 0.4645175546554888,
      "ndcg10_pred_vs_playoff_final_results": 0.48231955348539446,
      "brier_championship_odds": 0.030076470226049423,
      "rank_mae_pred_vs_playoff_final_results": 7.400000095367432,
      "rank_rmse_pred_vs_playoff_final_results": 9.014802932739258,
      "rank_mae_eos_standings_vs_playoff_final_results": 3.1333333333333333,
      "rank_rmse_eos_standings_vs_playoff_final_results": 4.449719092257398
    }
  },
  "test_metrics_model_a": {
    "ndcg": 0.48233213469010067,
    "spearman": 0.4576195773081201,
    "mrr_top2": 0.5,
    "mrr_top4": 0.5,
    "ndcg10": 0.48233213469010067,
    "ndcg_at_4": 0.4645175546554888,
    "ndcg_at_12": 0.4822061327878843,
    "ndcg_at_16": 0.5251445257680759,
    "ndcg_at_20": 0.5263594463378481,
    "roc_auc_upset": 0.7946428571428572
  },
  "test_metrics_model_b": {
    "ndcg": 0.20234794654321717,
    "spearman": 0.5746384872080088,
    "mrr_top2": 0.16666666666666666,
    "mrr_top4": 0.16666666666666666,
    "ndcg10": 0.20234794654321717,
    "ndcg_at_4": 0.04029517653159447,
    "ndcg_at_12": 0.20300327510450827,
    "ndcg_at_16": 0.38523752207275824,
    "ndcg_at_20": 0.38531875545298444,
    "roc_auc_upset": 0.8044444444444444
  },
  "test_metrics_model_c": {
    "ndcg": 0.05139534647930671,
    "spearman": 0.3125695216907675,
    "mrr_top2": 0.07142857142857142,
    "mrr_top4": 0.2,
    "ndcg10": 0.05139534647930671,
    "ndcg_at_4": 0.0072603807417201014,
    "ndcg_at_12": 0.05704448895120833,
    "ndcg_at_16": 0.17989573678693135,
    "ndcg_at_20": 0.18229344888290439,
    "roc_auc_upset": 0.8214285714285714
  },
  "test_metrics_by_conference": {
    "E": {
      "ndcg": 0.23583741845504774,
      "spearman": 0.28571428571428564
    },
    "W": {
      "ndcg": 0.7491563943572732,
      "spearman": 0.5392857142857141
    }
  },
  "notes": {
    "eos_rank_source": "eos_final_rank"
  }
}