{
  "notes": {
    "eval_on": "test",
    "eos_rank_source": "eos_final_rank",
    "upset_definition": "sleeper = EOS_global_rank > predicted_strength",
    "mrr_top2": "1/rank of first team in top 2 (champion+runner-up) in predicted order.",
    "mrr_top4": "1/rank of first team in top 4 (conference finals) in predicted order.",
    "per_conference_relevance": "Within E/W: actual rank derived from EOS_global_rank (1=best in conf); NDCG/Spearman use this relevance.",
    "playoff_metrics": "Spearman (pred global vs playoff_final_results), NDCG@4 (final four), Brier (champion vs odds). rank_mae/rank_rmse: pred vs playoff_final_results; eos_standings vs playoff_final_results (baseline)."
  },
  "split_info": {
    "train_frac": 0.75,
    "n_train_dates": 141,
    "n_test_dates": 36,
    "split_mode": "seasons"
  },
  "test_metrics_ensemble": {
    "ndcg": 0.48233213469010067,
    "spearman": 0.4576195773081201,
    "mrr_top2": 0.5,
    "mrr_top4": 0.5,
    "ndcg10": 0.48233213469010067,
    "ndcg_at_4": 0.4645175546554888,
    "ndcg_at_12": 0.4822061327878843,
    "ndcg_at_16": 0.5251445257680759,
    "ndcg_at_20": 0.5263594463378481,
    "roc_auc_upset": 0.7946428571428572,
    "rank_mae_pred_vs_playoff_final_results": 7.400000095367432,
    "rank_rmse_pred_vs_playoff_final_results": 9.014802932739258,
    "rank_mae_eos_standings_vs_playoff_final_results": 3.1333333333333333,
    "rank_rmse_eos_standings_vs_playoff_final_results": 4.449719092257398,
    "spearman_standings": -0.4700778642936596,
    "ndcg10_standings": 0.48713736482833375,
    "ndcg_at_4_standings": 0.445429762791943,
    "ndcg_at_16_standings": 0.5002722800026275,
    "rank_rmse_standings": 8.910667419433594,
    "playoff_metrics": {
      "spearman_pred_vs_playoff_final_results": 0.46117908787541706,
      "ndcg_at_4_final_four": 0.4645175546554888,
      "ndcg10_pred_vs_playoff_final_results": 0.48231955348539446,
      "brier_championship_odds": 0.030076470226049423,
      "rank_mae_pred_vs_playoff_final_results": 7.400000095367432,
      "rank_rmse_pred_vs_playoff_final_results": 9.014802932739258,
      "rank_mae_eos_standings_vs_playoff_final_results": 3.1333333333333333,
      "rank_rmse_eos_standings_vs_playoff_final_results": 4.449719092257398
    }
  },
  "test_metrics_model_a": {
    "ndcg": 0.48233213469010067,
    "spearman": 0.4576195773081201,
    "mrr_top2": 0.5,
    "mrr_top4": 0.5,
    "ndcg10": 0.48233213469010067,
    "ndcg_at_4": 0.4645175546554888,
    "ndcg_at_12": 0.4822061327878843,
    "ndcg_at_16": 0.5251445257680759,
    "ndcg_at_20": 0.5263594463378481,
    "roc_auc_upset": 0.7946428571428572
  },
  "test_metrics_model_b": {
    "ndcg": 0.20234794654321717,
    "spearman": 0.5746384872080088,
    "mrr_top2": 0.16666666666666666,
    "mrr_top4": 0.16666666666666666,
    "ndcg10": 0.20234794654321717,
    "ndcg_at_4": 0.04029517653159447,
    "ndcg_at_12": 0.20300327510450827,
    "ndcg_at_16": 0.38523752207275824,
    "ndcg_at_20": 0.38531875545298444,
    "roc_auc_upset": 0.8044444444444444
  },
  "test_metrics_model_c": {
    "ndcg": 0.05139534647930671,
    "spearman": 0.3125695216907675,
    "mrr_top2": 0.07142857142857142,
    "mrr_top4": 0.2,
    "ndcg10": 0.05139534647930671,
    "ndcg_at_4": 0.0072603807417201014,
    "ndcg_at_12": 0.05704448895120833,
    "ndcg_at_16": 0.17989573678693135,
    "ndcg_at_20": 0.18229344888290439,
    "roc_auc_upset": 0.8214285714285714
  },
  "test_metrics_by_conference": {
    "E": {
      "ndcg": 0.23583741845504774,
      "spearman": 0.28571428571428564
    },
    "W": {
      "ndcg": 0.7491563943572732,
      "spearman": 0.5392857142857141
    }
  },
  "by_season": {
    "2023-24": {
      "test_metrics_ensemble": {
        "ndcg": 0.5591121117505231,
        "spearman": 0.30055617352614017,
        "mrr_top2": 1.0,
        "mrr_top4": 1.0,
        "ndcg10": 0.5591121117505231,
        "ndcg_at_4": 0.35315119534797357,
        "ndcg_at_12": 0.6028956497202378,
        "ndcg_at_16": 0.6028531642100795,
        "ndcg_at_20": 0.6028505343583436,
        "roc_auc_upset": 0.8642533936651583,
        "rank_mae_pred_vs_playoff_final_results": 8.333333015441895,
        "rank_rmse_pred_vs_playoff_final_results": 10.237187385559082,
        "rank_mae_eos_standings_vs_playoff_final_results": 3.7333333333333334,
        "rank_rmse_eos_standings_vs_playoff_final_results": 6.093712606722878,
        "spearman_standings": -0.42380422691879865,
        "ndcg10_standings": 0.4249535965238873,
        "ndcg_at_4_standings": 0.16635214014080835,
        "ndcg_at_16_standings": 0.4468401930341309,
        "rank_rmse_standings": 9.291573524475098,
        "playoff_metrics": {
          "spearman_pred_vs_playoff_final_results": 0.35706340378198,
          "ndcg_at_4_final_four": 0.35315119534797357,
          "ndcg10_pred_vs_playoff_final_results": 0.5591131190776644,
          "brier_championship_odds": 0.03167646750807762,
          "rank_mae_pred_vs_playoff_final_results": 8.333333015441895,
          "rank_rmse_pred_vs_playoff_final_results": 10.237187385559082,
          "rank_mae_eos_standings_vs_playoff_final_results": 3.7333333333333334,
          "rank_rmse_eos_standings_vs_playoff_final_results": 6.093712606722878
        }
      },
      "test_metrics_model_a": {
        "ndcg": 0.5591121117505231,
        "spearman": 0.30055617352614017,
        "mrr_top2": 1.0,
        "mrr_top4": 1.0,
        "ndcg10": 0.5591121117505231,
        "ndcg_at_4": 0.35315119534797357,
        "ndcg_at_12": 0.6028956497202378,
        "ndcg_at_16": 0.6028531642100795,
        "ndcg_at_20": 0.6028505343583436,
        "roc_auc_upset": 0.8642533936651583
      },
      "test_metrics_model_b": {
        "ndcg": 0.806568491591211,
        "spearman": 0.47630700778642937,
        "mrr_top2": 1.0,
        "mrr_top4": 1.0,
        "ndcg10": 0.806568491591211,
        "ndcg_at_4": 0.6907114070725182,
        "ndcg_at_12": 0.8063794208837617,
        "ndcg_at_16": 0.8469997113670314,
        "ndcg_at_20": 0.8518641593090992,
        "roc_auc_upset": 0.7555555555555555
      },
      "test_metrics_model_c": {
        "ndcg": 0.33348743391404295,
        "spearman": 0.23337041156840932,
        "mrr_top2": 0.16666666666666666,
        "mrr_top4": 0.16666666666666666,
        "ndcg10": 0.33348743391404295,
        "ndcg_at_4": 0.001111095381373398,
        "ndcg_at_12": 0.3389077264996702,
        "ndcg_at_16": 0.3596643455146382,
        "ndcg_at_20": 0.37000033942981986,
        "roc_auc_upset": 0.7633928571428571
      },
      "test_metrics_by_conference": {
        "E": {
          "ndcg": 0.36871484227264073,
          "spearman": 0.11071428571428568
        },
        "W": {
          "ndcg": 0.9113186932179453,
          "spearman": 0.4357142857142856
        }
      },
      "notes": {
        "eos_rank_source": "eos_final_rank"
      }
    },
    "2024-25": {
      "test_metrics_ensemble": {
        "ndcg": 0.48233213469010067,
        "spearman": 0.4576195773081201,
        "mrr_top2": 0.5,
        "mrr_top4": 0.5,
        "ndcg10": 0.48233213469010067,
        "ndcg_at_4": 0.4645175546554888,
        "ndcg_at_12": 0.4822061327878843,
        "ndcg_at_16": 0.5251445257680759,
        "ndcg_at_20": 0.5263594463378481,
        "roc_auc_upset": 0.7946428571428572,
        "rank_mae_pred_vs_playoff_final_results": 7.400000095367432,
        "rank_rmse_pred_vs_playoff_final_results": 9.014802932739258,
        "rank_mae_eos_standings_vs_playoff_final_results": 3.1333333333333333,
        "rank_rmse_eos_standings_vs_playoff_final_results": 4.449719092257398,
        "spearman_standings": -0.4700778642936596,
        "ndcg10_standings": 0.48713736482833375,
        "ndcg_at_4_standings": 0.445429762791943,
        "ndcg_at_16_standings": 0.5002722800026275,
        "rank_rmse_standings": 8.910667419433594,
        "playoff_metrics": {
          "spearman_pred_vs_playoff_final_results": 0.46117908787541706,