{
  "test_metrics_ensemble": {
    "ndcg": 0.5591121117505231,
    "spearman": 0.30055617352614017,
    "mrr_top2": 1.0,
    "mrr_top4": 1.0,
    "ndcg10": 0.5591121117505231,
    "ndcg_at_4": 0.35315119534797357,
    "ndcg_at_12": 0.6028956497202378,
    "ndcg_at_16": 0.6028531642100795,
    "ndcg_at_20": 0.6028505343583436,
    "roc_auc_upset": 0.8642533936651583,
    "rank_mae_pred_vs_playoff_final_results": 8.333333015441895,
    "rank_rmse_pred_vs_playoff_final_results": 10.237187385559082,
    "rank_mae_eos_standings_vs_playoff_final_results": 3.7333333333333334,
    "rank_rmse_eos_standings_vs_playoff_final_results": 6.093712606722878,
    "spearman_standings": -0.42380422691879865,
    "ndcg10_standings": 0.4249535965238873,
    "ndcg_at_4_standings": 0.16635214014080835,
    "ndcg_at_16_standings": 0.4468401930341309,
    "rank_rmse_standings": 9.291573524475098,
    "playoff_metrics": {
      "spearman_pred_vs_playoff_final_results": 0.35706340378198,
      "ndcg_at_4_final_four": 0.35315119534797357,
      "ndcg10_pred_vs_playoff_final_results": 0.5591131190776644,
      "brier_championship_odds": 0.03167646750807762,
      "rank_mae_pred_vs_playoff_final_results": 8.333333015441895,
      "rank_rmse_pred_vs_playoff_final_results": 10.237187385559082,
      "rank_mae_eos_standings_vs_playoff_final_results": 3.7333333333333334,
      "rank_rmse_eos_standings_vs_playoff_final_results": 6.093712606722878
    }
  },
  "test_metrics_model_a": {
    "ndcg": 0.5591121117505231,
    "spearman": 0.30055617352614017,
    "mrr_top2": 1.0,
    "mrr_top4": 1.0,
    "ndcg10": 0.5591121117505231,
    "ndcg_at_4": 0.35315119534797357,
    "ndcg_at_12": 0.6028956497202378,
    "ndcg_at_16": 0.6028531642100795,
    "ndcg_at_20": 0.6028505343583436,
    "roc_auc_upset": 0.8642533936651583
  },
  "test_metrics_model_b": {
    "ndcg": 0.806568491591211,
    "spearman": 0.47630700778642937,
    "mrr_top2": 1.0,
    "mrr_top4": 1.0,
    "ndcg10": 0.806568491591211,
    "ndcg_at_4": 0.6907114070725182,
    "ndcg_at_12": 0.8063794208837617,
    "ndcg_at_16": 0.8469997113670314,
    "ndcg_at_20": 0.8518641593090992,
    "roc_auc_upset": 0.7555555555555555
  },
  "test_metrics_model_c": {
    "ndcg": 0.33348743391404295,
    "spearman": 0.23337041156840932,
    "mrr_top2": 0.16666666666666666,
    "mrr_top4": 0.16666666666666666,
    "ndcg10": 0.33348743391404295,
    "ndcg_at_4": 0.001111095381373398,
    "ndcg_at_12": 0.3389077264996702,
    "ndcg_at_16": 0.3596643455146382,
    "ndcg_at_20": 0.37000033942981986,
    "roc_auc_upset": 0.7633928571428571
  },
  "test_metrics_by_conference": {
    "E": {
      "ndcg": 0.36871484227264073,
      "spearman": 0.11071428571428568
    },
    "W": {
      "ndcg": 0.9113186932179453,
      "spearman": 0.4357142857142856
    }
  },
  "notes": {
    "eos_rank_source": "eos_final_rank"
  }
}