{
  "test_metrics_ensemble": {
    "ndcg": 0.39987332689163274,
    "spearman": 0.3819799777530589,
    "mrr_top2": 1.0,
    "mrr_top4": 1.0,
    "ndcg10": 0.39987332689163274,
    "ndcg_at_4": 0.35315119534797357,
    "ndcg_at_12": 0.5809728585525554,
    "ndcg_at_16": 0.5821983139496262,
    "ndcg_at_20": 0.582804241121098,
    "roc_auc_upset": 0.7589285714285714,
    "rank_mae_pred_vs_playoff_final_results": 7.666666507720947,
    "rank_rmse_pred_vs_playoff_final_results": 9.622889518737793,
    "rank_mae_eos_standings_vs_playoff_final_results": 3.7333333333333334,
    "rank_rmse_eos_standings_vs_playoff_final_results": 6.093712606722878,
    "playoff_metrics": {
      "spearman_pred_vs_playoff_final_results": 0.435817575083426,
      "ndcg_at_4_final_four": 0.35315119534797357,
      "ndcg10_pred_vs_playoff_final_results": 0.39987857619091943,
      "brier_championship_odds": 0.03222232684493065,
      "rank_mae_pred_vs_playoff_final_results": 7.666666507720947,
      "rank_rmse_pred_vs_playoff_final_results": 9.622889518737793,
      "rank_mae_eos_standings_vs_playoff_final_results": 3.7333333333333334,
      "rank_rmse_eos_standings_vs_playoff_final_results": 6.093712606722878
    }
  },
  "test_metrics_model_a": {
    "ndcg": 0.39987332689163274,
    "spearman": 0.3819799777530589,
    "mrr_top2": 1.0,
    "mrr_top4": 1.0,
    "ndcg10": 0.39987332689163274,
    "ndcg_at_4": 0.35315119534797357,
    "ndcg_at_12": 0.5809728585525554,
    "ndcg_at_16": 0.5821983139496262,
    "ndcg_at_20": 0.582804241121098,
    "roc_auc_upset": 0.7589285714285714
  },
  "test_metrics_model_b": {
    "ndcg": 0.806132962745442,
    "spearman": 0.37174638487208006,
    "mrr_top2": 1.0,
    "mrr_top4": 1.0,
    "ndcg10": 0.806132962745442,
    "ndcg_at_4": 0.7116242168324007,
    "ndcg_at_12": 0.8060096977814127,
    "ndcg_at_16": 0.8059685061378044,
    "ndcg_at_20": 0.8449072124976467,
    "roc_auc_upset": 0.7321428571428572
  },
  "test_metrics_model_c": {
    "ndcg": 0.333487026575135,
    "spearman": 0.23159065628476083,
    "mrr_top2": 0.16666666666666666,
    "mrr_top4": 0.16666666666666666,
    "ndcg10": 0.333487026575135,
    "ndcg_at_4": 0.0011069724610271625,
    "ndcg_at_12": 0.33890731926775686,
    "ndcg_at_16": 0.35966393831396193,
    "ndcg_at_20": 0.3699999322309346,
    "roc_auc_upset": 0.7633928571428571
  },
  "test_metrics_by_conference": {
    "E": {
      "ndcg": 0.38369169619137905,
      "spearman": 0.2321428571428571
    },
    "W": {
      "ndcg": 0.915131410824501,
      "spearman": 0.5178571428571428
    }
  },
  "notes": {
    "eos_rank_source": "eos_final_rank"
  }
}