{
  "test_metrics_ensemble": {
    "ndcg": 0.4977364520151914,
    "spearman": 0.5047830923248053,
    "mrr_top2": 0.5,
    "mrr_top4": 0.5,
    "ndcg10": 0.4977364520151914,
    "ndcg_at_4": 0.5061571405372405,
    "ndcg_at_12": 0.5432483753823831,
    "ndcg_at_16": 0.5432289534135899,
    "ndcg_at_20": 0.5473514364548198,
    "roc_auc_upset": 0.8,
    "rank_mae_pred_vs_playoff_final_results": 6.733333110809326,
    "rank_rmse_pred_vs_playoff_final_results": 8.61394214630127,
    "rank_mae_eos_standings_vs_playoff_final_results": 3.1333333333333333,
    "rank_rmse_eos_standings_vs_playoff_final_results": 4.449719092257398,
    "playoff_metrics": {
      "spearman_pred_vs_playoff_final_results": 0.5065628476084539,
      "ndcg_at_4_final_four": 0.5061571405372405,
      "ndcg10_pred_vs_playoff_final_results": 0.4977265090523717,
      "brier_championship_odds": 0.03222232684493065,
      "rank_mae_pred_vs_playoff_final_results": 6.733333110809326,
      "rank_rmse_pred_vs_playoff_final_results": 8.61394214630127,
      "rank_mae_eos_standings_vs_playoff_final_results": 3.1333333333333333,
      "rank_rmse_eos_standings_vs_playoff_final_results": 4.449719092257398
    }
  },
  "test_metrics_model_a": {
    "ndcg": 0.4977364520151914,
    "spearman": 0.4967741935483871,
    "mrr_top2": 0.5,
    "mrr_top4": 0.5,
    "ndcg10": 0.4977364520151914,
    "ndcg_at_4": 0.5061571405372405,
    "ndcg_at_12": 0.5432483753823831,
    "ndcg_at_16": 0.5432289534135899,
    "ndcg_at_20": 0.5450408068141365,
    "roc_auc_upset": 0.8044444444444445
  },
  "test_metrics_model_b": {
    "ndcg": 0.16382861643108615,
    "spearman": 0.593325917686318,
    "mrr_top2": 0.2,
    "mrr_top4": 0.2,
    "ndcg10": 0.16382861643108615,
    "ndcg_at_4": 0.024776749307587553,
    "ndcg_at_12": 0.23102846610412106,
    "ndcg_at_16": 0.3899327280402028,
    "ndcg_at_20": 0.38996720952143565,
    "roc_auc_upset": 0.751131221719457
  },
  "test_metrics_model_c": {
    "ndcg": 0.05124995751403931,
    "spearman": 0.307230255839822,
    "mrr_top2": 0.0625,
    "mrr_top4": 0.2,
    "ndcg10": 0.05124995751403931,
    "ndcg_at_4": 0.00711064040423231,
    "ndcg_at_12": 0.056899138174850025,
    "ndcg_at_16": 0.1769467286075223,
    "ndcg_at_20": 0.17934460063934335,
    "roc_auc_upset": 0.8214285714285714
  },
  "test_metrics_by_conference": {
    "E": {
      "ndcg": 0.25857054067368296,
      "spearman": 0.20357142857142854
    },
    "W": {
      "ndcg": 0.7840480028189971,
      "spearman": 0.7428571428571428
    }
  },
  "notes": {
    "eos_rank_source": "eos_final_rank"
  }
}