{
  "notes": {
    "eval_on": "test",
    "eos_rank_source": "eos_final_rank",
    "upset_definition": "sleeper = EOS_global_rank > predicted_strength",
    "mrr_top2": "1/rank of first team in top 2 (champion+runner-up) in predicted order.",
    "mrr_top4": "1/rank of first team in top 4 (conference finals) in predicted order.",
    "per_conference_relevance": "Within E/W: actual rank derived from EOS_global_rank (1=best in conf); NDCG/Spearman use this relevance.",
    "playoff_metrics": "Spearman (pred global vs playoff_final_results), NDCG@4 (final four), Brier (champion vs odds). rank_mae/rank_rmse: pred vs playoff_final_results; eos_standings vs playoff_final_results (baseline)."
  },
  "split_info": {
    "train_frac": 0.75,
    "n_train_dates": 141,
    "n_test_dates": 36,
    "split_mode": "seasons"
  },
  "test_metrics_ensemble": {
    "ndcg": 0.4824269200445061,
    "spearman": 0.4829810901001112,
    "mrr_top2": 0.5,
    "mrr_top4": 0.5,
    "ndcg10": 0.4824269200445061,
    "ndcg_at_4": 0.46449490234372454,
    "ndcg_at_12": 0.5276006737431141,
    "ndcg_at_16": 0.5278775349616673,
    "ndcg_at_20": 0.5296814724033851,
    "roc_auc_upset": 0.8571428571428571,
    "rank_mae_pred_vs_playoff_final_results": 7.066666603088379,
    "rank_rmse_pred_vs_playoff_final_results": 8.801514625549316,
    "rank_mae_eos_standings_vs_playoff_final_results": 3.1333333333333333,
    "rank_rmse_eos_standings_vs_playoff_final_results": 4.449719092257398,
    "spearman_standings": -0.5541713014460512,
    "ndcg10_standings": 0.4961729636101175,
    "ndcg_at_4_standings": 0.44578653670222973,
    "ndcg_at_16_standings": 0.5099067423876968,
    "rank_rmse_standings": 8.173127174377441,
    "playoff_metrics": {
      "spearman_pred_vs_playoff_final_results": 0.5345939933259177,
      "ndcg_at_4_final_four": 0.46449490234372454,
      "ndcg10_pred_vs_playoff_final_results": 0.4824164177013271,
      "brier_championship_odds": 0.030076472088694572,
      "rank_mae_pred_vs_playoff_final_results": 7.066666603088379,
      "rank_rmse_pred_vs_playoff_final_results": 8.801514625549316,
      "rank_mae_eos_standings_vs_playoff_final_results": 3.1333333333333333,
      "rank_rmse_eos_standings_vs_playoff_final_results": 4.449719092257398
    }
  },
  "test_metrics_model_a": {
    "ndcg": 0.4824269200445061,
    "spearman": 0.4829810901001112,
    "mrr_top2": 0.5,
    "mrr_top4": 0.5,
    "ndcg10": 0.4824269200445061,
    "ndcg_at_4": 0.46449490234372454,
    "ndcg_at_12": 0.5276006737431141,
    "ndcg_at_16": 0.5278775349616673,
    "ndcg_at_20": 0.5296814724033851,
    "roc_auc_upset": 0.8571428571428571
  },
  "test_metrics_model_b": {
    "ndcg": 0.4376962231760793,
    "spearman": 0.6022246941045606,
    "mrr_top2": 0.2,
    "mrr_top4": 0.2,
    "ndcg10": 0.4376962231760793,
    "ndcg_at_4": 0.047452952934463374,
    "ndcg_at_12": 0.43762445760123064,
    "ndcg_at_16": 0.4595511069090464,
    "ndcg_at_20": 0.45954919637386543,
    "roc_auc_upset": 0.7330316742081447
  },
  "test_metrics_model_c": {
    "ndcg": 0.05139534647930671,
    "spearman": 0.3125695216907675,
    "mrr_top2": 0.07142857142857142,
    "mrr_top4": 0.2,
    "ndcg10": 0.05139534647930671,
    "ndcg_at_4": 0.0072603807417201014,
    "ndcg_at_12": 0.05704448895120833,
    "ndcg_at_16": 0.17989573678693135,
    "ndcg_at_20": 0.18229344888290439,
    "roc_auc_upset": 0.8214285714285714
  },
  "test_metrics_by_conference": {
    "E": {
      "ndcg": 0.27617577641459584,
      "spearman": 0.33571428571428563
    },
    "W": {
      "ndcg": 0.7346666807940231,
      "spearman": 0.557142857142857
    }
  },
  "by_season": {
    "2023-24": {
      "test_metrics_ensemble": {
        "ndcg": 0.5704387245670197,
        "spearman": 0.3125695216907675,
        "mrr_top2": 1.0,
        "mrr_top4": 1.0,
        "ndcg10": 0.5704387245670197,
        "ndcg_at_4": 0.35315119534797357,
        "ndcg_at_12": 0.6141805790803307,
        "ndcg_at_16": 0.6141373530764166,
        "ndcg_at_20": 0.6141349591107841,
        "roc_auc_upset": 0.8518518518518519,
        "rank_mae_pred_vs_playoff_final_results": 8.333333015441895,
        "rank_rmse_pred_vs_playoff_final_results": 10.14889144897461,
        "rank_mae_eos_standings_vs_playoff_final_results": 3.7333333333333334,
        "rank_rmse_eos_standings_vs_playoff_final_results": 6.093712606722878,
        "spearman_standings": -0.43003337041156836,
        "ndcg10_standings": 0.4313999494658255,
        "ndcg_at_4_standings": 0.16635214014080835,
        "ndcg_at_16_standings": 0.4531973026137007,
        "rank_rmse_standings": 9.241211891174316,
        "playoff_metrics": {
          "spearman_pred_vs_playoff_final_results": 0.3632925472747497,
          "ndcg_at_4_final_four": 0.35315119534797357,
          "ndcg10_pred_vs_playoff_final_results": 0.5704437936054095,
          "brier_championship_odds": 0.0314764641225338,
          "rank_mae_pred_vs_playoff_final_results": 8.333333015441895,
          "rank_rmse_pred_vs_playoff_final_results": 10.14889144897461,
          "rank_mae_eos_standings_vs_playoff_final_results": 3.7333333333333334,
          "rank_rmse_eos_standings_vs_playoff_final_results": 6.093712606722878
        }
      },
      "test_metrics_model_a": {
        "ndcg": 0.5704387245670197,
        "spearman": 0.3125695216907675,
        "mrr_top2": 1.0,
        "mrr_top4": 1.0,
        "ndcg10": 0.5704387245670197,
        "ndcg_at_4": 0.35315119534797357,
        "ndcg_at_12": 0.6141805790803307,
        "ndcg_at_16": 0.6141373530764166,
        "ndcg_at_20": 0.6141349591107841,
        "roc_auc_upset": 0.8518518518518519
      },
      "test_metrics_model_b": {
        "ndcg": 0.7076064772277197,
        "spearman": 0.332146829810901,
        "mrr_top2": 1.0,
        "mrr_top4": 1.0,
        "ndcg10": 0.7076064772277197,
        "ndcg_at_4": 0.7261751187226982,
        "ndcg_at_12": 0.7951929439280361,
        "ndcg_at_16": 0.8001035041253058,
        "ndcg_at_20": 0.8001788015513812,
        "roc_auc_upset": 0.8
      },
      "test_metrics_model_c": {
        "ndcg": 0.33348743391404295,
        "spearman": 0.23337041156840932,
        "mrr_top2": 0.16666666666666666,
        "mrr_top4": 0.16666666666666666,
        "ndcg10": 0.33348743391404295,
        "ndcg_at_4": 0.001111095381373398,
        "ndcg_at_12": 0.3389077264996702,
        "ndcg_at_16": 0.3596643455146382,
        "ndcg_at_20": 0.37000033942981986,
        "roc_auc_upset": 0.7633928571428571
      },
      "test_metrics_by_conference": {
        "E": {
          "ndcg": 0.35722781210573246,
          "spearman": 0.10714285714285714
        },
        "W": {
          "ndcg": 0.9084486435684302,
          "spearman": 0.47142857142857136
        }
      },
      "notes": {
        "eos_rank_source": "eos_final_rank"
      }
    },
    "2024-25": {
      "test_metrics_ensemble": {
        "ndcg": 0.4824269200445061,
        "spearman": 0.4829810901001112,
        "mrr_top2": 0.5,
        "mrr_top4": 0.5,
        "ndcg10": 0.4824269200445061,
        "ndcg_at_4": 0.46449490234372454,
        "ndcg_at_12": 0.5276006737431141,
        "ndcg_at_16": 0.5278775349616673,
        "ndcg_at_20": 0.5296814724033851,
        "roc_auc_upset": 0.8571428571428571,
        "rank_mae_pred_vs_playoff_final_results": 7.066666603088379,
        "rank_rmse_pred_vs_playoff_final_results": 8.801514625549316,
        "rank_mae_eos_standings_vs_playoff_final_results": 3.1333333333333333,
        "rank_rmse_eos_standings_vs_playoff_final_results": 4.449719092257398,
        "spearman_standings": -0.5541713014460512,
        "ndcg10_standings": 0.4961729636101175,
        "ndcg_at_4_standings": 0.44578653670222973,
        "ndcg_at_16_standings": 0.5099067423876968,
        "rank_rmse_standings": 8.173127174377441,
        "playoff_metrics": {
          "spearman_pred_vs_playoff_final_results": 0.5345939933259177,
          "ndcg_at_4_final_four": 0.46449490234372454,