{
  "test_metrics_ensemble": {
    "ndcg": 0.40295885336924453,
    "spearman": 0.3931034482758621,
    "mrr_top2": 1.0,
    "mrr_top4": 1.0,
    "ndcg10": 0.40295885336924453,
    "ndcg_at_4": 0.3560053866302678,
    "ndcg_at_12": 0.5854236598854867,
    "ndcg_at_16": 0.5860057617861809,
    "ndcg_at_20": 0.586003283169689,
    "roc_auc_upset": 0.7366071428571429,
    "rank_mae_pred_vs_playoff_final_results": 7.4666666984558105,
    "rank_rmse_pred_vs_playoff_final_results": 9.535897254943848,
    "rank_mae_eos_standings_vs_playoff_final_results": 3.7333333333333334,
    "rank_rmse_eos_standings_vs_playoff_final_results": 6.093712606722878,
    "playoff_metrics": {
      "spearman_pred_vs_playoff_final_results": 0.47230255839822033,
      "ndcg_at_4_final_four": 0.3560053866302678,
      "ndcg10_pred_vs_playoff_final_results": 0.40296438886565317,
      "brier_championship_odds": 0.03222232684493065,
      "rank_mae_pred_vs_playoff_final_results": 7.4666666984558105,
      "rank_rmse_pred_vs_playoff_final_results": 9.535897254943848,
      "rank_mae_eos_standings_vs_playoff_final_results": 3.7333333333333334,
      "rank_rmse_eos_standings_vs_playoff_final_results": 6.093712606722878
    }
  },
  "test_metrics_model_a": {
    "ndcg": 0.40295885336924453,
    "spearman": 0.3819799777530589,
    "mrr_top2": 1.0,
    "mrr_top4": 1.0,
    "ndcg10": 0.40295885336924453,
    "ndcg_at_4": 0.3560053866302678,
    "ndcg_at_12": 0.5854236598854867,
    "ndcg_at_16": 0.5860057617861809,
    "ndcg_at_20": 0.586003283169689,
    "roc_auc_upset": 0.7410714285714286
  },
  "test_metrics_model_b": {
    "ndcg": 0.8063950992045921,
    "spearman": 0.40734149054505003,
    "mrr_top2": 1.0,
    "mrr_top4": 1.0,
    "ndcg10": 0.8063950992045921,
    "ndcg_at_4": 0.7116242168324007,
    "ndcg_at_12": 0.8061839765982669,
    "ndcg_at_16": 0.8111740970716572,
    "ndcg_at_20": 0.8111708225587116,
    "roc_auc_upset": 0.8169642857142857
  },
  "test_metrics_model_c": {
    "ndcg": 0.333487026575135,
    "spearman": 0.23159065628476083,
    "mrr_top2": 0.16666666666666666,
    "mrr_top4": 0.16666666666666666,
    "ndcg10": 0.333487026575135,
    "ndcg_at_4": 0.0011069724610271625,
    "ndcg_at_12": 0.33890731926775686,
    "ndcg_at_16": 0.35966393831396193,
    "ndcg_at_20": 0.3699999322309346,
    "roc_auc_upset": 0.7633928571428571
  },
  "test_metrics_by_conference": {
    "E": {
      "ndcg": 0.3869402032684001,
      "spearman": 0.2821428571428571
    },
    "W": {
      "ndcg": 0.9115634861484554,
      "spearman": 0.42142857142857143
    }
  },
  "notes": {
    "eos_rank_source": "eos_final_rank"
  }
}