{
  "notes": {
    "eval_on": "test",
    "eos_rank_source": "eos_final_rank",
    "upset_definition": "sleeper = EOS_global_rank > predicted_strength",
    "mrr_top2": "1/rank of first team in top 2 (champion+runner-up) in predicted order.",
    "mrr_top4": "1/rank of first team in top 4 (conference finals) in predicted order.",
    "per_conference_relevance": "Within E/W: actual rank derived from EOS_global_rank (1=best in conf); NDCG/Spearman use this relevance.",
    "playoff_metrics": "Spearman (pred global vs playoff_final_results), NDCG@4 (final four), Brier (champion vs odds). rank_mae/rank_rmse: pred vs playoff_final_results; eos_standings vs playoff_final_results (baseline)."
  },
  "split_info": {
    "train_frac": 0.75,
    "n_train_dates": 141,
    "n_test_dates": 36,
    "split_mode": "seasons"
  },
  "test_metrics_ensemble": {
    "ndcg": 0.4927467783310094,
    "spearman": 0.4901001112347052,
    "mrr_top2": 0.5,
    "mrr_top4": 0.5,
    "ndcg10": 0.4927467783310094,
    "ndcg_at_4": 0.5000971133624064,
    "ndcg_at_12": 0.5379385804812675,
    "ndcg_at_16": 0.5378993653205173,
    "ndcg_at_20": 0.5415031261896364,
    "roc_auc_upset": 0.7688888888888888,
    "rank_mae_pred_vs_playoff_final_results": 6.666666507720947,
    "rank_rmse_pred_vs_playoff_final_results": 8.74070930480957,
    "rank_mae_eos_standings_vs_playoff_final_results": 3.1333333333333333,
    "rank_rmse_eos_standings_vs_playoff_final_results": 4.449719092257398,
    "playoff_metrics": {
      "spearman_pred_vs_playoff_final_results": 0.49543937708565067,
      "ndcg_at_4_final_four": 0.5000817963630705,
      "ndcg10_pred_vs_playoff_final_results": 0.4927318870708402,
      "brier_championship_odds": 0.03222232684493065,
      "rank_mae_pred_vs_playoff_final_results": 6.666666507720947,
      "rank_rmse_pred_vs_playoff_final_results": 8.74070930480957,
      "rank_mae_eos_standings_vs_playoff_final_results": 3.1333333333333333,
      "rank_rmse_eos_standings_vs_playoff_final_results": 4.449719092257398
    }
  },
  "test_metrics_model_a": {
    "ndcg": 0.4927334917896158,
    "spearman": 0.4887652947719689,
    "mrr_top2": 0.5,
    "mrr_top4": 0.5,
    "ndcg10": 0.4927334917896158,
    "ndcg_at_4": 0.5000971133624064,
    "ndcg_at_12": 0.5379252974298122,
    "ndcg_at_16": 0.5378860832879513,
    "ndcg_at_20": 0.5414898442154876,
    "roc_auc_upset": 0.7455357142857143
  },
  "test_metrics_model_b": {
    "ndcg": 0.17990425572775262,
    "spearman": 0.5719688542825361,
    "mrr_top2": 0.25,
    "mrr_top4": 0.25,
    "ndcg10": 0.17990425572775262,
    "ndcg_at_4": 0.16775742802418675,
    "ndcg_at_12": 0.22515696996337092,
    "ndcg_at_16": 0.4044727288175488,
    "ndcg_at_20": 0.40447183153924443,
    "roc_auc_upset": 0.7377777777777778
  },
  "test_metrics_model_c": {
    "ndcg": 0.05124995751403931,
    "spearman": 0.307230255839822,
    "mrr_top2": 0.0625,
    "mrr_top4": 0.2,
    "ndcg10": 0.05124995751403931,
    "ndcg_at_4": 0.00711064040423231,
    "ndcg_at_12": 0.056899138174850025,
    "ndcg_at_16": 0.1769467286075223,
    "ndcg_at_20": 0.17934460063934335,
    "roc_auc_upset": 0.8214285714285714
  },
  "test_metrics_by_conference": {
    "E": {
      "ndcg": 0.25222167422838165,
      "spearman": 0.24285714285714283
    },
    "W": {
      "ndcg": 0.7728975634578972,
      "spearman": 0.6714285714285713
    }
  },
  "by_season": {
    "2023-24": {
      "test_metrics_ensemble": {
        "ndcg": 0.40295885336924453,
        "spearman": 0.3931034482758621,
        "mrr_top2": 1.0,
        "mrr_top4": 1.0,
        "ndcg10": 0.40295885336924453,
        "ndcg_at_4": 0.3560053866302678,
        "ndcg_at_12": 0.5854236598854867,
        "ndcg_at_16": 0.5860057617861809,
        "ndcg_at_20": 0.586003283169689,
        "roc_auc_upset": 0.7366071428571429,
        "rank_mae_pred_vs_playoff_final_results": 7.4666666984558105,
        "rank_rmse_pred_vs_playoff_final_results": 9.535897254943848,
        "rank_mae_eos_standings_vs_playoff_final_results": 3.7333333333333334,
        "rank_rmse_eos_standings_vs_playoff_final_results": 6.093712606722878,
        "playoff_metrics": {
          "spearman_pred_vs_playoff_final_results": 0.47230255839822033,
          "ndcg_at_4_final_four": 0.3560053866302678,
          "ndcg10_pred_vs_playoff_final_results": 0.40296438886565317,
          "brier_championship_odds": 0.03222232684493065,
          "rank_mae_pred_vs_playoff_final_results": 7.4666666984558105,
          "rank_rmse_pred_vs_playoff_final_results": 9.535897254943848,
          "rank_mae_eos_standings_vs_playoff_final_results": 3.7333333333333334,
          "rank_rmse_eos_standings_vs_playoff_final_results": 6.093712606722878
        }
      },
      "test_metrics_model_a": {
        "ndcg": 0.40295885336924453,
        "spearman": 0.3819799777530589,
        "mrr_top2": 1.0,
        "mrr_top4": 1.0,
        "ndcg10": 0.40295885336924453,
        "ndcg_at_4": 0.3560053866302678,
        "ndcg_at_12": 0.5854236598854867,
        "ndcg_at_16": 0.5860057617861809,
        "ndcg_at_20": 0.586003283169689,
        "roc_auc_upset": 0.7410714285714286
      },
      "test_metrics_model_b": {
        "ndcg": 0.8063950992045921,
        "spearman": 0.40734149054505003,
        "mrr_top2": 1.0,
        "mrr_top4": 1.0,
        "ndcg10": 0.8063950992045921,
        "ndcg_at_4": 0.7116242168324007,
        "ndcg_at_12": 0.8061839765982669,
        "ndcg_at_16": 0.8111740970716572,
        "ndcg_at_20": 0.8111708225587116,
        "roc_auc_upset": 0.8169642857142857
      },
      "test_metrics_model_c": {
        "ndcg": 0.333487026575135,
        "spearman": 0.23159065628476083,
        "mrr_top2": 0.16666666666666666,
        "mrr_top4": 0.16666666666666666,
        "ndcg10": 0.333487026575135,
        "ndcg_at_4": 0.0011069724610271625,
        "ndcg_at_12": 0.33890731926775686,
        "ndcg_at_16": 0.35966393831396193,
        "ndcg_at_20": 0.3699999322309346,
        "roc_auc_upset": 0.7633928571428571
      },
      "test_metrics_by_conference": {
        "E": {
          "ndcg": 0.3869402032684001,
          "spearman": 0.2821428571428571
        },
        "W": {
          "ndcg": 0.9115634861484554,
          "spearman": 0.42142857142857143
        }
      },
      "notes": {
        "eos_rank_source": "eos_final_rank"
      }
    },
    "2024-25": {
      "test_metrics_ensemble": {
        "ndcg": 0.4927467783310094,
        "spearman": 0.4901001112347052,
        "mrr_top2": 0.5,
        "mrr_top4": 0.5,
        "ndcg10": 0.4927467783310094,
        "ndcg_at_4": 0.5000971133624064,
        "ndcg_at_12": 0.5379385804812675,
        "ndcg_at_16": 0.5378993653205173,
        "ndcg_at_20": 0.5415031261896364,
        "roc_auc_upset": 0.7688888888888888,
        "rank_mae_pred_vs_playoff_final_results": 6.666666507720947,
        "rank_rmse_pred_vs_playoff_final_results": 8.74070930480957,
        "rank_mae_eos_standings_vs_playoff_final_results": 3.1333333333333333,
        "rank_rmse_eos_standings_vs_playoff_final_results": 4.449719092257398,
        "playoff_metrics": {
          "spearman_pred_vs_playoff_final_results": 0.49543937708565067,
          "ndcg_at_4_final_four": 0.5000817963630705,
          "ndcg10_pred_vs_playoff_final_results": 0.4927318870708402,
          "brier_championship_odds": 0.03222232684493065,
          "rank_mae_pred_vs_playoff_final_results": 6.666666507720947,
          "rank_rmse_pred_vs_playoff_final_results": 8.74070930480957,
          "rank_mae_eos_standings_vs_playoff_final_results": 3.1333333333333333,
          "rank_rmse_eos_standings_vs_playoff_final_results": 4.449719092257398
        }
      },
      "test_metrics_model_a": {
        "ndcg": 0.4927334917896158,
        "spearman": 0.4887652947719689,
        "mrr_top2": 0.5,
        "mrr_top4": 0.5,
        "ndcg10": 0.4927334917896158,
        "ndcg_at_4": 0.5000971133624064,
        "ndcg_at_12": 0.5379252974298122,
        "ndcg_at_16": 0.5378860832879513,