{
  "test_metrics_ensemble": {
    "ndcg": 0.4024563610897624,
    "spearman": 0.37130144605116794,
    "mrr_top2": 1.0,
    "mrr_top4": 1.0,
    "ndcg10": 0.4024563610897624,
    "ndcg_at_4": 0.35315119534797357,
    "ndcg_at_12": 0.5779008208985307,
    "ndcg_at_16": 0.5791264551082285,
    "ndcg_at_20": 0.579741403537393,
    "roc_auc_upset": 0.7589285714285714,
    "rank_mae_pred_vs_playoff_final_results": 7.800000190734863,
    "rank_rmse_pred_vs_playoff_final_results": 9.705668449401855,
    "rank_mae_eos_standings_vs_playoff_final_results": 3.7333333333333334,
    "rank_rmse_eos_standings_vs_playoff_final_results": 6.093712606722878,
    "playoff_metrics": {
      "spearman_pred_vs_playoff_final_results": 0.4242491657397108,
      "ndcg_at_4_final_four": 0.35315119534797357,
      "ndcg10_pred_vs_playoff_final_results": 0.40246137315834374,
      "brier_championship_odds": 0.03222232684493065,
      "rank_mae_pred_vs_playoff_final_results": 7.800000190734863,
      "rank_rmse_pred_vs_playoff_final_results": 9.705668449401855,
      "rank_mae_eos_standings_vs_playoff_final_results": 3.7333333333333334,
      "rank_rmse_eos_standings_vs_playoff_final_results": 6.093712606722878
    }
  },
  "test_metrics_model_a": {
    "ndcg": 0.40246209231266983,
    "spearman": 0.37708565072302563,
    "mrr_top2": 1.0,
    "mrr_top4": 1.0,
    "ndcg10": 0.40246209231266983,
    "ndcg_at_4": 0.35315119534797357,
    "ndcg_at_12": 0.5779010215300553,
    "ndcg_at_16": 0.5791266557243635,
    "ndcg_at_20": 0.5797416041526456,
    "roc_auc_upset": 0.7589285714285714
  },
  "test_metrics_model_b": {
    "ndcg": 0.7394151511607236,
    "spearman": 0.3459399332591768,
    "mrr_top2": 1.0,
    "mrr_top4": 1.0,
    "ndcg10": 0.7394151511607236,
    "ndcg_at_4": 0.7419424619759315,
    "ndcg_at_12": 0.7639952486761725,
    "ndcg_at_16": 0.763975471589975,
    "ndcg_at_20": 0.7659379285954835,
    "roc_auc_upset": 0.6944444444444444
  },
  "test_metrics_model_c": {
    "ndcg": 0.6909829160183127,
    "spearman": 0.32235817575083425,
    "mrr_top2": 1.0,
    "mrr_top4": 1.0,
    "ndcg10": 0.6909829160183127,
    "ndcg_at_4": 0.6758247600471751,
    "ndcg_at_12": 0.7470727594060319,
    "ndcg_at_16": 0.7477517871656845,
    "ndcg_at_20": 0.8257828422934581,
    "roc_auc_upset": 0.7129629629629629
  },
  "test_metrics_by_conference": {
    "E": {
      "ndcg": 0.38369169619137905,
      "spearman": 0.24285714285714283
    },
    "W": {
      "ndcg": 0.9320491824635213,
      "spearman": 0.5285714285714286
    }
  },
  "notes": {
    "eos_rank_source": "eos_final_rank"
  }
}