{
  "notes": {
    "eval_on": "test",
    "eos_rank_source": "eos_final_rank",
    "upset_definition": "sleeper = EOS_global_rank > predicted_strength",
    "mrr_top2": "1/rank of first team in top 2 (champion+runner-up) in predicted order.",
    "mrr_top4": "1/rank of first team in top 4 (conference finals) in predicted order.",
    "per_conference_relevance": "Within E/W: actual rank derived from EOS_global_rank (1=best in conf); NDCG/Spearman use this relevance.",
    "playoff_metrics": "Spearman (pred global vs playoff_final_results), NDCG@4 (final four), Brier (champion vs odds). rank_mae/rank_rmse: pred vs playoff_final_results; eos_standings vs playoff_final_results (baseline)."
  },
  "split_info": {
    "train_frac": 0.75,
    "n_train_dates": 141,
    "n_test_dates": 36,
    "split_mode": "seasons"
  },
  "test_metrics_ensemble": {
    "ndcg": 0.5330604840351411,
    "spearman": 0.4696329254727475,
    "mrr_top2": 0.5,
    "mrr_top4": 0.5,
    "ndcg10": 0.5330604840351411,
    "ndcg_at_4": 0.4643944167678145,
    "ndcg_at_12": 0.5332640180602265,
    "ndcg_at_16": 0.5332448096923555,
    "ndcg_at_20": 0.5368121873824919,
    "roc_auc_upset": 0.7601809954751131,
    "rank_mae_pred_vs_playoff_final_results": 6.933333396911621,
    "rank_rmse_pred_vs_playoff_final_results": 8.914407730102539,
    "rank_mae_eos_standings_vs_playoff_final_results": 3.1333333333333333,
    "rank_rmse_eos_standings_vs_playoff_final_results": 4.449719092257398,
    "playoff_metrics": {
      "spearman_pred_vs_playoff_final_results": 0.4794215795328142,
      "ndcg_at_4_final_four": 0.4643812234227066,
      "ndcg10_pred_vs_playoff_final_results": 0.5330476547169707,
      "brier_championship_odds": 0.03222232684493065,
      "rank_mae_pred_vs_playoff_final_results": 6.933333396911621,
      "rank_rmse_pred_vs_playoff_final_results": 8.914407730102539,
      "rank_mae_eos_standings_vs_playoff_final_results": 3.1333333333333333,
      "rank_rmse_eos_standings_vs_playoff_final_results": 4.449719092257398
    }
  },
  "test_metrics_model_a": {
    "ndcg": 0.5312026627150419,
    "spearman": 0.46073414905450494,
    "mrr_top2": 0.5,
    "mrr_top4": 0.5,
    "ndcg10": 0.5312026627150419,
    "ndcg_at_4": 0.4643944167678145,
    "ndcg_at_12": 0.5314066847288091,
    "ndcg_at_16": 0.5313876188294796,
    "ndcg_at_20": 0.5349550046879524,
    "roc_auc_upset": 0.7647058823529411
  },
  "test_metrics_model_b": {
    "ndcg": 0.7337845578210973,
    "spearman": 0.4967741935483871,
    "mrr_top2": 1.0,
    "mrr_top4": 1.0,
    "ndcg10": 0.7337845578210973,
    "ndcg_at_4": 0.6829649526661502,
    "ndcg_at_12": 0.7569274386792348,
    "ndcg_at_16": 0.8400814920934142,
    "ndcg_at_20": 0.8402391596918323,
    "roc_auc_upset": 0.8201058201058201
  },
  "test_metrics_model_c": {
    "ndcg": 0.7447098098349161,
    "spearman": 0.49276974416017794,
    "mrr_top2": 1.0,
    "mrr_top4": 1.0,
    "ndcg10": 0.7447098098349161,
    "ndcg_at_4": 0.7458688452230231,
    "ndcg_at_12": 0.8351177575384326,
    "ndcg_at_16": 0.8553520707273041,
    "ndcg_at_20": 0.855507419553005,
    "roc_auc_upset": 0.7824074074074074
  },
  "test_metrics_by_conference": {
    "E": {
      "ndcg": 0.2595236328252539,
      "spearman": 0.22499999999999998
    },
    "W": {
      "ndcg": 0.7737357849437491,
      "spearman": 0.6678571428571428
    }
  },
  "by_season": {
    "2023-24": {
      "test_metrics_ensemble": {
        "ndcg": 0.4024563610897624,
        "spearman": 0.37130144605116794,
        "mrr_top2": 1.0,
        "mrr_top4": 1.0,
        "ndcg10": 0.4024563610897624,
        "ndcg_at_4": 0.35315119534797357,
        "ndcg_at_12": 0.5779008208985307,
        "ndcg_at_16": 0.5791264551082285,
        "ndcg_at_20": 0.579741403537393,
        "roc_auc_upset": 0.7589285714285714,
        "rank_mae_pred_vs_playoff_final_results": 7.800000190734863,
        "rank_rmse_pred_vs_playoff_final_results": 9.705668449401855,
        "rank_mae_eos_standings_vs_playoff_final_results": 3.7333333333333334,
        "rank_rmse_eos_standings_vs_playoff_final_results": 6.093712606722878,
        "playoff_metrics": {
          "spearman_pred_vs_playoff_final_results": 0.4242491657397108,
          "ndcg_at_4_final_four": 0.35315119534797357,
          "ndcg10_pred_vs_playoff_final_results": 0.40246137315834374,
          "brier_championship_odds": 0.03222232684493065,
          "rank_mae_pred_vs_playoff_final_results": 7.800000190734863,
          "rank_rmse_pred_vs_playoff_final_results": 9.705668449401855,
          "rank_mae_eos_standings_vs_playoff_final_results": 3.7333333333333334,
          "rank_rmse_eos_standings_vs_playoff_final_results": 6.093712606722878
        }
      },
      "test_metrics_model_a": {
        "ndcg": 0.40246209231266983,
        "spearman": 0.37708565072302563,
        "mrr_top2": 1.0,
        "mrr_top4": 1.0,
        "ndcg10": 0.40246209231266983,
        "ndcg_at_4": 0.35315119534797357,
        "ndcg_at_12": 0.5779010215300553,
        "ndcg_at_16": 0.5791266557243635,
        "ndcg_at_20": 0.5797416041526456,
        "roc_auc_upset": 0.7589285714285714
      },
      "test_metrics_model_b": {
        "ndcg": 0.7394151511607236,
        "spearman": 0.3459399332591768,
        "mrr_top2": 1.0,
        "mrr_top4": 1.0,
        "ndcg10": 0.7394151511607236,
        "ndcg_at_4": 0.7419424619759315,
        "ndcg_at_12": 0.7639952486761725,
        "ndcg_at_16": 0.763975471589975,
        "ndcg_at_20": 0.7659379285954835,
        "roc_auc_upset": 0.6944444444444444
      },
      "test_metrics_model_c": {
        "ndcg": 0.6909829160183127,
        "spearman": 0.32235817575083425,
        "mrr_top2": 1.0,
        "mrr_top4": 1.0,
        "ndcg10": 0.6909829160183127,
        "ndcg_at_4": 0.6758247600471751,
        "ndcg_at_12": 0.7470727594060319,
        "ndcg_at_16": 0.7477517871656845,
        "ndcg_at_20": 0.8257828422934581,
        "roc_auc_upset": 0.7129629629629629
      },
      "test_metrics_by_conference": {
        "E": {
          "ndcg": 0.38369169619137905,
          "spearman": 0.24285714285714283
        },
        "W": {
          "ndcg": 0.9320491824635213,
          "spearman": 0.5285714285714286
        }
      },
      "notes": {
        "eos_rank_source": "eos_final_rank"
      }
    },
    "2024-25": {
      "test_metrics_ensemble": {
        "ndcg": 0.5330604840351411,
        "spearman": 0.4696329254727475,
        "mrr_top2": 0.5,
        "mrr_top4": 0.5,
        "ndcg10": 0.5330604840351411,
        "ndcg_at_4": 0.4643944167678145,
        "ndcg_at_12": 0.5332640180602265,
        "ndcg_at_16": 0.5332448096923555,
        "ndcg_at_20": 0.5368121873824919,
        "roc_auc_upset": 0.7601809954751131,
        "rank_mae_pred_vs_playoff_final_results": 6.933333396911621,
        "rank_rmse_pred_vs_playoff_final_results": 8.914407730102539,
        "rank_mae_eos_standings_vs_playoff_final_results": 3.1333333333333333,
        "rank_rmse_eos_standings_vs_playoff_final_results": 4.449719092257398,
        "playoff_metrics": {
          "spearman_pred_vs_playoff_final_results": 0.4794215795328142,
          "ndcg_at_4_final_four": 0.4643812234227066,
          "ndcg10_pred_vs_playoff_final_results": 0.5330476547169707,
          "brier_championship_odds": 0.03222232684493065,
          "rank_mae_pred_vs_playoff_final_results": 6.933333396911621,
          "rank_rmse_pred_vs_playoff_final_results": 8.914407730102539,
          "rank_mae_eos_standings_vs_playoff_final_results": 3.1333333333333333,
          "rank_rmse_eos_standings_vs_playoff_final_results": 4.449719092257398
        }
      },
      "test_metrics_model_a": {
        "ndcg": 0.5312026627150419,
        "spearman": 0.46073414905450494,
        "mrr_top2": 0.5,
        "mrr_top4": 0.5,
        "ndcg10": 0.5312026627150419,
        "ndcg_at_4": 0.4643944167678145,
        "ndcg_at_12": 0.5314066847288091,
        "ndcg_at_16": 0.5313876188294796,
        "ndcg_at_20": 0.5349550046879524,