{
  "test_metrics_ensemble": {
    "ndcg": 0.634562979094288,
    "spearman": 0.4251390433815351,
    "mrr_top2": 1.0,
    "mrr_top4": 1.0,
    "ndcg10": 0.634562979094288,
    "ndcg_at_4": 0.35315119534797357,
    "ndcg_at_12": 0.6344016577679602,
    "ndcg_at_16": 0.6356229249955431,
    "ndcg_at_20": 0.6362377042521841,
    "roc_auc_upset": 0.7104072398190044,
    "rank_mae_pred_vs_playoff_final_results": 7.5333333015441895,
    "rank_rmse_pred_vs_playoff_final_results": 9.280804634094238,
    "rank_mae_eos_standings_vs_playoff_final_results": 3.7333333333333334,
    "rank_rmse_eos_standings_vs_playoff_final_results": 6.093712606722878,
    "playoff_metrics": {
      "spearman_pred_vs_playoff_final_results": 0.45317018909899887,
      "ndcg_at_4_final_four": 0.35315119534797357,
      "ndcg10_pred_vs_playoff_final_results": 0.634562259939962,
      "brier_championship_odds": 0.03222232684493065,
      "rank_mae_pred_vs_playoff_final_results": 7.5333333015441895,
      "rank_rmse_pred_vs_playoff_final_results": 9.280804634094238,
      "rank_mae_eos_standings_vs_playoff_final_results": 3.7333333333333334,
      "rank_rmse_eos_standings_vs_playoff_final_results": 6.093712606722878
    }
  },
  "test_metrics_model_a": {
    "ndcg": 0.6323647168550885,
    "spearman": 0.4131256952169076,
    "mrr_top2": 1.0,
    "mrr_top4": 1.0,
    "ndcg10": 0.6323647168550885,
    "ndcg_at_4": 0.35315119534797357,
    "ndcg_at_12": 0.6322039729400977,
    "ndcg_at_16": 0.6334254087432113,
    "ndcg_at_20": 0.6340312069910946,
    "roc_auc_upset": 0.7194570135746606
  },
  "test_metrics_model_b": {
    "ndcg": 0.813189141350181,
    "spearman": 0.6622914349276974,
    "mrr_top2": 1.0,
    "mrr_top4": 1.0,
    "ndcg10": 0.813189141350181,
    "ndcg_at_4": 0.7956964228727279,
    "ndcg_at_12": 0.9036608622760466,
    "ndcg_at_16": 0.9035949555087919,
    "ndcg_at_20": 0.9035921848649288,
    "roc_auc_upset": 0.6517857142857143
  },
  "test_metrics_model_c": {
    "ndcg": 0.7714919722465686,
    "spearman": 0.385539488320356,
    "mrr_top2": 1.0,
    "mrr_top4": 1.0,
    "ndcg10": 0.7714919722465686,
    "ndcg_at_4": 0.6879025204137522,
    "ndcg_at_12": 0.7719978053532349,
    "ndcg_at_16": 0.7918040158077939,
    "ndcg_at_20": 0.7919473206956983,
    "roc_auc_upset": 0.7737556561085973
  },
  "test_metrics_by_conference": {
    "E": {
      "ndcg": 0.40506426649069116,
      "spearman": 0.2285714285714285
    },
    "W": {
      "ndcg": 0.9357949942609952,
      "spearman": 0.557142857142857
    }
  },
  "notes": {
    "eos_rank_source": "eos_final_rank"
  }
}