{
  "notes": {
    "eval_on": "test",
    "eos_rank_source": "eos_final_rank",
    "upset_definition": "sleeper = EOS_global_rank > predicted_strength",
    "mrr_top2": "1/rank of first team in top 2 (champion+runner-up) in predicted order.",
    "mrr_top4": "1/rank of first team in top 4 (conference finals) in predicted order.",
    "per_conference_relevance": "Within E/W: actual rank derived from EOS_global_rank (1=best in conf); NDCG/Spearman use this relevance.",
    "playoff_metrics": "Spearman (pred global vs playoff_final_results), NDCG@4 (final four), Brier (champion vs odds). rank_mae/rank_rmse: pred vs playoff_final_results; eos_standings vs playoff_final_results (baseline)."
  },
  "split_info": {
    "train_frac": 0.75,
    "n_train_dates": 141,
    "n_test_dates": 36,
    "split_mode": "seasons"
  },
  "test_metrics_ensemble": {
    "ndcg": 0.4007649361322988,
    "spearman": 0.4705228031145718,
    "mrr_top2": 0.3333333333333333,
    "mrr_top4": 0.3333333333333333,
    "ndcg10": 0.4007649361322988,
    "ndcg_at_4": 0.37698363165548254,
    "ndcg_at_12": 0.4006605266381212,
    "ndcg_at_16": 0.44330183855605054,
    "ndcg_at_20": 0.44682747548278323,
    "roc_auc_upset": 0.7647058823529411,
    "rank_mae_pred_vs_playoff_final_results": 7.0,
    "rank_rmse_pred_vs_playoff_final_results": 8.906926155090332,
    "rank_mae_eos_standings_vs_playoff_final_results": 3.1333333333333333,
    "rank_rmse_eos_standings_vs_playoff_final_results": 4.449719092257398,
    "playoff_metrics": {
      "spearman_pred_vs_playoff_final_results": 0.46785317018909905,
      "ndcg_at_4_final_four": 0.37698363165548254,
      "ndcg10_pred_vs_playoff_final_results": 0.4007534113366719,
      "brier_championship_odds": 0.03222232684493065,
      "rank_mae_pred_vs_playoff_final_results": 7.0,
      "rank_rmse_pred_vs_playoff_final_results": 8.906926155090332,
      "rank_mae_eos_standings_vs_playoff_final_results": 3.1333333333333333,
      "rank_rmse_eos_standings_vs_playoff_final_results": 4.449719092257398
    }
  },
  "test_metrics_model_a": {
    "ndcg": 0.35574311990261714,
    "spearman": 0.46562847608453833,
    "mrr_top2": 0.25,
    "mrr_top4": 0.25,
    "ndcg10": 0.35574311990261714,
    "ndcg_at_4": 0.3306143494740822,
    "ndcg_at_12": 0.35565053616181885,
    "ndcg_at_16": 0.3982953006144033,
    "ndcg_at_20": 0.40182113548984943,
    "roc_auc_upset": 0.7692307692307693
  },
  "test_metrics_model_b": {
    "ndcg": 0.4128836417605868,
    "spearman": 0.6516129032258065,
    "mrr_top2": 0.2,
    "mrr_top4": 0.2,
    "ndcg10": 0.4128836417605868,
    "ndcg_at_4": 0.03124999845336941,
    "ndcg_at_12": 0.41277653008451426,
    "ndcg_at_16": 0.41291425213702276,
    "ndcg_at_20": 0.43238858671033487,
    "roc_auc_upset": 0.75
  },
  "test_metrics_model_c": {
    "ndcg": 0.5139291054954204,
    "spearman": 0.6226918798665184,
    "mrr_top2": 0.3333333333333333,
    "mrr_top4": 0.3333333333333333,
    "ndcg10": 0.5139291054954204,
    "ndcg_at_4": 0.3643666855073834,
    "ndcg_at_12": 0.5139710655347041,
    "ndcg_at_16": 0.5139384262633034,
    "ndcg_at_20": 0.5139836554164472,
    "roc_auc_upset": 0.7410714285714286
  },
  "test_metrics_by_conference": {
    "E": {
      "ndcg": 0.27560733329778697,
      "spearman": 0.25357142857142856
    },
    "W": {
      "ndcg": 0.7510775020335729,
      "spearman": 0.6892857142857142
    }
  },
  "by_season": {
    "2023-24": {
      "test_metrics_ensemble": {
        "ndcg": 0.634562979094288,
        "spearman": 0.4251390433815351,
        "mrr_top2": 1.0,
        "mrr_top4": 1.0,
        "ndcg10": 0.634562979094288,
        "ndcg_at_4": 0.35315119534797357,
        "ndcg_at_12": 0.6344016577679602,
        "ndcg_at_16": 0.6356229249955431,
        "ndcg_at_20": 0.6362377042521841,
        "roc_auc_upset": 0.7104072398190044,
        "rank_mae_pred_vs_playoff_final_results": 7.5333333015441895,
        "rank_rmse_pred_vs_playoff_final_results": 9.280804634094238,
        "rank_mae_eos_standings_vs_playoff_final_results": 3.7333333333333334,
        "rank_rmse_eos_standings_vs_playoff_final_results": 6.093712606722878,
        "playoff_metrics": {
          "spearman_pred_vs_playoff_final_results": 0.45317018909899887,
          "ndcg_at_4_final_four": 0.35315119534797357,
          "ndcg10_pred_vs_playoff_final_results": 0.634562259939962,
          "brier_championship_odds": 0.03222232684493065,
          "rank_mae_pred_vs_playoff_final_results": 7.5333333015441895,
          "rank_rmse_pred_vs_playoff_final_results": 9.280804634094238,
          "rank_mae_eos_standings_vs_playoff_final_results": 3.7333333333333334,
          "rank_rmse_eos_standings_vs_playoff_final_results": 6.093712606722878
        }
      },
      "test_metrics_model_a": {
        "ndcg": 0.6323647168550885,
        "spearman": 0.4131256952169076,
        "mrr_top2": 1.0,
        "mrr_top4": 1.0,
        "ndcg10": 0.6323647168550885,
        "ndcg_at_4": 0.35315119534797357,
        "ndcg_at_12": 0.6322039729400977,
        "ndcg_at_16": 0.6334254087432113,
        "ndcg_at_20": 0.6340312069910946,
        "roc_auc_upset": 0.7194570135746606
      },
      "test_metrics_model_b": {
        "ndcg": 0.813189141350181,
        "spearman": 0.6622914349276974,
        "mrr_top2": 1.0,
        "mrr_top4": 1.0,
        "ndcg10": 0.813189141350181,
        "ndcg_at_4": 0.7956964228727279,
        "ndcg_at_12": 0.9036608622760466,
        "ndcg_at_16": 0.9035949555087919,
        "ndcg_at_20": 0.9035921848649288,
        "roc_auc_upset": 0.6517857142857143
      },
      "test_metrics_model_c": {
        "ndcg": 0.7714919722465686,
        "spearman": 0.385539488320356,
        "mrr_top2": 1.0,
        "mrr_top4": 1.0,
        "ndcg10": 0.7714919722465686,
        "ndcg_at_4": 0.6879025204137522,
        "ndcg_at_12": 0.7719978053532349,
        "ndcg_at_16": 0.7918040158077939,
        "ndcg_at_20": 0.7919473206956983,
        "roc_auc_upset": 0.7737556561085973
      },
      "test_metrics_by_conference": {
        "E": {
          "ndcg": 0.40506426649069116,
          "spearman": 0.2285714285714285
        },
        "W": {
          "ndcg": 0.9357949942609952,
          "spearman": 0.557142857142857
        }
      },
      "notes": {
        "eos_rank_source": "eos_final_rank"
      }
    },
    "2024-25": {
      "test_metrics_ensemble": {
        "ndcg": 0.4007649361322988,
        "spearman": 0.4705228031145718,
        "mrr_top2": 0.3333333333333333,
        "mrr_top4": 0.3333333333333333,
        "ndcg10": 0.4007649361322988,
        "ndcg_at_4": 0.37698363165548254,
        "ndcg_at_12": 0.4006605266381212,
        "ndcg_at_16": 0.44330183855605054,
        "ndcg_at_20": 0.44682747548278323,
        "roc_auc_upset": 0.7647058823529411,
        "rank_mae_pred_vs_playoff_final_results": 7.0,
        "rank_rmse_pred_vs_playoff_final_results": 8.906926155090332,
        "rank_mae_eos_standings_vs_playoff_final_results": 3.1333333333333333,
        "rank_rmse_eos_standings_vs_playoff_final_results": 4.449719092257398,
        "playoff_metrics": {
          "spearman_pred_vs_playoff_final_results": 0.46785317018909905,
          "ndcg_at_4_final_four": 0.37698363165548254,
          "ndcg10_pred_vs_playoff_final_results": 0.4007534113366719,
          "brier_championship_odds": 0.03222232684493065,
          "rank_mae_pred_vs_playoff_final_results": 7.0,
          "rank_rmse_pred_vs_playoff_final_results": 8.906926155090332,
          "rank_mae_eos_standings_vs_playoff_final_results": 3.1333333333333333,
          "rank_rmse_eos_standings_vs_playoff_final_results": 4.449719092257398
        }
      },
      "test_metrics_model_a": {
        "ndcg": 0.35574311990261714,
        "spearman": 0.46562847608453833,
        "mrr_top2": 0.25,
        "mrr_top4": 0.25,
        "ndcg10": 0.35574311990261714,
        "ndcg_at_4": 0.3306143494740822,
        "ndcg_at_12": 0.35565053616181885,
        "ndcg_at_16": 0.3982953006144033,