{
  "test_metrics_ensemble": {
    "ndcg": 0.4007649361322988,
    "spearman": 0.4705228031145718,
    "mrr_top2": 0.3333333333333333,
    "mrr_top4": 0.3333333333333333,
    "ndcg10": 0.4007649361322988,
    "ndcg_at_4": 0.37698363165548254,
    "ndcg_at_12": 0.4006605266381212,
    "ndcg_at_16": 0.44330183855605054,
    "ndcg_at_20": 0.44682747548278323,
    "roc_auc_upset": 0.7647058823529411,
    "rank_mae_pred_vs_playoff_final_results": 7.0,
    "rank_rmse_pred_vs_playoff_final_results": 8.906926155090332,
    "rank_mae_eos_standings_vs_playoff_final_results": 3.1333333333333333,
    "rank_rmse_eos_standings_vs_playoff_final_results": 4.449719092257398,
    "playoff_metrics": {
      "spearman_pred_vs_playoff_final_results": 0.46785317018909905,
      "ndcg_at_4_final_four": 0.37698363165548254,
      "ndcg10_pred_vs_playoff_final_results": 0.4007534113366719,
      "brier_championship_odds": 0.03222232684493065,
      "rank_mae_pred_vs_playoff_final_results": 7.0,
      "rank_rmse_pred_vs_playoff_final_results": 8.906926155090332,
      "rank_mae_eos_standings_vs_playoff_final_results": 3.1333333333333333,
      "rank_rmse_eos_standings_vs_playoff_final_results": 4.449719092257398
    }
  },
  "test_metrics_model_a": {
    "ndcg": 0.35574311990261714,
    "spearman": 0.46562847608453833,
    "mrr_top2": 0.25,
    "mrr_top4": 0.25,
    "ndcg10": 0.35574311990261714,
    "ndcg_at_4": 0.3306143494740822,
    "ndcg_at_12": 0.35565053616181885,
    "ndcg_at_16": 0.3982953006144033,
    "ndcg_at_20": 0.40182113548984943,
    "roc_auc_upset": 0.7692307692307693
  },
  "test_metrics_model_b": {
    "ndcg": 0.4128836417605868,
    "spearman": 0.6516129032258065,
    "mrr_top2": 0.2,
    "mrr_top4": 0.2,
    "ndcg10": 0.4128836417605868,
    "ndcg_at_4": 0.03124999845336941,
    "ndcg_at_12": 0.41277653008451426,
    "ndcg_at_16": 0.41291425213702276,
    "ndcg_at_20": 0.43238858671033487,
    "roc_auc_upset": 0.75
  },
  "test_metrics_model_c": {
    "ndcg": 0.5139291054954204,
    "spearman": 0.6226918798665184,
    "mrr_top2": 0.3333333333333333,
    "mrr_top4": 0.3333333333333333,
    "ndcg10": 0.5139291054954204,
    "ndcg_at_4": 0.3643666855073834,
    "ndcg_at_12": 0.5139710655347041,
    "ndcg_at_16": 0.5139384262633034,
    "ndcg_at_20": 0.5139836554164472,
    "roc_auc_upset": 0.7410714285714286
  },
  "test_metrics_by_conference": {
    "E": {
      "ndcg": 0.27560733329778697,
      "spearman": 0.25357142857142856
    },
    "W": {
      "ndcg": 0.7510775020335729,
      "spearman": 0.6892857142857142
    }
  },
  "notes": {
    "eos_rank_source": "eos_final_rank"
  }
}