{
  "test_metrics_ensemble": {
    "ndcg": 0.5571773679615205,
    "spearman": 0.4091212458286986,
    "mrr_top2": 1.0,
    "mrr_top4": 1.0,
    "ndcg10": 0.5571773679615205,
    "ndcg_at_4": 0.35315119534797357,
    "ndcg_at_12": 0.6009227057979363,
    "ndcg_at_16": 0.6022107883586977,
    "ndcg_at_20": 0.6028144785696063,
    "roc_auc_upset": 0.7777777777777778,
    "rank_mae_pred_vs_playoff_final_results": 7.4666666984558105,
    "rank_rmse_pred_vs_playoff_final_results": 9.409214973449707,
    "rank_mae_eos_standings_vs_playoff_final_results": 3.7333333333333334,
    "rank_rmse_eos_standings_vs_playoff_final_results": 6.093712606722878,
    "playoff_metrics": {
      "spearman_pred_vs_playoff_final_results": 0.47230255839822033,
      "ndcg_at_4_final_four": 0.35315119534797357,
      "ndcg10_pred_vs_playoff_final_results": 0.5571826172608073,
      "brier_championship_odds": 0.03222232684493065,
      "rank_mae_pred_vs_playoff_final_results": 7.4666666984558105,
      "rank_rmse_pred_vs_playoff_final_results": 9.409214973449707,
      "rank_mae_eos_standings_vs_playoff_final_results": 3.7333333333333334,
      "rank_rmse_eos_standings_vs_playoff_final_results": 6.093712606722878
    }
  },
  "test_metrics_model_a": {
    "ndcg": 0.5477981157758763,
    "spearman": 0.39221357063403783,
    "mrr_top2": 1.0,
    "mrr_top4": 1.0,
    "ndcg10": 0.5477981157758763,
    "ndcg_at_4": 0.35315119534797357,
    "ndcg_at_12": 0.5929593861547074,
    "ndcg_at_16": 0.5942480795495692,
    "ndcg_at_20": 0.5948518047822333,
    "roc_auc_upset": 0.7822222222222223
  },
  "test_metrics_model_b": {
    "ndcg": 0.8127858954854074,
    "spearman": 0.4211345939933259,
    "mrr_top2": 1.0,
    "mrr_top4": 1.0,
    "ndcg10": 0.8127858954854074,
    "ndcg_at_4": 0.729074614628521,
    "ndcg_at_12": 0.8125951916700279,
    "ndcg_at_16": 0.8126188539593376,
    "ndcg_at_20": 0.8549659808173043,
    "roc_auc_upset": 0.8622222222222222
  },
  "test_metrics_model_c": {
    "ndcg": 0.333487026575135,
    "spearman": 0.23159065628476083,
    "mrr_top2": 0.16666666666666666,
    "mrr_top4": 0.16666666666666666,
    "ndcg10": 0.333487026575135,
    "ndcg_at_4": 0.0011069724610271625,
    "ndcg_at_12": 0.33890731926775686,
    "ndcg_at_16": 0.35966393831396193,
    "ndcg_at_20": 0.3699999322309346,
    "roc_auc_upset": 0.7633928571428571
  },
  "test_metrics_by_conference": {
    "E": {
      "ndcg": 0.4082984176139838,
      "spearman": 0.28928571428571426
    },
    "W": {
      "ndcg": 0.9078155732991615,
      "spearman": 0.5035714285714286
    }
  },
  "notes": {
    "eos_rank_source": "eos_final_rank"
  }
}