{
  "test_metrics_ensemble": {
    "ndcg": 0.48265875180376583,
    "spearman": 0.5061179087875418,
    "mrr_top2": 0.5,
    "mrr_top4": 0.5,
    "ndcg10": 0.48265875180376583,
    "ndcg_at_4": 0.4643944167678145,
    "ndcg_at_12": 0.48255409286914497,
    "ndcg_at_16": 0.5264104781192104,
    "ndcg_at_20": 0.5293340975449466,
    "roc_auc_upset": 0.7633928571428572,
    "rank_mae_pred_vs_playoff_final_results": 6.933333396911621,
    "rank_rmse_pred_vs_playoff_final_results": 8.602325439453125,
    "rank_mae_eos_standings_vs_playoff_final_results": 3.1333333333333333,
    "rank_rmse_eos_standings_vs_playoff_final_results": 4.449719092257398,
    "playoff_metrics": {
      "spearman_pred_vs_playoff_final_results": 0.5016685205784205,
      "ndcg_at_4_final_four": 0.4643812234227066,
      "ndcg10_pred_vs_playoff_final_results": 0.4826459235236339,
      "brier_championship_odds": 0.03222232684493065,
      "rank_mae_pred_vs_playoff_final_results": 6.933333396911621,
      "rank_rmse_pred_vs_playoff_final_results": 8.602325439453125,
      "rank_mae_eos_standings_vs_playoff_final_results": 3.1333333333333333,
      "rank_rmse_eos_standings_vs_playoff_final_results": 4.449719092257398
    }
  },
  "test_metrics_model_a": {
    "ndcg": 0.4826636132274122,
    "spearman": 0.4967741935483871,
    "mrr_top2": 0.5,
    "mrr_top4": 0.5,
    "ndcg10": 0.4826636132274122,
    "ndcg_at_4": 0.4643944167678145,
    "ndcg_at_12": 0.4825589530158549,
    "ndcg_at_16": 0.5251738465137,
    "ndcg_at_20": 0.5293144063497534,
    "roc_auc_upset": 0.7678571428571429
  },
  "test_metrics_model_b": {
    "ndcg": 0.16744612903542058,
    "spearman": 0.5915461624026696,
    "mrr_top2": 0.2,
    "mrr_top4": 0.2,
    "ndcg10": 0.16744612903542058,
    "ndcg_at_4": 0.04166423104576856,
    "ndcg_at_12": 0.21270195081541188,
    "ndcg_at_16": 0.38340816652918575,
    "ndcg_at_20": 0.40287773686321016,
    "roc_auc_upset": 0.7901785714285715
  },
  "test_metrics_model_c": {
    "ndcg": 0.05124995751403931,
    "spearman": 0.30189098998887653,
    "mrr_top2": 0.0625,
    "mrr_top4": 0.2,
    "ndcg10": 0.05124995751403931,
    "ndcg_at_4": 0.00711064040423231,
    "ndcg_at_12": 0.056899138174850025,
    "ndcg_at_16": 0.1769467286075223,
    "ndcg_at_20": 0.17934445367388585,
    "roc_auc_upset": 0.8258928571428571
  },
  "test_metrics_by_conference": {
    "E": {
      "ndcg": 0.25942941939947506,
      "spearman": 0.2785714285714285
    },
    "W": {
      "ndcg": 0.7627716777039057,
      "spearman": 0.7285714285714285
    }
  },
  "notes": {
    "eos_rank_source": "eos_final_rank"
  }
}