{
  "test_metrics_ensemble": {
    "ndcg": 0.48384055649818963,
    "spearman": 0.48209121245828696,
    "mrr_top2": 0.5,
    "mrr_top4": 0.5,
    "ndcg10": 0.48384055649818963,
    "ndcg_at_4": 0.4643944167678145,
    "ndcg_at_12": 0.5276217467908489,
    "ndcg_at_16": 0.5275833488277343,
    "ndcg_at_20": 0.5311917325774403,
    "roc_auc_upset": 0.7276785714285715,
    "rank_mae_pred_vs_playoff_final_results": 6.866666793823242,
    "rank_rmse_pred_vs_playoff_final_results": 8.809085845947266,
    "rank_mae_eos_standings_vs_playoff_final_results": 3.1333333333333333,
    "rank_rmse_eos_standings_vs_playoff_final_results": 4.449719092257398,
    "playoff_metrics": {
      "spearman_pred_vs_playoff_final_results": 0.49543937708565067,
      "ndcg_at_4_final_four": 0.4643812234227066,
      "ndcg10_pred_vs_playoff_final_results": 0.48382772585120065,
      "brier_championship_odds": 0.03222232684493065,
      "rank_mae_pred_vs_playoff_final_results": 6.866666793823242,
      "rank_rmse_pred_vs_playoff_final_results": 8.809085845947266,
      "rank_mae_eos_standings_vs_playoff_final_results": 3.1333333333333333,
      "rank_rmse_eos_standings_vs_playoff_final_results": 4.449719092257398
    }
  },
  "test_metrics_model_a": {
    "ndcg": 0.48384055649818963,
    "spearman": 0.47497219132369295,
    "mrr_top2": 0.5,
    "mrr_top4": 0.5,
    "ndcg10": 0.48384055649818963,
    "ndcg_at_4": 0.4643944167678145,
    "ndcg_at_12": 0.4837362558264395,
    "ndcg_at_16": 0.5263510848531132,
    "ndcg_at_20": 0.5299594740225889,
    "roc_auc_upset": 0.7321428571428571
  },
  "test_metrics_model_b": {
    "ndcg": 0.2143905751708314,
    "spearman": 0.6133481646273637,
    "mrr_top2": 0.2,
    "mrr_top4": 0.2,
    "ndcg10": 0.2143905751708314,
    "ndcg_at_4": 0.04166423104576856,
    "ndcg_at_12": 0.21446421471683566,
    "ndcg_at_16": 0.3967076803374046,
    "ndcg_at_20": 0.3967068063497886,
    "roc_auc_upset": 0.7546296296296297
  },
  "test_metrics_model_c": {
    "ndcg": 0.05124995751403931,
    "spearman": 0.30233592880978866,
    "mrr_top2": 0.06666666666666667,
    "mrr_top4": 0.2,
    "ndcg10": 0.05124995751403931,
    "ndcg_at_4": 0.00711064040423231,
    "ndcg_at_12": 0.056899138174850025,
    "ndcg_at_16": 0.17781540372208415,
    "ndcg_at_20": 0.18021312496782235,
    "roc_auc_upset": 0.8258928571428571
  },
  "test_metrics_by_conference": {
    "E": {
      "ndcg": 0.2581376539322988,
      "spearman": 0.2607142857142857
    },
    "W": {
      "ndcg": 0.752538834009314,
      "spearman": 0.6749999999999999
    }
  },
  "notes": {
    "eos_rank_source": "eos_final_rank"
  }
}