{
  "test_metrics_ensemble": {
    "ndcg": 0.6080268784309694,
    "spearman": 0.43492769744160176,
    "mrr_top2": 1.0,
    "mrr_top4": 1.0,
    "ndcg10": 0.6080268784309694,
    "ndcg_at_4": 0.3560053866302678,
    "ndcg_at_12": 0.6078725272672955,
    "ndcg_at_16": 0.6097468235484101,
    "ndcg_at_20": 0.6097535680548102,
    "roc_auc_upset": 0.7737556561085973,
    "rank_mae_pred_vs_playoff_final_results": 7.400000095367432,
    "rank_rmse_pred_vs_playoff_final_results": 9.201449394226074,
    "rank_mae_eos_standings_vs_playoff_final_results": 3.7333333333333334,
    "rank_rmse_eos_standings_vs_playoff_final_results": 6.093712606722878,
    "playoff_metrics": {
      "spearman_pred_vs_playoff_final_results": 0.47141268075639603,
      "ndcg_at_4_final_four": 0.3560053866302678,
      "ndcg10_pred_vs_playoff_final_results": 0.6080261592766432,
      "brier_championship_odds": 0.03222232684493065,
      "rank_mae_pred_vs_playoff_final_results": 7.400000095367432,
      "rank_rmse_pred_vs_playoff_final_results": 9.201449394226074,
      "rank_mae_eos_standings_vs_playoff_final_results": 3.7333333333333334,
      "rank_rmse_eos_standings_vs_playoff_final_results": 6.093712606722878
    }
  },
  "test_metrics_model_a": {
    "ndcg": 0.5986499160668839,
    "spearman": 0.4269187986651835,
    "mrr_top2": 1.0,
    "mrr_top4": 1.0,
    "ndcg10": 0.5986499160668839,
    "ndcg_at_4": 0.3560053866302678,
    "ndcg_at_12": 0.5984980279234443,
    "ndcg_at_16": 0.6003730432845571,
    "ndcg_at_20": 0.6003798116655941,
    "roc_auc_upset": 0.7782805429864253
  },
  "test_metrics_model_b": {
    "ndcg": 0.8167991514146085,
    "spearman": 0.41579532814238046,
    "mrr_top2": 1.0,
    "mrr_top4": 1.0,
    "ndcg10": 0.8167991514146085,
    "ndcg_at_4": 0.7116242168324007,
    "ndcg_at_12": 0.8165852960052584,
    "ndcg_at_16": 0.8215706767277651,
    "ndcg_at_20": 0.8215716605623847,
    "roc_auc_upset": 0.7828054298642534
  },
  "test_metrics_model_c": {
    "ndcg": 0.333487026575135,
    "spearman": 0.23159065628476083,
    "mrr_top2": 0.16666666666666666,
    "mrr_top4": 0.16666666666666666,
    "ndcg10": 0.333487026575135,
    "ndcg_at_4": 0.0011069724610271625,
    "ndcg_at_12": 0.33890731926775686,
    "ndcg_at_16": 0.35966393831396193,
    "ndcg_at_20": 0.3699999322309346,
    "roc_auc_upset": 0.7633928571428571
  },
  "test_metrics_by_conference": {
    "E": {
      "ndcg": 0.3851402749883562,
      "spearman": 0.25357142857142856
    },
    "W": {
      "ndcg": 0.9323505455904225,
      "spearman": 0.5928571428571427
    }
  },
  "notes": {
    "eos_rank_source": "eos_final_rank"
  }
}