{
  "test_metrics_ensemble": {
    "ndcg": 0.5695452629711343,
    "spearman": 0.4024471635150167,
    "mrr_top2": 1.0,
    "mrr_top4": 1.0,
    "ndcg10": 0.5695452629711343,
    "ndcg_at_4": 0.35315119534797357,
    "ndcg_at_12": 0.6160669064100499,
    "ndcg_at_16": 0.6160259546969244,
    "ndcg_at_20": 0.616629592823681,
    "roc_auc_upset": 0.7782805429864253,
    "rank_mae_pred_vs_playoff_final_results": 7.4666666984558105,
    "rank_rmse_pred_vs_playoff_final_results": 9.46220588684082,
    "rank_mae_eos_standings_vs_playoff_final_results": 3.7333333333333334,
    "rank_rmse_eos_standings_vs_playoff_final_results": 6.093712606722878,
    "playoff_metrics": {
      "spearman_pred_vs_playoff_final_results": 0.42602892102335926,
      "ndcg_at_4_final_four": 0.35315119534797357,
      "ndcg10_pred_vs_playoff_final_results": 0.5695505122704211,
      "brier_championship_odds": 0.03222232684493065,
      "rank_mae_pred_vs_playoff_final_results": 7.4666666984558105,
      "rank_rmse_pred_vs_playoff_final_results": 9.46220588684082,
      "rank_mae_eos_standings_vs_playoff_final_results": 3.7333333333333334,
      "rank_rmse_eos_standings_vs_playoff_final_results": 6.093712606722878
    }
  },
  "test_metrics_model_a": {
    "ndcg": 0.5695452629711343,
    "spearman": 0.4024471635150167,
    "mrr_top2": 1.0,
    "mrr_top4": 1.0,
    "ndcg10": 0.5695452629711343,
    "ndcg_at_4": 0.35315119534797357,
    "ndcg_at_12": 0.6160669064100499,
    "ndcg_at_16": 0.6160259546969244,
    "ndcg_at_20": 0.616629592823681,
    "roc_auc_upset": 0.7782805429864253
  },
  "test_metrics_model_b": {
    "ndcg": 0.5696612037929285,
    "spearman": 0.4638487208008899,
    "mrr_top2": 0.5,
    "mrr_top4": 0.5,
    "ndcg10": 0.5696612037929285,
    "ndcg_at_4": 0.44093212795935904,
    "ndcg_at_12": 0.5695142514340411,
    "ndcg_at_16": 0.6111345897252493,
    "ndcg_at_20": 0.6158332665849863,
    "roc_auc_upset": 0.7647058823529411
  },
  "test_metrics_model_c": {
    "ndcg": 0.333487026575135,
    "spearman": 0.2422691879866518,
    "mrr_top2": 0.16666666666666666,
    "mrr_top4": 0.16666666666666666,
    "ndcg10": 0.333487026575135,
    "ndcg_at_4": 0.0011069724610271625,
    "ndcg_at_12": 0.33890731926775686,
    "ndcg_at_16": 0.35966393831396193,
    "ndcg_at_20": 0.37117378097667086,
    "roc_auc_upset": 0.7777777777777778
  },
  "test_metrics_by_conference": {
    "E": {
      "ndcg": 0.4082558957314894,
      "spearman": 0.2642857142857143
    },
    "W": {
      "ndcg": 0.9185025938279896,
      "spearman": 0.4964285714285714
    }
  },
  "notes": {
    "eos_rank_source": "eos_final_rank"
  }
}