{
  "notes": {
    "eval_on": "test",
    "eos_rank_source": "eos_final_rank",
    "upset_definition": "sleeper = EOS_global_rank > predicted_strength",
    "mrr_top2": "1/rank of first team in top 2 (champion+runner-up) in predicted order.",
    "mrr_top4": "1/rank of first team in top 4 (conference finals) in predicted order.",
    "per_conference_relevance": "Within E/W: actual rank derived from EOS_global_rank (1=best in conf); NDCG/Spearman use this relevance.",
    "playoff_metrics": "Spearman (pred global vs playoff_final_results), NDCG@4 (final four), Brier (champion vs odds). rank_mae/rank_rmse: pred vs playoff_final_results; eos_standings vs playoff_final_results (baseline)."
  },
  "split_info": {
    "train_frac": 0.75,
    "n_train_dates": 141,
    "n_test_dates": 36,
    "split_mode": "seasons"
  },
  "test_metrics_ensemble": {
    "ndcg": 0.48431537919279083,
    "spearman": 0.5092324805339266,
    "mrr_top2": 0.5,
    "mrr_top4": 0.5,
    "ndcg10": 0.48431537919279083,
    "ndcg_at_4": 0.4645175546554888,
    "ndcg_at_12": 0.5280750169412447,
    "ndcg_at_16": 0.5292982244039635,
    "ndcg_at_20": 0.5316895922110343,
    "roc_auc_upset": 0.75,
    "rank_mae_pred_vs_playoff_final_results": 6.733333110809326,
    "rank_rmse_pred_vs_playoff_final_results": 8.57515811920166,
    "rank_mae_eos_standings_vs_playoff_final_results": 3.1333333333333333,
    "rank_rmse_eos_standings_vs_playoff_final_results": 4.449719092257398,
    "playoff_metrics": {
      "spearman_pred_vs_playoff_final_results": 0.5199110122358176,
      "ndcg_at_4_final_four": 0.4645175546554888,
      "ndcg10_pred_vs_playoff_final_results": 0.48430544710780443,
      "brier_championship_odds": 0.03222232684493065,
      "rank_mae_pred_vs_playoff_final_results": 6.733333110809326,
      "rank_rmse_pred_vs_playoff_final_results": 8.57515811920166,
      "rank_mae_eos_standings_vs_playoff_final_results": 3.1333333333333333,
      "rank_rmse_eos_standings_vs_playoff_final_results": 4.449719092257398
    }
  },
  "test_metrics_model_a": {
    "ndcg": 0.4839492526363928,
    "spearman": 0.5052280311457175,
    "mrr_top2": 0.5,
    "mrr_top4": 0.5,
    "ndcg10": 0.4839492526363928,
    "ndcg_at_4": 0.4645175546554888,
    "ndcg_at_12": 0.5280622000380452,
    "ndcg_at_16": 0.5292854084838967,
    "ndcg_at_20": 0.5316767763473348,
    "roc_auc_upset": 0.7544642857142857
  },
  "test_metrics_model_b": {
    "ndcg": 0.16619710541230373,
    "spearman": 0.5733036707452726,
    "mrr_top2": 0.2,
    "mrr_top4": 0.2,
    "ndcg10": 0.16619710541230373,
    "ndcg_at_4": 0.04029517653159447,
    "ndcg_at_12": 0.16616451269334617,
    "ndcg_at_16": 0.22908117952134538,
    "ndcg_at_20": 0.3769659163854513,
    "roc_auc_upset": 0.7963800904977375
  },
  "test_metrics_model_c": {
    "ndcg": 0.05124270050332162,
    "spearman": 0.29521690767519465,
    "mrr_top2": 0.06666666666666667,
    "mrr_top4": 0.2,
    "ndcg10": 0.05124270050332162,
    "ndcg_at_4": 0.00711064040423231,
    "ndcg_at_12": 0.05689188307031086,
    "ndcg_at_16": 0.17780814917405477,
    "ndcg_at_20": 0.18020587045170006,
    "roc_auc_upset": 0.8258928571428571
  },
  "test_metrics_by_conference": {
    "E": {
      "ndcg": 0.2805032536048559,
      "spearman": 0.3214285714285714
    },
    "W": {
      "ndcg": 0.7524991469189859,
      "spearman": 0.6642857142857141
    }
  },
  "by_season": {
    "2023-24": {
      "test_metrics_ensemble": {
        "ndcg": 0.5695452629711343,
        "spearman": 0.4024471635150167,
        "mrr_top2": 1.0,
        "mrr_top4": 1.0,
        "ndcg10": 0.5695452629711343,
        "ndcg_at_4": 0.35315119534797357,
        "ndcg_at_12": 0.6160669064100499,
        "ndcg_at_16": 0.6160259546969244,
        "ndcg_at_20": 0.616629592823681,
        "roc_auc_upset": 0.7782805429864253,
        "rank_mae_pred_vs_playoff_final_results": 7.4666666984558105,
        "rank_rmse_pred_vs_playoff_final_results": 9.46220588684082,
        "rank_mae_eos_standings_vs_playoff_final_results": 3.7333333333333334,
        "rank_rmse_eos_standings_vs_playoff_final_results": 6.093712606722878,
        "playoff_metrics": {
          "spearman_pred_vs_playoff_final_results": 0.42602892102335926,
          "ndcg_at_4_final_four": 0.35315119534797357,
          "ndcg10_pred_vs_playoff_final_results": 0.5695505122704211,
          "brier_championship_odds": 0.03222232684493065,
          "rank_mae_pred_vs_playoff_final_results": 7.4666666984558105,
          "rank_rmse_pred_vs_playoff_final_results": 9.46220588684082,
          "rank_mae_eos_standings_vs_playoff_final_results": 3.7333333333333334,
          "rank_rmse_eos_standings_vs_playoff_final_results": 6.093712606722878
        }
      },
      "test_metrics_model_a": {
        "ndcg": 0.5695452629711343,
        "spearman": 0.4024471635150167,
        "mrr_top2": 1.0,
        "mrr_top4": 1.0,
        "ndcg10": 0.5695452629711343,
        "ndcg_at_4": 0.35315119534797357,
        "ndcg_at_12": 0.6160669064100499,
        "ndcg_at_16": 0.6160259546969244,
        "ndcg_at_20": 0.616629592823681,
        "roc_auc_upset": 0.7782805429864253
      },
      "test_metrics_model_b": {
        "ndcg": 0.5696612037929285,
        "spearman": 0.4638487208008899,
        "mrr_top2": 0.5,
        "mrr_top4": 0.5,
        "ndcg10": 0.5696612037929285,
        "ndcg_at_4": 0.44093212795935904,
        "ndcg_at_12": 0.5695142514340411,
        "ndcg_at_16": 0.6111345897252493,
        "ndcg_at_20": 0.6158332665849863,
        "roc_auc_upset": 0.7647058823529411
      },
      "test_metrics_model_c": {
        "ndcg": 0.333487026575135,
        "spearman": 0.2422691879866518,
        "mrr_top2": 0.16666666666666666,
        "mrr_top4": 0.16666666666666666,
        "ndcg10": 0.333487026575135,
        "ndcg_at_4": 0.0011069724610271625,
        "ndcg_at_12": 0.33890731926775686,
        "ndcg_at_16": 0.35966393831396193,
        "ndcg_at_20": 0.37117378097667086,
        "roc_auc_upset": 0.7777777777777778
      },
      "test_metrics_by_conference": {
        "E": {
          "ndcg": 0.4082558957314894,
          "spearman": 0.2642857142857143
        },
        "W": {
          "ndcg": 0.9185025938279896,
          "spearman": 0.4964285714285714
        }
      },
      "notes": {
        "eos_rank_source": "eos_final_rank"
      }
    },
    "2024-25": {
      "test_metrics_ensemble": {
        "ndcg": 0.48431537919279083,
        "spearman": 0.5092324805339266,
        "mrr_top2": 0.5,
        "mrr_top4": 0.5,
        "ndcg10": 0.48431537919279083,
        "ndcg_at_4": 0.4645175546554888,
        "ndcg_at_12": 0.5280750169412447,
        "ndcg_at_16": 0.5292982244039635,
        "ndcg_at_20": 0.5316895922110343,
        "roc_auc_upset": 0.75,
        "rank_mae_pred_vs_playoff_final_results": 6.733333110809326,
        "rank_rmse_pred_vs_playoff_final_results": 8.57515811920166,
        "rank_mae_eos_standings_vs_playoff_final_results": 3.1333333333333333,
        "rank_rmse_eos_standings_vs_playoff_final_results": 4.449719092257398,
        "playoff_metrics": {
          "spearman_pred_vs_playoff_final_results": 0.5199110122358176,
          "ndcg_at_4_final_four": 0.4645175546554888,
          "ndcg10_pred_vs_playoff_final_results": 0.48430544710780443,
          "brier_championship_odds": 0.03222232684493065,
          "rank_mae_pred_vs_playoff_final_results": 6.733333110809326,
          "rank_rmse_pred_vs_playoff_final_results": 8.57515811920166,
          "rank_mae_eos_standings_vs_playoff_final_results": 3.1333333333333333,
          "rank_rmse_eos_standings_vs_playoff_final_results": 4.449719092257398
        }
      },
      "test_metrics_model_a": {
        "ndcg": 0.4839492526363928,
        "spearman": 0.5052280311457175,
        "mrr_top2": 0.5,
        "mrr_top4": 0.5,
        "ndcg10": 0.4839492526363928,
        "ndcg_at_4": 0.4645175546554888,
        "ndcg_at_12": 0.5280622000380452,
        "ndcg_at_16": 0.5292854084838967,