{
  "notes": {
    "eval_on": "test",
    "eos_rank_source": "eos_final_rank",
    "upset_definition": "sleeper = EOS_global_rank > predicted_strength",
    "mrr_top2": "1/rank of first team in top 2 (champion+runner-up) in predicted order.",
    "mrr_top4": "1/rank of first team in top 4 (conference finals) in predicted order.",
    "per_conference_relevance": "Within E/W: actual rank derived from EOS_global_rank (1=best in conf); NDCG/Spearman use this relevance.",
    "playoff_metrics": "Spearman (pred global vs playoff_final_results), NDCG@4 (final four), Brier (champion vs odds). rank_mae/rank_rmse: pred vs playoff_final_results; eos_standings vs playoff_final_results (baseline)."
  },
  "split_info": {
    "train_frac": 0.75,
    "n_train_dates": 141,
    "n_test_dates": 36,
    "split_mode": "seasons"
  },
  "test_metrics_ensemble": {
    "ndcg": 0.4827357594592726,
    "spearman": 0.4411568409343715,
    "mrr_top2": 0.5,
    "mrr_top4": 0.5,
    "ndcg10": 0.4827357594592726,
    "ndcg_at_4": 0.46421121466877174,
    "ndcg_at_12": 0.5268490256057523,
    "ndcg_at_16": 0.526830861564873,
    "ndcg_at_20": 0.528027733108082,
    "roc_auc_upset": 0.78125,
    "rank_mae_pred_vs_playoff_final_results": 7.199999809265137,
    "rank_rmse_pred_vs_playoff_final_results": 9.150591850280762,
    "rank_mae_eos_standings_vs_playoff_final_results": 3.1333333333333333,
    "rank_rmse_eos_standings_vs_playoff_final_results": 4.449719092257398,
    "playoff_metrics": {
      "spearman_pred_vs_playoff_final_results": 0.4331479421579533,
      "ndcg_at_4_final_four": 0.46419589766943586,
      "ndcg10_pred_vs_playoff_final_results": 0.48272032772223405,
      "brier_championship_odds": 0.03222232684493065,
      "rank_mae_pred_vs_playoff_final_results": 7.199999809265137,
      "rank_rmse_pred_vs_playoff_final_results": 9.150591850280762,
      "rank_mae_eos_standings_vs_playoff_final_results": 3.1333333333333333,
      "rank_rmse_eos_standings_vs_playoff_final_results": 4.449719092257398
    }
  },
  "test_metrics_model_a": {
    "ndcg": 0.4827357594592726,
    "spearman": 0.4411568409343715,
    "mrr_top2": 0.5,
    "mrr_top4": 0.5,
    "ndcg10": 0.4827357594592726,
    "ndcg_at_4": 0.46421121466877174,
    "ndcg_at_12": 0.5268490256057523,
    "ndcg_at_16": 0.526830861564873,
    "ndcg_at_20": 0.528027733108082,
    "roc_auc_upset": 0.78125
  },
  "test_metrics_model_b": {
    "ndcg": 0.16620089415262296,
    "spearman": 0.5635150166852058,
    "mrr_top2": 0.2,
    "mrr_top4": 0.2,
    "ndcg10": 0.16620089415262296,
    "ndcg_at_4": 0.04029517653159447,
    "ndcg_at_12": 0.21149989797785146,
    "ndcg_at_16": 0.23227604268451688,
    "ndcg_at_20": 0.38256496467809725,
    "roc_auc_upset": 0.8194444444444444
  },
  "test_metrics_model_c": {
    "ndcg": 0.05124995751403931,
    "spearman": 0.307230255839822,
    "mrr_top2": 0.0625,
    "mrr_top4": 0.2,
    "ndcg10": 0.05124995751403931,
    "ndcg_at_4": 0.00711064040423231,
    "ndcg_at_12": 0.056899138174850025,
    "ndcg_at_16": 0.1769467286075223,
    "ndcg_at_20": 0.17934460063934335,
    "roc_auc_upset": 0.8214285714285714
  },
  "test_metrics_by_conference": {
    "E": {
      "ndcg": 0.23974617234953713,
      "spearman": 0.16785714285714282
    },
    "W": {
      "ndcg": 0.7519554106097529,
      "spearman": 0.7035714285714285
    }
  },
  "by_season": {
    "2023-24": {
      "test_metrics_ensemble": {
        "ndcg": 0.5489284879624879,
        "spearman": 0.38598442714126807,
        "mrr_top2": 1.0,
        "mrr_top4": 1.0,
        "ndcg10": 0.5489284879624879,
        "ndcg_at_4": 0.35315119534797357,
        "ndcg_at_12": 0.5926704634229492,
        "ndcg_at_16": 0.593894964712997,
        "ndcg_at_20": 0.5944897209784861,
        "roc_auc_upset": 0.7685185185185186,
        "rank_mae_pred_vs_playoff_final_results": 7.733333110809326,
        "rank_rmse_pred_vs_playoff_final_results": 9.591663360595703,
        "rank_mae_eos_standings_vs_playoff_final_results": 3.7333333333333334,
        "rank_rmse_eos_standings_vs_playoff_final_results": 6.093712606722878,
        "playoff_metrics": {
          "spearman_pred_vs_playoff_final_results": 0.42469410456062295,
          "ndcg_at_4_final_four": 0.35315119534797357,
          "ndcg10_pred_vs_playoff_final_results": 0.5489234698662081,
          "brier_championship_odds": 0.03222232684493065,
          "rank_mae_pred_vs_playoff_final_results": 7.733333110809326,
          "rank_rmse_pred_vs_playoff_final_results": 9.591663360595703,
          "rank_mae_eos_standings_vs_playoff_final_results": 3.7333333333333334,
          "rank_rmse_eos_standings_vs_playoff_final_results": 6.093712606722878
        }
      },
      "test_metrics_model_a": {
        "ndcg": 0.5411542004295726,
        "spearman": 0.3793103448275862,
        "mrr_top2": 1.0,
        "mrr_top4": 1.0,
        "ndcg10": 0.5411542004295726,
        "ndcg_at_4": 0.35315119534797357,
        "ndcg_at_12": 0.5848982179401944,
        "ndcg_at_16": 0.5861233154078151,
        "ndcg_at_20": 0.5867181058547376,
        "roc_auc_upset": 0.7731481481481481
      },
      "test_metrics_model_b": {
        "ndcg": 0.5639460618676359,
        "spearman": 0.4442714126807564,
        "mrr_top2": 0.5,
        "mrr_top4": 0.5,
        "ndcg10": 0.5639460618676359,
        "ndcg_at_4": 0.44093212795935904,
        "ndcg_at_12": 0.5638013012340501,
        "ndcg_at_16": 0.568824294260694,
        "ndcg_at_20": 0.6063988006011749,
        "roc_auc_upset": 0.7733333333333333
      },
      "test_metrics_model_c": {
        "ndcg": 0.333487026575135,
        "spearman": 0.23159065628476083,
        "mrr_top2": 0.16666666666666666,
        "mrr_top4": 0.16666666666666666,
        "ndcg10": 0.333487026575135,
        "ndcg_at_4": 0.0011069724610271625,
        "ndcg_at_12": 0.33890731926775686,
        "ndcg_at_16": 0.35966393831396193,
        "ndcg_at_20": 0.3699999322309346,
        "roc_auc_upset": 0.7633928571428571
      },
      "test_metrics_by_conference": {
        "E": {
          "ndcg": 0.38320669373549215,
          "spearman": 0.23571428571428568
        },
        "W": {
          "ndcg": 0.9121873795109439,
          "spearman": 0.47142857142857136
        }
      },
      "notes": {
        "eos_rank_source": "eos_final_rank"
      }
    },
    "2024-25": {
      "test_metrics_ensemble": {
        "ndcg": 0.4827357594592726,
        "spearman": 0.4411568409343715,
        "mrr_top2": 0.5,
        "mrr_top4": 0.5,
        "ndcg10": 0.4827357594592726,
        "ndcg_at_4": 0.46421121466877174,
        "ndcg_at_12": 0.5268490256057523,
        "ndcg_at_16": 0.526830861564873,
        "ndcg_at_20": 0.528027733108082,
        "roc_auc_upset": 0.78125,
        "rank_mae_pred_vs_playoff_final_results": 7.199999809265137,
        "rank_rmse_pred_vs_playoff_final_results": 9.150591850280762,
        "rank_mae_eos_standings_vs_playoff_final_results": 3.1333333333333333,
        "rank_rmse_eos_standings_vs_playoff_final_results": 4.449719092257398,
        "playoff_metrics": {
          "spearman_pred_vs_playoff_final_results": 0.4331479421579533,
          "ndcg_at_4_final_four": 0.46419589766943586,
          "ndcg10_pred_vs_playoff_final_results": 0.48272032772223405,
          "brier_championship_odds": 0.03222232684493065,
          "rank_mae_pred_vs_playoff_final_results": 7.199999809265137,
          "rank_rmse_pred_vs_playoff_final_results": 9.150591850280762,
          "rank_mae_eos_standings_vs_playoff_final_results": 3.1333333333333333,
          "rank_rmse_eos_standings_vs_playoff_final_results": 4.449719092257398
        }
      },
      "test_metrics_model_a": {
        "ndcg": 0.4827357594592726,
        "spearman": 0.4411568409343715,
        "mrr_top2": 0.5,
        "mrr_top4": 0.5,
        "ndcg10": 0.4827357594592726,
        "ndcg_at_4": 0.46421121466877174,
        "ndcg_at_12": 0.5268490256057523,
        "ndcg_at_16": 0.526830861564873,
        "ndcg_at_20": 0.528027733108082,