{
  "test_metrics_ensemble": {
    "ndcg": 0.5899977298749853,
    "spearman": 0.3530589543937709,
    "mrr_top2": 1.0,
    "mrr_top4": 1.0,
    "ndcg10": 0.5899977298749853,
    "ndcg_at_4": 0.35315119534797357,
    "ndcg_at_12": 0.5898883338918308,
    "ndcg_at_16": 0.5911471875447177,
    "ndcg_at_20": 0.5911446990752157,
    "roc_auc_upset": 0.7824074074074074,
    "rank_mae_pred_vs_playoff_final_results": 7.933333396911621,
    "rank_rmse_pred_vs_playoff_final_results": 9.84547233581543,
    "rank_mae_eos_standings_vs_playoff_final_results": 3.7333333333333334,
    "rank_rmse_eos_standings_vs_playoff_final_results": 6.093712606722878,
    "playoff_metrics": {
      "spearman_pred_vs_playoff_final_results": 0.4175750834260289,
      "ndcg_at_4_final_four": 0.35315119534797357,
      "ndcg10_pred_vs_playoff_final_results": 0.5900032653713939,
      "brier_championship_odds": 0.03222232684493065,
      "rank_mae_pred_vs_playoff_final_results": 7.933333396911621,
      "rank_rmse_pred_vs_playoff_final_results": 9.84547233581543,
      "rank_mae_eos_standings_vs_playoff_final_results": 3.7333333333333334,
      "rank_rmse_eos_standings_vs_playoff_final_results": 6.093712606722878
    }
  },
  "test_metrics_model_a": {
    "ndcg": 0.5899977298749853,
    "spearman": 0.3521690767519466,
    "mrr_top2": 1.0,
    "mrr_top4": 1.0,
    "ndcg10": 0.5899977298749853,
    "ndcg_at_4": 0.35315119534797357,
    "ndcg_at_12": 0.5898883338918308,
    "ndcg_at_16": 0.5911471875447177,
    "ndcg_at_20": 0.5911446990752157,
    "roc_auc_upset": 0.7824074074074074
  },
  "test_metrics_model_b": {
    "ndcg": 0.803739629940469,
    "spearman": 0.432258064516129,
    "mrr_top2": 1.0,
    "mrr_top4": 1.0,
    "ndcg10": 0.803739629940469,
    "ndcg_at_4": 0.6879025204137522,
    "ndcg_at_12": 0.8036363477899058,
    "ndcg_at_16": 0.8085439891891489,
    "ndcg_at_20": 0.8455109419271082,
    "roc_auc_upset": 0.7544642857142857
  },
  "test_metrics_model_c": {
    "ndcg": 0.333487026575135,
    "spearman": 0.23159065628476083,
    "mrr_top2": 0.16666666666666666,
    "mrr_top4": 0.16666666666666666,
    "ndcg10": 0.333487026575135,
    "ndcg_at_4": 0.0011069724610271625,
    "ndcg_at_12": 0.33890731926775686,
    "ndcg_at_16": 0.35966393831396193,
    "ndcg_at_20": 0.3699999322309346,
    "roc_auc_upset": 0.7633928571428571
  },
  "test_metrics_by_conference": {
    "E": {
      "ndcg": 0.37300695637456927,
      "spearman": 0.2071428571428571
    },
    "W": {
      "ndcg": 0.9277983934610092,
      "spearman": 0.44999999999999996
    }
  },
  "notes": {
    "eos_rank_source": "eos_final_rank"
  }
}