{
  "notes": {
    "eval_on": "test",
    "eos_rank_source": "eos_final_rank",
    "upset_definition": "sleeper = EOS_global_rank > predicted_strength",
    "mrr_top2": "1/rank of first team in top 2 (champion+runner-up) in predicted order.",
    "mrr_top4": "1/rank of first team in top 4 (conference finals) in predicted order.",
    "per_conference_relevance": "Within E/W: actual rank derived from EOS_global_rank (1=best in conf); NDCG/Spearman use this relevance.",
    "playoff_metrics": "Spearman (pred global vs playoff_final_results), NDCG@4 (final four), Brier (champion vs odds). rank_mae/rank_rmse: pred vs playoff_final_results; eos_standings vs playoff_final_results (baseline)."
  },
  "split_info": {
    "train_frac": 0.75,
    "n_train_dates": 141,
    "n_test_dates": 36,
    "split_mode": "seasons"
  },
  "test_metrics_ensemble": {
    "ndcg": 0.535833193437327,
    "spearman": 0.5038932146829811,
    "mrr_top2": 0.5,
    "mrr_top4": 0.5,
    "ndcg10": 0.535833193437327,
    "ndcg_at_4": 0.4643944167678145,
    "ndcg_at_12": 0.5360470216663001,
    "ndcg_at_16": 0.5360275998254581,
    "ndcg_at_20": 0.5396359464354796,
    "roc_auc_upset": 0.7375565610859729,
    "rank_mae_pred_vs_playoff_final_results": 6.599999904632568,
    "rank_rmse_pred_vs_playoff_final_results": 8.621678352355957,
    "rank_mae_eos_standings_vs_playoff_final_results": 3.1333333333333333,
    "rank_rmse_eos_standings_vs_playoff_final_results": 4.449719092257398,
    "playoff_metrics": {
      "spearman_pred_vs_playoff_final_results": 0.5092324805339266,
      "ndcg_at_4_final_four": 0.4643812234227066,
      "ndcg10_pred_vs_playoff_final_results": 0.5358203641191567,
      "brier_championship_odds": 0.03222232684493065,
      "rank_mae_pred_vs_playoff_final_results": 6.599999904632568,
      "rank_rmse_pred_vs_playoff_final_results": 8.621678352355957,
      "rank_mae_eos_standings_vs_playoff_final_results": 3.1333333333333333,
      "rank_rmse_eos_standings_vs_playoff_final_results": 4.449719092257398
    }
  },
  "test_metrics_model_a": {
    "ndcg": 0.535833193437327,
    "spearman": 0.49988876529477194,
    "mrr_top2": 0.5,
    "mrr_top4": 0.5,
    "ndcg10": 0.535833193437327,
    "ndcg_at_4": 0.4643944167678145,
    "ndcg_at_12": 0.5360359991626606,
    "ndcg_at_16": 0.5360165781673104,
    "ndcg_at_20": 0.5396249248258076,
    "roc_auc_upset": 0.7420814479638009
  },
  "test_metrics_model_b": {
    "ndcg": 0.20274919542669162,
    "spearman": 0.6022246941045606,
    "mrr_top2": 0.16666666666666666,
    "mrr_top4": 0.16666666666666666,
    "ndcg10": 0.20274919542669162,
    "ndcg_at_4": 0.024213833249648188,
    "ndcg_at_12": 0.2027498566363366,
    "ndcg_at_16": 0.3850671098757704,
    "ndcg_at_20": 0.38506628249665337,
    "roc_auc_upset": 0.7857142857142857
  },
  "test_metrics_model_c": {
    "ndcg": 0.05124995751403931,
    "spearman": 0.30189098998887653,
    "mrr_top2": 0.0625,
    "mrr_top4": 0.2,
    "ndcg10": 0.05124995751403931,
    "ndcg_at_4": 0.00711064040423231,
    "ndcg_at_12": 0.056899138174850025,
    "ndcg_at_16": 0.1769467286075223,
    "ndcg_at_20": 0.17934445367388585,
    "roc_auc_upset": 0.8258928571428571
  },
  "test_metrics_by_conference": {
    "E": {
      "ndcg": 0.26049363773702766,
      "spearman": 0.2642857142857143
    },
    "W": {
      "ndcg": 0.7743192083433101,
      "spearman": 0.6892857142857142
    }
  },
  "by_season": {
    "2023-24": {
      "test_metrics_ensemble": {
        "ndcg": 0.5899977298749853,
        "spearman": 0.3530589543937709,
        "mrr_top2": 1.0,
        "mrr_top4": 1.0,
        "ndcg10": 0.5899977298749853,
        "ndcg_at_4": 0.35315119534797357,
        "ndcg_at_12": 0.5898883338918308,
        "ndcg_at_16": 0.5911471875447177,
        "ndcg_at_20": 0.5911446990752157,
        "roc_auc_upset": 0.7824074074074074,
        "rank_mae_pred_vs_playoff_final_results": 7.933333396911621,
        "rank_rmse_pred_vs_playoff_final_results": 9.84547233581543,
        "rank_mae_eos_standings_vs_playoff_final_results": 3.7333333333333334,
        "rank_rmse_eos_standings_vs_playoff_final_results": 6.093712606722878,
        "playoff_metrics": {
          "spearman_pred_vs_playoff_final_results": 0.4175750834260289,
          "ndcg_at_4_final_four": 0.35315119534797357,
          "ndcg10_pred_vs_playoff_final_results": 0.5900032653713939,
          "brier_championship_odds": 0.03222232684493065,
          "rank_mae_pred_vs_playoff_final_results": 7.933333396911621,
          "rank_rmse_pred_vs_playoff_final_results": 9.84547233581543,
          "rank_mae_eos_standings_vs_playoff_final_results": 3.7333333333333334,
          "rank_rmse_eos_standings_vs_playoff_final_results": 6.093712606722878
        }
      },
      "test_metrics_model_a": {
        "ndcg": 0.5899977298749853,
        "spearman": 0.3521690767519466,
        "mrr_top2": 1.0,
        "mrr_top4": 1.0,
        "ndcg10": 0.5899977298749853,
        "ndcg_at_4": 0.35315119534797357,
        "ndcg_at_12": 0.5898883338918308,
        "ndcg_at_16": 0.5911471875447177,
        "ndcg_at_20": 0.5911446990752157,
        "roc_auc_upset": 0.7824074074074074
      },
      "test_metrics_model_b": {
        "ndcg": 0.803739629940469,
        "spearman": 0.432258064516129,
        "mrr_top2": 1.0,
        "mrr_top4": 1.0,
        "ndcg10": 0.803739629940469,
        "ndcg_at_4": 0.6879025204137522,
        "ndcg_at_12": 0.8036363477899058,
        "ndcg_at_16": 0.8085439891891489,
        "ndcg_at_20": 0.8455109419271082,
        "roc_auc_upset": 0.7544642857142857
      },
      "test_metrics_model_c": {
        "ndcg": 0.333487026575135,
        "spearman": 0.23159065628476083,
        "mrr_top2": 0.16666666666666666,
        "mrr_top4": 0.16666666666666666,
        "ndcg10": 0.333487026575135,
        "ndcg_at_4": 0.0011069724610271625,
        "ndcg_at_12": 0.33890731926775686,
        "ndcg_at_16": 0.35966393831396193,
        "ndcg_at_20": 0.3699999322309346,
        "roc_auc_upset": 0.7633928571428571
      },
      "test_metrics_by_conference": {
        "E": {
          "ndcg": 0.37300695637456927,
          "spearman": 0.2071428571428571
        },
        "W": {
          "ndcg": 0.9277983934610092,
          "spearman": 0.44999999999999996
        }
      },
      "notes": {
        "eos_rank_source": "eos_final_rank"
      }
    },
    "2024-25": {
      "test_metrics_ensemble": {
        "ndcg": 0.535833193437327,
        "spearman": 0.5038932146829811,
        "mrr_top2": 0.5,
        "mrr_top4": 0.5,
        "ndcg10": 0.535833193437327,
        "ndcg_at_4": 0.4643944167678145,
        "ndcg_at_12": 0.5360470216663001,
        "ndcg_at_16": 0.5360275998254581,
        "ndcg_at_20": 0.5396359464354796,
        "roc_auc_upset": 0.7375565610859729,
        "rank_mae_pred_vs_playoff_final_results": 6.599999904632568,
        "rank_rmse_pred_vs_playoff_final_results": 8.621678352355957,
        "rank_mae_eos_standings_vs_playoff_final_results": 3.1333333333333333,
        "rank_rmse_eos_standings_vs_playoff_final_results": 4.449719092257398,
        "playoff_metrics": {
          "spearman_pred_vs_playoff_final_results": 0.5092324805339266,
          "ndcg_at_4_final_four": 0.4643812234227066,
          "ndcg10_pred_vs_playoff_final_results": 0.5358203641191567,
          "brier_championship_odds": 0.03222232684493065,
          "rank_mae_pred_vs_playoff_final_results": 6.599999904632568,
          "rank_rmse_pred_vs_playoff_final_results": 8.621678352355957,
          "rank_mae_eos_standings_vs_playoff_final_results": 3.1333333333333333,
          "rank_rmse_eos_standings_vs_playoff_final_results": 4.449719092257398
        }
      },
      "test_metrics_model_a": {
        "ndcg": 0.535833193437327,
        "spearman": 0.49988876529477194,
        "mrr_top2": 0.5,
        "mrr_top4": 0.5,
        "ndcg10": 0.535833193437327,
        "ndcg_at_4": 0.4643944167678145,
        "ndcg_at_12": 0.5360359991626606,