{
  "test_metrics_ensemble": {
    "ndcg": 0.535833193437327,
    "spearman": 0.5038932146829811,
    "mrr_top2": 0.5,
    "mrr_top4": 0.5,
    "ndcg10": 0.535833193437327,
    "ndcg_at_4": 0.4643944167678145,
    "ndcg_at_12": 0.5360470216663001,
    "ndcg_at_16": 0.5360275998254581,
    "ndcg_at_20": 0.5396359464354796,
    "roc_auc_upset": 0.7375565610859729,
    "rank_mae_pred_vs_playoff_final_results": 6.599999904632568,
    "rank_rmse_pred_vs_playoff_final_results": 8.621678352355957,
    "rank_mae_eos_standings_vs_playoff_final_results": 3.1333333333333333,
    "rank_rmse_eos_standings_vs_playoff_final_results": 4.449719092257398,
    "playoff_metrics": {
      "spearman_pred_vs_playoff_final_results": 0.5092324805339266,
      "ndcg_at_4_final_four": 0.4643812234227066,
      "ndcg10_pred_vs_playoff_final_results": 0.5358203641191567,
      "brier_championship_odds": 0.03222232684493065,
      "rank_mae_pred_vs_playoff_final_results": 6.599999904632568,
      "rank_rmse_pred_vs_playoff_final_results": 8.621678352355957,
      "rank_mae_eos_standings_vs_playoff_final_results": 3.1333333333333333,
      "rank_rmse_eos_standings_vs_playoff_final_results": 4.449719092257398
    }
  },
  "test_metrics_model_a": {
    "ndcg": 0.535833193437327,
    "spearman": 0.49988876529477194,
    "mrr_top2": 0.5,
    "mrr_top4": 0.5,
    "ndcg10": 0.535833193437327,
    "ndcg_at_4": 0.4643944167678145,
    "ndcg_at_12": 0.5360359991626606,
    "ndcg_at_16": 0.5360165781673104,
    "ndcg_at_20": 0.5396249248258076,
    "roc_auc_upset": 0.7420814479638009
  },
  "test_metrics_model_b": {
    "ndcg": 0.20274919542669162,
    "spearman": 0.6022246941045606,
    "mrr_top2": 0.16666666666666666,
    "mrr_top4": 0.16666666666666666,
    "ndcg10": 0.20274919542669162,
    "ndcg_at_4": 0.024213833249648188,
    "ndcg_at_12": 0.2027498566363366,
    "ndcg_at_16": 0.3850671098757704,
    "ndcg_at_20": 0.38506628249665337,
    "roc_auc_upset": 0.7857142857142857
  },
  "test_metrics_model_c": {
    "ndcg": 0.05124995751403931,
    "spearman": 0.30189098998887653,
    "mrr_top2": 0.0625,
    "mrr_top4": 0.2,
    "ndcg10": 0.05124995751403931,
    "ndcg_at_4": 0.00711064040423231,
    "ndcg_at_12": 0.056899138174850025,
    "ndcg_at_16": 0.1769467286075223,
    "ndcg_at_20": 0.17934445367388585,
    "roc_auc_upset": 0.8258928571428571
  },
  "test_metrics_by_conference": {
    "E": {
      "ndcg": 0.26049363773702766,
      "spearman": 0.2642857142857143
    },
    "W": {
      "ndcg": 0.7743192083433101,
      "spearman": 0.6892857142857142
    }
  },
  "notes": {
    "eos_rank_source": "eos_final_rank"
  }
}