{
  "test_metrics_ensemble": {
    "ndcg": 0.4844845181981032,
    "spearman": 0.4780867630700778,
    "mrr_top2": 0.5,
    "mrr_top4": 0.5,
    "ndcg10": 0.4844845181981032,
    "ndcg_at_4": 0.4643519436832566,
    "ndcg_at_12": 0.5285973250030614,
    "ndcg_at_16": 0.5285785294488363,
    "ndcg_at_20": 0.532182322977789,
    "roc_auc_upset": 0.7946428571428571,
    "rank_mae_pred_vs_playoff_final_results": 6.866666793823242,
    "rank_rmse_pred_vs_playoff_final_results": 8.8430757522583,
    "rank_mae_eos_standings_vs_playoff_final_results": 3.1333333333333333,
    "rank_rmse_eos_standings_vs_playoff_final_results": 4.449719092257398,
    "playoff_metrics": {
      "spearman_pred_vs_playoff_final_results": 0.49499443826473855,
      "ndcg_at_4_final_four": 0.46433662668392073,
      "ndcg10_pred_vs_playoff_final_results": 0.48446908824137114,
      "brier_championship_odds": 0.03222232684493065,
      "rank_mae_pred_vs_playoff_final_results": 6.866666793823242,
      "rank_rmse_pred_vs_playoff_final_results": 8.8430757522583,
      "rank_mae_eos_standings_vs_playoff_final_results": 3.1333333333333333,
      "rank_rmse_eos_standings_vs_playoff_final_results": 4.449719092257398
    }
  },
  "test_metrics_model_a": {
    "ndcg": 0.4844845181981032,
    "spearman": 0.4780867630700778,
    "mrr_top2": 0.5,
    "mrr_top4": 0.5,
    "ndcg10": 0.4844845181981032,
    "ndcg_at_4": 0.4643519436832566,
    "ndcg_at_12": 0.5285973250030614,
    "ndcg_at_16": 0.5285785294488363,
    "ndcg_at_20": 0.532182322977789,
    "roc_auc_upset": 0.7946428571428571
  },
  "test_metrics_model_b": {
    "ndcg": 0.3772152383970067,
    "spearman": 0.6489432703003337,
    "mrr_top2": 0.2,
    "mrr_top4": 0.3333333333333333,
    "ndcg10": 0.3772152383970067,
    "ndcg_at_4": 0.11341296838879296,
    "ndcg_at_12": 0.3771181865223742,
    "ndcg_at_16": 0.4585277372368981,
    "ndcg_at_20": 0.45856658246136683,
    "roc_auc_upset": 0.75
  },
  "test_metrics_model_c": {
    "ndcg": 0.857778947200826,
    "spearman": 0.7067853170189099,
    "mrr_top2": 1.0,
    "mrr_top4": 1.0,
    "ndcg10": 0.857778947200826,
    "ndcg_at_4": 0.7596858824842182,
    "ndcg_at_12": 0.8575546517536301,
    "ndcg_at_16": 0.857692882385784,
    "ndcg_at_20": 0.8761801265220345,
    "roc_auc_upset": 0.7239819004524888
  },
  "test_metrics_by_conference": {
    "E": {
      "ndcg": 0.263461645385468,
      "spearman": 0.27499999999999997
    },
    "W": {
      "ndcg": 0.7723194325143398,
      "spearman": 0.682142857142857
    }
  },
  "notes": {
    "eos_rank_source": "eos_final_rank"
  }
}