{
  "test_metrics_ensemble": {
    "ndcg": 0.58417751786789,
    "spearman": 0.4175750834260289,
    "mrr_top2": 1.0,
    "mrr_top4": 1.0,
    "ndcg10": 0.58417751786789,
    "ndcg_at_4": 0.35315119534797357,
    "ndcg_at_12": 0.6293292325718671,
    "ndcg_at_16": 0.6306150627759615,
    "ndcg_at_20": 0.6312187014014099,
    "roc_auc_upset": 0.7013574660633484,
    "rank_mae_pred_vs_playoff_final_results": 7.400000095367432,
    "rank_rmse_pred_vs_playoff_final_results": 9.341663360595703,
    "rank_mae_eos_standings_vs_playoff_final_results": 3.7333333333333334,
    "rank_rmse_eos_standings_vs_playoff_final_results": 6.093712606722878,
    "playoff_metrics": {
      "spearman_pred_vs_playoff_final_results": 0.44382647385984425,
      "ndcg_at_4_final_four": 0.35315119534797357,
      "ndcg10_pred_vs_playoff_final_results": 0.5841825299364714,
      "brier_championship_odds": 0.03222232684493065,
      "rank_mae_pred_vs_playoff_final_results": 7.400000095367432,
      "rank_rmse_pred_vs_playoff_final_results": 9.341663360595703,
      "rank_mae_eos_standings_vs_playoff_final_results": 3.7333333333333334,
      "rank_rmse_eos_standings_vs_playoff_final_results": 6.093712606722878
    }
  },
  "test_metrics_model_a": {
    "ndcg": 0.58417751786789,
    "spearman": 0.4175750834260289,
    "mrr_top2": 1.0,
    "mrr_top4": 1.0,
    "ndcg10": 0.58417751786789,
    "ndcg_at_4": 0.35315119534797357,
    "ndcg_at_12": 0.6293292325718671,
    "ndcg_at_16": 0.6306150627759615,
    "ndcg_at_20": 0.6312187014014099,
    "roc_auc_upset": 0.7013574660633484
  },
  "test_metrics_model_b": {
    "ndcg": 0.7556248369323868,
    "spearman": 0.4278086763070078,
    "mrr_top2": 1.0,
    "mrr_top4": 1.0,
    "ndcg10": 0.7556248369323868,
    "ndcg_at_4": 0.7534240673900974,
    "ndcg_at_12": 0.755459192195914,
    "ndcg_at_16": 0.7758233439906614,
    "ndcg_at_20": 0.7782549324714297,
    "roc_auc_upset": 0.6851851851851852
  },
  "test_metrics_model_c": {
    "ndcg": 0.8907196271269753,
    "spearman": 0.4852057842046719,
    "mrr_top2": 1.0,
    "mrr_top4": 1.0,
    "ndcg10": 0.8907196271269753,
    "ndcg_at_4": 0.7798130936337676,
    "ndcg_at_12": 0.8905713794795989,
    "ndcg_at_16": 0.910534176153059,
    "ndcg_at_20": 0.9111335428153026,
    "roc_auc_upset": 0.685
  },
  "test_metrics_by_conference": {
    "E": {
      "ndcg": 0.4078134151580969,
      "spearman": 0.2571428571428571
    },
    "W": {
      "ndcg": 0.9222781924371147,
      "spearman": 0.5392857142857141
    }
  },
  "notes": {
    "eos_rank_source": "eos_final_rank"
  }
}