{
  "test_metrics_ensemble": {
    "ndcg": 0.5380423454737209,
    "spearman": 0.4887652947719689,
    "mrr_top2": 0.5,
    "mrr_top4": 0.5,
    "ndcg10": 0.5380423454737209,
    "ndcg_at_4": 0.4640676940033355,
    "ndcg_at_12": 0.5382445709273252,
    "ndcg_at_16": 0.5382255069451961,
    "ndcg_at_20": 0.5418338438883357,
    "roc_auc_upset": 0.7366071428571428,
    "rank_mae_pred_vs_playoff_final_results": 6.5333333015441895,
    "rank_rmse_pred_vs_playoff_final_results": 8.752142906188965,
    "rank_mae_eos_standings_vs_playoff_final_results": 3.1333333333333333,
    "rank_rmse_eos_standings_vs_playoff_final_results": 4.449719092257398,
    "playoff_metrics": {
      "spearman_pred_vs_playoff_final_results": 0.4905450500556173,
      "ndcg_at_4_final_four": 0.46405447074221323,
      "ndcg10_pred_vs_playoff_final_results": 0.5380295064733267,
      "brier_championship_odds": 0.03222232684493065,
      "rank_mae_pred_vs_playoff_final_results": 6.5333333015441895,
      "rank_rmse_pred_vs_playoff_final_results": 8.752142906188965,
      "rank_mae_eos_standings_vs_playoff_final_results": 3.1333333333333333,
      "rank_rmse_eos_standings_vs_playoff_final_results": 4.449719092257398
    }
  },
  "test_metrics_model_a": {
    "ndcg": 0.5380423454737209,
    "spearman": 0.48698553948832035,
    "mrr_top2": 0.5,
    "mrr_top4": 0.5,
    "ndcg10": 0.5380423454737209,
    "ndcg_at_4": 0.4640676940033355,
    "ndcg_at_12": 0.5379231390868902,
    "ndcg_at_16": 0.53821648143657,
    "ndcg_at_20": 0.5418248184194058,
    "roc_auc_upset": 0.7410714285714286
  },
  "test_metrics_model_b": {
    "ndcg": 0.20053731756682447,
    "spearman": 0.6591768631813125,
    "mrr_top2": 0.25,
    "mrr_top4": 0.25,
    "ndcg10": 0.20053731756682447,
    "ndcg_at_4": 0.16775742802418675,
    "ndcg_at_12": 0.20053959514612973,
    "ndcg_at_16": 0.4117236040160864,
    "ndcg_at_20": 0.4118010419524024,
    "roc_auc_upset": 0.7410714285714285
  },
  "test_metrics_model_c": {
    "ndcg": 0.056867047066994164,
    "spearman": 0.42335928809788653,
    "mrr_top2": 0.07692307692307693,
    "mrr_top4": 0.16666666666666666,
    "ndcg10": 0.056867047066994164,
    "ndcg_at_4": 0.021615451923040332,
    "ndcg_at_12": 0.05959501626703317,
    "ndcg_at_16": 0.14489412814685032,
    "ndcg_at_20": 0.18312514794511056,
    "roc_auc_upset": 0.8080357142857143
  },
  "test_metrics_by_conference": {
    "E": {
      "ndcg": 0.2545238648351895,
      "spearman": 0.2178571428571428
    },
    "W": {
      "ndcg": 0.7737357849437491,
      "spearman": 0.6749999999999999
    }
  },
  "notes": {
    "eos_rank_source": "eos_final_rank"
  }
}