{
  "notes": {
    "eval_on": "test",
    "eos_rank_source": "eos_final_rank",
    "upset_definition": "sleeper = EOS_global_rank > predicted_strength",
    "mrr_top2": "1/rank of first team in top 2 (champion+runner-up) in predicted order.",
    "mrr_top4": "1/rank of first team in top 4 (conference finals) in predicted order.",
    "per_conference_relevance": "Within E/W: actual rank derived from EOS_global_rank (1=best in conf); NDCG/Spearman use this relevance.",
    "playoff_metrics": "Spearman (pred global vs playoff_final_results), NDCG@4 (final four), Brier (champion vs odds). rank_mae/rank_rmse: pred vs playoff_final_results; eos_standings vs playoff_final_results (baseline)."
  },
  "split_info": {
    "train_frac": 0.75,
    "n_train_dates": 141,
    "n_test_dates": 36,
    "split_mode": "seasons"
  },
  "test_metrics_ensemble": {
    "ndcg": 0.5380423454737209,
    "spearman": 0.4887652947719689,
    "mrr_top2": 0.5,
    "mrr_top4": 0.5,
    "ndcg10": 0.5380423454737209,
    "ndcg_at_4": 0.4640676940033355,
    "ndcg_at_12": 0.5382445709273252,
    "ndcg_at_16": 0.5382255069451961,
    "ndcg_at_20": 0.5418338438883357,
    "roc_auc_upset": 0.7366071428571428,
    "rank_mae_pred_vs_playoff_final_results": 6.5333333015441895,
    "rank_rmse_pred_vs_playoff_final_results": 8.752142906188965,
    "rank_mae_eos_standings_vs_playoff_final_results": 3.1333333333333333,
    "rank_rmse_eos_standings_vs_playoff_final_results": 4.449719092257398,
    "playoff_metrics": {
      "spearman_pred_vs_playoff_final_results": 0.4905450500556173,
      "ndcg_at_4_final_four": 0.46405447074221323,
      "ndcg10_pred_vs_playoff_final_results": 0.5380295064733267,
      "brier_championship_odds": 0.03222232684493065,
      "rank_mae_pred_vs_playoff_final_results": 6.5333333015441895,
      "rank_rmse_pred_vs_playoff_final_results": 8.752142906188965,
      "rank_mae_eos_standings_vs_playoff_final_results": 3.1333333333333333,
      "rank_rmse_eos_standings_vs_playoff_final_results": 4.449719092257398
    }
  },
  "test_metrics_model_a": {
    "ndcg": 0.5380423454737209,
    "spearman": 0.48698553948832035,
    "mrr_top2": 0.5,
    "mrr_top4": 0.5,
    "ndcg10": 0.5380423454737209,
    "ndcg_at_4": 0.4640676940033355,
    "ndcg_at_12": 0.5379231390868902,
    "ndcg_at_16": 0.53821648143657,
    "ndcg_at_20": 0.5418248184194058,
    "roc_auc_upset": 0.7410714285714286
  },
  "test_metrics_model_b": {
    "ndcg": 0.20053731756682447,
    "spearman": 0.6591768631813125,
    "mrr_top2": 0.25,
    "mrr_top4": 0.25,
    "ndcg10": 0.20053731756682447,
    "ndcg_at_4": 0.16775742802418675,
    "ndcg_at_12": 0.20053959514612973,
    "ndcg_at_16": 0.4117236040160864,
    "ndcg_at_20": 0.4118010419524024,
    "roc_auc_upset": 0.7410714285714285
  },
  "test_metrics_model_c": {
    "ndcg": 0.056867047066994164,
    "spearman": 0.42335928809788653,
    "mrr_top2": 0.07692307692307693,
    "mrr_top4": 0.16666666666666666,
    "ndcg10": 0.056867047066994164,
    "ndcg_at_4": 0.021615451923040332,
    "ndcg_at_12": 0.05959501626703317,
    "ndcg_at_16": 0.14489412814685032,
    "ndcg_at_20": 0.18312514794511056,
    "roc_auc_upset": 0.8080357142857143
  },
  "test_metrics_by_conference": {
    "E": {
      "ndcg": 0.2545238648351895,
      "spearman": 0.2178571428571428
    },
    "W": {
      "ndcg": 0.7737357849437491,
      "spearman": 0.6749999999999999
    }
  },
  "by_season": {
    "2023-24": {
      "test_metrics_ensemble": {
        "ndcg": 0.6080268784309694,
        "spearman": 0.4407119021134594,
        "mrr_top2": 1.0,
        "mrr_top4": 1.0,
        "ndcg10": 0.6080268784309694,
        "ndcg_at_4": 0.3560053866302678,
        "ndcg_at_12": 0.60786850936929,
        "ndcg_at_16": 0.6097805344978483,
        "ndcg_at_20": 0.6097869783532609,
        "roc_auc_upset": 0.7361111111111112,
        "rank_mae_pred_vs_playoff_final_results": 7.266666889190674,
        "rank_rmse_pred_vs_playoff_final_results": 9.154233932495117,
        "rank_mae_eos_standings_vs_playoff_final_results": 3.7333333333333334,
        "rank_rmse_eos_standings_vs_playoff_final_results": 6.093712606722878,
        "playoff_metrics": {
          "spearman_pred_vs_playoff_final_results": 0.4780867630700778,
          "ndcg_at_4_final_four": 0.3560053866302678,
          "ndcg10_pred_vs_playoff_final_results": 0.6080261592766432,
          "brier_championship_odds": 0.03222232684493065,
          "rank_mae_pred_vs_playoff_final_results": 7.266666889190674,
          "rank_rmse_pred_vs_playoff_final_results": 9.154233932495117,
          "rank_mae_eos_standings_vs_playoff_final_results": 3.7333333333333334,
          "rank_rmse_eos_standings_vs_playoff_final_results": 6.093712606722878
        }
      },
      "test_metrics_model_a": {
        "ndcg": 0.5986499160668839,
        "spearman": 0.4304783092324805,
        "mrr_top2": 1.0,
        "mrr_top4": 1.0,
        "ndcg10": 0.5986499160668839,
        "ndcg_at_4": 0.3560053866302678,
        "ndcg_at_12": 0.5984940100254389,
        "ndcg_at_16": 0.6004067542339951,
        "ndcg_at_20": 0.6004132393173678,
        "roc_auc_upset": 0.7453703703703703
      },
      "test_metrics_model_b": {
        "ndcg": 0.8631663091743749,
        "spearman": 0.3561735261401557,
        "mrr_top2": 1.0,
        "mrr_top4": 1.0,
        "ndcg10": 0.8631663091743749,
        "ndcg_at_4": 0.8545514731878162,
        "ndcg_at_12": 0.8631117049193104,
        "ndcg_at_16": 0.8630706918294655,
        "ndcg_at_20": 0.9001134559623205,
        "roc_auc_upset": 0.7222222222222222
      },
      "test_metrics_model_c": {
        "ndcg": 0.36038758226524714,
        "spearman": 0.38242491657397104,
        "mrr_top2": 0.25,
        "mrr_top4": 0.25,
        "ndcg10": 0.36038758226524714,
        "ndcg_at_4": 0.14584631107136387,
        "ndcg_at_12": 0.38223602185175637,
        "ndcg_at_16": 0.38284779252422735,
        "ndcg_at_20": 0.3875485318889038,
        "roc_auc_upset": 0.7104072398190046
      },
      "test_metrics_by_conference": {
        "E": {
          "ndcg": 0.38520906425700524,
          "spearman": 0.2714285714285714
        },
        "W": {
          "ndcg": 0.9293391247832338,
          "spearman": 0.557142857142857
        }
      },
      "notes": {
        "eos_rank_source": "eos_final_rank"
      }
    },
    "2024-25": {
      "test_metrics_ensemble": {
        "ndcg": 0.5380423454737209,
        "spearman": 0.4887652947719689,
        "mrr_top2": 0.5,
        "mrr_top4": 0.5,
        "ndcg10": 0.5380423454737209,
        "ndcg_at_4": 0.4640676940033355,
        "ndcg_at_12": 0.5382445709273252,
        "ndcg_at_16": 0.5382255069451961,
        "ndcg_at_20": 0.5418338438883357,
        "roc_auc_upset": 0.7366071428571428,
        "rank_mae_pred_vs_playoff_final_results": 6.5333333015441895,
        "rank_rmse_pred_vs_playoff_final_results": 8.752142906188965,
        "rank_mae_eos_standings_vs_playoff_final_results": 3.1333333333333333,
        "rank_rmse_eos_standings_vs_playoff_final_results": 4.449719092257398,
        "playoff_metrics": {
          "spearman_pred_vs_playoff_final_results": 0.4905450500556173,
          "ndcg_at_4_final_four": 0.46405447074221323,
          "ndcg10_pred_vs_playoff_final_results": 0.5380295064733267,
          "brier_championship_odds": 0.03222232684493065,
          "rank_mae_pred_vs_playoff_final_results": 6.5333333015441895,
          "rank_rmse_pred_vs_playoff_final_results": 8.752142906188965,
          "rank_mae_eos_standings_vs_playoff_final_results": 3.1333333333333333,
          "rank_rmse_eos_standings_vs_playoff_final_results": 4.449719092257398
        }
      },
      "test_metrics_model_a": {
        "ndcg": 0.5380423454737209,
        "spearman": 0.48698553948832035,
        "mrr_top2": 0.5,
        "mrr_top4": 0.5,
        "ndcg10": 0.5380423454737209,
        "ndcg_at_4": 0.4640676940033355,
        "ndcg_at_12": 0.5379231390868902,
        "ndcg_at_16": 0.53821648143657,