{
  "test_metrics_ensemble": {
    "ndcg": 0.6080268784309694,
    "spearman": 0.4407119021134594,
    "mrr_top2": 1.0,
    "mrr_top4": 1.0,
    "ndcg10": 0.6080268784309694,
    "ndcg_at_4": 0.3560053866302678,
    "ndcg_at_12": 0.60786850936929,
    "ndcg_at_16": 0.6097805344978483,
    "ndcg_at_20": 0.6097869783532609,
    "roc_auc_upset": 0.7361111111111112,
    "rank_mae_pred_vs_playoff_final_results": 7.266666889190674,
    "rank_rmse_pred_vs_playoff_final_results": 9.154233932495117,
    "rank_mae_eos_standings_vs_playoff_final_results": 3.7333333333333334,
    "rank_rmse_eos_standings_vs_playoff_final_results": 6.093712606722878,
    "playoff_metrics": {
      "spearman_pred_vs_playoff_final_results": 0.4780867630700778,
      "ndcg_at_4_final_four": 0.3560053866302678,
      "ndcg10_pred_vs_playoff_final_results": 0.6080261592766432,
      "brier_championship_odds": 0.03222232684493065,
      "rank_mae_pred_vs_playoff_final_results": 7.266666889190674,
      "rank_rmse_pred_vs_playoff_final_results": 9.154233932495117,
      "rank_mae_eos_standings_vs_playoff_final_results": 3.7333333333333334,
      "rank_rmse_eos_standings_vs_playoff_final_results": 6.093712606722878
    }
  },
  "test_metrics_model_a": {
    "ndcg": 0.5986499160668839,
    "spearman": 0.4304783092324805,
    "mrr_top2": 1.0,
    "mrr_top4": 1.0,
    "ndcg10": 0.5986499160668839,
    "ndcg_at_4": 0.3560053866302678,
    "ndcg_at_12": 0.5984940100254389,
    "ndcg_at_16": 0.6004067542339951,
    "ndcg_at_20": 0.6004132393173678,
    "roc_auc_upset": 0.7453703703703703
  },
  "test_metrics_model_b": {
    "ndcg": 0.8631663091743749,
    "spearman": 0.3561735261401557,
    "mrr_top2": 1.0,
    "mrr_top4": 1.0,
    "ndcg10": 0.8631663091743749,
    "ndcg_at_4": 0.8545514731878162,
    "ndcg_at_12": 0.8631117049193104,
    "ndcg_at_16": 0.8630706918294655,
    "ndcg_at_20": 0.9001134559623205,
    "roc_auc_upset": 0.7222222222222222
  },
  "test_metrics_model_c": {
    "ndcg": 0.36038758226524714,
    "spearman": 0.38242491657397104,
    "mrr_top2": 0.25,
    "mrr_top4": 0.25,
    "ndcg10": 0.36038758226524714,
    "ndcg_at_4": 0.14584631107136387,
    "ndcg_at_12": 0.38223602185175637,
    "ndcg_at_16": 0.38284779252422735,
    "ndcg_at_20": 0.3875485318889038,
    "roc_auc_upset": 0.7104072398190046
  },
  "test_metrics_by_conference": {
    "E": {
      "ndcg": 0.38520906425700524,
      "spearman": 0.2714285714285714
    },
    "W": {
      "ndcg": 0.9293391247832338,
      "spearman": 0.557142857142857
    }
  },
  "notes": {
    "eos_rank_source": "eos_final_rank"
  }
}