{
  "test_metrics_ensemble": {
    "ndcg": 0.48373697981909186,
    "spearman": 0.4518353726362625,
    "mrr_top2": 0.5,
    "mrr_top4": 0.5,
    "ndcg10": 0.48373697981909186,
    "ndcg_at_4": 0.4643944167678145,
    "ndcg_at_12": 0.4836327063535356,
    "ndcg_at_16": 0.5262474909847086,
    "ndcg_at_20": 0.5274667027024001,
    "roc_auc_upset": 0.8177777777777777,
    "rank_mae_pred_vs_playoff_final_results": 7.133333206176758,
    "rank_rmse_pred_vs_playoff_final_results": 9.062744140625,
    "rank_mae_eos_standings_vs_playoff_final_results": 3.1333333333333333,
    "rank_rmse_eos_standings_vs_playoff_final_results": 4.449719092257398,
    "playoff_metrics": {
      "spearman_pred_vs_playoff_final_results": 0.4767519466073415,
      "ndcg_at_4_final_four": 0.4643812234227066,
      "ndcg10_pred_vs_playoff_final_results": 0.48372415153895987,
      "brier_championship_odds": 0.03222232684493065,
      "rank_mae_pred_vs_playoff_final_results": 7.133333206176758,
      "rank_rmse_pred_vs_playoff_final_results": 9.062744140625,
      "rank_mae_eos_standings_vs_playoff_final_results": 3.1333333333333333,
      "rank_rmse_eos_standings_vs_playoff_final_results": 4.449719092257398
    }
  },
  "test_metrics_model_a": {
    "ndcg": 0.4837341466663698,
    "spearman": 0.44694104560622916,
    "mrr_top2": 0.5,
    "mrr_top4": 0.5,
    "ndcg10": 0.4837341466663698,
    "ndcg_at_4": 0.4643944167678145,
    "ndcg_at_12": 0.4836298739449898,
    "ndcg_at_16": 0.5262446587934255,
    "ndcg_at_20": 0.5274638705235737,
    "roc_auc_upset": 0.8177777777777777
  },
  "test_metrics_model_b": {
    "ndcg": 0.16744612903542058,
    "spearman": 0.6195773081201335,
    "mrr_top2": 0.2,
    "mrr_top4": 0.2,
    "ndcg10": 0.16744612903542058,
    "ndcg_at_4": 0.04166423104576856,
    "ndcg_at_12": 0.21278766335704224,
    "ndcg_at_16": 0.4032769009003375,
    "ndcg_at_20": 0.4032760089096371,
    "roc_auc_upset": 0.7723214285714285
  },
  "test_metrics_model_c": {
    "ndcg": 0.05124995751403931,
    "spearman": 0.30189098998887653,
    "mrr_top2": 0.0625,
    "mrr_top4": 0.2,
    "ndcg10": 0.05124995751403931,
    "ndcg_at_4": 0.00711064040423231,
    "ndcg_at_12": 0.056899138174850025,
    "ndcg_at_16": 0.1769467286075223,
    "ndcg_at_20": 0.17934445367388585,
    "roc_auc_upset": 0.8258928571428571
  },
  "test_metrics_by_conference": {
    "E": {
      "ndcg": 0.26928364068787947,
      "spearman": 0.2571428571428571
    },
    "W": {
      "ndcg": 0.7524991469189859,
      "spearman": 0.6642857142857141
    }
  },
  "notes": {
    "eos_rank_source": "eos_final_rank"
  }
}