{
  "test_metrics_ensemble": {
    "ndcg": 0.548555748205931,
    "spearman": 0.36106785317018913,
    "mrr_top2": 1.0,
    "mrr_top4": 1.0,
    "ndcg10": 0.548555748205931,
    "ndcg_at_4": 0.35315119534797357,
    "ndcg_at_12": 0.5923033506588705,
    "ndcg_at_16": 0.5941486070027031,
    "ndcg_at_20": 0.5941460860269252,
    "roc_auc_upset": 0.8054298642533937,
    "rank_mae_pred_vs_playoff_final_results": 7.866666793823242,
    "rank_rmse_pred_vs_playoff_final_results": 9.784340858459473,
    "rank_mae_eos_standings_vs_playoff_final_results": 3.7333333333333334,
    "rank_rmse_eos_standings_vs_playoff_final_results": 6.093712606722878,
    "playoff_metrics": {
      "spearman_pred_vs_playoff_final_results": 0.4273637374860957,
      "ndcg_at_4_final_four": 0.35315119534797357,
      "ndcg10_pred_vs_playoff_final_results": 0.5485616379761847,
      "brier_championship_odds": 0.03222232684493065,
      "rank_mae_pred_vs_playoff_final_results": 7.866666793823242,
      "rank_rmse_pred_vs_playoff_final_results": 9.784340858459473,
      "rank_mae_eos_standings_vs_playoff_final_results": 3.7333333333333334,
      "rank_rmse_eos_standings_vs_playoff_final_results": 6.093712606722878
    }
  },
  "test_metrics_model_a": {
    "ndcg": 0.548555748205931,
    "spearman": 0.34949944382647385,
    "mrr_top2": 1.0,
    "mrr_top4": 1.0,
    "ndcg10": 0.548555748205931,
    "ndcg_at_4": 0.35315119534797357,
    "ndcg_at_12": 0.5923033506588705,
    "ndcg_at_16": 0.5941486070027031,
    "ndcg_at_20": 0.5941460860269252,
    "roc_auc_upset": 0.787037037037037
  },
  "test_metrics_model_b": {
    "ndcg": 0.8156118081046849,
    "spearman": 0.4024471635150167,
    "mrr_top2": 1.0,
    "mrr_top4": 1.0,
    "ndcg10": 0.8156118081046849,
    "ndcg_at_4": 0.7261751187226982,
    "ndcg_at_12": 0.8154203620148149,
    "ndcg_at_16": 0.8154398748648842,
    "ndcg_at_20": 0.8572742466660157,
    "roc_auc_upset": 0.7918552036199095
  },
  "test_metrics_model_c": {
    "ndcg": 0.333487026575135,
    "spearman": 0.23159065628476083,
    "mrr_top2": 0.16666666666666666,
    "mrr_top4": 0.16666666666666666,
    "ndcg10": 0.333487026575135,
    "ndcg_at_4": 0.0011069724610271625,
    "ndcg_at_12": 0.33890731926775686,
    "ndcg_at_16": 0.35966393831396193,
    "ndcg_at_20": 0.3699999322309346,
    "roc_auc_upset": 0.7633928571428571
  },
  "test_metrics_by_conference": {
    "E": {
      "ndcg": 0.38369169619137905,
      "spearman": 0.2321428571428571
    },
    "W": {
      "ndcg": 0.9111477815426928,
      "spearman": 0.42857142857142855
    }
  },
  "notes": {
    "eos_rank_source": "eos_final_rank"
  }
}