{
  "test_metrics_ensemble": {
    "ndcg": 0.5689850740487835,
    "spearman": 0.3993325917686318,
    "mrr_top2": 1.0,
    "mrr_top4": 1.0,
    "ndcg10": 0.5689850740487835,
    "ndcg_at_4": 0.35315119534797357,
    "ndcg_at_12": 0.6141373994429511,
    "ndcg_at_16": 0.6147174168160117,
    "ndcg_at_20": 0.6147239858157139,
    "roc_auc_upset": 0.6968325791855203,
    "rank_mae_pred_vs_playoff_final_results": 7.333333492279053,
    "rank_rmse_pred_vs_playoff_final_results": 9.486832618713379,
    "rank_mae_eos_standings_vs_playoff_final_results": 3.7333333333333334,
    "rank_rmse_eos_standings_vs_playoff_final_results": 6.093712606722878,
    "playoff_metrics": {
      "spearman_pred_vs_playoff_final_results": 0.46651835372636263,
      "ndcg_at_4_final_four": 0.35315119534797357,
      "ndcg10_pred_vs_playoff_final_results": 0.5689914173337606,
      "brier_championship_odds": 0.03222232684493065,
      "rank_mae_pred_vs_playoff_final_results": 7.333333492279053,
      "rank_rmse_pred_vs_playoff_final_results": 9.486832618713379,
      "rank_mae_eos_standings_vs_playoff_final_results": 3.7333333333333334,
      "rank_rmse_eos_standings_vs_playoff_final_results": 6.093712606722878
    }
  },
  "test_metrics_model_a": {
    "ndcg": 0.5688385232328369,
    "spearman": 0.39443826473859844,
    "mrr_top2": 1.0,
    "mrr_top4": 1.0,
    "ndcg10": 0.5688385232328369,
    "ndcg_at_4": 0.35315119534797357,
    "ndcg_at_12": 0.6139908871210936,
    "ndcg_at_16": 0.6145709157325229,
    "ndcg_at_20": 0.6145773385187787,
    "roc_auc_upset": 0.7013574660633484
  },
  "test_metrics_model_b": {
    "ndcg": 0.8016865597842008,
    "spearman": 0.43804226918798667,
    "mrr_top2": 1.0,
    "mrr_top4": 1.0,
    "ndcg10": 0.8016865597842008,
    "ndcg_at_4": 0.6907114070725182,
    "ndcg_at_12": 0.8015001763761989,
    "ndcg_at_16": 0.8015206874485308,
    "ndcg_at_20": 0.8439584023268603,
    "roc_auc_upset": 0.7692307692307693
  },
  "test_metrics_model_c": {
    "ndcg": 0.333487026575135,
    "spearman": 0.23159065628476083,
    "mrr_top2": 0.16666666666666666,
    "mrr_top4": 0.16666666666666666,
    "ndcg10": 0.333487026575135,
    "ndcg_at_4": 0.0011069724610271625,
    "ndcg_at_12": 0.33890731926775686,
    "ndcg_at_16": 0.35966393831396193,
    "ndcg_at_20": 0.3699999322309346,
    "roc_auc_upset": 0.7633928571428571
  },
  "test_metrics_by_conference": {
    "E": {
      "ndcg": 0.4083672068826328,
      "spearman": 0.2964285714285714
    },
    "W": {
      "ndcg": 0.9157616783996569,
      "spearman": 0.47142857142857136
    }
  },
  "notes": {
    "eos_rank_source": "eos_final_rank"
  }
}