{
  "test_metrics_ensemble": {
    "ndcg": 0.48376685268420483,
    "spearman": 0.5172413793103449,
    "mrr_top2": 0.5,
    "mrr_top4": 0.5,
    "ndcg10": 0.48376685268420483,
    "ndcg_at_4": 0.4643944167678145,
    "ndcg_at_12": 0.48366190268785364,
    "ndcg_at_16": 0.5275182287972746,
    "ndcg_at_20": 0.5299096089121311,
    "roc_auc_upset": 0.8214285714285715,
    "rank_mae_pred_vs_playoff_final_results": 6.800000190734863,
    "rank_rmse_pred_vs_playoff_final_results": 8.504900932312012,
    "rank_mae_eos_standings_vs_playoff_final_results": 3.1333333333333333,
    "rank_rmse_eos_standings_vs_playoff_final_results": 4.449719092257398,
    "playoff_metrics": {
      "spearman_pred_vs_playoff_final_results": 0.5127919911012235,
      "ndcg_at_4_final_four": 0.4643812234227066,
      "ndcg10_pred_vs_playoff_final_results": 0.48375402593774003,
      "brier_championship_odds": 0.03222232684493065,
      "rank_mae_pred_vs_playoff_final_results": 6.800000190734863,
      "rank_rmse_pred_vs_playoff_final_results": 8.504900932312012,
      "rank_mae_eos_standings_vs_playoff_final_results": 3.1333333333333333,
      "rank_rmse_eos_standings_vs_playoff_final_results": 4.449719092257398
    }
  },
  "test_metrics_model_a": {
    "ndcg": 0.48376685268420483,
    "spearman": 0.5172413793103449,
    "mrr_top2": 0.5,
    "mrr_top4": 0.5,
    "ndcg10": 0.48376685268420483,
    "ndcg_at_4": 0.4643944167678145,
    "ndcg_at_12": 0.48366190268785364,
    "ndcg_at_16": 0.5275182287972746,
    "ndcg_at_20": 0.5299096089121311,
    "roc_auc_upset": 0.8214285714285715
  },
  "test_metrics_model_b": {
    "ndcg": 0.19904365932022547,
    "spearman": 0.6542825361512792,
    "mrr_top2": 0.14285714285714285,
    "mrr_top4": 0.14285714285714285,
    "ndcg10": 0.19904365932022547,
    "ndcg_at_4": 0.04166423104576856,
    "ndcg_at_12": 0.3746244953841397,
    "ndcg_at_16": 0.39542988034308885,
    "ndcg_at_20": 0.3954284309797705,
    "roc_auc_upset": 0.7678571428571429
  },
  "test_metrics_model_c": {
    "ndcg": 0.05124995751403931,
    "spearman": 0.30189098998887653,
    "mrr_top2": 0.0625,
    "mrr_top4": 0.2,
    "ndcg10": 0.05124995751403931,
    "ndcg_at_4": 0.00711064040423231,
    "ndcg_at_12": 0.056899138174850025,
    "ndcg_at_16": 0.1769467286075223,
    "ndcg_at_20": 0.17934445367388585,
    "roc_auc_upset": 0.8258928571428571
  },
  "test_metrics_by_conference": {
    "E": {
      "ndcg": 0.2702536455996532,
      "spearman": 0.2821428571428571
    },
    "W": {
      "ndcg": 0.7377683051579114,
      "spearman": 0.6857142857142856
    }
  },
  "notes": {
    "eos_rank_source": "eos_final_rank"
  }
}