{
  "notes": {
    "eval_on": "test",
    "eos_rank_source": "eos_final_rank",
    "upset_definition": "sleeper = EOS_global_rank > predicted_strength",
    "mrr_top2": "1/rank of first team in top 2 (champion+runner-up) in predicted order.",
    "mrr_top4": "1/rank of first team in top 4 (conference finals) in predicted order.",
    "per_conference_relevance": "Within E/W: actual rank derived from EOS_global_rank (1=best in conf); NDCG/Spearman use this relevance.",
    "playoff_metrics": "Spearman (pred global vs playoff_final_results), NDCG@4 (final four), Brier (champion vs odds). rank_mae/rank_rmse: pred vs playoff_final_results; eos_standings vs playoff_final_results (baseline)."
  },
  "split_info": {
    "train_frac": 0.75,
    "n_train_dates": 141,
    "n_test_dates": 36,
    "split_mode": "seasons"
  },
  "test_metrics_ensemble": {
    "ndcg": 0.48376685268420483,
    "spearman": 0.5172413793103449,
    "mrr_top2": 0.5,
    "mrr_top4": 0.5,
    "ndcg10": 0.48376685268420483,
    "ndcg_at_4": 0.4643944167678145,
    "ndcg_at_12": 0.48366190268785364,
    "ndcg_at_16": 0.5275182287972746,
    "ndcg_at_20": 0.5299096089121311,
    "roc_auc_upset": 0.8214285714285715,
    "rank_mae_pred_vs_playoff_final_results": 6.800000190734863,
    "rank_rmse_pred_vs_playoff_final_results": 8.504900932312012,
    "rank_mae_eos_standings_vs_playoff_final_results": 3.1333333333333333,
    "rank_rmse_eos_standings_vs_playoff_final_results": 4.449719092257398,
    "playoff_metrics": {
      "spearman_pred_vs_playoff_final_results": 0.5127919911012235,
      "ndcg_at_4_final_four": 0.4643812234227066,
      "ndcg10_pred_vs_playoff_final_results": 0.48375402593774003,
      "brier_championship_odds": 0.03222232684493065,
      "rank_mae_pred_vs_playoff_final_results": 6.800000190734863,
      "rank_rmse_pred_vs_playoff_final_results": 8.504900932312012,
      "rank_mae_eos_standings_vs_playoff_final_results": 3.1333333333333333,
      "rank_rmse_eos_standings_vs_playoff_final_results": 4.449719092257398
    }
  },
  "test_metrics_model_a": {
    "ndcg": 0.48376685268420483,
    "spearman": 0.5172413793103449,
    "mrr_top2": 0.5,
    "mrr_top4": 0.5,
    "ndcg10": 0.48376685268420483,
    "ndcg_at_4": 0.4643944167678145,
    "ndcg_at_12": 0.48366190268785364,
    "ndcg_at_16": 0.5275182287972746,
    "ndcg_at_20": 0.5299096089121311,
    "roc_auc_upset": 0.8214285714285715
  },
  "test_metrics_model_b": {
    "ndcg": 0.19904365932022547,
    "spearman": 0.6542825361512792,
    "mrr_top2": 0.14285714285714285,
    "mrr_top4": 0.14285714285714285,
    "ndcg10": 0.19904365932022547,
    "ndcg_at_4": 0.04166423104576856,
    "ndcg_at_12": 0.3746244953841397,
    "ndcg_at_16": 0.39542988034308885,
    "ndcg_at_20": 0.3954284309797705,
    "roc_auc_upset": 0.7678571428571429
  },
  "test_metrics_model_c": {
    "ndcg": 0.05124995751403931,
    "spearman": 0.30189098998887653,
    "mrr_top2": 0.0625,
    "mrr_top4": 0.2,
    "ndcg10": 0.05124995751403931,
    "ndcg_at_4": 0.00711064040423231,
    "ndcg_at_12": 0.056899138174850025,
    "ndcg_at_16": 0.1769467286075223,
    "ndcg_at_20": 0.17934445367388585,
    "roc_auc_upset": 0.8258928571428571
  },
  "test_metrics_by_conference": {
    "E": {
      "ndcg": 0.2702536455996532,
      "spearman": 0.2821428571428571
    },
    "W": {
      "ndcg": 0.7377683051579114,
      "spearman": 0.6857142857142856
    }
  },
  "by_season": {
    "2023-24": {
      "test_metrics_ensemble": {
        "ndcg": 0.5689850740487835,
        "spearman": 0.3993325917686318,
        "mrr_top2": 1.0,
        "mrr_top4": 1.0,
        "ndcg10": 0.5689850740487835,
        "ndcg_at_4": 0.35315119534797357,
        "ndcg_at_12": 0.6141373994429511,
        "ndcg_at_16": 0.6147174168160117,
        "ndcg_at_20": 0.6147239858157139,
        "roc_auc_upset": 0.6968325791855203,
        "rank_mae_pred_vs_playoff_final_results": 7.333333492279053,
        "rank_rmse_pred_vs_playoff_final_results": 9.486832618713379,
        "rank_mae_eos_standings_vs_playoff_final_results": 3.7333333333333334,
        "rank_rmse_eos_standings_vs_playoff_final_results": 6.093712606722878,
        "playoff_metrics": {
          "spearman_pred_vs_playoff_final_results": 0.46651835372636263,
          "ndcg_at_4_final_four": 0.35315119534797357,
          "ndcg10_pred_vs_playoff_final_results": 0.5689914173337606,
          "brier_championship_odds": 0.03222232684493065,
          "rank_mae_pred_vs_playoff_final_results": 7.333333492279053,
          "rank_rmse_pred_vs_playoff_final_results": 9.486832618713379,
          "rank_mae_eos_standings_vs_playoff_final_results": 3.7333333333333334,
          "rank_rmse_eos_standings_vs_playoff_final_results": 6.093712606722878
        }
      },
      "test_metrics_model_a": {
        "ndcg": 0.5688385232328369,
        "spearman": 0.39443826473859844,
        "mrr_top2": 1.0,
        "mrr_top4": 1.0,
        "ndcg10": 0.5688385232328369,
        "ndcg_at_4": 0.35315119534797357,
        "ndcg_at_12": 0.6139908871210936,
        "ndcg_at_16": 0.6145709157325229,
        "ndcg_at_20": 0.6145773385187787,
        "roc_auc_upset": 0.7013574660633484
      },
      "test_metrics_model_b": {
        "ndcg": 0.8016865597842008,
        "spearman": 0.43804226918798667,
        "mrr_top2": 1.0,
        "mrr_top4": 1.0,
        "ndcg10": 0.8016865597842008,
        "ndcg_at_4": 0.6907114070725182,
        "ndcg_at_12": 0.8015001763761989,
        "ndcg_at_16": 0.8015206874485308,
        "ndcg_at_20": 0.8439584023268603,
        "roc_auc_upset": 0.7692307692307693
      },
      "test_metrics_model_c": {
        "ndcg": 0.333487026575135,
        "spearman": 0.23159065628476083,
        "mrr_top2": 0.16666666666666666,
        "mrr_top4": 0.16666666666666666,
        "ndcg10": 0.333487026575135,
        "ndcg_at_4": 0.0011069724610271625,
        "ndcg_at_12": 0.33890731926775686,
        "ndcg_at_16": 0.35966393831396193,
        "ndcg_at_20": 0.3699999322309346,
        "roc_auc_upset": 0.7633928571428571
      },
      "test_metrics_by_conference": {
        "E": {
          "ndcg": 0.4083672068826328,
          "spearman": 0.2964285714285714
        },
        "W": {
          "ndcg": 0.9157616783996569,
          "spearman": 0.47142857142857136
        }
      },
      "notes": {
        "eos_rank_source": "eos_final_rank"
      }
    },
    "2024-25": {
      "test_metrics_ensemble": {
        "ndcg": 0.48376685268420483,
        "spearman": 0.5172413793103449,
        "mrr_top2": 0.5,
        "mrr_top4": 0.5,
        "ndcg10": 0.48376685268420483,
        "ndcg_at_4": 0.4643944167678145,
        "ndcg_at_12": 0.48366190268785364,
        "ndcg_at_16": 0.5275182287972746,
        "ndcg_at_20": 0.5299096089121311,
        "roc_auc_upset": 0.8214285714285715,
        "rank_mae_pred_vs_playoff_final_results": 6.800000190734863,
        "rank_rmse_pred_vs_playoff_final_results": 8.504900932312012,
        "rank_mae_eos_standings_vs_playoff_final_results": 3.1333333333333333,
        "rank_rmse_eos_standings_vs_playoff_final_results": 4.449719092257398,
        "playoff_metrics": {
          "spearman_pred_vs_playoff_final_results": 0.5127919911012235,
          "ndcg_at_4_final_four": 0.4643812234227066,
          "ndcg10_pred_vs_playoff_final_results": 0.48375402593774003,
          "brier_championship_odds": 0.03222232684493065,
          "rank_mae_pred_vs_playoff_final_results": 6.800000190734863,
          "rank_rmse_pred_vs_playoff_final_results": 8.504900932312012,
          "rank_mae_eos_standings_vs_playoff_final_results": 3.1333333333333333,
          "rank_rmse_eos_standings_vs_playoff_final_results": 4.449719092257398
        }
      },
      "test_metrics_model_a": {
        "ndcg": 0.48376685268420483,
        "spearman": 0.5172413793103449,
        "mrr_top2": 0.5,
        "mrr_top4": 0.5,
        "ndcg10": 0.48376685268420483,
        "ndcg_at_4": 0.4643944167678145,
        "ndcg_at_12": 0.48366190268785364,