{
  "test_metrics_ensemble": {
    "ndcg": 0.558299719103666,
    "spearman": 0.4309232480533926,
    "mrr_top2": 1.0,
    "mrr_top4": 1.0,
    "ndcg10": 0.558299719103666,
    "ndcg_at_4": 0.35315119534797357,
    "ndcg_at_12": 0.6034582310559956,
    "ndcg_at_16": 0.6053025987229635,
    "ndcg_at_20": 0.6053095353048688,
    "roc_auc_upset": 0.7737556561085973,
    "rank_mae_pred_vs_playoff_final_results": 7.266666889190674,
    "rank_rmse_pred_vs_playoff_final_results": 9.23399543762207,
    "rank_mae_eos_standings_vs_playoff_final_results": 3.7333333333333334,
    "rank_rmse_eos_standings_vs_playoff_final_results": 6.093712606722878,
    "playoff_metrics": {
      "spearman_pred_vs_playoff_final_results": 0.46562847608453833,
      "ndcg_at_4_final_four": 0.35315119534797357,
      "ndcg10_pred_vs_playoff_final_results": 0.5583047311722473,
      "brier_championship_odds": 0.03222232684493065,
      "rank_mae_pred_vs_playoff_final_results": 7.266666889190674,
      "rank_rmse_pred_vs_playoff_final_results": 9.23399543762207,
      "rank_mae_eos_standings_vs_playoff_final_results": 3.7333333333333334,
      "rank_rmse_eos_standings_vs_playoff_final_results": 6.093712606722878
    }
  },
  "test_metrics_model_a": {
    "ndcg": 0.5489227567395806,
    "spearman": 0.4122358175750834,
    "mrr_top2": 1.0,
    "mrr_top4": 1.0,
    "ndcg10": 0.5489227567395806,
    "ndcg_at_4": 0.35315119534797357,
    "ndcg_at_12": 0.5940837317121445,
    "ndcg_at_16": 0.5959288184591104,
    "ndcg_at_20": 0.5959356220321553,
    "roc_auc_upset": 0.7873303167420814
  },
  "test_metrics_model_b": {
    "ndcg": 0.8167762461145109,
    "spearman": 0.46562847608453833,
    "mrr_top2": 1.0,
    "mrr_top4": 1.0,
    "ndcg10": 0.8167762461145109,
    "ndcg_at_4": 0.7116242168324007,
    "ndcg_at_12": 0.8165844941649958,
    "ndcg_at_16": 0.8215738168566725,
    "ndcg_at_20": 0.8585461734878044,
    "roc_auc_upset": 0.751131221719457
  },
  "test_metrics_model_c": {
    "ndcg": 0.3335099094849099,
    "spearman": 0.23559510567296996,
    "mrr_top2": 0.16666666666666666,
    "mrr_top4": 0.16666666666666666,
    "ndcg10": 0.3335099094849099,
    "ndcg_at_4": 0.0011069724610271625,
    "ndcg_at_12": 0.3389081203242068,
    "ndcg_at_16": 0.3596647393089661,
    "ndcg_at_20": 0.3700007332224158,
    "roc_auc_upset": 0.7633928571428571
  },
  "test_metrics_by_conference": {
    "E": {
      "ndcg": 0.38363726287645844,
      "spearman": 0.2178571428571428
    },
    "W": {
      "ndcg": 0.9225294911076742,
      "spearman": 0.6035714285714285
    }
  },
  "notes": {
    "eos_rank_source": "eos_final_rank"
  }
}