{
  "test_metrics_ensemble": {
    "ndcg": 0.48192132008558364,
    "spearman": 0.46785317018909905,
    "mrr_top2": 0.5,
    "mrr_top4": 0.5,
    "ndcg10": 0.48192132008558364,
    "ndcg_at_4": 0.4643944167678145,
    "ndcg_at_12": 0.4821700683338399,
    "ndcg_at_16": 0.5260265088758513,
    "ndcg_at_20": 0.5283769833423345,
    "roc_auc_upset": 0.7723214285714286,
    "rank_mae_pred_vs_playoff_final_results": 7.066666603088379,
    "rank_rmse_pred_vs_playoff_final_results": 8.929351806640625,
    "rank_mae_eos_standings_vs_playoff_final_results": 3.1333333333333333,
    "rank_rmse_eos_standings_vs_playoff_final_results": 4.449719092257398,
    "playoff_metrics": {
      "spearman_pred_vs_playoff_final_results": 0.457174638487208,
      "ndcg_at_4_final_four": 0.4643812234227066,
      "ndcg10_pred_vs_playoff_final_results": 0.48190795029054395,
      "brier_championship_odds": 0.03222232684493065,
      "rank_mae_pred_vs_playoff_final_results": 7.066666603088379,
      "rank_rmse_pred_vs_playoff_final_results": 8.929351806640625,
      "rank_mae_eos_standings_vs_playoff_final_results": 3.1333333333333333,
      "rank_rmse_eos_standings_vs_playoff_final_results": 4.449719092257398
    }
  },
  "test_metrics_model_a": {
    "ndcg": 0.48192132008558364,
    "spearman": 0.46785317018909905,
    "mrr_top2": 0.5,
    "mrr_top4": 0.5,
    "ndcg10": 0.48192132008558364,
    "ndcg_at_4": 0.4643944167678145,
    "ndcg_at_12": 0.4821700683338399,
    "ndcg_at_16": 0.5260265088758513,
    "ndcg_at_20": 0.5283769833423345,
    "roc_auc_upset": 0.7723214285714286
  },
  "test_metrics_model_b": {
    "ndcg": 0.17990443205154372,
    "spearman": 0.5630700778642936,
    "mrr_top2": 0.25,
    "mrr_top4": 0.25,
    "ndcg10": 0.17990443205154372,
    "ndcg_at_4": 0.16775742802418675,
    "ndcg_at_12": 0.1799456555217684,
    "ndcg_at_16": 0.2429217638234685,
    "ndcg_at_20": 0.39868869176866634,
    "roc_auc_upset": 0.7777777777777778
  },
  "test_metrics_model_c": {
    "ndcg": 0.05124995751403931,
    "spearman": 0.30233592880978866,
    "mrr_top2": 0.06666666666666667,
    "mrr_top4": 0.2,
    "ndcg10": 0.05124995751403931,
    "ndcg_at_4": 0.00711064040423231,
    "ndcg_at_12": 0.056899138174850025,
    "ndcg_at_16": 0.17781540372208415,
    "ndcg_at_20": 0.18021312496782235,
    "roc_auc_upset": 0.8258928571428571
  },
  "test_metrics_by_conference": {
    "E": {
      "ndcg": 0.2509381698363965,
      "spearman": 0.1857142857142857
    },
    "W": {
      "ndcg": 0.7519554106097529,
      "spearman": 0.7035714285714285
    }
  },
  "notes": {
    "eos_rank_source": "eos_final_rank"
  }
}