{
  "test_metrics_ensemble": {
    "ndcg": 0.48605255122469226,
    "spearman": 0.4553948832035596,
    "mrr_top2": 0.5,
    "mrr_top4": 0.5,
    "ndcg10": 0.48605255122469226,
    "ndcg_at_4": 0.46413178800929983,
    "ndcg_at_12": 0.48630021433412707,
    "ndcg_at_16": 0.530156338069313,
    "ndcg_at_20": 0.5325431896873765,
    "roc_auc_upset": 0.7678571428571428,
    "rank_mae_pred_vs_playoff_final_results": 7.0,
    "rank_rmse_pred_vs_playoff_final_results": 9.033271789550781,
    "rank_mae_eos_standings_vs_playoff_final_results": 3.1333333333333333,
    "rank_rmse_eos_standings_vs_playoff_final_results": 4.449719092257398,
    "playoff_metrics": {
      "spearman_pred_vs_playoff_final_results": 0.46696329254727476,
      "ndcg_at_4_final_four": 0.4641317622410477,
      "ndcg10_pred_vs_playoff_final_results": 0.48604260571600433,
      "brier_championship_odds": 0.03222232684493065,
      "rank_mae_pred_vs_playoff_final_results": 7.0,
      "rank_rmse_pred_vs_playoff_final_results": 9.033271789550781,
      "rank_mae_eos_standings_vs_playoff_final_results": 3.1333333333333333,
      "rank_rmse_eos_standings_vs_playoff_final_results": 4.449719092257398
    }
  },
  "test_metrics_model_a": {
    "ndcg": 0.48605255122469226,
    "spearman": 0.4553948832035596,
    "mrr_top2": 0.5,
    "mrr_top4": 0.5,
    "ndcg10": 0.48605255122469226,
    "ndcg_at_4": 0.46413178800929983,
    "ndcg_at_12": 0.48630021433412707,
    "ndcg_at_16": 0.530156338069313,
    "ndcg_at_20": 0.5325431896873765,
    "roc_auc_upset": 0.7678571428571428
  },
  "test_metrics_model_b": {
    "ndcg": 0.1661173256008038,
    "spearman": 0.5506117908787541,
    "mrr_top2": 0.2,
    "mrr_top4": 0.2,
    "ndcg10": 0.1661173256008038,
    "ndcg_at_4": 0.04029517653159447,
    "ndcg_at_12": 0.166162170491361,
    "ndcg_at_16": 0.2296221400674144,
    "ndcg_at_20": 0.3775023184673909,
    "roc_auc_upset": 0.8235294117647058
  },
  "test_metrics_model_c": {
    "ndcg": 0.05124270050332162,
    "spearman": 0.29521690767519465,
    "mrr_top2": 0.06666666666666667,
    "mrr_top4": 0.2,
    "ndcg10": 0.05124270050332162,
    "ndcg_at_4": 0.00711064040423231,
    "ndcg_at_12": 0.05689188307031086,
    "ndcg_at_16": 0.17780814917405477,
    "ndcg_at_20": 0.18020587045170006,
    "roc_auc_upset": 0.8258928571428571
  },
  "test_metrics_by_conference": {
    "E": {
      "ndcg": 0.24218737023648784,
      "spearman": 0.20357142857142854
    },
    "W": {
      "ndcg": 0.7723194325143398,
      "spearman": 0.6535714285714285
    }
  },
  "notes": {
    "eos_rank_source": "eos_final_rank"
  }
}