{
  "notes": {
    "eval_on": "test",
    "eos_rank_source": "eos_final_rank",
    "upset_definition": "sleeper = EOS_global_rank > predicted_strength",
    "mrr_top2": "1/rank of first team in top 2 (champion+runner-up) in predicted order.",
    "mrr_top4": "1/rank of first team in top 4 (conference finals) in predicted order.",
    "per_conference_relevance": "Within E/W: actual rank derived from EOS_global_rank (1=best in conf); NDCG/Spearman use this relevance.",
    "playoff_metrics": "Spearman (pred global vs playoff_final_results), NDCG@4 (final four), Brier (champion vs odds). rank_mae/rank_rmse: pred vs playoff_final_results; eos_standings vs playoff_final_results (baseline)."
  },
  "split_info": {
    "train_frac": 0.75,
    "n_train_dates": 141,
    "n_test_dates": 36,
    "split_mode": "seasons"
  },
  "test_metrics_ensemble": {
    "ndcg": 0.4825540721782275,
    "spearman": 0.42335928809788653,
    "mrr_top2": 0.5,
    "mrr_top4": 0.5,
    "ndcg10": 0.4825540721782275,
    "ndcg_at_4": 0.4643944167678145,
    "ndcg_at_12": 0.4827813928463323,
    "ndcg_at_16": 0.525416405604153,
    "ndcg_at_20": 0.5289569677018198,
    "roc_auc_upset": 0.7918552036199096,
    "rank_mae_pred_vs_playoff_final_results": 7.400000095367432,
    "rank_rmse_pred_vs_playoff_final_results": 9.295160293579102,
    "rank_mae_eos_standings_vs_playoff_final_results": 3.1333333333333333,
    "rank_rmse_eos_standings_vs_playoff_final_results": 4.449719092257398,
    "playoff_metrics": {
      "spearman_pred_vs_playoff_final_results": 0.421579532814238,
      "ndcg_at_4_final_four": 0.4643812234227066,
      "ndcg10_pred_vs_playoff_final_results": 0.48254068014009394,
      "brier_championship_odds": 0.03222232684493065,
      "rank_mae_pred_vs_playoff_final_results": 7.400000095367432,
      "rank_rmse_pred_vs_playoff_final_results": 9.295160293579102,
      "rank_mae_eos_standings_vs_playoff_final_results": 3.1333333333333333,
      "rank_rmse_eos_standings_vs_playoff_final_results": 4.449719092257398
    }
  },
  "test_metrics_model_a": {
    "ndcg": 0.4825540721782275,
    "spearman": 0.42335928809788653,
    "mrr_top2": 0.5,
    "mrr_top4": 0.5,
    "ndcg10": 0.4825540721782275,
    "ndcg_at_4": 0.4643944167678145,
    "ndcg_at_12": 0.4827813928463323,
    "ndcg_at_16": 0.525416405604153,
    "ndcg_at_20": 0.5289569677018198,
    "roc_auc_upset": 0.7918552036199096
  },
  "test_metrics_model_b": {
    "ndcg": 0.2143905751708314,
    "spearman": 0.6084538375973303,
    "mrr_top2": 0.2,
    "mrr_top4": 0.2,
    "ndcg10": 0.2143905751708314,
    "ndcg_at_4": 0.04166423104576856,
    "ndcg_at_12": 0.21434532360921518,
    "ndcg_at_16": 0.39468495125081937,
    "ndcg_at_20": 0.3946840970494148,
    "roc_auc_upset": 0.7678571428571428
  },
  "test_metrics_model_c": {
    "ndcg": 0.05124995751403931,
    "spearman": 0.307230255839822,
    "mrr_top2": 0.0625,
    "mrr_top4": 0.2,
    "ndcg10": 0.05124995751403931,
    "ndcg_at_4": 0.00711064040423231,
    "ndcg_at_12": 0.056899138174850025,
    "ndcg_at_16": 0.1769467286075223,
    "ndcg_at_20": 0.17934460063934335,
    "roc_auc_upset": 0.8214285714285714
  },
  "test_metrics_by_conference": {
    "E": {
      "ndcg": 0.25813788295657203,
      "spearman": 0.20357142857142854
    },
    "W": {
      "ndcg": 0.7504940786340119,
      "spearman": 0.6392857142857141
    }
  },
  "by_season": {
    "2023-24": {
      "test_metrics_ensemble": {
        "ndcg": 0.3985009198133553,
        "spearman": 0.3423804226918799,
        "mrr_top2": 1.0,
        "mrr_top4": 1.0,
        "ndcg10": 0.3985009198133553,
        "ndcg_at_4": 0.33513898093933947,
        "ndcg_at_12": 0.5739408942258768,
        "ndcg_at_16": 0.5752360289753795,
        "ndcg_at_20": 0.5758309022890922,
        "roc_auc_upset": 0.7285067873303167,
        "rank_mae_pred_vs_playoff_final_results": 7.933333396911621,
        "rank_rmse_pred_vs_playoff_final_results": 9.926395416259766,
        "rank_mae_eos_standings_vs_playoff_final_results": 3.7333333333333334,
        "rank_rmse_eos_standings_vs_playoff_final_results": 6.093712606722878,
        "playoff_metrics": {
          "spearman_pred_vs_playoff_final_results": 0.364182424916574,
          "ndcg_at_4_final_four": 0.33513815635527017,
          "ndcg10_pred_vs_playoff_final_results": 0.3985060876448604,
          "brier_championship_odds": 0.03222232684493065,
          "rank_mae_pred_vs_playoff_final_results": 7.933333396911621,
          "rank_rmse_pred_vs_playoff_final_results": 9.926395416259766,
          "rank_mae_eos_standings_vs_playoff_final_results": 3.7333333333333334,
          "rank_rmse_eos_standings_vs_playoff_final_results": 6.093712606722878
        }
      },
      "test_metrics_model_a": {
        "ndcg": 0.3985009198133553,
        "spearman": 0.3423804226918799,
        "mrr_top2": 1.0,
        "mrr_top4": 1.0,
        "ndcg10": 0.3985009198133553,
        "ndcg_at_4": 0.33513898093933947,
        "ndcg_at_12": 0.5739408942258768,
        "ndcg_at_16": 0.5752360289753795,
        "ndcg_at_20": 0.5758309022890922,
        "roc_auc_upset": 0.7285067873303167
      },
      "test_metrics_model_b": {
        "ndcg": 0.8062814887710054,
        "spearman": 0.3081201334816463,
        "mrr_top2": 1.0,
        "mrr_top4": 1.0,
        "ndcg10": 0.8062814887710054,
        "ndcg_at_4": 0.7116242168324007,
        "ndcg_at_12": 0.8060918241270864,
        "ndcg_at_16": 0.8060333363503007,
        "ndcg_at_20": 0.8107292138121414,
        "roc_auc_upset": 0.8190045248868778
      },
      "test_metrics_model_c": {
        "ndcg": 0.333487026575135,
        "spearman": 0.23159065628476083,
        "mrr_top2": 0.16666666666666666,
        "mrr_top4": 0.16666666666666666,
        "ndcg10": 0.333487026575135,
        "ndcg_at_4": 0.0011069724610271625,
        "ndcg_at_12": 0.33890731926775686,
        "ndcg_at_16": 0.35966393831396193,
        "ndcg_at_20": 0.3699999322309346,
        "roc_auc_upset": 0.7633928571428571
      },
      "test_metrics_by_conference": {
        "E": {
          "ndcg": 0.3646489938250333,
          "spearman": 0.1607142857142857
        },
        "W": {
          "ndcg": 0.922273612311482,
          "spearman": 0.5357142857142856
        }
      },
      "notes": {
        "eos_rank_source": "eos_final_rank"
      }
    },
    "2024-25": {
      "test_metrics_ensemble": {
        "ndcg": 0.4825540721782275,
        "spearman": 0.42335928809788653,
        "mrr_top2": 0.5,
        "mrr_top4": 0.5,
        "ndcg10": 0.4825540721782275,
        "ndcg_at_4": 0.4643944167678145,
        "ndcg_at_12": 0.4827813928463323,
        "ndcg_at_16": 0.525416405604153,
        "ndcg_at_20": 0.5289569677018198,
        "roc_auc_upset": 0.7918552036199096,
        "rank_mae_pred_vs_playoff_final_results": 7.400000095367432,
        "rank_rmse_pred_vs_playoff_final_results": 9.295160293579102,
        "rank_mae_eos_standings_vs_playoff_final_results": 3.1333333333333333,
        "rank_rmse_eos_standings_vs_playoff_final_results": 4.449719092257398,
        "playoff_metrics": {
          "spearman_pred_vs_playoff_final_results": 0.421579532814238,
          "ndcg_at_4_final_four": 0.4643812234227066,
          "ndcg10_pred_vs_playoff_final_results": 0.48254068014009394,
          "brier_championship_odds": 0.03222232684493065,
          "rank_mae_pred_vs_playoff_final_results": 7.400000095367432,
          "rank_rmse_pred_vs_playoff_final_results": 9.295160293579102,
          "rank_mae_eos_standings_vs_playoff_final_results": 3.1333333333333333,
          "rank_rmse_eos_standings_vs_playoff_final_results": 4.449719092257398
        }
      },
      "test_metrics_model_a": {
        "ndcg": 0.4825540721782275,
        "spearman": 0.42335928809788653,
        "mrr_top2": 0.5,
        "mrr_top4": 0.5,
        "ndcg10": 0.4825540721782275,
        "ndcg_at_4": 0.4643944167678145,
        "ndcg_at_12": 0.4827813928463323,
        "ndcg_at_16": 0.525416405604153,