{
  "test_metrics_ensemble": {
    "ndcg": 0.3985009198133553,
    "spearman": 0.3423804226918799,
    "mrr_top2": 1.0,
    "mrr_top4": 1.0,
    "ndcg10": 0.3985009198133553,
    "ndcg_at_4": 0.33513898093933947,
    "ndcg_at_12": 0.5739408942258768,
    "ndcg_at_16": 0.5752360289753795,
    "ndcg_at_20": 0.5758309022890922,
    "roc_auc_upset": 0.7285067873303167,
    "rank_mae_pred_vs_playoff_final_results": 7.933333396911621,
    "rank_rmse_pred_vs_playoff_final_results": 9.926395416259766,
    "rank_mae_eos_standings_vs_playoff_final_results": 3.7333333333333334,
    "rank_rmse_eos_standings_vs_playoff_final_results": 6.093712606722878,
    "playoff_metrics": {
      "spearman_pred_vs_playoff_final_results": 0.364182424916574,
      "ndcg_at_4_final_four": 0.33513815635527017,
      "ndcg10_pred_vs_playoff_final_results": 0.3985060876448604,
      "brier_championship_odds": 0.03222232684493065,
      "rank_mae_pred_vs_playoff_final_results": 7.933333396911621,
      "rank_rmse_pred_vs_playoff_final_results": 9.926395416259766,
      "rank_mae_eos_standings_vs_playoff_final_results": 3.7333333333333334,
      "rank_rmse_eos_standings_vs_playoff_final_results": 6.093712606722878
    }
  },
  "test_metrics_model_a": {
    "ndcg": 0.3985009198133553,
    "spearman": 0.3423804226918799,
    "mrr_top2": 1.0,
    "mrr_top4": 1.0,
    "ndcg10": 0.3985009198133553,
    "ndcg_at_4": 0.33513898093933947,
    "ndcg_at_12": 0.5739408942258768,
    "ndcg_at_16": 0.5752360289753795,
    "ndcg_at_20": 0.5758309022890922,
    "roc_auc_upset": 0.7285067873303167
  },
  "test_metrics_model_b": {
    "ndcg": 0.8062814887710054,
    "spearman": 0.3081201334816463,
    "mrr_top2": 1.0,
    "mrr_top4": 1.0,
    "ndcg10": 0.8062814887710054,
    "ndcg_at_4": 0.7116242168324007,
    "ndcg_at_12": 0.8060918241270864,
    "ndcg_at_16": 0.8060333363503007,
    "ndcg_at_20": 0.8107292138121414,
    "roc_auc_upset": 0.8190045248868778
  },
  "test_metrics_model_c": {
    "ndcg": 0.333487026575135,
    "spearman": 0.23159065628476083,
    "mrr_top2": 0.16666666666666666,
    "mrr_top4": 0.16666666666666666,
    "ndcg10": 0.333487026575135,
    "ndcg_at_4": 0.0011069724610271625,
    "ndcg_at_12": 0.33890731926775686,
    "ndcg_at_16": 0.35966393831396193,
    "ndcg_at_20": 0.3699999322309346,
    "roc_auc_upset": 0.7633928571428571
  },
  "test_metrics_by_conference": {
    "E": {
      "ndcg": 0.3646489938250333,
      "spearman": 0.1607142857142857
    },
    "W": {
      "ndcg": 0.922273612311482,
      "spearman": 0.5357142857142856
    }
  },
  "notes": {
    "eos_rank_source": "eos_final_rank"
  }
}