{
  "test_metrics_ensemble": {
    "ndcg": 0.4825540721782275,
    "spearman": 0.42335928809788653,
    "mrr_top2": 0.5,
    "mrr_top4": 0.5,
    "ndcg10": 0.4825540721782275,
    "ndcg_at_4": 0.4643944167678145,
    "ndcg_at_12": 0.4827813928463323,
    "ndcg_at_16": 0.525416405604153,
    "ndcg_at_20": 0.5289569677018198,
    "roc_auc_upset": 0.7918552036199096,
    "rank_mae_pred_vs_playoff_final_results": 7.400000095367432,
    "rank_rmse_pred_vs_playoff_final_results": 9.295160293579102,
    "rank_mae_eos_standings_vs_playoff_final_results": 3.1333333333333333,
    "rank_rmse_eos_standings_vs_playoff_final_results": 4.449719092257398,
    "playoff_metrics": {
      "spearman_pred_vs_playoff_final_results": 0.421579532814238,
      "ndcg_at_4_final_four": 0.4643812234227066,
      "ndcg10_pred_vs_playoff_final_results": 0.48254068014009394,
      "brier_championship_odds": 0.03222232684493065,
      "rank_mae_pred_vs_playoff_final_results": 7.400000095367432,
      "rank_rmse_pred_vs_playoff_final_results": 9.295160293579102,
      "rank_mae_eos_standings_vs_playoff_final_results": 3.1333333333333333,
      "rank_rmse_eos_standings_vs_playoff_final_results": 4.449719092257398
    }
  },
  "test_metrics_model_a": {
    "ndcg": 0.4825540721782275,
    "spearman": 0.42335928809788653,
    "mrr_top2": 0.5,
    "mrr_top4": 0.5,
    "ndcg10": 0.4825540721782275,
    "ndcg_at_4": 0.4643944167678145,
    "ndcg_at_12": 0.4827813928463323,
    "ndcg_at_16": 0.525416405604153,
    "ndcg_at_20": 0.5289569677018198,
    "roc_auc_upset": 0.7918552036199096
  },
  "test_metrics_model_b": {
    "ndcg": 0.2143905751708314,
    "spearman": 0.6084538375973303,
    "mrr_top2": 0.2,
    "mrr_top4": 0.2,
    "ndcg10": 0.2143905751708314,
    "ndcg_at_4": 0.04166423104576856,
    "ndcg_at_12": 0.21434532360921518,
    "ndcg_at_16": 0.39468495125081937,
    "ndcg_at_20": 0.3946840970494148,
    "roc_auc_upset": 0.7678571428571428
  },
  "test_metrics_model_c": {
    "ndcg": 0.05124995751403931,
    "spearman": 0.307230255839822,
    "mrr_top2": 0.0625,
    "mrr_top4": 0.2,
    "ndcg10": 0.05124995751403931,
    "ndcg_at_4": 0.00711064040423231,
    "ndcg_at_12": 0.056899138174850025,
    "ndcg_at_16": 0.1769467286075223,
    "ndcg_at_20": 0.17934460063934335,
    "roc_auc_upset": 0.8214285714285714
  },
  "test_metrics_by_conference": {
    "E": {
      "ndcg": 0.25813788295657203,
      "spearman": 0.20357142857142854
    },
    "W": {
      "ndcg": 0.7504940786340119,
      "spearman": 0.6392857142857141
    }
  },
  "notes": {
    "eos_rank_source": "eos_final_rank"
  }
}