{
  "test_metrics_ensemble": {
    "ndcg": 0.3533305612067864,
    "spearman": 0.40511679644048937,
    "mrr_top2": 1.0,
    "mrr_top4": 1.0,
    "ndcg10": 0.3533305612067864,
    "ndcg_at_4": 0.35315119534797357,
    "ndcg_at_12": 0.5358084034464378,
    "ndcg_at_16": 0.5790398337470646,
    "ndcg_at_20": 0.5790465596646722,
    "roc_auc_upset": 0.7873303167420814,
    "rank_mae_pred_vs_playoff_final_results": 7.599999904632568,
    "rank_rmse_pred_vs_playoff_final_results": 9.441044807434082,
    "rank_mae_eos_standings_vs_playoff_final_results": 3.7333333333333334,
    "rank_rmse_eos_standings_vs_playoff_final_results": 6.093712606722878,
    "playoff_metrics": {
      "spearman_pred_vs_playoff_final_results": 0.43804226918798667,
      "ndcg_at_4_final_four": 0.35315119534797357,
      "ndcg10_pred_vs_playoff_final_results": 0.35333109638866306,
      "brier_championship_odds": 0.03222232684493065,
      "rank_mae_pred_vs_playoff_final_results": 7.599999904632568,
      "rank_rmse_pred_vs_playoff_final_results": 9.441044807434082,
      "rank_mae_eos_standings_vs_playoff_final_results": 3.7333333333333334,
      "rank_rmse_eos_standings_vs_playoff_final_results": 6.093712606722878
    }
  },
  "test_metrics_model_a": {
    "ndcg": 0.3533305612067864,
    "spearman": 0.3971078976640712,
    "mrr_top2": 1.0,
    "mrr_top4": 1.0,
    "ndcg10": 0.3533305612067864,
    "ndcg_at_4": 0.35315119534797357,
    "ndcg_at_12": 0.5358084034464378,
    "ndcg_at_16": 0.5790398337470646,
    "ndcg_at_20": 0.5790465596646722,
    "roc_auc_upset": 0.7918552036199096
  },
  "test_metrics_model_b": {
    "ndcg": 0.8062669745834677,
    "spearman": 0.37352614015572855,
    "mrr_top2": 1.0,
    "mrr_top4": 1.0,
    "ndcg10": 0.8062669745834677,
    "ndcg_at_4": 0.7116242168324007,
    "ndcg_at_12": 0.8060773143904659,
    "ndcg_at_16": 0.8060957853079793,
    "ndcg_at_20": 0.8497307448643513,
    "roc_auc_upset": 0.7155555555555556
  },
  "test_metrics_model_c": {
    "ndcg": 0.333487026575135,
    "spearman": 0.23159065628476083,
    "mrr_top2": 0.16666666666666666,
    "mrr_top4": 0.16666666666666666,
    "ndcg10": 0.333487026575135,
    "ndcg_at_4": 0.0011069724610271625,
    "ndcg_at_12": 0.33890731926775686,
    "ndcg_at_16": 0.35966393831396193,
    "ndcg_at_20": 0.3699999322309346,
    "roc_auc_upset": 0.7633928571428571
  },
  "test_metrics_by_conference": {
    "E": {
      "ndcg": 0.3869402032684001,
      "spearman": 0.30357142857142855
    },
    "W": {
      "ndcg": 0.9151109234285271,
      "spearman": 0.5357142857142856
    }
  },
  "notes": {
    "eos_rank_source": "eos_final_rank"
  }
}