{
  "test_metrics_ensemble": {
    "ndcg": 0.48172116138799365,
    "spearman": 0.4994438264738598,
    "mrr_top2": 0.5,
    "mrr_top4": 0.5,
    "ndcg10": 0.48172116138799365,
    "ndcg_at_4": 0.4643944167678145,
    "ndcg_at_12": 0.48161607910810467,
    "ndcg_at_16": 0.525472562144393,
    "ndcg_at_20": 0.5278639512565442,
    "roc_auc_upset": 0.7911111111111112,
    "rank_mae_pred_vs_playoff_final_results": 7.0,
    "rank_rmse_pred_vs_playoff_final_results": 8.66025447845459,
    "rank_mae_eos_standings_vs_playoff_final_results": 3.1333333333333333,
    "rank_rmse_eos_standings_vs_playoff_final_results": 4.449719092257398,
    "playoff_metrics": {
      "spearman_pred_vs_playoff_final_results": 0.5074527252502781,
      "ndcg_at_4_final_four": 0.4643812234227066,
      "ndcg10_pred_vs_playoff_final_results": 0.48170779182343276,
      "brier_championship_odds": 0.03222232684493065,
      "rank_mae_pred_vs_playoff_final_results": 7.0,
      "rank_rmse_pred_vs_playoff_final_results": 8.66025447845459,
      "rank_mae_eos_standings_vs_playoff_final_results": 3.1333333333333333,
      "rank_rmse_eos_standings_vs_playoff_final_results": 4.449719092257398
    }
  },
  "test_metrics_model_a": {
    "ndcg": 0.48170287831500813,
    "spearman": 0.49543937708565067,
    "mrr_top2": 0.5,
    "mrr_top4": 0.5,
    "ndcg10": 0.48170287831500813,
    "ndcg_at_4": 0.4643944167678145,
    "ndcg_at_12": 0.4815978008374823,
    "ndcg_at_16": 0.525454285275823,
    "ndcg_at_20": 0.5278456744683598,
    "roc_auc_upset": 0.7911111111111112
  },
  "test_metrics_model_b": {
    "ndcg": 0.21441960365664167,
    "spearman": 0.6582869855394883,
    "mrr_top2": 0.2,
    "mrr_top4": 0.2,
    "ndcg10": 0.21441960365664167,
    "ndcg_at_4": 0.04166423104576856,
    "ndcg_at_12": 0.417505571033237,
    "ndcg_at_16": 0.41760455354753906,
    "ndcg_at_20": 0.41760281154847295,
    "roc_auc_upset": 0.7500000000000001
  },
  "test_metrics_model_c": {
    "ndcg": 0.05124995751403931,
    "spearman": 0.30233592880978866,
    "mrr_top2": 0.06666666666666667,
    "mrr_top4": 0.2,
    "ndcg10": 0.05124995751403931,
    "ndcg_at_4": 0.00711064040423231,
    "ndcg_at_12": 0.056899138174850025,
    "ndcg_at_16": 0.17781540372208415,
    "ndcg_at_20": 0.18021312496782235,
    "roc_auc_upset": 0.8258928571428571
  },
  "test_metrics_by_conference": {
    "E": {
      "ndcg": 0.26039942431124874,
      "spearman": 0.2785714285714285
    },
    "W": {
      "ndcg": 0.7278501073653736,
      "spearman": 0.6214285714285712
    }
  },
  "notes": {
    "eos_rank_source": "eos_final_rank"
  }
}