{
  "test_metrics_ensemble": {
    "ndcg": 0.5681869482616433,
    "spearman": 0.40600667408231367,
    "mrr_top2": 1.0,
    "mrr_top4": 1.0,
    "ndcg10": 0.5681869482616433,
    "ndcg_at_4": 0.33513898093933947,
    "ndcg_at_12": 0.5694091470618142,
    "ndcg_at_16": 0.6120172730910044,
    "ndcg_at_20": 0.6126323294714752,
    "roc_auc_upset": 0.6517857142857143,
    "rank_mae_pred_vs_playoff_final_results": 7.400000095367432,
    "rank_rmse_pred_vs_playoff_final_results": 9.433980941772461,
    "rank_mae_eos_standings_vs_playoff_final_results": 3.7333333333333334,
    "rank_rmse_eos_standings_vs_playoff_final_results": 6.093712606722878,
    "playoff_metrics": {
      "spearman_pred_vs_playoff_final_results": 0.4211345939933259,
      "ndcg_at_4_final_four": 0.33513815635527017,
      "ndcg10_pred_vs_playoff_final_results": 0.5681818486975817,
      "brier_championship_odds": 0.03222232684493065,
      "rank_mae_pred_vs_playoff_final_results": 7.400000095367432,
      "rank_rmse_pred_vs_playoff_final_results": 9.433980941772461,
      "rank_mae_eos_standings_vs_playoff_final_results": 3.7333333333333334,
      "rank_rmse_eos_standings_vs_playoff_final_results": 6.093712606722878
    }
  },
  "test_metrics_model_a": {
    "ndcg": 0.5567580959923141,
    "spearman": 0.40333704115684094,
    "mrr_top2": 1.0,
    "mrr_top4": 1.0,
    "ndcg10": 0.5567580959923141,
    "ndcg_at_4": 0.33513898093933947,
    "ndcg_at_12": 0.5579832967768487,
    "ndcg_at_16": 0.6005922992368858,
    "ndcg_at_20": 0.6012074058669199,
    "roc_auc_upset": 0.6517857142857143
  },
  "test_metrics_model_b": {
    "ndcg": 0.5696604880023005,
    "spearman": 0.4513904338153503,
    "mrr_top2": 0.5,
    "mrr_top4": 0.5,
    "ndcg10": 0.5696604880023005,
    "ndcg_at_4": 0.44093212795935904,
    "ndcg_at_12": 0.5695336452513987,
    "ndcg_at_16": 0.6110614720016607,
    "ndcg_at_20": 0.6158275444671611,
    "roc_auc_upset": 0.7782805429864253
  },
  "test_metrics_model_c": {
    "ndcg": 0.333487026575135,
    "spearman": 0.23159065628476083,
    "mrr_top2": 0.16666666666666666,
    "mrr_top4": 0.16666666666666666,
    "ndcg10": 0.333487026575135,
    "ndcg_at_4": 0.0011069724610271625,
    "ndcg_at_12": 0.33890731926775686,
    "ndcg_at_16": 0.35966393831396193,
    "ndcg_at_20": 0.3699999322309346,
    "roc_auc_upset": 0.7633928571428571
  },
  "test_metrics_by_conference": {
    "E": {
      "ndcg": 0.3870089925370491,
      "spearman": 0.28928571428571426
    },
    "W": {
      "ndcg": 0.9151109234285271,
      "spearman": 0.5035714285714286
    }
  },
  "notes": {
    "eos_rank_source": "eos_final_rank"
  }
}