{
  "test_metrics_ensemble": {
    "ndcg": 0.483305987740703,
    "spearman": 0.5030033370411569,
    "mrr_top2": 0.5,
    "mrr_top4": 0.5,
    "ndcg10": 0.483305987740703,
    "ndcg_at_4": 0.46421121466877174,
    "ndcg_at_12": 0.5288217015172106,
    "ndcg_at_16": 0.53004485170477,
    "ndcg_at_20": 0.5324317120766624,
    "roc_auc_upset": 0.8,
    "rank_mae_pred_vs_playoff_final_results": 6.866666793823242,
    "rank_rmse_pred_vs_playoff_final_results": 8.629406929016113,
    "rank_mae_eos_standings_vs_playoff_final_results": 3.1333333333333333,
    "rank_rmse_eos_standings_vs_playoff_final_results": 4.449719092257398,
    "playoff_metrics": {
      "spearman_pred_vs_playoff_final_results": 0.49499443826473855,
      "ndcg_at_4_final_four": 0.46419589766943586,
      "ndcg10_pred_vs_playoff_final_results": 0.48329056015082794,
      "brier_championship_odds": 0.03222232684493065,
      "rank_mae_pred_vs_playoff_final_results": 6.866666793823242,
      "rank_rmse_pred_vs_playoff_final_results": 8.629406929016113,
      "rank_mae_eos_standings_vs_playoff_final_results": 3.1333333333333333,
      "rank_rmse_eos_standings_vs_playoff_final_results": 4.449719092257398
    }
  },
  "test_metrics_model_a": {
    "ndcg": 0.483305987740703,
    "spearman": 0.49321468298109006,
    "mrr_top2": 0.5,
    "mrr_top4": 0.5,
    "ndcg10": 0.483305987740703,
    "ndcg_at_4": 0.46421121466877174,
    "ndcg_at_12": 0.5288217015172106,
    "ndcg_at_16": 0.528803360325352,
    "ndcg_at_20": 0.5324071611289358,
    "roc_auc_upset": 0.8044444444444445
  },
  "test_metrics_model_b": {
    "ndcg": 0.20314400039266522,
    "spearman": 0.5866518353726363,
    "mrr_top2": 0.16666666666666666,
    "mrr_top4": 0.16666666666666666,
    "ndcg10": 0.20314400039266522,
    "ndcg_at_4": 0.04029517653159447,
    "ndcg_at_12": 0.20318741547872898,
    "ndcg_at_16": 0.22453828330165165,
    "ndcg_at_20": 0.3724184547997574,
    "roc_auc_upset": 0.8133333333333334
  },
  "test_metrics_model_c": {
    "ndcg": 0.05124995751403931,
    "spearman": 0.307230255839822,
    "mrr_top2": 0.0625,
    "mrr_top4": 0.2,
    "ndcg10": 0.05124995751403931,
    "ndcg_at_4": 0.00711064040423231,
    "ndcg_at_12": 0.056899138174850025,
    "ndcg_at_16": 0.1769467286075223,
    "ndcg_at_20": 0.17934460063934335,
    "roc_auc_upset": 0.8214285714285714
  },
  "test_metrics_by_conference": {
    "E": {
      "ndcg": 0.2802903495858921,
      "spearman": 0.30357142857142855
    },
    "W": {
      "ndcg": 0.7504940786340119,
      "spearman": 0.6749999999999999
    }
  },
  "notes": {
    "eos_rank_source": "eos_final_rank"
  }
}