{
  "test_metrics_ensemble": {
    "ndcg": 0.4832600577894308,
    "spearman": 0.49855394883203563,
    "mrr_top2": 0.5,
    "mrr_top4": 0.5,
    "ndcg10": 0.4832600577894308,
    "ndcg_at_4": 0.4732201012417847,
    "ndcg_at_12": 0.48313381215227336,
    "ndcg_at_16": 0.526072133973926,
    "ndcg_at_20": 0.5301891274080569,
    "roc_auc_upset": 0.7544642857142858,
    "rank_mae_pred_vs_playoff_final_results": 7.0,
    "rank_rmse_pred_vs_playoff_final_results": 8.667948722839355,
    "rank_mae_eos_standings_vs_playoff_final_results": 3.1333333333333333,
    "rank_rmse_eos_standings_vs_playoff_final_results": 4.449719092257398,
    "spearman_standings": -0.5546162402669632,
    "ndcg10_standings": 0.5032938281373388,
    "ndcg_at_4_standings": 0.5178046098648476,
    "ndcg_at_16_standings": 0.5164232605674715,
    "rank_rmse_standings": 8.169047355651855,
    "playoff_metrics": {
      "spearman_pred_vs_playoff_final_results": 0.5065628476084539,
      "ndcg_at_4_final_four": 0.4732201012417847,
      "ndcg10_pred_vs_playoff_final_results": 0.4832483436154707,
      "brier_championship_odds": 0.030076472088694572,
      "rank_mae_pred_vs_playoff_final_results": 7.0,
      "rank_rmse_pred_vs_playoff_final_results": 8.667948722839355,
      "rank_mae_eos_standings_vs_playoff_final_results": 3.1333333333333333,
      "rank_rmse_eos_standings_vs_playoff_final_results": 4.449719092257398
    }
  },
  "test_metrics_model_a": {
    "ndcg": 0.4832600577894308,
    "spearman": 0.49276974416017794,
    "mrr_top2": 0.5,
    "mrr_top4": 0.5,
    "ndcg10": 0.4832600577894308,
    "ndcg_at_4": 0.4732201012417847,
    "ndcg_at_12": 0.48313381215227336,
    "ndcg_at_16": 0.5260645754130183,
    "ndcg_at_20": 0.5301815688803933,
    "roc_auc_upset": 0.7544642857142857
  },
  "test_metrics_model_b": {
    "ndcg": 0.20234794654321717,
    "spearman": 0.5781979977753059,
    "mrr_top2": 0.16666666666666666,
    "mrr_top4": 0.16666666666666666,
    "ndcg10": 0.20234794654321717,
    "ndcg_at_4": 0.04029517653159447,
    "ndcg_at_12": 0.20300327510450827,
    "ndcg_at_16": 0.36925333760468054,
    "ndcg_at_20": 0.38879609816379773,
    "roc_auc_upset": 0.7999999999999999
  },
  "test_metrics_model_c": {
    "ndcg": 0.05139534647930671,
    "spearman": 0.3125695216907675,
    "mrr_top2": 0.07142857142857142,
    "mrr_top4": 0.2,
    "ndcg10": 0.05139534647930671,
    "ndcg_at_4": 0.0072603807417201014,
    "ndcg_at_12": 0.05704448895120833,
    "ndcg_at_16": 0.17989573678693135,
    "ndcg_at_20": 0.18229344888290439,
    "roc_auc_upset": 0.8214285714285714
  },
  "test_metrics_by_conference": {
    "E": {
      "ndcg": 0.3332341336047156,
      "spearman": 0.36785714285714277
    },
    "W": {
      "ndcg": 0.7350288254932673,
      "spearman": 0.5821428571428571
    }
  },
  "notes": {
    "eos_rank_source": "eos_final_rank"
  }
}