{
  "test_metrics_ensemble": {
    "ndcg": 0.6073837347107325,
    "spearman": 0.41401557285873186,
    "mrr_top2": 1.0,
    "mrr_top4": 1.0,
    "ndcg10": 0.6073837347107325,
    "ndcg_at_4": 0.35315119534797357,
    "ndcg_at_12": 0.6072737898927713,
    "ndcg_at_16": 0.6085612990461833,
    "ndcg_at_20": 0.6091650189925659,
    "roc_auc_upset": 0.7321428571428572,
    "rank_mae_pred_vs_playoff_final_results": 7.400000095367432,
    "rank_rmse_pred_vs_playoff_final_results": 9.370165824890137,
    "rank_mae_eos_standings_vs_playoff_final_results": 3.7333333333333334,
    "rank_rmse_eos_standings_vs_playoff_final_results": 6.093712606722878,
    "playoff_metrics": {
      "spearman_pred_vs_playoff_final_results": 0.4553948832035596,
      "ndcg_at_4_final_four": 0.35315119534797357,
      "ndcg10_pred_vs_playoff_final_results": 0.6073887467793138,
      "brier_championship_odds": 0.03222232684493065,
      "rank_mae_pred_vs_playoff_final_results": 7.400000095367432,
      "rank_rmse_pred_vs_playoff_final_results": 9.370165824890137,
      "rank_mae_eos_standings_vs_playoff_final_results": 3.7333333333333334,
      "rank_rmse_eos_standings_vs_playoff_final_results": 6.093712606722878
    }
  },
  "test_metrics_model_a": {
    "ndcg": 0.6073837347107325,
    "spearman": 0.39488320355951056,
    "mrr_top2": 1.0,
    "mrr_top4": 1.0,
    "ndcg10": 0.6073837347107325,
    "ndcg_at_4": 0.35315119534797357,
    "ndcg_at_12": 0.6072684379270686,
    "ndcg_at_16": 0.6085271924869479,
    "ndcg_at_20": 0.6091218869273232,
    "roc_auc_upset": 0.7410714285714286
  },
  "test_metrics_model_b": {
    "ndcg": 0.8259171006424293,
    "spearman": 0.41935483870967744,
    "mrr_top2": 1.0,
    "mrr_top4": 1.0,
    "ndcg10": 0.8259171006424293,
    "ndcg_at_4": 0.729074614628521,
    "ndcg_at_12": 0.8257222790062848,
    "ndcg_at_16": 0.825744933179729,
    "ndcg_at_20": 0.867412724340881,
    "roc_auc_upset": 0.8169642857142857
  },
  "test_metrics_model_c": {
    "ndcg": 0.333487026575135,
    "spearman": 0.23159065628476083,
    "mrr_top2": 0.16666666666666666,
    "mrr_top4": 0.16666666666666666,
    "ndcg10": 0.333487026575135,
    "ndcg_at_4": 0.0011069724610271625,
    "ndcg_at_12": 0.33890731926775686,
    "ndcg_at_16": 0.35966393831396193,
    "ndcg_at_20": 0.3699999322309346,
    "roc_auc_upset": 0.7633928571428571
  },
  "test_metrics_by_conference": {
    "E": {
      "ndcg": 0.38689768138590575,
      "spearman": 0.2785714285714285
    },
    "W": {
      "ndcg": 0.9449572706704487,
      "spearman": 0.5428571428571428
    }
  },
  "notes": {
    "eos_rank_source": "eos_final_rank"
  }
}