{
  "test_metrics_ensemble": {
    "ndcg": 0.4842352948943534,
    "spearman": 0.4558398220244716,
    "mrr_top2": 0.5,
    "mrr_top4": 0.5,
    "ndcg10": 0.4842352948943534,
    "ndcg_at_4": 0.46433156090549454,
    "ndcg_at_12": 0.5294085735922444,
    "ndcg_at_16": 0.5293901873837982,
    "ndcg_at_20": 0.5329530778760702,
    "roc_auc_upset": 0.7866666666666666,
    "rank_mae_pred_vs_playoff_final_results": 6.933333396911621,
    "rank_rmse_pred_vs_playoff_final_results": 9.029581069946289,
    "rank_mae_eos_standings_vs_playoff_final_results": 3.1333333333333333,
    "rank_rmse_eos_standings_vs_playoff_final_results": 4.449719092257398,
    "playoff_metrics": {
      "spearman_pred_vs_playoff_final_results": 0.46562847608453833,
      "ndcg_at_4_final_four": 0.4643315309894802,
      "ndcg10_pred_vs_playoff_final_results": 0.48422375937846435,
      "brier_championship_odds": 0.03222232684493065,
      "rank_mae_pred_vs_playoff_final_results": 6.933333396911621,
      "rank_rmse_pred_vs_playoff_final_results": 9.029581069946289,
      "rank_mae_eos_standings_vs_playoff_final_results": 3.1333333333333333,
      "rank_rmse_eos_standings_vs_playoff_final_results": 4.449719092257398
    }
  },
  "test_metrics_model_a": {
    "ndcg": 0.4842352948943534,
    "spearman": 0.4558398220244716,
    "mrr_top2": 0.5,
    "mrr_top4": 0.5,
    "ndcg10": 0.4842352948943534,
    "ndcg_at_4": 0.46433156090549454,
    "ndcg_at_12": 0.5294085735922444,
    "ndcg_at_16": 0.5293901873837982,
    "ndcg_at_20": 0.5329530778760702,
    "roc_auc_upset": 0.7866666666666666
  },
  "test_metrics_model_b": {
    "ndcg": 0.17869833188227505,
    "spearman": 0.5977753058954393,
    "mrr_top2": 0.25,
    "mrr_top4": 0.25,
    "ndcg10": 0.17869833188227505,
    "ndcg_at_4": 0.16775742802418675,
    "ndcg_at_12": 0.17873987215542655,
    "ndcg_at_16": 0.4011092052024697,
    "ndcg_at_20": 0.4011129833816885,
    "roc_auc_upset": 0.76
  },
  "test_metrics_model_c": {
    "ndcg": 0.05124995751403931,
    "spearman": 0.30189098998887653,
    "mrr_top2": 0.0625,
    "mrr_top4": 0.2,
    "ndcg10": 0.05124995751403931,
    "ndcg_at_4": 0.00711064040423231,
    "ndcg_at_12": 0.056899138174850025,
    "ndcg_at_16": 0.1769467286075223,
    "ndcg_at_20": 0.17934445367388585,
    "roc_auc_upset": 0.8258928571428571
  },
  "test_metrics_by_conference": {
    "E": {
      "ndcg": 0.24887195160673453,
      "spearman": 0.18214285714285713
    },
    "W": {
      "ndcg": 0.7733425262567636,
      "spearman": 0.6499999999999999
    }
  },
  "notes": {
    "eos_rank_source": "eos_final_rank"
  }
}