{
  "notes": {
    "eval_on": "test",
    "eos_rank_source": "eos_final_rank",
    "upset_definition": "sleeper = EOS_global_rank > predicted_strength",
    "mrr_top2": "1/rank of first team in top 2 (champion+runner-up) in predicted order.",
    "mrr_top4": "1/rank of first team in top 4 (conference finals) in predicted order.",
    "per_conference_relevance": "Within E/W: actual rank derived from EOS_global_rank (1=best in conf); NDCG/Spearman use this relevance.",
    "playoff_metrics": "Spearman (pred global vs playoff_final_results), NDCG@4 (final four), Brier (champion vs odds). rank_mae/rank_rmse: pred vs playoff_final_results; eos_standings vs playoff_final_results (baseline)."
  },
  "split_info": {
    "train_frac": 0.75,
    "n_train_dates": 141,
    "n_test_dates": 36,
    "split_mode": "seasons"
  },
  "test_metrics_ensemble": {
    "ndcg": 0.48192132008558364,
    "spearman": 0.46785317018909905,
    "mrr_top2": 0.5,
    "mrr_top4": 0.5,
    "ndcg10": 0.48192132008558364,
    "ndcg_at_4": 0.4643944167678145,
    "ndcg_at_12": 0.4821700683338399,
    "ndcg_at_16": 0.5260265088758513,
    "ndcg_at_20": 0.5283769833423345,
    "roc_auc_upset": 0.7723214285714286,
    "rank_mae_pred_vs_playoff_final_results": 7.066666603088379,
    "rank_rmse_pred_vs_playoff_final_results": 8.929351806640625,
    "rank_mae_eos_standings_vs_playoff_final_results": 3.1333333333333333,
    "rank_rmse_eos_standings_vs_playoff_final_results": 4.449719092257398,
    "playoff_metrics": {
      "spearman_pred_vs_playoff_final_results": 0.457174638487208,
      "ndcg_at_4_final_four": 0.4643812234227066,
      "ndcg10_pred_vs_playoff_final_results": 0.48190795029054395,
      "brier_championship_odds": 0.03222232684493065,
      "rank_mae_pred_vs_playoff_final_results": 7.066666603088379,
      "rank_rmse_pred_vs_playoff_final_results": 8.929351806640625,
      "rank_mae_eos_standings_vs_playoff_final_results": 3.1333333333333333,
      "rank_rmse_eos_standings_vs_playoff_final_results": 4.449719092257398
    }
  },
  "test_metrics_model_a": {
    "ndcg": 0.48192132008558364,
    "spearman": 0.46785317018909905,
    "mrr_top2": 0.5,
    "mrr_top4": 0.5,
    "ndcg10": 0.48192132008558364,
    "ndcg_at_4": 0.4643944167678145,
    "ndcg_at_12": 0.4821700683338399,
    "ndcg_at_16": 0.5260265088758513,
    "ndcg_at_20": 0.5283769833423345,
    "roc_auc_upset": 0.7723214285714286
  },
  "test_metrics_model_b": {
    "ndcg": 0.17990443205154372,
    "spearman": 0.5630700778642936,
    "mrr_top2": 0.25,
    "mrr_top4": 0.25,
    "ndcg10": 0.17990443205154372,
    "ndcg_at_4": 0.16775742802418675,
    "ndcg_at_12": 0.1799456555217684,
    "ndcg_at_16": 0.2429217638234685,
    "ndcg_at_20": 0.39868869176866634,
    "roc_auc_upset": 0.7777777777777778
  },
  "test_metrics_model_c": {
    "ndcg": 0.05124995751403931,
    "spearman": 0.30233592880978866,
    "mrr_top2": 0.06666666666666667,
    "mrr_top4": 0.2,
    "ndcg10": 0.05124995751403931,
    "ndcg_at_4": 0.00711064040423231,
    "ndcg_at_12": 0.056899138174850025,
    "ndcg_at_16": 0.17781540372208415,
    "ndcg_at_20": 0.18021312496782235,
    "roc_auc_upset": 0.8258928571428571
  },
  "test_metrics_by_conference": {
    "E": {
      "ndcg": 0.2509381698363965,
      "spearman": 0.1857142857142857
    },
    "W": {
      "ndcg": 0.7519554106097529,
      "spearman": 0.7035714285714285
    }
  },
  "by_season": {
    "2023-24": {
      "test_metrics_ensemble": {
        "ndcg": 0.558299719103666,
        "spearman": 0.4309232480533926,
        "mrr_top2": 1.0,
        "mrr_top4": 1.0,
        "ndcg10": 0.558299719103666,
        "ndcg_at_4": 0.35315119534797357,
        "ndcg_at_12": 0.6034582310559956,
        "ndcg_at_16": 0.6053025987229635,
        "ndcg_at_20": 0.6053095353048688,
        "roc_auc_upset": 0.7737556561085973,
        "rank_mae_pred_vs_playoff_final_results": 7.266666889190674,
        "rank_rmse_pred_vs_playoff_final_results": 9.23399543762207,
        "rank_mae_eos_standings_vs_playoff_final_results": 3.7333333333333334,
        "rank_rmse_eos_standings_vs_playoff_final_results": 6.093712606722878,
        "playoff_metrics": {
          "spearman_pred_vs_playoff_final_results": 0.46562847608453833,
          "ndcg_at_4_final_four": 0.35315119534797357,
          "ndcg10_pred_vs_playoff_final_results": 0.5583047311722473,
          "brier_championship_odds": 0.03222232684493065,
          "rank_mae_pred_vs_playoff_final_results": 7.266666889190674,
          "rank_rmse_pred_vs_playoff_final_results": 9.23399543762207,
          "rank_mae_eos_standings_vs_playoff_final_results": 3.7333333333333334,
          "rank_rmse_eos_standings_vs_playoff_final_results": 6.093712606722878
        }
      },
      "test_metrics_model_a": {
        "ndcg": 0.5489227567395806,
        "spearman": 0.4122358175750834,
        "mrr_top2": 1.0,
        "mrr_top4": 1.0,
        "ndcg10": 0.5489227567395806,
        "ndcg_at_4": 0.35315119534797357,
        "ndcg_at_12": 0.5940837317121445,
        "ndcg_at_16": 0.5959288184591104,
        "ndcg_at_20": 0.5959356220321553,
        "roc_auc_upset": 0.7873303167420814
      },
      "test_metrics_model_b": {
        "ndcg": 0.8167762461145109,
        "spearman": 0.46562847608453833,
        "mrr_top2": 1.0,
        "mrr_top4": 1.0,
        "ndcg10": 0.8167762461145109,
        "ndcg_at_4": 0.7116242168324007,
        "ndcg_at_12": 0.8165844941649958,
        "ndcg_at_16": 0.8215738168566725,
        "ndcg_at_20": 0.8585461734878044,
        "roc_auc_upset": 0.751131221719457
      },
      "test_metrics_model_c": {
        "ndcg": 0.3335099094849099,
        "spearman": 0.23559510567296996,
        "mrr_top2": 0.16666666666666666,
        "mrr_top4": 0.16666666666666666,
        "ndcg10": 0.3335099094849099,
        "ndcg_at_4": 0.0011069724610271625,
        "ndcg_at_12": 0.3389081203242068,
        "ndcg_at_16": 0.3596647393089661,
        "ndcg_at_20": 0.3700007332224158,
        "roc_auc_upset": 0.7633928571428571
      },
      "test_metrics_by_conference": {
        "E": {
          "ndcg": 0.38363726287645844,
          "spearman": 0.2178571428571428
        },
        "W": {
          "ndcg": 0.9225294911076742,
          "spearman": 0.6035714285714285
        }
      },
      "notes": {
        "eos_rank_source": "eos_final_rank"
      }
    },
    "2024-25": {
      "test_metrics_ensemble": {
        "ndcg": 0.48192132008558364,
        "spearman": 0.46785317018909905,
        "mrr_top2": 0.5,
        "mrr_top4": 0.5,
        "ndcg10": 0.48192132008558364,
        "ndcg_at_4": 0.4643944167678145,
        "ndcg_at_12": 0.4821700683338399,
        "ndcg_at_16": 0.5260265088758513,
        "ndcg_at_20": 0.5283769833423345,
        "roc_auc_upset": 0.7723214285714286,
        "rank_mae_pred_vs_playoff_final_results": 7.066666603088379,
        "rank_rmse_pred_vs_playoff_final_results": 8.929351806640625,
        "rank_mae_eos_standings_vs_playoff_final_results": 3.1333333333333333,
        "rank_rmse_eos_standings_vs_playoff_final_results": 4.449719092257398,
        "playoff_metrics": {
          "spearman_pred_vs_playoff_final_results": 0.457174638487208,
          "ndcg_at_4_final_four": 0.4643812234227066,
          "ndcg10_pred_vs_playoff_final_results": 0.48190795029054395,
          "brier_championship_odds": 0.03222232684493065,
          "rank_mae_pred_vs_playoff_final_results": 7.066666603088379,
          "rank_rmse_pred_vs_playoff_final_results": 8.929351806640625,
          "rank_mae_eos_standings_vs_playoff_final_results": 3.1333333333333333,
          "rank_rmse_eos_standings_vs_playoff_final_results": 4.449719092257398
        }
      },
      "test_metrics_model_a": {
        "ndcg": 0.48192132008558364,
        "spearman": 0.46785317018909905,
        "mrr_top2": 0.5,
        "mrr_top4": 0.5,
        "ndcg10": 0.48192132008558364,
        "ndcg_at_4": 0.4643944167678145,
        "ndcg_at_12": 0.4821700683338399,