{
  "notes": {
    "eval_on": "test",
    "eos_rank_source": "eos_final_rank",
    "upset_definition": "sleeper = EOS_global_rank > predicted_strength",
    "mrr_top2": "1/rank of first team in top 2 (champion+runner-up) in predicted order.",
    "mrr_top4": "1/rank of first team in top 4 (conference finals) in predicted order.",
    "per_conference_relevance": "Within E/W: actual rank derived from EOS_global_rank (1=best in conf); NDCG/Spearman use this relevance.",
    "playoff_metrics": "Spearman (pred global vs playoff_final_results), NDCG@4 (final four), Brier (champion vs odds). rank_mae/rank_rmse: pred vs playoff_final_results; eos_standings vs playoff_final_results (baseline)."
  },
  "split_info": {
    "train_frac": 0.75,
    "n_train_dates": 141,
    "n_test_dates": 36,
    "split_mode": "seasons"
  },
  "test_metrics_ensemble": {
    "ndcg": 0.4849021177000396,
    "spearman": 0.4616240266963292,
    "mrr_top2": 0.5,
    "mrr_top4": 0.5,
    "ndcg10": 0.4849021177000396,
    "ndcg_at_4": 0.4643944167678145,
    "ndcg_at_12": 0.5300752212454666,
    "ndcg_at_16": 0.5300567839011703,
    "ndcg_at_20": 0.531275913849144,
    "roc_auc_upset": 0.7589285714285714,
    "rank_mae_pred_vs_playoff_final_results": 6.866666793823242,
    "rank_rmse_pred_vs_playoff_final_results": 8.981462478637695,
    "rank_mae_eos_standings_vs_playoff_final_results": 3.1333333333333333,
    "rank_rmse_eos_standings_vs_playoff_final_results": 4.449719092257398,
    "playoff_metrics": {
      "spearman_pred_vs_playoff_final_results": 0.44916573971078977,
      "ndcg_at_4_final_four": 0.4643812234227066,
      "ndcg10_pred_vs_playoff_final_results": 0.4848892870530506,
      "brier_championship_odds": 0.03222232684493065,
      "rank_mae_pred_vs_playoff_final_results": 6.866666793823242,
      "rank_rmse_pred_vs_playoff_final_results": 8.981462478637695,
      "rank_mae_eos_standings_vs_playoff_final_results": 3.1333333333333333,
      "rank_rmse_eos_standings_vs_playoff_final_results": 4.449719092257398
    }
  },
  "test_metrics_model_a": {
    "ndcg": 0.5314863255840325,
    "spearman": 0.45984427141268075,
    "mrr_top2": 0.5,
    "mrr_top4": 0.5,
    "ndcg10": 0.5314863255840325,
    "ndcg_at_4": 0.4643944167678145,
    "ndcg_at_12": 0.5317012955925141,
    "ndcg_at_16": 0.5316827335186195,
    "ndcg_at_20": 0.532901856315307,
    "roc_auc_upset": 0.7589285714285714
  },
  "test_metrics_model_b": {
    "ndcg": 0.17990443205154372,
    "spearman": 0.607119021134594,
    "mrr_top2": 0.25,
    "mrr_top4": 0.25,
    "ndcg10": 0.17990443205154372,
    "ndcg_at_4": 0.16775742802418675,
    "ndcg_at_12": 0.22524269398588,
    "ndcg_at_16": 0.4044351914889636,
    "ndcg_at_20": 0.4044740169336198,
    "roc_auc_upset": 0.7022222222222222
  },
  "test_metrics_model_c": {
    "ndcg": 0.05124995751403931,
    "spearman": 0.30189098998887653,
    "mrr_top2": 0.0625,
    "mrr_top4": 0.2,
    "ndcg10": 0.05124995751403931,
    "ndcg_at_4": 0.00711064040423231,
    "ndcg_at_12": 0.056899138174850025,
    "ndcg_at_16": 0.1769467286075223,
    "ndcg_at_20": 0.17934445367388585,
    "roc_auc_upset": 0.8258928571428571
  },
  "test_metrics_by_conference": {
    "E": {
      "ndcg": 0.2595236328252539,
      "spearman": 0.2321428571428571
    },
    "W": {
      "ndcg": 0.7728975634578972,
      "spearman": 0.7071428571428571
    }
  },
  "by_season": {
    "2023-24": {
      "test_metrics_ensemble": {
        "ndcg": 0.6052556283845895,
        "spearman": 0.4362625139043382,
        "mrr_top2": 1.0,
        "mrr_top4": 1.0,
        "ndcg10": 0.6052556283845895,
        "ndcg_at_4": 0.35315119534797357,
        "ndcg_at_12": 0.6051020051373424,
        "ndcg_at_16": 0.6069765139340245,
        "ndcg_at_20": 0.6069831103691409,
        "roc_auc_upset": 0.7361111111111112,
        "rank_mae_pred_vs_playoff_final_results": 7.266666889190674,
        "rank_rmse_pred_vs_playoff_final_results": 9.190574645996094,
        "rank_mae_eos_standings_vs_playoff_final_results": 3.7333333333333334,
        "rank_rmse_eos_standings_vs_playoff_final_results": 6.093712606722878,
        "playoff_metrics": {
          "spearman_pred_vs_playoff_final_results": 0.44827586206896547,
          "ndcg_at_4_final_four": 0.35315119534797357,
          "ndcg10_pred_vs_playoff_final_results": 0.6052549092302633,
          "brier_championship_odds": 0.03222232684493065,
          "rank_mae_pred_vs_playoff_final_results": 7.266666889190674,
          "rank_rmse_pred_vs_playoff_final_results": 9.190574645996094,
          "rank_mae_eos_standings_vs_playoff_final_results": 3.7333333333333334,
          "rank_rmse_eos_standings_vs_playoff_final_results": 6.093712606722878
        }
      },
      "test_metrics_model_a": {
        "ndcg": 0.6052556283845895,
        "spearman": 0.432258064516129,
        "mrr_top2": 1.0,
        "mrr_top4": 1.0,
        "ndcg10": 0.6052556283845895,
        "ndcg_at_4": 0.35315119534797357,
        "ndcg_at_12": 0.6051021776799352,
        "ndcg_at_16": 0.6069766864633823,
        "ndcg_at_20": 0.60698328289774,
        "roc_auc_upset": 0.7453703703703703
      },
      "test_metrics_model_b": {
        "ndcg": 0.816741928532079,
        "spearman": 0.4126807563959955,
        "mrr_top2": 1.0,
        "mrr_top4": 1.0,
        "ndcg10": 0.816741928532079,
        "ndcg_at_4": 0.7116242168324007,
        "ndcg_at_12": 0.8165488472929967,
        "ndcg_at_16": 0.8216466046132693,
        "ndcg_at_20": 0.8586133634912182,
        "roc_auc_upset": 0.7737556561085972
      },
      "test_metrics_model_c": {
        "ndcg": 0.333487026575135,
        "spearman": 0.23159065628476083,
        "mrr_top2": 0.16666666666666666,
        "mrr_top4": 0.16666666666666666,
        "ndcg10": 0.333487026575135,
        "ndcg_at_4": 0.0011069724610271625,
        "ndcg_at_12": 0.33890731926775686,
        "ndcg_at_16": 0.35966393831396193,
        "ndcg_at_20": 0.3699999322309346,
        "roc_auc_upset": 0.7633928571428571
      },
      "test_metrics_by_conference": {
        "E": {
          "ndcg": 0.3851402749883562,
          "spearman": 0.2642857142857143
        },
        "W": {
          "ndcg": 0.9322282740664924,
          "spearman": 0.5857142857142856
        }
      },
      "notes": {
        "eos_rank_source": "eos_final_rank"
      }
    },
    "2024-25": {
      "test_metrics_ensemble": {
        "ndcg": 0.4849021177000396,
        "spearman": 0.4616240266963292,
        "mrr_top2": 0.5,
        "mrr_top4": 0.5,
        "ndcg10": 0.4849021177000396,
        "ndcg_at_4": 0.4643944167678145,
        "ndcg_at_12": 0.5300752212454666,
        "ndcg_at_16": 0.5300567839011703,
        "ndcg_at_20": 0.531275913849144,
        "roc_auc_upset": 0.7589285714285714,
        "rank_mae_pred_vs_playoff_final_results": 6.866666793823242,
        "rank_rmse_pred_vs_playoff_final_results": 8.981462478637695,
        "rank_mae_eos_standings_vs_playoff_final_results": 3.1333333333333333,
        "rank_rmse_eos_standings_vs_playoff_final_results": 4.449719092257398,
        "playoff_metrics": {
          "spearman_pred_vs_playoff_final_results": 0.44916573971078977,
          "ndcg_at_4_final_four": 0.4643812234227066,
          "ndcg10_pred_vs_playoff_final_results": 0.4848892870530506,
          "brier_championship_odds": 0.03222232684493065,
          "rank_mae_pred_vs_playoff_final_results": 6.866666793823242,
          "rank_rmse_pred_vs_playoff_final_results": 8.981462478637695,
          "rank_mae_eos_standings_vs_playoff_final_results": 3.1333333333333333,
          "rank_rmse_eos_standings_vs_playoff_final_results": 4.449719092257398
        }
      },
      "test_metrics_model_a": {
        "ndcg": 0.5314863255840325,
        "spearman": 0.45984427141268075,
        "mrr_top2": 0.5,
        "mrr_top4": 0.5,
        "ndcg10": 0.5314863255840325,
        "ndcg_at_4": 0.4643944167678145,
        "ndcg_at_12": 0.5317012955925141,
        "ndcg_at_16": 0.5316827335186195,