{
  "test_metrics_ensemble": {
    "ndcg": 0.4849021177000396,
    "spearman": 0.4616240266963292,
    "mrr_top2": 0.5,
    "mrr_top4": 0.5,
    "ndcg10": 0.4849021177000396,
    "ndcg_at_4": 0.4643944167678145,
    "ndcg_at_12": 0.5300752212454666,
    "ndcg_at_16": 0.5300567839011703,
    "ndcg_at_20": 0.531275913849144,
    "roc_auc_upset": 0.7589285714285714,
    "rank_mae_pred_vs_playoff_final_results": 6.866666793823242,
    "rank_rmse_pred_vs_playoff_final_results": 8.981462478637695,
    "rank_mae_eos_standings_vs_playoff_final_results": 3.1333333333333333,
    "rank_rmse_eos_standings_vs_playoff_final_results": 4.449719092257398,
    "playoff_metrics": {
      "spearman_pred_vs_playoff_final_results": 0.44916573971078977,
      "ndcg_at_4_final_four": 0.4643812234227066,
      "ndcg10_pred_vs_playoff_final_results": 0.4848892870530506,
      "brier_championship_odds": 0.03222232684493065,
      "rank_mae_pred_vs_playoff_final_results": 6.866666793823242,
      "rank_rmse_pred_vs_playoff_final_results": 8.981462478637695,
      "rank_mae_eos_standings_vs_playoff_final_results": 3.1333333333333333,
      "rank_rmse_eos_standings_vs_playoff_final_results": 4.449719092257398
    }
  },
  "test_metrics_model_a": {
    "ndcg": 0.5314863255840325,
    "spearman": 0.45984427141268075,
    "mrr_top2": 0.5,
    "mrr_top4": 0.5,
    "ndcg10": 0.5314863255840325,
    "ndcg_at_4": 0.4643944167678145,
    "ndcg_at_12": 0.5317012955925141,
    "ndcg_at_16": 0.5316827335186195,
    "ndcg_at_20": 0.532901856315307,
    "roc_auc_upset": 0.7589285714285714
  },
  "test_metrics_model_b": {
    "ndcg": 0.17990443205154372,
    "spearman": 0.607119021134594,
    "mrr_top2": 0.25,
    "mrr_top4": 0.25,
    "ndcg10": 0.17990443205154372,
    "ndcg_at_4": 0.16775742802418675,
    "ndcg_at_12": 0.22524269398588,
    "ndcg_at_16": 0.4044351914889636,
    "ndcg_at_20": 0.4044740169336198,
    "roc_auc_upset": 0.7022222222222222
  },
  "test_metrics_model_c": {
    "ndcg": 0.05124995751403931,
    "spearman": 0.30189098998887653,
    "mrr_top2": 0.0625,
    "mrr_top4": 0.2,
    "ndcg10": 0.05124995751403931,
    "ndcg_at_4": 0.00711064040423231,
    "ndcg_at_12": 0.056899138174850025,
    "ndcg_at_16": 0.1769467286075223,
    "ndcg_at_20": 0.17934445367388585,
    "roc_auc_upset": 0.8258928571428571
  },
  "test_metrics_by_conference": {
    "E": {
      "ndcg": 0.2595236328252539,
      "spearman": 0.2321428571428571
    },
    "W": {
      "ndcg": 0.7728975634578972,
      "spearman": 0.7071428571428571
    }
  },
  "notes": {
    "eos_rank_source": "eos_final_rank"
  }
}