{
  "test_metrics_ensemble": {
    "ndcg": 0.6052556283845895,
    "spearman": 0.4362625139043382,
    "mrr_top2": 1.0,
    "mrr_top4": 1.0,
    "ndcg10": 0.6052556283845895,
    "ndcg_at_4": 0.35315119534797357,
    "ndcg_at_12": 0.6051020051373424,
    "ndcg_at_16": 0.6069765139340245,
    "ndcg_at_20": 0.6069831103691409,
    "roc_auc_upset": 0.7361111111111112,
    "rank_mae_pred_vs_playoff_final_results": 7.266666889190674,
    "rank_rmse_pred_vs_playoff_final_results": 9.190574645996094,
    "rank_mae_eos_standings_vs_playoff_final_results": 3.7333333333333334,
    "rank_rmse_eos_standings_vs_playoff_final_results": 6.093712606722878,
    "playoff_metrics": {
      "spearman_pred_vs_playoff_final_results": 0.44827586206896547,
      "ndcg_at_4_final_four": 0.35315119534797357,
      "ndcg10_pred_vs_playoff_final_results": 0.6052549092302633,
      "brier_championship_odds": 0.03222232684493065,
      "rank_mae_pred_vs_playoff_final_results": 7.266666889190674,
      "rank_rmse_pred_vs_playoff_final_results": 9.190574645996094,
      "rank_mae_eos_standings_vs_playoff_final_results": 3.7333333333333334,
      "rank_rmse_eos_standings_vs_playoff_final_results": 6.093712606722878
    }
  },
  "test_metrics_model_a": {
    "ndcg": 0.6052556283845895,
    "spearman": 0.432258064516129,
    "mrr_top2": 1.0,
    "mrr_top4": 1.0,
    "ndcg10": 0.6052556283845895,
    "ndcg_at_4": 0.35315119534797357,
    "ndcg_at_12": 0.6051021776799352,
    "ndcg_at_16": 0.6069766864633823,
    "ndcg_at_20": 0.60698328289774,
    "roc_auc_upset": 0.7453703703703703
  },
  "test_metrics_model_b": {
    "ndcg": 0.816741928532079,
    "spearman": 0.4126807563959955,
    "mrr_top2": 1.0,
    "mrr_top4": 1.0,
    "ndcg10": 0.816741928532079,
    "ndcg_at_4": 0.7116242168324007,
    "ndcg_at_12": 0.8165488472929967,
    "ndcg_at_16": 0.8216466046132693,
    "ndcg_at_20": 0.8586133634912182,
    "roc_auc_upset": 0.7737556561085972
  },
  "test_metrics_model_c": {
    "ndcg": 0.333487026575135,
    "spearman": 0.23159065628476083,
    "mrr_top2": 0.16666666666666666,
    "mrr_top4": 0.16666666666666666,
    "ndcg10": 0.333487026575135,
    "ndcg_at_4": 0.0011069724610271625,
    "ndcg_at_12": 0.33890731926775686,
    "ndcg_at_16": 0.35966393831396193,
    "ndcg_at_20": 0.3699999322309346,
    "roc_auc_upset": 0.7633928571428571
  },
  "test_metrics_by_conference": {
    "E": {
      "ndcg": 0.3851402749883562,
      "spearman": 0.2642857142857143
    },
    "W": {
      "ndcg": 0.9322282740664924,
      "spearman": 0.5857142857142856
    }
  },
  "notes": {
    "eos_rank_source": "eos_final_rank"
  }
}