{
  "notes": {
    "eval_on": "test",
    "eos_rank_source": "eos_final_rank",
    "upset_definition": "sleeper = EOS_global_rank > predicted_strength",
    "mrr_top2": "1/rank of first team in top 2 (champion+runner-up) in predicted order.",
    "mrr_top4": "1/rank of first team in top 4 (conference finals) in predicted order.",
    "per_conference_relevance": "Within E/W: actual rank derived from EOS_global_rank (1=best in conf); NDCG/Spearman use this relevance.",
    "playoff_metrics": "Spearman (pred global vs playoff_final_results), NDCG@4 (final four), Brier (champion vs odds). rank_mae/rank_rmse: pred vs playoff_final_results; eos_standings vs playoff_final_results (baseline)."
  },
  "split_info": {
    "train_frac": 0.75,
    "n_train_dates": 141,
    "n_test_dates": 36,
    "split_mode": "seasons"
  },
  "test_metrics_ensemble": {
    "ndcg": 0.48283255665490876,
    "spearman": 0.4567296996662959,
    "mrr_top2": 0.5,
    "mrr_top4": 0.5,
    "ndcg10": 0.48283255665490876,
    "ndcg_at_4": 0.4643944167678145,
    "ndcg_at_12": 0.5269457973759424,
    "ndcg_at_16": 0.5281489168066221,
    "ndcg_at_20": 0.5304948777869392,
    "roc_auc_upset": 0.78125,
    "rank_mae_pred_vs_playoff_final_results": 7.199999809265137,
    "rank_rmse_pred_vs_playoff_final_results": 9.022194862365723,
    "rank_mae_eos_standings_vs_playoff_final_results": 3.1333333333333333,
    "rank_rmse_eos_standings_vs_playoff_final_results": 4.449719092257398,
    "playoff_metrics": {
      "spearman_pred_vs_playoff_final_results": 0.46206896551724136,
      "ndcg_at_4_final_four": 0.4643812234227066,
      "ndcg10_pred_vs_playoff_final_results": 0.48281972600791984,
      "brier_championship_odds": 0.03222232684493065,
      "rank_mae_pred_vs_playoff_final_results": 7.199999809265137,
      "rank_rmse_pred_vs_playoff_final_results": 9.022194862365723,
      "rank_mae_eos_standings_vs_playoff_final_results": 3.1333333333333333,
      "rank_rmse_eos_standings_vs_playoff_final_results": 4.449719092257398
    }
  },
  "test_metrics_model_a": {
    "ndcg": 0.48283255665490876,
    "spearman": 0.4567296996662959,
    "mrr_top2": 0.5,
    "mrr_top4": 0.5,
    "ndcg10": 0.48283255665490876,
    "ndcg_at_4": 0.4643944167678145,
    "ndcg_at_12": 0.5269457973759424,
    "ndcg_at_16": 0.5281489168066221,
    "ndcg_at_20": 0.5304948777869392,
    "roc_auc_upset": 0.78125
  },
  "test_metrics_model_b": {
    "ndcg": 0.16619710541230373,
    "spearman": 0.5639599555061179,
    "mrr_top2": 0.2,
    "mrr_top4": 0.2,
    "ndcg10": 0.16619710541230373,
    "ndcg_at_4": 0.04029517653159447,
    "ndcg_at_12": 0.21146396704866646,
    "ndcg_at_16": 0.2328139034878668,
    "ndcg_at_20": 0.23281579103207736,
    "roc_auc_upset": 0.7777777777777778
  },
  "test_metrics_model_c": {
    "ndcg": 0.05124995751403931,
    "spearman": 0.307230255839822,
    "mrr_top2": 0.0625,
    "mrr_top4": 0.2,
    "ndcg10": 0.05124995751403931,
    "ndcg_at_4": 0.00711064040423231,
    "ndcg_at_12": 0.056899138174850025,
    "ndcg_at_16": 0.1769467286075223,
    "ndcg_at_20": 0.17934460063934335,
    "roc_auc_upset": 0.8214285714285714
  },
  "test_metrics_by_conference": {
    "E": {
      "ndcg": 0.2509381698363965,
      "spearman": 0.1928571428571428
    },
    "W": {
      "ndcg": 0.7510775020335729,
      "spearman": 0.6285714285714286
    }
  },
  "by_season": {
    "2023-24": {
      "test_metrics_ensemble": {
        "ndcg": 0.5489227567395806,
        "spearman": 0.432258064516129,
        "mrr_top2": 1.0,
        "mrr_top4": 1.0,
        "ndcg10": 0.5489227567395806,
        "ndcg_at_4": 0.35315119534797357,
        "ndcg_at_12": 0.5926702627914245,
        "ndcg_at_16": 0.5945456627354988,
        "ndcg_at_20": 0.5948456984892783,
        "roc_auc_upset": 0.8035714285714286,
        "rank_mae_pred_vs_playoff_final_results": 7.266666889190674,
        "rank_rmse_pred_vs_playoff_final_results": 9.223158836364746,
        "rank_mae_eos_standings_vs_playoff_final_results": 3.7333333333333334,
        "rank_rmse_eos_standings_vs_playoff_final_results": 6.093712606722878,
        "playoff_metrics": {
          "spearman_pred_vs_playoff_final_results": 0.4705228031145718,
          "ndcg_at_4_final_four": 0.35315119534797357,
          "ndcg10_pred_vs_playoff_final_results": 0.5489277688081619,
          "brier_championship_odds": 0.03222232684493065,
          "rank_mae_pred_vs_playoff_final_results": 7.266666889190674,
          "rank_rmse_pred_vs_playoff_final_results": 9.223158836364746,
          "rank_mae_eos_standings_vs_playoff_final_results": 3.7333333333333334,
          "rank_rmse_eos_standings_vs_playoff_final_results": 6.093712606722878
        }
      },
      "test_metrics_model_a": {
        "ndcg": 0.5489227567395806,
        "spearman": 0.432258064516129,
        "mrr_top2": 1.0,
        "mrr_top4": 1.0,
        "ndcg10": 0.5489227567395806,
        "ndcg_at_4": 0.35315119534797357,
        "ndcg_at_12": 0.5926702627914245,
        "ndcg_at_16": 0.5945456627354988,
        "ndcg_at_20": 0.5948456984892783,
        "roc_auc_upset": 0.8035714285714286
      },
      "test_metrics_model_b": {
        "ndcg": 0.5770772661268245,
        "spearman": 0.48476084538375974,
        "mrr_top2": 0.5,
        "mrr_top4": 0.5,
        "ndcg10": 0.5770772661268245,
        "ndcg_at_4": 0.44093212795935904,
        "ndcg_at_12": 0.5769498802079498,
        "ndcg_at_16": 0.6184703455982663,
        "ndcg_at_20": 0.6232438640084299,
        "roc_auc_upset": 0.7098214285714286
      },
      "test_metrics_model_c": {
        "ndcg": 0.333487026575135,
        "spearman": 0.23159065628476083,
        "mrr_top2": 0.16666666666666666,
        "mrr_top4": 0.16666666666666666,
        "ndcg10": 0.333487026575135,
        "ndcg_at_4": 0.0011069724610271625,
        "ndcg_at_12": 0.33890731926775686,
        "ndcg_at_16": 0.35966393831396193,
        "ndcg_at_20": 0.3699999322309346,
        "roc_auc_upset": 0.7633928571428571
      },
      "test_metrics_by_conference": {
        "E": {
          "ndcg": 0.38504331979094114,
          "spearman": 0.23571428571428568
        },
        "W": {
          "ndcg": 0.9237628011732165,
          "spearman": 0.5785714285714285
        }
      },
      "notes": {
        "eos_rank_source": "eos_final_rank"
      }
    },
    "2024-25": {
      "test_metrics_ensemble": {
        "ndcg": 0.48283255665490876,
        "spearman": 0.4567296996662959,
        "mrr_top2": 0.5,
        "mrr_top4": 0.5,
        "ndcg10": 0.48283255665490876,
        "ndcg_at_4": 0.4643944167678145,
        "ndcg_at_12": 0.5269457973759424,
        "ndcg_at_16": 0.5281489168066221,
        "ndcg_at_20": 0.5304948777869392,
        "roc_auc_upset": 0.78125,
        "rank_mae_pred_vs_playoff_final_results": 7.199999809265137,
        "rank_rmse_pred_vs_playoff_final_results": 9.022194862365723,
        "rank_mae_eos_standings_vs_playoff_final_results": 3.1333333333333333,
        "rank_rmse_eos_standings_vs_playoff_final_results": 4.449719092257398,
        "playoff_metrics": {
          "spearman_pred_vs_playoff_final_results": 0.46206896551724136,
          "ndcg_at_4_final_four": 0.4643812234227066,
          "ndcg10_pred_vs_playoff_final_results": 0.48281972600791984,
          "brier_championship_odds": 0.03222232684493065,
          "rank_mae_pred_vs_playoff_final_results": 7.199999809265137,
          "rank_rmse_pred_vs_playoff_final_results": 9.022194862365723,
          "rank_mae_eos_standings_vs_playoff_final_results": 3.1333333333333333,
          "rank_rmse_eos_standings_vs_playoff_final_results": 4.449719092257398
        }
      },
      "test_metrics_model_a": {
        "ndcg": 0.48283255665490876,
        "spearman": 0.4567296996662959,
        "mrr_top2": 0.5,
        "mrr_top4": 0.5,
        "ndcg10": 0.48283255665490876,
        "ndcg_at_4": 0.4643944167678145,
        "ndcg_at_12": 0.5269457973759424,
        "ndcg_at_16": 0.5281489168066221,