{
  "notes": {
    "eval_on": "test",
    "eos_rank_source": "eos_final_rank",
    "upset_definition": "sleeper = EOS_global_rank > predicted_strength",
    "mrr_top2": "1/rank of first team in top 2 (champion+runner-up) in predicted order.",
    "mrr_top4": "1/rank of first team in top 4 (conference finals) in predicted order.",
    "per_conference_relevance": "Within E/W: actual rank derived from EOS_global_rank (1=best in conf); NDCG/Spearman use this relevance.",
    "playoff_metrics": "Spearman (pred global vs playoff_final_results), NDCG@4 (final four), Brier (champion vs odds). rank_mae/rank_rmse: pred vs playoff_final_results; eos_standings vs playoff_final_results (baseline)."
  },
  "split_info": {
    "train_frac": 0.75,
    "n_train_dates": 141,
    "n_test_dates": 36,
    "split_mode": "seasons"
  },
  "test_metrics_ensemble": {
    "ndcg": 0.48888675290103023,
    "spearman": 0.47230255839822033,
    "mrr_top2": 0.5,
    "mrr_top4": 0.5,
    "ndcg10": 0.48888675290103023,
    "ndcg_at_4": 0.4643944167678145,
    "ndcg_at_12": 0.48911241018176577,
    "ndcg_at_16": 0.5317469373128062,
    "ndcg_at_20": 0.5353098174395704,
    "roc_auc_upset": 0.7647058823529411,
    "rank_mae_pred_vs_playoff_final_results": 7.0,
    "rank_rmse_pred_vs_playoff_final_results": 8.89194393157959,
    "rank_mae_eos_standings_vs_playoff_final_results": 3.1333333333333333,
    "rank_rmse_eos_standings_vs_playoff_final_results": 4.449719092257398,
    "playoff_metrics": {
      "spearman_pred_vs_playoff_final_results": 0.4758620689655172,
      "ndcg_at_4_final_four": 0.4643812234227066,
      "ndcg10_pred_vs_playoff_final_results": 0.48887338621511567,
      "brier_championship_odds": 0.03222232684493065,
      "rank_mae_pred_vs_playoff_final_results": 7.0,
      "rank_rmse_pred_vs_playoff_final_results": 8.89194393157959,
      "rank_mae_eos_standings_vs_playoff_final_results": 3.1333333333333333,
      "rank_rmse_eos_standings_vs_playoff_final_results": 4.449719092257398
    }
  },
  "test_metrics_model_a": {
    "ndcg": 0.48888675290103023,
    "spearman": 0.47230255839822033,
    "mrr_top2": 0.5,
    "mrr_top4": 0.5,
    "ndcg10": 0.48888675290103023,
    "ndcg_at_4": 0.4643944167678145,
    "ndcg_at_12": 0.48911241018176577,
    "ndcg_at_16": 0.5317469373128062,
    "ndcg_at_20": 0.5353098174395704,
    "roc_auc_upset": 0.7647058823529411
  },
  "test_metrics_model_b": {
    "ndcg": 0.21440232699843098,
    "spearman": 0.5799777530589544,
    "mrr_top2": 0.2,
    "mrr_top4": 0.2,
    "ndcg10": 0.21440232699843098,
    "ndcg_at_4": 0.04166423104576856,
    "ndcg_at_12": 0.2143461856330299,
    "ndcg_at_16": 0.3936627737388285,
    "ndcg_at_20": 0.39366189396192325,
    "roc_auc_upset": 0.8
  },
  "test_metrics_model_c": {
    "ndcg": 0.05124995751403931,
    "spearman": 0.3032258064516129,
    "mrr_top2": 0.0625,
    "mrr_top4": 0.2,
    "ndcg10": 0.05124995751403931,
    "ndcg_at_4": 0.00711064040423231,
    "ndcg_at_12": 0.056899138174850025,
    "ndcg_at_16": 0.1769467286075223,
    "ndcg_at_20": 0.17934445367388585,
    "roc_auc_upset": 0.8258928571428571
  },
  "test_metrics_by_conference": {
    "E": {
      "ndcg": 0.2643673621407006,
      "spearman": 0.22142857142857136
    },
    "W": {
      "ndcg": 0.7723141400583361,
      "spearman": 0.6785714285714285
    }
  },
  "by_season": {
    "2023-24": {
      "test_metrics_ensemble": {
        "ndcg": 0.5955186798503143,
        "spearman": 0.4487208008898776,
        "mrr_top2": 1.0,
        "mrr_top4": 1.0,
        "ndcg10": 0.5955186798503143,
        "ndcg_at_4": 0.35315119534797357,
        "ndcg_at_12": 0.5953676141798527,
        "ndcg_at_16": 0.5966560366079361,
        "ndcg_at_20": 0.5972642808509155,
        "roc_auc_upset": 0.7692307692307692,
        "rank_mae_pred_vs_playoff_final_results": 7.199999809265137,
        "rank_rmse_pred_vs_playoff_final_results": 9.088454246520996,
        "rank_mae_eos_standings_vs_playoff_final_results": 3.7333333333333334,
        "rank_rmse_eos_standings_vs_playoff_final_results": 6.093712606722878,
        "playoff_metrics": {
          "spearman_pred_vs_playoff_final_results": 0.4634037819799778,
          "ndcg_at_4_final_four": 0.35315119534797357,
          "ndcg10_pred_vs_playoff_final_results": 0.5955179606959881,
          "brier_championship_odds": 0.03222232684493065,
          "rank_mae_pred_vs_playoff_final_results": 7.199999809265137,
          "rank_rmse_pred_vs_playoff_final_results": 9.088454246520996,
          "rank_mae_eos_standings_vs_playoff_final_results": 3.7333333333333334,
          "rank_rmse_eos_standings_vs_playoff_final_results": 6.093712606722878
        }
      },
      "test_metrics_model_a": {
        "ndcg": 0.5955186798503143,
        "spearman": 0.4202447163515017,
        "mrr_top2": 1.0,
        "mrr_top4": 1.0,
        "ndcg10": 0.5955186798503143,
        "ndcg_at_4": 0.35315119534797357,
        "ndcg_at_12": 0.5953676141798527,
        "ndcg_at_16": 0.5966560366079361,
        "ndcg_at_20": 0.5972642808509155,
        "roc_auc_upset": 0.7873303167420814
      },
      "test_metrics_model_b": {
        "ndcg": 0.8055193198870861,
        "spearman": 0.42602892102335926,
        "mrr_top2": 1.0,
        "mrr_top4": 1.0,
        "ndcg10": 0.8055193198870861,
        "ndcg_at_4": 0.705915834267812,
        "ndcg_at_12": 0.8054155702703883,
        "ndcg_at_16": 0.8053571841071416,
        "ndcg_at_20": 0.8102227976291655,
        "roc_auc_upset": 0.7276785714285714
      },
      "test_metrics_model_c": {
        "ndcg": 0.3335103168238178,
        "spearman": 0.23737486095661847,
        "mrr_top2": 0.16666666666666666,
        "mrr_top4": 0.16666666666666666,
        "ndcg10": 0.3335103168238178,
        "ndcg_at_4": 0.001111095381373398,
        "ndcg_at_12": 0.33890852755612016,
        "ndcg_at_16": 0.3596651465096424,
        "ndcg_at_20": 0.37000114042130106,
        "roc_auc_upset": 0.7633928571428571
      },
      "test_metrics_by_conference": {
        "E": {
          "ndcg": 0.38696647065455475,
          "spearman": 0.2928571428571428
        },
        "W": {
          "ndcg": 0.9300270174697238,
          "spearman": 0.6499999999999999
        }
      },
      "notes": {
        "eos_rank_source": "eos_final_rank"
      }
    },
    "2024-25": {
      "test_metrics_ensemble": {
        "ndcg": 0.48888675290103023,
        "spearman": 0.47230255839822033,
        "mrr_top2": 0.5,
        "mrr_top4": 0.5,
        "ndcg10": 0.48888675290103023,
        "ndcg_at_4": 0.4643944167678145,
        "ndcg_at_12": 0.48911241018176577,
        "ndcg_at_16": 0.5317469373128062,
        "ndcg_at_20": 0.5353098174395704,
        "roc_auc_upset": 0.7647058823529411,
        "rank_mae_pred_vs_playoff_final_results": 7.0,
        "rank_rmse_pred_vs_playoff_final_results": 8.89194393157959,
        "rank_mae_eos_standings_vs_playoff_final_results": 3.1333333333333333,
        "rank_rmse_eos_standings_vs_playoff_final_results": 4.449719092257398,
        "playoff_metrics": {
          "spearman_pred_vs_playoff_final_results": 0.4758620689655172,
          "ndcg_at_4_final_four": 0.4643812234227066,
          "ndcg10_pred_vs_playoff_final_results": 0.48887338621511567,
          "brier_championship_odds": 0.03222232684493065,
          "rank_mae_pred_vs_playoff_final_results": 7.0,
          "rank_rmse_pred_vs_playoff_final_results": 8.89194393157959,
          "rank_mae_eos_standings_vs_playoff_final_results": 3.1333333333333333,
          "rank_rmse_eos_standings_vs_playoff_final_results": 4.449719092257398
        }
      },
      "test_metrics_model_a": {
        "ndcg": 0.48888675290103023,
        "spearman": 0.47230255839822033,
        "mrr_top2": 0.5,
        "mrr_top4": 0.5,
        "ndcg10": 0.48888675290103023,
        "ndcg_at_4": 0.4643944167678145,
        "ndcg_at_12": 0.48911241018176577,
        "ndcg_at_16": 0.5317469373128062,
        "ndcg_at_20": 0.5353098174395704,