{
  "test_metrics_ensemble": {
    "ndcg": 0.5955186798503143,
    "spearman": 0.4487208008898776,
    "mrr_top2": 1.0,
    "mrr_top4": 1.0,
    "ndcg10": 0.5955186798503143,
    "ndcg_at_4": 0.35315119534797357,
    "ndcg_at_12": 0.5953676141798527,
    "ndcg_at_16": 0.5966560366079361,
    "ndcg_at_20": 0.5972642808509155,
    "roc_auc_upset": 0.7692307692307692,
    "rank_mae_pred_vs_playoff_final_results": 7.199999809265137,
    "rank_rmse_pred_vs_playoff_final_results": 9.088454246520996,
    "rank_mae_eos_standings_vs_playoff_final_results": 3.7333333333333334,
    "rank_rmse_eos_standings_vs_playoff_final_results": 6.093712606722878,
    "playoff_metrics": {
      "spearman_pred_vs_playoff_final_results": 0.4634037819799778,
      "ndcg_at_4_final_four": 0.35315119534797357,
      "ndcg10_pred_vs_playoff_final_results": 0.5955179606959881,
      "brier_championship_odds": 0.03222232684493065,
      "rank_mae_pred_vs_playoff_final_results": 7.199999809265137,
      "rank_rmse_pred_vs_playoff_final_results": 9.088454246520996,
      "rank_mae_eos_standings_vs_playoff_final_results": 3.7333333333333334,
      "rank_rmse_eos_standings_vs_playoff_final_results": 6.093712606722878
    }
  },
  "test_metrics_model_a": {
    "ndcg": 0.5955186798503143,
    "spearman": 0.4202447163515017,
    "mrr_top2": 1.0,
    "mrr_top4": 1.0,
    "ndcg10": 0.5955186798503143,
    "ndcg_at_4": 0.35315119534797357,
    "ndcg_at_12": 0.5953676141798527,
    "ndcg_at_16": 0.5966560366079361,
    "ndcg_at_20": 0.5972642808509155,
    "roc_auc_upset": 0.7873303167420814
  },
  "test_metrics_model_b": {
    "ndcg": 0.8055193198870861,
    "spearman": 0.42602892102335926,
    "mrr_top2": 1.0,
    "mrr_top4": 1.0,
    "ndcg10": 0.8055193198870861,
    "ndcg_at_4": 0.705915834267812,
    "ndcg_at_12": 0.8054155702703883,
    "ndcg_at_16": 0.8053571841071416,
    "ndcg_at_20": 0.8102227976291655,
    "roc_auc_upset": 0.7276785714285714
  },
  "test_metrics_model_c": {
    "ndcg": 0.3335103168238178,
    "spearman": 0.23737486095661847,
    "mrr_top2": 0.16666666666666666,
    "mrr_top4": 0.16666666666666666,
    "ndcg10": 0.3335103168238178,
    "ndcg_at_4": 0.001111095381373398,
    "ndcg_at_12": 0.33890852755612016,
    "ndcg_at_16": 0.3596651465096424,
    "ndcg_at_20": 0.37000114042130106,
    "roc_auc_upset": 0.7633928571428571
  },
  "test_metrics_by_conference": {
    "E": {
      "ndcg": 0.38696647065455475,
      "spearman": 0.2928571428571428
    },
    "W": {
      "ndcg": 0.9300270174697238,
      "spearman": 0.6499999999999999
    }
  },
  "notes": {
    "eos_rank_source": "eos_final_rank"
  }
}