{
  "test_metrics_ensemble": {
    "ndcg": 0.48888675290103023,
    "spearman": 0.47230255839822033,
    "mrr_top2": 0.5,
    "mrr_top4": 0.5,
    "ndcg10": 0.48888675290103023,
    "ndcg_at_4": 0.4643944167678145,
    "ndcg_at_12": 0.48911241018176577,
    "ndcg_at_16": 0.5317469373128062,
    "ndcg_at_20": 0.5353098174395704,
    "roc_auc_upset": 0.7647058823529411,
    "rank_mae_pred_vs_playoff_final_results": 7.0,
    "rank_rmse_pred_vs_playoff_final_results": 8.89194393157959,
    "rank_mae_eos_standings_vs_playoff_final_results": 3.1333333333333333,
    "rank_rmse_eos_standings_vs_playoff_final_results": 4.449719092257398,
    "playoff_metrics": {
      "spearman_pred_vs_playoff_final_results": 0.4758620689655172,
      "ndcg_at_4_final_four": 0.4643812234227066,
      "ndcg10_pred_vs_playoff_final_results": 0.48887338621511567,
      "brier_championship_odds": 0.03222232684493065,
      "rank_mae_pred_vs_playoff_final_results": 7.0,
      "rank_rmse_pred_vs_playoff_final_results": 8.89194393157959,
      "rank_mae_eos_standings_vs_playoff_final_results": 3.1333333333333333,
      "rank_rmse_eos_standings_vs_playoff_final_results": 4.449719092257398
    }
  },
  "test_metrics_model_a": {
    "ndcg": 0.48888675290103023,
    "spearman": 0.47230255839822033,
    "mrr_top2": 0.5,
    "mrr_top4": 0.5,
    "ndcg10": 0.48888675290103023,
    "ndcg_at_4": 0.4643944167678145,
    "ndcg_at_12": 0.48911241018176577,
    "ndcg_at_16": 0.5317469373128062,
    "ndcg_at_20": 0.5353098174395704,
    "roc_auc_upset": 0.7647058823529411
  },
  "test_metrics_model_b": {
    "ndcg": 0.21440232699843098,
    "spearman": 0.5799777530589544,
    "mrr_top2": 0.2,
    "mrr_top4": 0.2,
    "ndcg10": 0.21440232699843098,
    "ndcg_at_4": 0.04166423104576856,
    "ndcg_at_12": 0.2143461856330299,
    "ndcg_at_16": 0.3936627737388285,
    "ndcg_at_20": 0.39366189396192325,
    "roc_auc_upset": 0.8
  },
  "test_metrics_model_c": {
    "ndcg": 0.05124995751403931,
    "spearman": 0.3032258064516129,
    "mrr_top2": 0.0625,
    "mrr_top4": 0.2,
    "ndcg10": 0.05124995751403931,
    "ndcg_at_4": 0.00711064040423231,
    "ndcg_at_12": 0.056899138174850025,
    "ndcg_at_16": 0.1769467286075223,
    "ndcg_at_20": 0.17934445367388585,
    "roc_auc_upset": 0.8258928571428571
  },
  "test_metrics_by_conference": {
    "E": {
      "ndcg": 0.2643673621407006,
      "spearman": 0.22142857142857136
    },
    "W": {
      "ndcg": 0.7723141400583361,
      "spearman": 0.6785714285714285
    }
  },
  "notes": {
    "eos_rank_source": "eos_final_rank"
  }
}