{
  "notes": {
    "eval_on": "test",
    "eos_rank_source": "eos_final_rank",
    "upset_definition": "sleeper = EOS_global_rank > predicted_strength",
    "mrr_top2": "1/rank of first team in top 2 (champion+runner-up) in predicted order.",
    "mrr_top4": "1/rank of first team in top 4 (conference finals) in predicted order.",
    "per_conference_relevance": "Within E/W: actual rank derived from EOS_global_rank (1=best in conf); NDCG/Spearman use this relevance.",
    "playoff_metrics": "Spearman (pred global vs playoff_final_results), NDCG@4 (final four), Brier (champion vs odds). rank_mae/rank_rmse: pred vs playoff_final_results; eos_standings vs playoff_final_results (baseline)."
  },
  "split_info": {
    "train_frac": 0.75,
    "n_train_dates": 141,
    "n_test_dates": 36,
    "split_mode": "seasons"
  },
  "test_metrics_ensemble": {
    "ndcg": 0.483175237376534,
    "spearman": 0.4674082313681869,
    "mrr_top2": 0.5,
    "mrr_top4": 0.5,
    "ndcg10": 0.483175237376534,
    "ndcg_at_4": 0.4643944167678145,
    "ndcg_at_12": 0.4830704427781057,
    "ndcg_at_16": 0.5256852970416362,
    "ndcg_at_20": 0.5292151491361515,
    "roc_auc_upset": 0.7723214285714286,
    "rank_mae_pred_vs_playoff_final_results": 7.066666603088379,
    "rank_rmse_pred_vs_playoff_final_results": 8.933084487915039,
    "rank_mae_eos_standings_vs_playoff_final_results": 3.1333333333333333,
    "rank_rmse_eos_standings_vs_playoff_final_results": 4.449719092257398,
    "playoff_metrics": {
      "spearman_pred_vs_playoff_final_results": 0.4647385984427141,
      "ndcg_at_4_final_four": 0.4643812234227066,
      "ndcg10_pred_vs_playoff_final_results": 0.4831624080583637,
      "brier_championship_odds": 0.03222232684493065,
      "rank_mae_pred_vs_playoff_final_results": 7.066666603088379,
      "rank_rmse_pred_vs_playoff_final_results": 8.933084487915039,
      "rank_mae_eos_standings_vs_playoff_final_results": 3.1333333333333333,
      "rank_rmse_eos_standings_vs_playoff_final_results": 4.449719092257398
    }
  },
  "test_metrics_model_a": {
    "ndcg": 0.483175237376534,
    "spearman": 0.4674082313681869,
    "mrr_top2": 0.5,
    "mrr_top4": 0.5,
    "ndcg10": 0.483175237376534,
    "ndcg_at_4": 0.4643944167678145,
    "ndcg_at_12": 0.4830704427781057,
    "ndcg_at_16": 0.5256852970416362,
    "ndcg_at_20": 0.5292151491361515,
    "roc_auc_upset": 0.7723214285714286
  },
  "test_metrics_model_b": {
    "ndcg": 0.1938361639830347,
    "spearman": 0.6048943270300334,
    "mrr_top2": 0.2,
    "mrr_top4": 0.2,
    "ndcg10": 0.1938361639830347,
    "ndcg_at_4": 0.04367449844740414,
    "ndcg_at_12": 0.19383916635348888,
    "ndcg_at_16": 0.23450464213957603,
    "ndcg_at_20": 0.3874114266247881,
    "roc_auc_upset": 0.7685185185185185
  },
  "test_metrics_model_c": {
    "ndcg": 0.05784506519871672,
    "spearman": 0.3228031145717464,
    "mrr_top2": 0.06666666666666667,
    "mrr_top4": 0.2,
    "ndcg10": 0.05784506519871672,
    "ndcg_at_4": 0.00711064040423231,
    "ndcg_at_12": 0.05783006459806845,
    "ndcg_at_16": 0.178746258737695,
    "ndcg_at_20": 0.18110337484256867,
    "roc_auc_upset": 0.8125
  },
  "test_metrics_by_conference": {
    "E": {
      "ndcg": 0.2523239197050784,
      "spearman": 0.2071428571428571
    },
    "W": {
      "ndcg": 0.7524991469189859,
      "spearman": 0.7071428571428571
    }
  },
  "by_season": {
    "2023-24": {
      "test_metrics_ensemble": {
        "ndcg": 0.5582579348277565,
        "spearman": 0.3842046718576196,
        "mrr_top2": 1.0,
        "mrr_top4": 1.0,
        "ndcg10": 0.5582579348277565,
        "ndcg_at_4": 0.35315119534797357,
        "ndcg_at_12": 0.6020416971617123,
        "ndcg_at_16": 0.6038862065163002,
        "ndcg_at_20": 0.6038926695778151,
        "roc_auc_upset": 0.7918552036199095,
        "rank_mae_pred_vs_playoff_final_results": 7.666666507720947,
        "rank_rmse_pred_vs_playoff_final_results": 9.605554580688477,
        "rank_mae_eos_standings_vs_playoff_final_results": 3.7333333333333334,
        "rank_rmse_eos_standings_vs_playoff_final_results": 6.093712606722878,
        "playoff_metrics": {
          "spearman_pred_vs_playoff_final_results": 0.4126807563959955,
          "ndcg_at_4_final_four": 0.35315119534797357,
          "ndcg10_pred_vs_playoff_final_results": 0.5582584700096331,
          "brier_championship_odds": 0.03222232684493065,
          "rank_mae_pred_vs_playoff_final_results": 7.666666507720947,
          "rank_rmse_pred_vs_playoff_final_results": 9.605554580688477,
          "rank_mae_eos_standings_vs_playoff_final_results": 3.7333333333333334,
          "rank_rmse_eos_standings_vs_playoff_final_results": 6.093712606722878
        }
      },
      "test_metrics_model_a": {
        "ndcg": 0.5583037895088994,
        "spearman": 0.3913236929922136,
        "mrr_top2": 1.0,
        "mrr_top4": 1.0,
        "ndcg10": 0.5583037895088994,
        "ndcg_at_4": 0.35315119534797357,
        "ndcg_at_12": 0.6020433023853684,
        "ndcg_at_16": 0.6038878116168261,
        "ndcg_at_20": 0.6038942746712813,
        "roc_auc_upset": 0.7918552036199095
      },
      "test_metrics_model_b": {
        "ndcg": 0.5710904780417583,
        "spearman": 0.47230255839822033,
        "mrr_top2": 0.5,
        "mrr_top4": 0.5,
        "ndcg10": 0.5710904780417583,
        "ndcg_at_4": 0.4646538243780074,
        "ndcg_at_12": 0.5710316257603925,
        "ndcg_at_16": 0.6116046905114949,
        "ndcg_at_20": 0.6116070080875146,
        "roc_auc_upset": 0.711111111111111
      },
      "test_metrics_model_c": {
        "ndcg": 0.3335103168238178,
        "spearman": 0.24582869855394882,
        "mrr_top2": 0.16666666666666666,
        "mrr_top4": 0.16666666666666666,
        "ndcg10": 0.3335103168238178,
        "ndcg_at_4": 0.001111095381373398,
        "ndcg_at_12": 0.33342342712902806,
        "ndcg_at_16": 0.359511130120896,
        "ndcg_at_20": 0.36984719361683405,
        "roc_auc_upset": 0.7777777777777778
      },
      "test_metrics_by_conference": {
        "E": {
          "ndcg": 0.38369169619137905,
          "spearman": 0.2321428571428571
        },
        "W": {
          "ndcg": 0.9138235918681941,
          "spearman": 0.4678571428571427
        }
      },
      "notes": {
        "eos_rank_source": "eos_final_rank"
      }
    },
    "2024-25": {
      "test_metrics_ensemble": {
        "ndcg": 0.483175237376534,
        "spearman": 0.4674082313681869,
        "mrr_top2": 0.5,
        "mrr_top4": 0.5,
        "ndcg10": 0.483175237376534,
        "ndcg_at_4": 0.4643944167678145,
        "ndcg_at_12": 0.4830704427781057,
        "ndcg_at_16": 0.5256852970416362,
        "ndcg_at_20": 0.5292151491361515,
        "roc_auc_upset": 0.7723214285714286,
        "rank_mae_pred_vs_playoff_final_results": 7.066666603088379,
        "rank_rmse_pred_vs_playoff_final_results": 8.933084487915039,
        "rank_mae_eos_standings_vs_playoff_final_results": 3.1333333333333333,
        "rank_rmse_eos_standings_vs_playoff_final_results": 4.449719092257398,
        "playoff_metrics": {
          "spearman_pred_vs_playoff_final_results": 0.4647385984427141,
          "ndcg_at_4_final_four": 0.4643812234227066,
          "ndcg10_pred_vs_playoff_final_results": 0.4831624080583637,
          "brier_championship_odds": 0.03222232684493065,
          "rank_mae_pred_vs_playoff_final_results": 7.066666603088379,
          "rank_rmse_pred_vs_playoff_final_results": 8.933084487915039,
          "rank_mae_eos_standings_vs_playoff_final_results": 3.1333333333333333,
          "rank_rmse_eos_standings_vs_playoff_final_results": 4.449719092257398
        }
      },
      "test_metrics_model_a": {
        "ndcg": 0.483175237376534,
        "spearman": 0.4674082313681869,
        "mrr_top2": 0.5,
        "mrr_top4": 0.5,
        "ndcg10": 0.483175237376534,
        "ndcg_at_4": 0.4643944167678145,
        "ndcg_at_12": 0.4830704427781057,
        "ndcg_at_16": 0.5256852970416362,