{
  "test_metrics_ensemble": {
    "ndcg": 0.5582579348277565,
    "spearman": 0.3842046718576196,
    "mrr_top2": 1.0,
    "mrr_top4": 1.0,
    "ndcg10": 0.5582579348277565,
    "ndcg_at_4": 0.35315119534797357,
    "ndcg_at_12": 0.6020416971617123,
    "ndcg_at_16": 0.6038862065163002,
    "ndcg_at_20": 0.6038926695778151,
    "roc_auc_upset": 0.7918552036199095,
    "rank_mae_pred_vs_playoff_final_results": 7.666666507720947,
    "rank_rmse_pred_vs_playoff_final_results": 9.605554580688477,
    "rank_mae_eos_standings_vs_playoff_final_results": 3.7333333333333334,
    "rank_rmse_eos_standings_vs_playoff_final_results": 6.093712606722878,
    "playoff_metrics": {
      "spearman_pred_vs_playoff_final_results": 0.4126807563959955,
      "ndcg_at_4_final_four": 0.35315119534797357,
      "ndcg10_pred_vs_playoff_final_results": 0.5582584700096331,
      "brier_championship_odds": 0.03222232684493065,
      "rank_mae_pred_vs_playoff_final_results": 7.666666507720947,
      "rank_rmse_pred_vs_playoff_final_results": 9.605554580688477,
      "rank_mae_eos_standings_vs_playoff_final_results": 3.7333333333333334,
      "rank_rmse_eos_standings_vs_playoff_final_results": 6.093712606722878
    }
  },
  "test_metrics_model_a": {
    "ndcg": 0.5583037895088994,
    "spearman": 0.3913236929922136,
    "mrr_top2": 1.0,
    "mrr_top4": 1.0,
    "ndcg10": 0.5583037895088994,
    "ndcg_at_4": 0.35315119534797357,
    "ndcg_at_12": 0.6020433023853684,
    "ndcg_at_16": 0.6038878116168261,
    "ndcg_at_20": 0.6038942746712813,
    "roc_auc_upset": 0.7918552036199095
  },
  "test_metrics_model_b": {
    "ndcg": 0.5710904780417583,
    "spearman": 0.47230255839822033,
    "mrr_top2": 0.5,
    "mrr_top4": 0.5,
    "ndcg10": 0.5710904780417583,
    "ndcg_at_4": 0.4646538243780074,
    "ndcg_at_12": 0.5710316257603925,
    "ndcg_at_16": 0.6116046905114949,
    "ndcg_at_20": 0.6116070080875146,
    "roc_auc_upset": 0.711111111111111
  },
  "test_metrics_model_c": {
    "ndcg": 0.3335103168238178,
    "spearman": 0.24582869855394882,
    "mrr_top2": 0.16666666666666666,
    "mrr_top4": 0.16666666666666666,
    "ndcg10": 0.3335103168238178,
    "ndcg_at_4": 0.001111095381373398,
    "ndcg_at_12": 0.33342342712902806,
    "ndcg_at_16": 0.359511130120896,
    "ndcg_at_20": 0.36984719361683405,
    "roc_auc_upset": 0.7777777777777778
  },
  "test_metrics_by_conference": {
    "E": {
      "ndcg": 0.38369169619137905,
      "spearman": 0.2321428571428571
    },
    "W": {
      "ndcg": 0.9138235918681941,
      "spearman": 0.4678571428571427
    }
  },
  "notes": {
    "eos_rank_source": "eos_final_rank"
  }
}