{
  "test_metrics_ensemble": {
    "ndcg": 0.483175237376534,
    "spearman": 0.4674082313681869,
    "mrr_top2": 0.5,
    "mrr_top4": 0.5,
    "ndcg10": 0.483175237376534,
    "ndcg_at_4": 0.4643944167678145,
    "ndcg_at_12": 0.4830704427781057,
    "ndcg_at_16": 0.5256852970416362,
    "ndcg_at_20": 0.5292151491361515,
    "roc_auc_upset": 0.7723214285714286,
    "rank_mae_pred_vs_playoff_final_results": 7.066666603088379,
    "rank_rmse_pred_vs_playoff_final_results": 8.933084487915039,
    "rank_mae_eos_standings_vs_playoff_final_results": 3.1333333333333333,
    "rank_rmse_eos_standings_vs_playoff_final_results": 4.449719092257398,
    "playoff_metrics": {
      "spearman_pred_vs_playoff_final_results": 0.4647385984427141,
      "ndcg_at_4_final_four": 0.4643812234227066,
      "ndcg10_pred_vs_playoff_final_results": 0.4831624080583637,
      "brier_championship_odds": 0.03222232684493065,
      "rank_mae_pred_vs_playoff_final_results": 7.066666603088379,
      "rank_rmse_pred_vs_playoff_final_results": 8.933084487915039,
      "rank_mae_eos_standings_vs_playoff_final_results": 3.1333333333333333,
      "rank_rmse_eos_standings_vs_playoff_final_results": 4.449719092257398
    }
  },
  "test_metrics_model_a": {
    "ndcg": 0.483175237376534,
    "spearman": 0.4674082313681869,
    "mrr_top2": 0.5,
    "mrr_top4": 0.5,
    "ndcg10": 0.483175237376534,
    "ndcg_at_4": 0.4643944167678145,
    "ndcg_at_12": 0.4830704427781057,
    "ndcg_at_16": 0.5256852970416362,
    "ndcg_at_20": 0.5292151491361515,
    "roc_auc_upset": 0.7723214285714286
  },
  "test_metrics_model_b": {
    "ndcg": 0.1938361639830347,
    "spearman": 0.6048943270300334,
    "mrr_top2": 0.2,
    "mrr_top4": 0.2,
    "ndcg10": 0.1938361639830347,
    "ndcg_at_4": 0.04367449844740414,
    "ndcg_at_12": 0.19383916635348888,
    "ndcg_at_16": 0.23450464213957603,
    "ndcg_at_20": 0.3874114266247881,
    "roc_auc_upset": 0.7685185185185185
  },
  "test_metrics_model_c": {
    "ndcg": 0.05784506519871672,
    "spearman": 0.3228031145717464,
    "mrr_top2": 0.06666666666666667,
    "mrr_top4": 0.2,
    "ndcg10": 0.05784506519871672,
    "ndcg_at_4": 0.00711064040423231,
    "ndcg_at_12": 0.05783006459806845,
    "ndcg_at_16": 0.178746258737695,
    "ndcg_at_20": 0.18110337484256867,
    "roc_auc_upset": 0.8125
  },
  "test_metrics_by_conference": {
    "E": {
      "ndcg": 0.2523239197050784,
      "spearman": 0.2071428571428571
    },
    "W": {
      "ndcg": 0.7524991469189859,
      "spearman": 0.7071428571428571
    }
  },
  "notes": {
    "eos_rank_source": "eos_final_rank"
  }
}