{
  "notes": {
    "eval_on": "test",
    "eos_rank_source": "eos_final_rank",
    "upset_definition": "sleeper = EOS_global_rank > predicted_strength",
    "mrr_top2": "1/rank of first team in top 2 (champion+runner-up) in predicted order.",
    "mrr_top4": "1/rank of first team in top 4 (conference finals) in predicted order.",
    "per_conference_relevance": "Within E/W: actual rank derived from EOS_global_rank (1=best in conf); NDCG/Spearman use this relevance.",
    "playoff_metrics": "Spearman (pred global vs playoff_final_results), NDCG@4 (final four), Brier (champion vs odds). rank_mae/rank_rmse: pred vs playoff_final_results; eos_standings vs playoff_final_results (baseline)."
  },
  "split_info": {
    "train_frac": 0.75,
    "n_train_dates": 141,
    "n_test_dates": 36,
    "split_mode": "seasons"
  },
  "test_metrics_ensemble": {
    "ndcg": 0.48265875180376583,
    "spearman": 0.5061179087875418,
    "mrr_top2": 0.5,
    "mrr_top4": 0.5,
    "ndcg10": 0.48265875180376583,
    "ndcg_at_4": 0.4643944167678145,
    "ndcg_at_12": 0.48255409286914497,
    "ndcg_at_16": 0.5264104781192104,
    "ndcg_at_20": 0.5293340975449466,
    "roc_auc_upset": 0.7633928571428572,
    "rank_mae_pred_vs_playoff_final_results": 6.933333396911621,
    "rank_rmse_pred_vs_playoff_final_results": 8.602325439453125,
    "rank_mae_eos_standings_vs_playoff_final_results": 3.1333333333333333,
    "rank_rmse_eos_standings_vs_playoff_final_results": 4.449719092257398,
    "playoff_metrics": {
      "spearman_pred_vs_playoff_final_results": 0.5016685205784205,
      "ndcg_at_4_final_four": 0.4643812234227066,
      "ndcg10_pred_vs_playoff_final_results": 0.4826459235236339,
      "brier_championship_odds": 0.03222232684493065,
      "rank_mae_pred_vs_playoff_final_results": 6.933333396911621,
      "rank_rmse_pred_vs_playoff_final_results": 8.602325439453125,
      "rank_mae_eos_standings_vs_playoff_final_results": 3.1333333333333333,
      "rank_rmse_eos_standings_vs_playoff_final_results": 4.449719092257398
    }
  },
  "test_metrics_model_a": {
    "ndcg": 0.4826636132274122,
    "spearman": 0.4967741935483871,
    "mrr_top2": 0.5,
    "mrr_top4": 0.5,
    "ndcg10": 0.4826636132274122,
    "ndcg_at_4": 0.4643944167678145,
    "ndcg_at_12": 0.4825589530158549,
    "ndcg_at_16": 0.5251738465137,
    "ndcg_at_20": 0.5293144063497534,
    "roc_auc_upset": 0.7678571428571429
  },
  "test_metrics_model_b": {
    "ndcg": 0.16744612903542058,
    "spearman": 0.5915461624026696,
    "mrr_top2": 0.2,
    "mrr_top4": 0.2,
    "ndcg10": 0.16744612903542058,
    "ndcg_at_4": 0.04166423104576856,
    "ndcg_at_12": 0.21270195081541188,
    "ndcg_at_16": 0.38340816652918575,
    "ndcg_at_20": 0.40287773686321016,
    "roc_auc_upset": 0.7901785714285715
  },
  "test_metrics_model_c": {
    "ndcg": 0.05124995751403931,
    "spearman": 0.30189098998887653,
    "mrr_top2": 0.0625,
    "mrr_top4": 0.2,
    "ndcg10": 0.05124995751403931,
    "ndcg_at_4": 0.00711064040423231,
    "ndcg_at_12": 0.056899138174850025,
    "ndcg_at_16": 0.1769467286075223,
    "ndcg_at_20": 0.17934445367388585,
    "roc_auc_upset": 0.8258928571428571
  },
  "test_metrics_by_conference": {
    "E": {
      "ndcg": 0.25942941939947506,
      "spearman": 0.2785714285714285
    },
    "W": {
      "ndcg": 0.7627716777039057,
      "spearman": 0.7285714285714285
    }
  },
  "by_season": {
    "2023-24": {
      "test_metrics_ensemble": {
        "ndcg": 0.5571773679615205,
        "spearman": 0.4091212458286986,
        "mrr_top2": 1.0,
        "mrr_top4": 1.0,
        "ndcg10": 0.5571773679615205,
        "ndcg_at_4": 0.35315119534797357,
        "ndcg_at_12": 0.6009227057979363,
        "ndcg_at_16": 0.6022107883586977,
        "ndcg_at_20": 0.6028144785696063,
        "roc_auc_upset": 0.7777777777777778,
        "rank_mae_pred_vs_playoff_final_results": 7.4666666984558105,
        "rank_rmse_pred_vs_playoff_final_results": 9.409214973449707,
        "rank_mae_eos_standings_vs_playoff_final_results": 3.7333333333333334,
        "rank_rmse_eos_standings_vs_playoff_final_results": 6.093712606722878,
        "playoff_metrics": {
          "spearman_pred_vs_playoff_final_results": 0.47230255839822033,
          "ndcg_at_4_final_four": 0.35315119534797357,
          "ndcg10_pred_vs_playoff_final_results": 0.5571826172608073,
          "brier_championship_odds": 0.03222232684493065,
          "rank_mae_pred_vs_playoff_final_results": 7.4666666984558105,
          "rank_rmse_pred_vs_playoff_final_results": 9.409214973449707,
          "rank_mae_eos_standings_vs_playoff_final_results": 3.7333333333333334,
          "rank_rmse_eos_standings_vs_playoff_final_results": 6.093712606722878
        }
      },
      "test_metrics_model_a": {
        "ndcg": 0.5477981157758763,
        "spearman": 0.39221357063403783,
        "mrr_top2": 1.0,
        "mrr_top4": 1.0,
        "ndcg10": 0.5477981157758763,
        "ndcg_at_4": 0.35315119534797357,
        "ndcg_at_12": 0.5929593861547074,
        "ndcg_at_16": 0.5942480795495692,
        "ndcg_at_20": 0.5948518047822333,
        "roc_auc_upset": 0.7822222222222223
      },
      "test_metrics_model_b": {
        "ndcg": 0.8127858954854074,
        "spearman": 0.4211345939933259,
        "mrr_top2": 1.0,
        "mrr_top4": 1.0,
        "ndcg10": 0.8127858954854074,
        "ndcg_at_4": 0.729074614628521,
        "ndcg_at_12": 0.8125951916700279,
        "ndcg_at_16": 0.8126188539593376,
        "ndcg_at_20": 0.8549659808173043,
        "roc_auc_upset": 0.8622222222222222
      },
      "test_metrics_model_c": {
        "ndcg": 0.333487026575135,
        "spearman": 0.23159065628476083,
        "mrr_top2": 0.16666666666666666,
        "mrr_top4": 0.16666666666666666,
        "ndcg10": 0.333487026575135,
        "ndcg_at_4": 0.0011069724610271625,
        "ndcg_at_12": 0.33890731926775686,
        "ndcg_at_16": 0.35966393831396193,
        "ndcg_at_20": 0.3699999322309346,
        "roc_auc_upset": 0.7633928571428571
      },
      "test_metrics_by_conference": {
        "E": {
          "ndcg": 0.4082984176139838,
          "spearman": 0.28928571428571426
        },
        "W": {
          "ndcg": 0.9078155732991615,
          "spearman": 0.5035714285714286
        }
      },
      "notes": {
        "eos_rank_source": "eos_final_rank"
      }
    },
    "2024-25": {
      "test_metrics_ensemble": {
        "ndcg": 0.48265875180376583,
        "spearman": 0.5061179087875418,
        "mrr_top2": 0.5,
        "mrr_top4": 0.5,
        "ndcg10": 0.48265875180376583,
        "ndcg_at_4": 0.4643944167678145,
        "ndcg_at_12": 0.48255409286914497,
        "ndcg_at_16": 0.5264104781192104,
        "ndcg_at_20": 0.5293340975449466,
        "roc_auc_upset": 0.7633928571428572,
        "rank_mae_pred_vs_playoff_final_results": 6.933333396911621,
        "rank_rmse_pred_vs_playoff_final_results": 8.602325439453125,
        "rank_mae_eos_standings_vs_playoff_final_results": 3.1333333333333333,
        "rank_rmse_eos_standings_vs_playoff_final_results": 4.449719092257398,
        "playoff_metrics": {
          "spearman_pred_vs_playoff_final_results": 0.5016685205784205,
          "ndcg_at_4_final_four": 0.4643812234227066,
          "ndcg10_pred_vs_playoff_final_results": 0.4826459235236339,
          "brier_championship_odds": 0.03222232684493065,
          "rank_mae_pred_vs_playoff_final_results": 6.933333396911621,
          "rank_rmse_pred_vs_playoff_final_results": 8.602325439453125,
          "rank_mae_eos_standings_vs_playoff_final_results": 3.1333333333333333,
          "rank_rmse_eos_standings_vs_playoff_final_results": 4.449719092257398
        }
      },
      "test_metrics_model_a": {
        "ndcg": 0.4826636132274122,
        "spearman": 0.4967741935483871,
        "mrr_top2": 0.5,
        "mrr_top4": 0.5,
        "ndcg10": 0.4826636132274122,
        "ndcg_at_4": 0.4643944167678145,
        "ndcg_at_12": 0.4825589530158549,
        "ndcg_at_16": 0.5251738465137,