{
  "test_metrics_ensemble": {
    "ndcg": 0.4844583224815823,
    "spearman": 0.4700778642936596,
    "mrr_top2": 0.5,
    "mrr_top4": 0.5,
    "ndcg10": 0.4844583224815823,
    "ndcg_at_4": 0.4640705200119564,
    "ndcg_at_12": 0.5299737335775765,
    "ndcg_at_16": 0.5311968212323818,
    "ndcg_at_20": 0.5335051369225255,
    "roc_auc_upset": 0.7678571428571428,
    "rank_mae_pred_vs_playoff_final_results": 7.0,
    "rank_rmse_pred_vs_playoff_final_results": 8.910667419433594,
    "rank_mae_eos_standings_vs_playoff_final_results": 3.1333333333333333,
    "rank_rmse_eos_standings_vs_playoff_final_results": 4.449719092257398,
    "playoff_metrics": {
      "spearman_pred_vs_playoff_final_results": 0.44249165739710794,
      "ndcg_at_4_final_four": 0.4640551772443684,
      "ndcg10_pred_vs_playoff_final_results": 0.4844428659555817,
      "brier_championship_odds": 0.03222232684493065,
      "rank_mae_pred_vs_playoff_final_results": 7.0,
      "rank_rmse_pred_vs_playoff_final_results": 8.910667419433594,
      "rank_mae_eos_standings_vs_playoff_final_results": 3.1333333333333333,
      "rank_rmse_eos_standings_vs_playoff_final_results": 4.449719092257398
    }
  },
  "test_metrics_model_a": {
    "ndcg": 0.4841652566286968,
    "spearman": 0.4642936596218019,
    "mrr_top2": 0.5,
    "mrr_top4": 0.5,
    "ndcg10": 0.4841652566286968,
    "ndcg_at_4": 0.4640705200119564,
    "ndcg_at_12": 0.5296807447034713,
    "ndcg_at_16": 0.5309038548322702,
    "ndcg_at_20": 0.533212171810945,
    "roc_auc_upset": 0.7723214285714286
  },
  "test_metrics_model_b": {
    "ndcg": 0.21636311292660687,
    "spearman": 0.603559510567297,
    "mrr_top2": 0.2,
    "mrr_top4": 0.2,
    "ndcg10": 0.21636311292660687,
    "ndcg_at_4": 0.04166423104576856,
    "ndcg_at_12": 0.23904189731292758,
    "ndcg_at_16": 0.39794554457105313,
    "ndcg_at_20": 0.3979819128430577,
    "roc_auc_upset": 0.7767857142857143
  },
  "test_metrics_model_c": {
    "ndcg": 0.05124995751403931,
    "spearman": 0.3032258064516129,
    "mrr_top2": 0.0625,
    "mrr_top4": 0.2,
    "ndcg10": 0.05124995751403931,
    "ndcg_at_4": 0.00711064040423231,
    "ndcg_at_12": 0.056899138174850025,
    "ndcg_at_16": 0.1769467286075223,
    "ndcg_at_20": 0.17934445367388585,
    "roc_auc_upset": 0.8258928571428571
  },
  "test_metrics_by_conference": {
    "E": {
      "ndcg": 0.2397478898966494,
      "spearman": 0.18214285714285713
    },
    "W": {
      "ndcg": 0.7719644846996563,
      "spearman": 0.7035714285714285
    }
  },
  "notes": {
    "eos_rank_source": "eos_final_rank"
  }
}