{
  "test_metrics_ensemble": {
    "ndcg": 0.549110673297889,
    "spearman": 0.40333704115684094,
    "mrr_top2": 1.0,
    "mrr_top4": 1.0,
    "ndcg10": 0.549110673297889,
    "ndcg_at_4": 0.35315119534797357,
    "ndcg_at_12": 0.5928968383172095,
    "ndcg_at_16": 0.594151550818522,
    "ndcg_at_20": 0.5947554320115379,
    "roc_auc_upset": 0.7232142857142857,
    "rank_mae_pred_vs_playoff_final_results": 7.266666889190674,
    "rank_rmse_pred_vs_playoff_final_results": 9.455157279968262,
    "rank_mae_eos_standings_vs_playoff_final_results": 3.7333333333333334,
    "rank_rmse_eos_standings_vs_playoff_final_results": 6.093712606722878,
    "playoff_metrics": {
      "spearman_pred_vs_playoff_final_results": 0.43003337041156836,
      "ndcg_at_4_final_four": 0.35315119534797357,
      "ndcg10_pred_vs_playoff_final_results": 0.5491119098523438,
      "brier_championship_odds": 0.03222232684493065,
      "rank_mae_pred_vs_playoff_final_results": 7.266666889190674,
      "rank_rmse_pred_vs_playoff_final_results": 9.455157279968262,
      "rank_mae_eos_standings_vs_playoff_final_results": 3.7333333333333334,
      "rank_rmse_eos_standings_vs_playoff_final_results": 6.093712606722878
    }
  },
  "test_metrics_model_a": {
    "ndcg": 0.549110673297889,
    "spearman": 0.40333704115684094,
    "mrr_top2": 1.0,
    "mrr_top4": 1.0,
    "ndcg10": 0.549110673297889,
    "ndcg_at_4": 0.35315119534797357,
    "ndcg_at_12": 0.5928968383172095,
    "ndcg_at_16": 0.594151550818522,
    "ndcg_at_20": 0.5947554320115379,
    "roc_auc_upset": 0.7232142857142857
  },
  "test_metrics_model_b": {
    "ndcg": 0.808070417118677,
    "spearman": 0.40289210233592887,
    "mrr_top2": 1.0,
    "mrr_top4": 1.0,
    "ndcg10": 0.808070417118677,
    "ndcg_at_4": 0.729074614628521,
    "ndcg_at_12": 0.8078802927182975,
    "ndcg_at_16": 0.8078993083578982,
    "ndcg_at_20": 0.8516205533019717,
    "roc_auc_upset": 0.8348214285714286
  },
  "test_metrics_model_c": {
    "ndcg": 0.3335103168238178,
    "spearman": 0.23737486095661847,
    "mrr_top2": 0.16666666666666666,
    "mrr_top4": 0.16666666666666666,
    "ndcg10": 0.3335103168238178,
    "ndcg_at_4": 0.001111095381373398,
    "ndcg_at_12": 0.33890852755612016,
    "ndcg_at_16": 0.3596651465096424,
    "ndcg_at_20": 0.37000114042130106,
    "roc_auc_upset": 0.7633928571428571
  },
  "test_metrics_by_conference": {
    "E": {
      "ndcg": 0.38504331979094114,
      "spearman": 0.2571428571428571
    },
    "W": {
      "ndcg": 0.9136091668662598,
      "spearman": 0.4892857142857142
    }
  },
  "notes": {
    "eos_rank_source": "eos_final_rank"
  }
}