{
  "notes": {
    "eval_on": "test",
    "eos_rank_source": "eos_final_rank",
    "upset_definition": "sleeper = EOS_global_rank > predicted_strength",
    "mrr_top2": "1/rank of first team in top 2 (champion+runner-up) in predicted order.",
    "mrr_top4": "1/rank of first team in top 4 (conference finals) in predicted order.",
    "per_conference_relevance": "Within E/W: actual rank derived from EOS_global_rank (1=best in conf); NDCG/Spearman use this relevance.",
    "playoff_metrics": "Spearman (pred global vs playoff_final_results), NDCG@4 (final four), Brier (champion vs odds). rank_mae/rank_rmse: pred vs playoff_final_results; eos_standings vs playoff_final_results (baseline)."
  },
  "split_info": {
    "train_frac": 0.75,
    "n_train_dates": 141,
    "n_test_dates": 36,
    "split_mode": "seasons"
  },
  "test_metrics_ensemble": {
    "ndcg": 0.4842533105230921,
    "spearman": 0.44783092324805335,
    "mrr_top2": 0.5,
    "mrr_top4": 0.5,
    "ndcg10": 0.4842533105230921,
    "ndcg_at_4": 0.4733834825680338,
    "ndcg_at_12": 0.48448018485705757,
    "ndcg_at_16": 0.527115040804013,
    "ndcg_at_20": 0.5306824454542294,
    "roc_auc_upset": 0.8080357142857143,
    "rank_mae_pred_vs_playoff_final_results": 7.066666603088379,
    "rank_rmse_pred_vs_playoff_final_results": 9.095786094665527,
    "rank_mae_eos_standings_vs_playoff_final_results": 3.1333333333333333,
    "rank_rmse_eos_standings_vs_playoff_final_results": 4.449719092257398,
    "playoff_metrics": {
      "spearman_pred_vs_playoff_final_results": 0.4647385984427141,
      "ndcg_at_4_final_four": 0.4733834825680338,
      "ndcg10_pred_vs_playoff_final_results": 0.4842421588386164,
      "brier_championship_odds": 0.03222232684493065,
      "rank_mae_pred_vs_playoff_final_results": 7.066666603088379,
      "rank_rmse_pred_vs_playoff_final_results": 9.095786094665527,
      "rank_mae_eos_standings_vs_playoff_final_results": 3.1333333333333333,
      "rank_rmse_eos_standings_vs_playoff_final_results": 4.449719092257398
    }
  },
  "test_metrics_model_a": {
    "ndcg": 0.4842533105230921,
    "spearman": 0.44783092324805335,
    "mrr_top2": 0.5,
    "mrr_top4": 0.5,
    "ndcg10": 0.4842533105230921,
    "ndcg_at_4": 0.4733834825680338,
    "ndcg_at_12": 0.48448018485705757,
    "ndcg_at_16": 0.527115040804013,
    "ndcg_at_20": 0.5306824454542294,
    "roc_auc_upset": 0.8080357142857143
  },
  "test_metrics_model_b": {
    "ndcg": 0.17990443205154372,
    "spearman": 0.6155728587319244,
    "mrr_top2": 0.25,
    "mrr_top4": 0.25,
    "ndcg10": 0.17990443205154372,
    "ndcg_at_4": 0.16775742802418675,
    "ndcg_at_12": 0.22524269398588,
    "ndcg_at_16": 0.4089369152538436,
    "ndcg_at_20": 0.4089734287854624,
    "roc_auc_upset": 0.7366071428571429
  },
  "test_metrics_model_c": {
    "ndcg": 0.05124995751403931,
    "spearman": 0.3076751946607342,
    "mrr_top2": 0.06666666666666667,
    "mrr_top4": 0.2,
    "ndcg10": 0.05124995751403931,
    "ndcg_at_4": 0.00711064040423231,
    "ndcg_at_12": 0.056899138174850025,
    "ndcg_at_16": 0.17781540372208415,
    "ndcg_at_20": 0.18021327193327982,
    "roc_auc_upset": 0.8214285714285714
  },
  "test_metrics_by_conference": {
    "E": {
      "ndcg": 0.2981447129982642,
      "spearman": 0.3
    },
    "W": {
      "ndcg": 0.7519157235194247,
      "spearman": 0.6499999999999999
    }
  },
  "by_season": {
    "2023-24": {
      "test_metrics_ensemble": {
        "ndcg": 0.5692563492441197,
        "spearman": 0.3828698553948832,
        "mrr_top2": 1.0,
        "mrr_top4": 1.0,
        "ndcg10": 0.5692563492441197,
        "ndcg_at_4": 0.35315119534797357,
        "ndcg_at_12": 0.6144079653513337,
        "ndcg_at_16": 0.615664938202282,
        "ndcg_at_20": 0.6159511700057729,
        "roc_auc_upset": 0.7824074074074074,
        "rank_mae_pred_vs_playoff_final_results": 7.933333396911621,
        "rank_rmse_pred_vs_playoff_final_results": 9.615959167480469,
        "rank_mae_eos_standings_vs_playoff_final_results": 3.7333333333333334,
        "rank_rmse_eos_standings_vs_playoff_final_results": 6.093712606722878,
        "playoff_metrics": {
          "spearman_pred_vs_playoff_final_results": 0.44694104560622916,
          "ndcg_at_4_final_four": 0.35315119534797357,
          "ndcg10_pred_vs_playoff_final_results": 0.569261361312701,
          "brier_championship_odds": 0.03222232684493065,
          "rank_mae_pred_vs_playoff_final_results": 7.933333396911621,
          "rank_rmse_pred_vs_playoff_final_results": 9.615959167480469,
          "rank_mae_eos_standings_vs_playoff_final_results": 3.7333333333333334,
          "rank_rmse_eos_standings_vs_playoff_final_results": 6.093712606722878
        }
      },
      "test_metrics_model_a": {
        "ndcg": 0.5692563492441197,
        "spearman": 0.3828698553948832,
        "mrr_top2": 1.0,
        "mrr_top4": 1.0,
        "ndcg10": 0.5692563492441197,
        "ndcg_at_4": 0.35315119534797357,
        "ndcg_at_12": 0.6144079653513337,
        "ndcg_at_16": 0.615664938202282,
        "ndcg_at_20": 0.6159511700057729,
        "roc_auc_upset": 0.7824074074074074
      },
      "test_metrics_model_b": {
        "ndcg": 0.8184270462470392,
        "spearman": 0.4211345939933259,
        "mrr_top2": 1.0,
        "mrr_top4": 1.0,
        "ndcg10": 0.8184270462470392,
        "ndcg_at_4": 0.729074614628521,
        "ndcg_at_12": 0.8182341920023396,
        "ndcg_at_16": 0.8182574238186623,
        "ndcg_at_20": 0.86009636745451,
        "roc_auc_upset": 0.7911111111111111
      },
      "test_metrics_model_c": {
        "ndcg": 0.333487026575135,
        "spearman": 0.23159065628476083,
        "mrr_top2": 0.16666666666666666,
        "mrr_top4": 0.16666666666666666,
        "ndcg10": 0.333487026575135,
        "ndcg_at_4": 0.0011069724610271625,
        "ndcg_at_12": 0.33890731926775686,
        "ndcg_at_16": 0.35966393831396193,
        "ndcg_at_20": 0.3699999322309346,
        "roc_auc_upset": 0.7633928571428571
      },
      "test_metrics_by_conference": {
        "E": {
          "ndcg": 0.4060851235192415,
          "spearman": 0.25357142857142856
        },
        "W": {
          "ndcg": 0.9193500683938988,
          "spearman": 0.5142857142857142
        }
      },
      "notes": {
        "eos_rank_source": "eos_final_rank"
      }
    },
    "2024-25": {
      "test_metrics_ensemble": {
        "ndcg": 0.4842533105230921,
        "spearman": 0.44783092324805335,
        "mrr_top2": 0.5,
        "mrr_top4": 0.5,
        "ndcg10": 0.4842533105230921,
        "ndcg_at_4": 0.4733834825680338,
        "ndcg_at_12": 0.48448018485705757,
        "ndcg_at_16": 0.527115040804013,
        "ndcg_at_20": 0.5306824454542294,
        "roc_auc_upset": 0.8080357142857143,
        "rank_mae_pred_vs_playoff_final_results": 7.066666603088379,
        "rank_rmse_pred_vs_playoff_final_results": 9.095786094665527,
        "rank_mae_eos_standings_vs_playoff_final_results": 3.1333333333333333,
        "rank_rmse_eos_standings_vs_playoff_final_results": 4.449719092257398,
        "playoff_metrics": {
          "spearman_pred_vs_playoff_final_results": 0.4647385984427141,
          "ndcg_at_4_final_four": 0.4733834825680338,
          "ndcg10_pred_vs_playoff_final_results": 0.4842421588386164,
          "brier_championship_odds": 0.03222232684493065,
          "rank_mae_pred_vs_playoff_final_results": 7.066666603088379,
          "rank_rmse_pred_vs_playoff_final_results": 9.095786094665527,
          "rank_mae_eos_standings_vs_playoff_final_results": 3.1333333333333333,
          "rank_rmse_eos_standings_vs_playoff_final_results": 4.449719092257398
        }
      },
      "test_metrics_model_a": {
        "ndcg": 0.4842533105230921,
        "spearman": 0.44783092324805335,
        "mrr_top2": 0.5,
        "mrr_top4": 0.5,
        "ndcg10": 0.4842533105230921,
        "ndcg_at_4": 0.4733834825680338,
        "ndcg_at_12": 0.48448018485705757,
        "ndcg_at_16": 0.527115040804013,