{
  "notes": {
    "eval_on": "test",
    "eos_rank_source": "eos_final_rank",
    "upset_definition": "sleeper = EOS_global_rank > predicted_strength",
    "mrr_top2": "1/rank of first team in top 2 (champion+runner-up) in predicted order.",
    "mrr_top4": "1/rank of first team in top 4 (conference finals) in predicted order.",
    "per_conference_relevance": "Within E/W: actual rank derived from EOS_global_rank (1=best in conf); NDCG/Spearman use this relevance.",
    "playoff_metrics": "Spearman (pred global vs playoff_final_results), NDCG@4 (final four), Brier (champion vs odds). rank_mae/rank_rmse: pred vs playoff_final_results; eos_standings vs playoff_final_results (baseline)."
  },
  "split_info": {
    "train_frac": 0.75,
    "n_train_dates": 141,
    "n_test_dates": 36,
    "split_mode": "seasons"
  },
  "test_metrics_ensemble": {
    "ndcg": 0.4822959324808542,
    "spearman": 0.4829810901001112,
    "mrr_top2": 0.5,
    "mrr_top4": 0.5,
    "ndcg10": 0.4822959324808542,
    "ndcg_at_4": 0.4643944167678145,
    "ndcg_at_12": 0.5260561006716753,
    "ndcg_at_16": 0.5272794629973103,
    "ndcg_at_20": 0.5296708396833405,
    "roc_auc_upset": 0.7633928571428571,
    "rank_mae_pred_vs_playoff_final_results": 6.933333396911621,
    "rank_rmse_pred_vs_playoff_final_results": 8.801514625549316,
    "rank_mae_eos_standings_vs_playoff_final_results": 3.1333333333333333,
    "rank_rmse_eos_standings_vs_playoff_final_results": 4.449719092257398,
    "playoff_metrics": {
      "spearman_pred_vs_playoff_final_results": 0.489210233592881,
      "ndcg_at_4_final_four": 0.4643812234227066,
      "ndcg10_pred_vs_playoff_final_results": 0.48228310316268386,
      "brier_championship_odds": 0.03222232684493065,
      "rank_mae_pred_vs_playoff_final_results": 6.933333396911621,
      "rank_rmse_pred_vs_playoff_final_results": 8.801514625549316,
      "rank_mae_eos_standings_vs_playoff_final_results": 3.1333333333333333,
      "rank_rmse_eos_standings_vs_playoff_final_results": 4.449719092257398
    }
  },
  "test_metrics_model_a": {
    "ndcg": 0.4822959324808542,
    "spearman": 0.4829810901001112,
    "mrr_top2": 0.5,
    "mrr_top4": 0.5,
    "ndcg10": 0.4822959324808542,
    "ndcg_at_4": 0.4643944167678145,
    "ndcg_at_12": 0.5260561006716753,
    "ndcg_at_16": 0.5272794629973103,
    "ndcg_at_20": 0.5296708396833405,
    "roc_auc_upset": 0.7633928571428571
  },
  "test_metrics_model_b": {
    "ndcg": 0.19196158764751434,
    "spearman": 0.5083426028921022,
    "mrr_top2": 0.2,
    "mrr_top4": 0.2,
    "ndcg10": 0.19196158764751434,
    "ndcg_at_4": 0.04174492448450587,
    "ndcg_at_12": 0.19199688181441027,
    "ndcg_at_16": 0.23175179820949188,
    "ndcg_at_20": 0.231760777223226,
    "roc_auc_upset": 0.746606334841629
  },
  "test_metrics_model_c": {
    "ndcg": 0.05139534647930671,
    "spearman": 0.2645161290322581,
    "mrr_top2": 0.058823529411764705,
    "mrr_top4": 0.2,
    "ndcg10": 0.05139534647930671,
    "ndcg_at_4": 0.0072603807417201014,
    "ndcg_at_12": 0.05704448895120833,
    "ndcg_at_16": 0.09676823561965986,
    "ndcg_at_20": 0.17697163960443327,
    "roc_auc_upset": 0.8348214285714286
  },
  "test_metrics_by_conference": {
    "E": {
      "ndcg": 0.26049363773702766,
      "spearman": 0.2571428571428571
    },
    "W": {
      "ndcg": 0.7524991469189859,
      "spearman": 0.6642857142857141
    }
  },
  "by_season": {
    "2023-24": {
      "test_metrics_ensemble": {
        "ndcg": 0.5407831214906897,
        "spearman": 0.3450500556173526,
        "mrr_top2": 1.0,
        "mrr_top4": 1.0,
        "ndcg10": 0.5407831214906897,
        "ndcg_at_4": 0.35315119534797357,
        "ndcg_at_12": 0.5845327655575475,
        "ndcg_at_16": 0.5857881820744879,
        "ndcg_at_20": 0.5863829208191875,
        "roc_auc_upset": 0.8144796380090498,
        "rank_mae_pred_vs_playoff_final_results": 8.0,
        "rank_rmse_pred_vs_playoff_final_results": 9.906227111816406,
        "rank_mae_eos_standings_vs_playoff_final_results": 3.7333333333333334,
        "rank_rmse_eos_standings_vs_playoff_final_results": 6.093712606722878,
        "playoff_metrics": {
          "spearman_pred_vs_playoff_final_results": 0.40778642936596216,
          "ndcg_at_4_final_four": 0.35315119534797357,
          "ndcg10_pred_vs_playoff_final_results": 0.5407890112609435,
          "brier_championship_odds": 0.03222232684493065,
          "rank_mae_pred_vs_playoff_final_results": 8.0,
          "rank_rmse_pred_vs_playoff_final_results": 9.906227111816406,
          "rank_mae_eos_standings_vs_playoff_final_results": 3.7333333333333334,
          "rank_rmse_eos_standings_vs_playoff_final_results": 6.093712606722878
        }
      },
      "test_metrics_model_a": {
        "ndcg": 0.5407831214906897,
        "spearman": 0.3472747497219132,
        "mrr_top2": 1.0,
        "mrr_top4": 1.0,
        "ndcg10": 0.5407831214906897,
        "ndcg_at_4": 0.35315119534797357,
        "ndcg_at_12": 0.5845327655575475,
        "ndcg_at_16": 0.5857881820744879,
        "ndcg_at_20": 0.5863940934569253,
        "roc_auc_upset": 0.8099547511312217
      },
      "test_metrics_model_b": {
        "ndcg": 0.468780053987483,
        "spearman": 0.2996662958843159,
        "mrr_top2": 0.5,
        "mrr_top4": 0.5,
        "ndcg10": 0.468780053987483,
        "ndcg_at_4": 0.4821042221741278,
        "ndcg_at_12": 0.4700290542610676,
        "ndcg_at_16": 0.5512894516162531,
        "ndcg_at_20": 0.5888596420745772,
        "roc_auc_upset": 0.8526785714285715
      },
      "test_metrics_model_c": {
        "ndcg": 0.333487026575135,
        "spearman": 0.21735261401557288,
        "mrr_top2": 0.16666666666666666,
        "mrr_top4": 0.16666666666666666,
        "ndcg10": 0.333487026575135,
        "ndcg_at_4": 0.0011069724610271625,
        "ndcg_at_12": 0.33342221884066475,
        "ndcg_at_16": 0.35859183582960236,
        "ndcg_at_20": 0.3700684187652646,
        "roc_auc_upset": 0.7767857142857143
      },
      "test_metrics_by_conference": {
        "E": {
          "ndcg": 0.3851402749883562,
          "spearman": 0.2642857142857143
        },
        "W": {
          "ndcg": 0.9111523616683255,
          "spearman": 0.41785714285714276
        }
      },
      "notes": {
        "eos_rank_source": "eos_final_rank"
      }
    },
    "2024-25": {
      "test_metrics_ensemble": {
        "ndcg": 0.4822959324808542,
        "spearman": 0.4829810901001112,
        "mrr_top2": 0.5,
        "mrr_top4": 0.5,
        "ndcg10": 0.4822959324808542,
        "ndcg_at_4": 0.4643944167678145,
        "ndcg_at_12": 0.5260561006716753,
        "ndcg_at_16": 0.5272794629973103,
        "ndcg_at_20": 0.5296708396833405,
        "roc_auc_upset": 0.7633928571428571,
        "rank_mae_pred_vs_playoff_final_results": 6.933333396911621,
        "rank_rmse_pred_vs_playoff_final_results": 8.801514625549316,
        "rank_mae_eos_standings_vs_playoff_final_results": 3.1333333333333333,
        "rank_rmse_eos_standings_vs_playoff_final_results": 4.449719092257398,
        "playoff_metrics": {
          "spearman_pred_vs_playoff_final_results": 0.489210233592881,
          "ndcg_at_4_final_four": 0.4643812234227066,
          "ndcg10_pred_vs_playoff_final_results": 0.48228310316268386,
          "brier_championship_odds": 0.03222232684493065,
          "rank_mae_pred_vs_playoff_final_results": 6.933333396911621,
          "rank_rmse_pred_vs_playoff_final_results": 8.801514625549316,
          "rank_mae_eos_standings_vs_playoff_final_results": 3.1333333333333333,
          "rank_rmse_eos_standings_vs_playoff_final_results": 4.449719092257398
        }
      },
      "test_metrics_model_a": {
        "ndcg": 0.4822959324808542,
        "spearman": 0.4829810901001112,
        "mrr_top2": 0.5,
        "mrr_top4": 0.5,
        "ndcg10": 0.4822959324808542,
        "ndcg_at_4": 0.4643944167678145,
        "ndcg_at_12": 0.5260561006716753,
        "ndcg_at_16": 0.5272794629973103,