{
  "notes": {
    "eval_on": "test",
    "eos_rank_source": "eos_final_rank",
    "upset_definition": "sleeper = EOS_global_rank > predicted_strength",
    "mrr_top2": "1/rank of first team in top 2 (champion+runner-up) in predicted order.",
    "mrr_top4": "1/rank of first team in top 4 (conference finals) in predicted order.",
    "per_conference_relevance": "Within E/W: actual rank derived from EOS_global_rank (1=best in conf); NDCG/Spearman use this relevance.",
    "playoff_metrics": "Spearman (pred global vs playoff_final_results), NDCG@4 (final four), Brier (champion vs odds). rank_mae/rank_rmse: pred vs playoff_final_results; eos_standings vs playoff_final_results (baseline)."
  },
  "split_info": {
    "train_frac": 0.75,
    "n_train_dates": 141,
    "n_test_dates": 36,
    "split_mode": "seasons"
  },
  "test_metrics_ensemble": {
    "ndcg": 0.48632505539132825,
    "spearman": 0.4896551724137932,
    "mrr_top2": 0.5,
    "mrr_top4": 0.5,
    "ndcg10": 0.48632505539132825,
    "ndcg_at_4": 0.4644132116806,
    "ndcg_at_12": 0.48621943343909346,
    "ndcg_at_16": 0.5277474451645464,
    "ndcg_at_20": 0.5313557592425963,
    "roc_auc_upset": 0.8,
    "rank_mae_pred_vs_playoff_final_results": 6.866666793823242,
    "rank_rmse_pred_vs_playoff_final_results": 8.744522094726562,
    "rank_mae_eos_standings_vs_playoff_final_results": 3.1333333333333333,
    "rank_rmse_eos_standings_vs_playoff_final_results": 4.449719092257398,
    "playoff_metrics": {
      "spearman_pred_vs_playoff_final_results": 0.49855394883203563,
      "ndcg_at_4_final_four": 0.4644132116806,
      "ndcg10_pred_vs_playoff_final_results": 0.4863160809246529,
      "brier_championship_odds": 0.03222232684493065,
      "rank_mae_pred_vs_playoff_final_results": 6.866666793823242,
      "rank_rmse_pred_vs_playoff_final_results": 8.744522094726562,
      "rank_mae_eos_standings_vs_playoff_final_results": 3.1333333333333333,
      "rank_rmse_eos_standings_vs_playoff_final_results": 4.449719092257398
    }
  },
  "test_metrics_model_a": {
    "ndcg": 0.48632505539132825,
    "spearman": 0.48075639599555064,
    "mrr_top2": 0.5,
    "mrr_top4": 0.5,
    "ndcg10": 0.48632505539132825,
    "ndcg_at_4": 0.4644132116806,
    "ndcg_at_12": 0.48621943343909346,
    "ndcg_at_16": 0.5277474451645464,
    "ndcg_at_20": 0.5313557592425963,
    "roc_auc_upset": 0.8
  },
  "test_metrics_model_b": {
    "ndcg": 0.21633419895461262,
    "spearman": 0.628921023359288,
    "mrr_top2": 0.2,
    "mrr_top4": 0.2,
    "ndcg10": 0.21633419895461262,
    "ndcg_at_4": 0.04166423104576856,
    "ndcg_at_12": 0.23826469312403326,
    "ndcg_at_16": 0.4045900488277988,
    "ndcg_at_20": 0.40458894647693694,
    "roc_auc_upset": 0.7782805429864253
  },
  "test_metrics_model_c": {
    "ndcg": 0.05124995751403931,
    "spearman": 0.30189098998887653,
    "mrr_top2": 0.0625,
    "mrr_top4": 0.2,
    "ndcg10": 0.05124995751403931,
    "ndcg_at_4": 0.00711064040423231,
    "ndcg_at_12": 0.056899138174850025,
    "ndcg_at_16": 0.1769467286075223,
    "ndcg_at_20": 0.17934445367388585,
    "roc_auc_upset": 0.8258928571428571
  },
  "test_metrics_by_conference": {
    "E": {
      "ndcg": 0.2656002825589445,
      "spearman": 0.3178571428571428
    },
    "W": {
      "ndcg": 0.7728975634578972,
      "spearman": 0.6714285714285713
    }
  },
  "by_season": {
    "2023-24": {
      "test_metrics_ensemble": {
        "ndcg": 0.5690133953733139,
        "spearman": 0.4042269187986652,
        "mrr_top2": 1.0,
        "mrr_top4": 1.0,
        "ndcg10": 0.5690133953733139,
        "ndcg_at_4": 0.35315119534797357,
        "ndcg_at_12": 0.6141690931945407,
        "ndcg_at_16": 0.6154561028474244,
        "ndcg_at_20": 0.6160507668129186,
        "roc_auc_upset": 0.7918552036199096,
        "rank_mae_pred_vs_playoff_final_results": 7.666666507720947,
        "rank_rmse_pred_vs_playoff_final_results": 9.448103904724121,
        "rank_mae_eos_standings_vs_playoff_final_results": 3.7333333333333334,
        "rank_rmse_eos_standings_vs_playoff_final_results": 6.093712606722878,
        "playoff_metrics": {
          "spearman_pred_vs_playoff_final_results": 0.4616240266963292,
          "ndcg_at_4_final_four": 0.35315119534797357,
          "ndcg10_pred_vs_playoff_final_results": 0.5690186446726005,
          "brier_championship_odds": 0.03222232684493065,
          "rank_mae_pred_vs_playoff_final_results": 7.666666507720947,
          "rank_rmse_pred_vs_playoff_final_results": 9.448103904724121,
          "rank_mae_eos_standings_vs_playoff_final_results": 3.7333333333333334,
          "rank_rmse_eos_standings_vs_playoff_final_results": 6.093712606722878
        }
      },
      "test_metrics_model_a": {
        "ndcg": 0.5690133953733139,
        "spearman": 0.4042269187986652,
        "mrr_top2": 1.0,
        "mrr_top4": 1.0,
        "ndcg10": 0.5690133953733139,
        "ndcg_at_4": 0.35315119534797357,
        "ndcg_at_12": 0.6141690931945407,
        "ndcg_at_16": 0.6154561028474244,
        "ndcg_at_20": 0.6160507668129186,
        "roc_auc_upset": 0.7918552036199096
      },
      "test_metrics_model_b": {
        "ndcg": 0.8062814887710054,
        "spearman": 0.43448275862068964,
        "mrr_top2": 1.0,
        "mrr_top4": 1.0,
        "ndcg10": 0.8062814887710054,
        "ndcg_at_4": 0.7116242168324007,
        "ndcg_at_12": 0.8060919912125258,
        "ndcg_at_16": 0.8467103594221351,
        "ndcg_at_20": 0.8514083098361918,
        "roc_auc_upset": 0.7366071428571429
      },
      "test_metrics_model_c": {
        "ndcg": 0.3335099094849099,
        "spearman": 0.23559510567296996,
        "mrr_top2": 0.16666666666666666,
        "mrr_top4": 0.16666666666666666,
        "ndcg10": 0.3335099094849099,
        "ndcg_at_4": 0.0011069724610271625,
        "ndcg_at_12": 0.3389081203242068,
        "ndcg_at_16": 0.3596647393089661,
        "ndcg_at_20": 0.3700007332224158,
        "roc_auc_upset": 0.7633928571428571
      },
      "test_metrics_by_conference": {
        "E": {
          "ndcg": 0.4082984176139838,
          "spearman": 0.28928571428571426
        },
        "W": {
          "ndcg": 0.9193500683938988,
          "spearman": 0.5142857142857142
        }
      },
      "notes": {
        "eos_rank_source": "eos_final_rank"
      }
    },
    "2024-25": {
      "test_metrics_ensemble": {
        "ndcg": 0.48632505539132825,
        "spearman": 0.4896551724137932,
        "mrr_top2": 0.5,
        "mrr_top4": 0.5,
        "ndcg10": 0.48632505539132825,
        "ndcg_at_4": 0.4644132116806,
        "ndcg_at_12": 0.48621943343909346,
        "ndcg_at_16": 0.5277474451645464,
        "ndcg_at_20": 0.5313557592425963,
        "roc_auc_upset": 0.8,
        "rank_mae_pred_vs_playoff_final_results": 6.866666793823242,
        "rank_rmse_pred_vs_playoff_final_results": 8.744522094726562,
        "rank_mae_eos_standings_vs_playoff_final_results": 3.1333333333333333,
        "rank_rmse_eos_standings_vs_playoff_final_results": 4.449719092257398,
        "playoff_metrics": {
          "spearman_pred_vs_playoff_final_results": 0.49855394883203563,
          "ndcg_at_4_final_four": 0.4644132116806,
          "ndcg10_pred_vs_playoff_final_results": 0.4863160809246529,
          "brier_championship_odds": 0.03222232684493065,
          "rank_mae_pred_vs_playoff_final_results": 6.866666793823242,
          "rank_rmse_pred_vs_playoff_final_results": 8.744522094726562,
          "rank_mae_eos_standings_vs_playoff_final_results": 3.1333333333333333,
          "rank_rmse_eos_standings_vs_playoff_final_results": 4.449719092257398
        }
      },
      "test_metrics_model_a": {
        "ndcg": 0.48632505539132825,
        "spearman": 0.48075639599555064,
        "mrr_top2": 0.5,
        "mrr_top4": 0.5,
        "ndcg10": 0.48632505539132825,
        "ndcg_at_4": 0.4644132116806,
        "ndcg_at_12": 0.48621943343909346,
        "ndcg_at_16": 0.5277474451645464,
        "ndcg_at_20": 0.5313557592425963,