{
  "test_metrics_ensemble": {
    "ndcg": 0.4842527413517856,
    "spearman": 0.47897664071190205,
    "mrr_top2": 0.5,
    "mrr_top4": 0.5,
    "ndcg10": 0.4842527413517856,
    "ndcg_at_4": 0.4733834825680338,
    "ndcg_at_12": 0.5283656090369138,
    "ndcg_at_16": 0.528347302830068,
    "ndcg_at_20": 0.5319101980589804,
    "roc_auc_upset": 0.8133333333333334,
    "rank_mae_pred_vs_playoff_final_results": 7.066666603088379,
    "rank_rmse_pred_vs_playoff_final_results": 8.83553409576416,
    "rank_mae_eos_standings_vs_playoff_final_results": 3.1333333333333333,
    "rank_rmse_eos_standings_vs_playoff_final_results": 4.449719092257398,
    "playoff_metrics": {
      "spearman_pred_vs_playoff_final_results": 0.4843159065628476,
      "ndcg_at_4_final_four": 0.4733834825680338,
      "ndcg10_pred_vs_playoff_final_results": 0.4842426222832147,
      "brier_championship_odds": 0.03222232684493065,
      "rank_mae_pred_vs_playoff_final_results": 7.066666603088379,
      "rank_rmse_pred_vs_playoff_final_results": 8.83553409576416,
      "rank_mae_eos_standings_vs_playoff_final_results": 3.1333333333333333,
      "rank_rmse_eos_standings_vs_playoff_final_results": 4.449719092257398
    }
  },
  "test_metrics_model_a": {
    "ndcg": 0.48425636991251186,
    "spearman": 0.4638487208008899,
    "mrr_top2": 0.5,
    "mrr_top4": 0.5,
    "ndcg10": 0.48425636991251186,
    "ndcg_at_4": 0.4733834825680338,
    "ndcg_at_12": 0.5283692366445363,
    "ndcg_at_16": 0.5283504037355865,
    "ndcg_at_20": 0.5295695411885978,
    "roc_auc_upset": 0.8125
  },
  "test_metrics_model_b": {
    "ndcg": 0.520756424545124,
    "spearman": 0.7423804226918799,
    "mrr_top2": 0.3333333333333333,
    "mrr_top4": 0.3333333333333333,
    "ndcg10": 0.520756424545124,
    "ndcg_at_4": 0.35938170546570813,
    "ndcg_at_12": 0.5206638773348025,
    "ndcg_at_16": 0.5428423456100303,
    "ndcg_at_20": 0.5428543206644245,
    "roc_auc_upset": 0.7592592592592593
  },
  "test_metrics_model_c": {
    "ndcg": 0.5368229427235094,
    "spearman": 0.6974416017797552,
    "mrr_top2": 0.3333333333333333,
    "mrr_top4": 0.3333333333333333,
    "ndcg10": 0.5368229427235094,
    "ndcg_at_4": 0.3605075375815869,
    "ndcg_at_12": 0.5366876394316726,
    "ndcg_at_16": 0.5368467032036928,
    "ndcg_at_20": 0.5368552949240222,
    "roc_auc_upset": 0.6875
  },
  "test_metrics_by_conference": {
    "E": {
      "ndcg": 0.29911471791003796,
      "spearman": 0.3321428571428571
    },
    "W": {
      "ndcg": 0.7356950005896224,
      "spearman": 0.6
    }
  },
  "notes": {
    "eos_rank_source": "eos_final_rank"
  }
}