{
  "notes": {
    "eval_on": "test",
    "eos_rank_source": "eos_final_rank",
    "upset_definition": "sleeper = EOS_global_rank > predicted_strength",
    "mrr_top2": "1/rank of first team in top 2 (champion+runner-up) in predicted order.",
    "mrr_top4": "1/rank of first team in top 4 (conference finals) in predicted order.",
    "per_conference_relevance": "Within E/W: actual rank derived from EOS_global_rank (1=best in conf); NDCG/Spearman use this relevance.",
    "playoff_metrics": "Spearman (pred global vs playoff_final_results), NDCG@4 (final four), Brier (champion vs odds). rank_mae/rank_rmse: pred vs playoff_final_results; eos_standings vs playoff_final_results (baseline)."
  },
  "split_info": {
    "train_frac": 0.75,
    "n_train_dates": 141,
    "n_test_dates": 36,
    "split_mode": "seasons"
  },
  "test_metrics_ensemble": {
    "ndcg": 0.4842600054472494,
    "spearman": 0.4981090100111235,
    "mrr_top2": 0.5,
    "mrr_top4": 0.5,
    "ndcg10": 0.4842600054472494,
    "ndcg_at_4": 0.4732201012417847,
    "ndcg_at_12": 0.5280189881210728,
    "ndcg_at_16": 0.5283124787934891,
    "ndcg_at_20": 0.5301167056851946,
    "roc_auc_upset": 0.8177777777777778,
    "rank_mae_pred_vs_playoff_final_results": 6.800000190734863,
    "rank_rmse_pred_vs_playoff_final_results": 8.671792984008789,
    "rank_mae_eos_standings_vs_playoff_final_results": 3.1333333333333333,
    "rank_rmse_eos_standings_vs_playoff_final_results": 4.449719092257398,
    "spearman_standings": -0.5470522803114571,
    "ndcg10_standings": 0.5033030516734187,
    "ndcg_at_4_standings": 0.5178046098648476,
    "ndcg_at_16_standings": 0.5168084556431516,
    "rank_rmse_standings": 8.238122940063477,
    "playoff_metrics": {
      "spearman_pred_vs_playoff_final_results": 0.5141268075639599,
      "ndcg_at_4_final_four": 0.4732201012417847,
      "ndcg10_pred_vs_playoff_final_results": 0.4842490161146132,
      "brier_championship_odds": 0.03007647395133972,
      "rank_mae_pred_vs_playoff_final_results": 6.800000190734863,
      "rank_rmse_pred_vs_playoff_final_results": 8.671792984008789,
      "rank_mae_eos_standings_vs_playoff_final_results": 3.1333333333333333,
      "rank_rmse_eos_standings_vs_playoff_final_results": 4.449719092257398
    }
  },
  "test_metrics_model_a": {
    "ndcg": 0.4842572840267047,
    "spearman": 0.49321468298109006,
    "mrr_top2": 0.5,
    "mrr_top4": 0.5,
    "ndcg10": 0.4842572840267047,
    "ndcg_at_4": 0.4732201012417847,
    "ndcg_at_12": 0.528016267415356,
    "ndcg_at_16": 0.528301285774114,
    "ndcg_at_20": 0.5301055127150489,
    "roc_auc_upset": 0.8222222222222222
  },
  "test_metrics_model_b": {
    "ndcg": 0.4376962231760793,
    "spearman": 0.607119021134594,
    "mrr_top2": 0.2,
    "mrr_top4": 0.2,
    "ndcg10": 0.4376962231760793,
    "ndcg_at_4": 0.047452952934463374,
    "ndcg_at_12": 0.43762445760123064,
    "ndcg_at_16": 0.4595511069090464,
    "ndcg_at_20": 0.45955370713600147,
    "roc_auc_upset": 0.7285067873303168
  },
  "test_metrics_model_c": {
    "ndcg": 0.05139534647930671,
    "spearman": 0.3125695216907675,
    "mrr_top2": 0.07142857142857142,
    "mrr_top4": 0.2,
    "ndcg10": 0.05139534647930671,
    "ndcg_at_4": 0.0072603807417201014,
    "ndcg_at_12": 0.05704448895120833,
    "ndcg_at_16": 0.17989573678693135,
    "ndcg_at_20": 0.18229344888290439,
    "roc_auc_upset": 0.8214285714285714
  },
  "test_metrics_by_conference": {
    "E": {
      "ndcg": 0.3135341727182126,
      "spearman": 0.3321428571428571
    },
    "W": {
      "ndcg": 0.7495918608766385,
      "spearman": 0.6071428571428571
    }
  },
  "by_season": {
    "2023-24": {
      "test_metrics_ensemble": {
        "ndcg": 0.5704387245670197,
        "spearman": 0.30233592880978866,
        "mrr_top2": 1.0,
        "mrr_top4": 1.0,
        "ndcg10": 0.5704387245670197,
        "ndcg_at_4": 0.35315119534797357,
        "ndcg_at_12": 0.6155940480010508,
        "ndcg_at_16": 0.6155507230474719,
        "ndcg_at_20": 0.6155483135810463,
        "roc_auc_upset": 0.8472222222222222,
        "rank_mae_pred_vs_playoff_final_results": 8.266666412353516,
        "rank_rmse_pred_vs_playoff_final_results": 10.224154472351074,
        "rank_mae_eos_standings_vs_playoff_final_results": 3.7333333333333334,
        "rank_rmse_eos_standings_vs_playoff_final_results": 6.093712606722878,
        "spearman_standings": -0.40956618464961064,
        "ndcg10_standings": 0.4313999494658255,
        "ndcg_at_4_standings": 0.16635214014080835,
        "ndcg_at_16_standings": 0.4539040283688762,
        "rank_rmse_standings": 9.405672073364258,
        "playoff_metrics": {
          "spearman_pred_vs_playoff_final_results": 0.3503893214682981,
          "ndcg_at_4_final_four": 0.35315119534797357,
          "ndcg10_pred_vs_playoff_final_results": 0.5704437936054095,
          "brier_championship_odds": 0.0314764678478241,
          "rank_mae_pred_vs_playoff_final_results": 8.266666412353516,
          "rank_rmse_pred_vs_playoff_final_results": 10.224154472351074,
          "rank_mae_eos_standings_vs_playoff_final_results": 3.7333333333333334,
          "rank_rmse_eos_standings_vs_playoff_final_results": 6.093712606722878
        }
      },
      "test_metrics_model_a": {
        "ndcg": 0.5704387245670197,
        "spearman": 0.30233592880978866,
        "mrr_top2": 1.0,
        "mrr_top4": 1.0,
        "ndcg10": 0.5704387245670197,
        "ndcg_at_4": 0.35315119534797357,
        "ndcg_at_12": 0.6155940480010508,
        "ndcg_at_16": 0.6155507230474719,
        "ndcg_at_20": 0.6155483135810463,
        "roc_auc_upset": 0.8472222222222222
      },
      "test_metrics_model_b": {
        "ndcg": 0.7076064772277197,
        "spearman": 0.33659621802002226,
        "mrr_top2": 1.0,
        "mrr_top4": 1.0,
        "ndcg10": 0.7076064772277197,
        "ndcg_at_4": 0.7261751187226982,
        "ndcg_at_12": 0.7951929439280361,
        "ndcg_at_16": 0.8002119824751833,
        "ndcg_at_20": 0.8002872794241469,
        "roc_auc_upset": 0.7991071428571428
      },
      "test_metrics_model_c": {
        "ndcg": 0.33348743391404295,
        "spearman": 0.23337041156840932,
        "mrr_top2": 0.16666666666666666,
        "mrr_top4": 0.16666666666666666,
        "ndcg10": 0.33348743391404295,
        "ndcg_at_4": 0.001111095381373398,
        "ndcg_at_12": 0.3389077264996702,
        "ndcg_at_16": 0.3596643455146382,
        "ndcg_at_20": 0.37000033942981986,
        "roc_auc_upset": 0.7633928571428571
      },
      "test_metrics_by_conference": {
        "E": {
          "ndcg": 0.35722781210573246,
          "spearman": 0.08214285714285713
        },
        "W": {
          "ndcg": 0.9157663793421296,
          "spearman": 0.47142857142857136
        }
      },
      "notes": {
        "eos_rank_source": "eos_final_rank"
      }
    },
    "2024-25": {
      "test_metrics_ensemble": {
        "ndcg": 0.4842600054472494,
        "spearman": 0.4981090100111235,
        "mrr_top2": 0.5,
        "mrr_top4": 0.5,
        "ndcg10": 0.4842600054472494,
        "ndcg_at_4": 0.4732201012417847,
        "ndcg_at_12": 0.5280189881210728,
        "ndcg_at_16": 0.5283124787934891,
        "ndcg_at_20": 0.5301167056851946,
        "roc_auc_upset": 0.8177777777777778,
        "rank_mae_pred_vs_playoff_final_results": 6.800000190734863,
        "rank_rmse_pred_vs_playoff_final_results": 8.671792984008789,
        "rank_mae_eos_standings_vs_playoff_final_results": 3.1333333333333333,
        "rank_rmse_eos_standings_vs_playoff_final_results": 4.449719092257398,
        "spearman_standings": -0.5470522803114571,
        "ndcg10_standings": 0.5033030516734187,
        "ndcg_at_4_standings": 0.5178046098648476,
        "ndcg_at_16_standings": 0.5168084556431516,
        "rank_rmse_standings": 8.238122940063477,
        "playoff_metrics": {
          "spearman_pred_vs_playoff_final_results": 0.5141268075639599,
          "ndcg_at_4_final_four": 0.4732201012417847,