{
  "test_metrics_ensemble": {
    "ndcg": 0.54078824580577,
    "spearman": 0.4264738598442714,
    "mrr_top2": 1.0,
    "mrr_top4": 1.0,
    "ndcg10": 0.54078824580577,
    "ndcg_at_4": 0.35315119534797357,
    "ndcg_at_12": 0.5859473395493531,
    "ndcg_at_16": 0.5878272223940522,
    "ndcg_at_20": 0.5878247719375336,
    "roc_auc_upset": 0.7546296296296297,
    "rank_mae_pred_vs_playoff_final_results": 7.5333333015441895,
    "rank_rmse_pred_vs_playoff_final_results": 9.270023345947266,
    "rank_mae_eos_standings_vs_playoff_final_results": 3.7333333333333334,
    "rank_rmse_eos_standings_vs_playoff_final_results": 6.093712606722878,
    "playoff_metrics": {
      "spearman_pred_vs_playoff_final_results": 0.4545050055617353,
      "ndcg_at_4_final_four": 0.35315119534797357,
      "ndcg10_pred_vs_playoff_final_results": 0.5407934951050568,
      "brier_championship_odds": 0.03222232684493065,
      "rank_mae_pred_vs_playoff_final_results": 7.5333333015441895,
      "rank_rmse_pred_vs_playoff_final_results": 9.270023345947266,
      "rank_mae_eos_standings_vs_playoff_final_results": 3.7333333333333334,
      "rank_rmse_eos_standings_vs_playoff_final_results": 6.093712606722878
    }
  },
  "test_metrics_model_a": {
    "ndcg": 0.54078824580577,
    "spearman": 0.4211345939933259,
    "mrr_top2": 1.0,
    "mrr_top4": 1.0,
    "ndcg10": 0.54078824580577,
    "ndcg_at_4": 0.35315119534797357,
    "ndcg_at_12": 0.5859473395493531,
    "ndcg_at_16": 0.5878272223940522,
    "ndcg_at_20": 0.5878247719375336,
    "roc_auc_upset": 0.7592592592592593
  },
  "test_metrics_model_b": {
    "ndcg": 0.5701770901680532,
    "spearman": 0.41490545050055616,
    "mrr_top2": 0.5,
    "mrr_top4": 0.5,
    "ndcg10": 0.5701770901680532,
    "ndcg_at_4": 0.47920472626830496,
    "ndcg_at_12": 0.5700307575592246,
    "ndcg_at_16": 0.5700128660663004,
    "ndcg_at_20": 0.6125251029465818,
    "roc_auc_upset": 0.8080357142857143
  },
  "test_metrics_model_c": {
    "ndcg": 0.333487026575135,
    "spearman": 0.23159065628476083,
    "mrr_top2": 0.16666666666666666,
    "mrr_top4": 0.16666666666666666,
    "ndcg10": 0.333487026575135,
    "ndcg_at_4": 0.0011069724610271625,
    "ndcg_at_12": 0.33890731926775686,
    "ndcg_at_16": 0.35966393831396193,
    "ndcg_at_20": 0.3699999322309346,
    "roc_auc_upset": 0.7633928571428571
  },
  "test_metrics_by_conference": {
    "E": {
      "ndcg": 0.38520906425700524,
      "spearman": 0.2928571428571428
    },
    "W": {
      "ndcg": 0.9193844630282232,
      "spearman": 0.557142857142857
    }
  },
  "notes": {
    "eos_rank_source": "eos_final_rank"
  }
}