{
  "test_metrics_ensemble": {
    "ndcg": 0.48279526183568794,
    "spearman": 0.47630700778642937,
    "mrr_top2": 0.5,
    "mrr_top4": 0.5,
    "ndcg10": 0.48279526183568794,
    "ndcg_at_4": 0.46437685999867345,
    "ndcg_at_12": 0.4830437805281317,
    "ndcg_at_16": 0.5256586626717901,
    "ndcg_at_20": 0.5292670548866917,
    "roc_auc_upset": 0.7633928571428572,
    "rank_mae_pred_vs_playoff_final_results": 6.933333396911621,
    "rank_rmse_pred_vs_playoff_final_results": 8.85814094543457,
    "rank_mae_eos_standings_vs_playoff_final_results": 3.1333333333333333,
    "rank_rmse_eos_standings_vs_playoff_final_results": 4.449719092257398,
    "playoff_metrics": {
      "spearman_pred_vs_playoff_final_results": 0.47363737486095664,
      "ndcg_at_4_final_four": 0.4643768342304213,
      "ndcg10_pred_vs_playoff_final_results": 0.4827831929792851,
      "brier_championship_odds": 0.03222232684493065,
      "rank_mae_pred_vs_playoff_final_results": 6.933333396911621,
      "rank_rmse_pred_vs_playoff_final_results": 8.85814094543457,
      "rank_mae_eos_standings_vs_playoff_final_results": 3.1333333333333333,
      "rank_rmse_eos_standings_vs_playoff_final_results": 4.449719092257398
    }
  },
  "test_metrics_model_a": {
    "ndcg": 0.4825523375933782,
    "spearman": 0.4687430478309232,
    "mrr_top2": 0.5,
    "mrr_top4": 0.5,
    "ndcg10": 0.4825523375933782,
    "ndcg_at_4": 0.46437685999867345,
    "ndcg_at_12": 0.48280092009404696,
    "ndcg_at_16": 0.5254158208665487,
    "ndcg_at_20": 0.5290242141495223,
    "roc_auc_upset": 0.7678571428571428
  },
  "test_metrics_model_b": {
    "ndcg": 0.16752637595189138,
    "spearman": 0.5595105672969966,
    "mrr_top2": 0.2,
    "mrr_top4": 0.2,
    "ndcg10": 0.16752637595189138,
    "ndcg_at_4": 0.04166423104576856,
    "ndcg_at_12": 0.21137959207545157,
    "ndcg_at_16": 0.2321869841325991,
    "ndcg_at_20": 0.38248040185483884,
    "roc_auc_upset": 0.8258928571428571
  },
  "test_metrics_model_c": {
    "ndcg": 0.05124995751403931,
    "spearman": 0.307230255839822,
    "mrr_top2": 0.0625,
    "mrr_top4": 0.2,
    "ndcg10": 0.05124995751403931,
    "ndcg_at_4": 0.00711064040423231,
    "ndcg_at_12": 0.056899138174850025,
    "ndcg_at_16": 0.1769467286075223,
    "ndcg_at_20": 0.17934460063934335,
    "roc_auc_upset": 0.8214285714285714
  },
  "test_metrics_by_conference": {
    "E": {
      "ndcg": 0.25128502304152356,
      "spearman": 0.21071428571428572
    },
    "W": {
      "ndcg": 0.7519554106097529,
      "spearman": 0.7321428571428571
    }
  },
  "notes": {
    "eos_rank_source": "eos_final_rank"
  }
}