{
  "test_metrics_ensemble": {
    "ndcg": 0.5489185688696423,
    "spearman": 0.4100111234705228,
    "mrr_top2": 1.0,
    "mrr_top4": 1.0,
    "ndcg10": 0.5489185688696423,
    "ndcg_at_4": 0.35315119534797357,
    "ndcg_at_12": 0.5940741929765196,
    "ndcg_at_16": 0.5953339596136613,
    "ndcg_at_20": 0.5962378839203755,
    "roc_auc_upset": 0.7692307692307693,
    "rank_mae_pred_vs_playoff_final_results": 7.333333492279053,
    "rank_rmse_pred_vs_playoff_final_results": 9.402127265930176,
    "rank_mae_eos_standings_vs_playoff_final_results": 3.7333333333333334,
    "rank_rmse_eos_standings_vs_playoff_final_results": 6.093712606722878,
    "playoff_metrics": {
      "spearman_pred_vs_playoff_final_results": 0.4589543937708565,
      "ndcg_at_4_final_four": 0.35315119534797357,
      "ndcg10_pred_vs_playoff_final_results": 0.548924104366051,
      "brier_championship_odds": 0.03222232684493065,
      "rank_mae_pred_vs_playoff_final_results": 7.333333492279053,
      "rank_rmse_pred_vs_playoff_final_results": 9.402127265930176,
      "rank_mae_eos_standings_vs_playoff_final_results": 3.7333333333333334,
      "rank_rmse_eos_standings_vs_playoff_final_results": 6.093712606722878
    }
  },
  "test_metrics_model_a": {
    "ndcg": 0.5489185688696423,
    "spearman": 0.4024471635150167,
    "mrr_top2": 1.0,
    "mrr_top4": 1.0,
    "ndcg10": 0.5489185688696423,
    "ndcg_at_4": 0.35315119534797357,
    "ndcg_at_12": 0.5940741929765196,
    "ndcg_at_16": 0.5953339596136613,
    "ndcg_at_20": 0.5959490563170883,
    "roc_auc_upset": 0.7737556561085973
  },
  "test_metrics_model_b": {
    "ndcg": 0.4677788410735551,
    "spearman": 0.3450500556173526,
    "mrr_top2": 0.5,
    "mrr_top4": 0.5,
    "ndcg10": 0.4677788410735551,
    "ndcg_at_4": 0.47920472626830496,
    "ndcg_at_12": 0.46768076823625854,
    "ndcg_at_16": 0.5489194975124999,
    "ndcg_at_20": 0.5864942046700061,
    "roc_auc_upset": 0.8044444444444444
  },
  "test_metrics_model_c": {
    "ndcg": 0.33348743391404295,
    "spearman": 0.23692992213570632,
    "mrr_top2": 0.16666666666666666,
    "mrr_top4": 0.16666666666666666,
    "ndcg10": 0.33348743391404295,
    "ndcg_at_4": 0.001111095381373398,
    "ndcg_at_12": 0.3389077264996702,
    "ndcg_at_16": 0.3596643455146382,
    "ndcg_at_20": 0.371151145691622,
    "roc_auc_upset": 0.7633928571428571
  },
  "test_metrics_by_conference": {
    "E": {
      "ndcg": 0.38504331979094114,
      "spearman": 0.23571428571428568
    },
    "W": {
      "ndcg": 0.9213871629856155,
      "spearman": 0.5642857142857142
    }
  },
  "notes": {
    "eos_rank_source": "eos_final_rank"
  }
}