{
  "test_metrics_ensemble": {
    "ndcg": 0.5840909005194435,
    "spearman": 0.41401557285873186,
    "mrr_top2": 1.0,
    "mrr_top4": 1.0,
    "ndcg10": 0.5840909005194435,
    "ndcg_at_4": 0.35315119534797357,
    "ndcg_at_12": 0.6278291690542351,
    "ndcg_at_16": 0.6290812644788594,
    "ndcg_at_20": 0.6296892416561567,
    "roc_auc_upset": 0.7366071428571428,
    "rank_mae_pred_vs_playoff_final_results": 7.4666666984558105,
    "rank_rmse_pred_vs_playoff_final_results": 9.370165824890137,
    "rank_mae_eos_standings_vs_playoff_final_results": 3.7333333333333334,
    "rank_rmse_eos_standings_vs_playoff_final_results": 6.093712606722878,
    "playoff_metrics": {
      "spearman_pred_vs_playoff_final_results": 0.4602892102335928,
      "ndcg_at_4_final_four": 0.35315119534797357,
      "ndcg10_pred_vs_playoff_final_results": 0.5840964360158521,
      "brier_championship_odds": 0.03222232684493065,
      "rank_mae_pred_vs_playoff_final_results": 7.4666666984558105,
      "rank_rmse_pred_vs_playoff_final_results": 9.370165824890137,
      "rank_mae_eos_standings_vs_playoff_final_results": 3.7333333333333334,
      "rank_rmse_eos_standings_vs_playoff_final_results": 6.093712606722878
    }
  },
  "test_metrics_model_a": {
    "ndcg": 0.5840931903410022,
    "spearman": 0.4211345939933259,
    "mrr_top2": 1.0,
    "mrr_top4": 1.0,
    "ndcg10": 0.5840931903410022,
    "ndcg_at_4": 0.35315119534797357,
    "ndcg_at_12": 0.6278314582743328,
    "ndcg_at_16": 0.6290835535233602,
    "ndcg_at_20": 0.6296915306905899,
    "roc_auc_upset": 0.7366071428571428
  },
  "test_metrics_model_b": {
    "ndcg": 0.8080055642765666,
    "spearman": 0.3147942157953281,
    "mrr_top2": 1.0,
    "mrr_top4": 1.0,
    "ndcg10": 0.8080055642765666,
    "ndcg_at_4": 0.729074614628521,
    "ndcg_at_12": 0.8078181250462941,
    "ndcg_at_16": 0.8077569447947492,
    "ndcg_at_20": 0.8078344073724005,
    "roc_auc_upset": 0.8571428571428572
  },
  "test_metrics_model_c": {
    "ndcg": 0.333487026575135,
    "spearman": 0.23159065628476083,
    "mrr_top2": 0.16666666666666666,
    "mrr_top4": 0.16666666666666666,
    "ndcg10": 0.333487026575135,
    "ndcg_at_4": 0.0011069724610271625,
    "ndcg_at_12": 0.33890731926775686,
    "ndcg_at_16": 0.35966393831396193,
    "ndcg_at_20": 0.3699999322309346,
    "roc_auc_upset": 0.7633928571428571
  },
  "test_metrics_by_conference": {
    "E": {
      "ndcg": 0.40649848933393984,
      "spearman": 0.2821428571428571
    },
    "W": {
      "ndcg": 0.9035793876099835,
      "spearman": 0.4535714285714285
    }
  },
  "notes": {
    "eos_rank_source": "eos_final_rank"
  }
}