{
  "notes": {
    "eval_on": "test",
    "eos_rank_source": "eos_final_rank",
    "upset_definition": "sleeper = EOS_global_rank > predicted_strength",
    "mrr_top2": "1/rank of first team in top 2 (champion+runner-up) in predicted order.",
    "mrr_top4": "1/rank of first team in top 4 (conference finals) in predicted order.",
    "per_conference_relevance": "Within E/W: actual rank derived from EOS_global_rank (1=best in conf); NDCG/Spearman use this relevance.",
    "playoff_metrics": "Spearman (pred global vs playoff_final_results), NDCG@4 (final four), Brier (champion vs odds). rank_mae/rank_rmse: pred vs playoff_final_results; eos_standings vs playoff_final_results (baseline)."
  },
  "split_info": {
    "train_frac": 0.75,
    "n_train_dates": 141,
    "n_test_dates": 36,
    "split_mode": "seasons"
  },
  "test_metrics_ensemble": {
    "ndcg": 0.4837333512583656,
    "spearman": 0.49454949944382637,
    "mrr_top2": 0.5,
    "mrr_top4": 0.5,
    "ndcg10": 0.4837333512583656,
    "ndcg_at_4": 0.4643944167678145,
    "ndcg_at_12": 0.527493141886454,
    "ndcg_at_16": 0.5274749026030411,
    "ndcg_at_20": 0.5316563600488571,
    "roc_auc_upset": 0.7911111111111111,
    "rank_mae_pred_vs_playoff_final_results": 6.733333110809326,
    "rank_rmse_pred_vs_playoff_final_results": 8.702489852905273,
    "rank_mae_eos_standings_vs_playoff_final_results": 3.1333333333333333,
    "rank_rmse_eos_standings_vs_playoff_final_results": 4.449719092257398,
    "playoff_metrics": {
      "spearman_pred_vs_playoff_final_results": 0.5025583982202447,
      "ndcg_at_4_final_four": 0.4643812234227066,
      "ndcg10_pred_vs_playoff_final_results": 0.48372052297823365,
      "brier_championship_odds": 0.03222232684493065,
      "rank_mae_pred_vs_playoff_final_results": 6.733333110809326,
      "rank_rmse_pred_vs_playoff_final_results": 8.702489852905273,
      "rank_mae_eos_standings_vs_playoff_final_results": 3.1333333333333333,
      "rank_rmse_eos_standings_vs_playoff_final_results": 4.449719092257398
    }
  },
  "test_metrics_model_a": {
    "ndcg": 0.4837333512583656,
    "spearman": 0.49454949944382637,
    "mrr_top2": 0.5,
    "mrr_top4": 0.5,
    "ndcg10": 0.4837333512583656,
    "ndcg_at_4": 0.4643944167678145,
    "ndcg_at_12": 0.527493141886454,
    "ndcg_at_16": 0.5274749026030411,
    "ndcg_at_20": 0.5316563600488571,
    "roc_auc_upset": 0.7911111111111111
  },
  "test_metrics_model_b": {
    "ndcg": 0.2143905751708314,
    "spearman": 0.596440489432703,
    "mrr_top2": 0.2,
    "mrr_top4": 0.2,
    "ndcg10": 0.2143905751708314,
    "ndcg_at_4": 0.04166423104576856,
    "ndcg_at_12": 0.21434532360921518,
    "ndcg_at_16": 0.3941447157799995,
    "ndcg_at_20": 0.39414384847556283,
    "roc_auc_upset": 0.7866666666666666
  },
  "test_metrics_model_c": {
    "ndcg": 0.05124995751403931,
    "spearman": 0.30189098998887653,
    "mrr_top2": 0.0625,
    "mrr_top4": 0.2,
    "ndcg10": 0.05124995751403931,
    "ndcg_at_4": 0.00711064040423231,
    "ndcg_at_12": 0.056899138174850025,
    "ndcg_at_16": 0.1769467286075223,
    "ndcg_at_20": 0.17934445367388585,
    "roc_auc_upset": 0.8258928571428571
  },
  "test_metrics_by_conference": {
    "E": {
      "ndcg": 0.27745335871982874,
      "spearman": 0.3
    },
    "W": {
      "ndcg": 0.7627716777039057,
      "spearman": 0.7392857142857142
    }
  },
  "by_season": {
    "2023-24": {
      "test_metrics_ensemble": {
        "ndcg": 0.5840909005194435,
        "spearman": 0.41401557285873186,
        "mrr_top2": 1.0,
        "mrr_top4": 1.0,
        "ndcg10": 0.5840909005194435,
        "ndcg_at_4": 0.35315119534797357,
        "ndcg_at_12": 0.6278291690542351,
        "ndcg_at_16": 0.6290812644788594,
        "ndcg_at_20": 0.6296892416561567,
        "roc_auc_upset": 0.7366071428571428,
        "rank_mae_pred_vs_playoff_final_results": 7.4666666984558105,
        "rank_rmse_pred_vs_playoff_final_results": 9.370165824890137,
        "rank_mae_eos_standings_vs_playoff_final_results": 3.7333333333333334,
        "rank_rmse_eos_standings_vs_playoff_final_results": 6.093712606722878,
        "playoff_metrics": {
          "spearman_pred_vs_playoff_final_results": 0.4602892102335928,
          "ndcg_at_4_final_four": 0.35315119534797357,
          "ndcg10_pred_vs_playoff_final_results": 0.5840964360158521,
          "brier_championship_odds": 0.03222232684493065,
          "rank_mae_pred_vs_playoff_final_results": 7.4666666984558105,
          "rank_rmse_pred_vs_playoff_final_results": 9.370165824890137,
          "rank_mae_eos_standings_vs_playoff_final_results": 3.7333333333333334,
          "rank_rmse_eos_standings_vs_playoff_final_results": 6.093712606722878
        }
      },
      "test_metrics_model_a": {
        "ndcg": 0.5840931903410022,
        "spearman": 0.4211345939933259,
        "mrr_top2": 1.0,
        "mrr_top4": 1.0,
        "ndcg10": 0.5840931903410022,
        "ndcg_at_4": 0.35315119534797357,
        "ndcg_at_12": 0.6278314582743328,
        "ndcg_at_16": 0.6290835535233602,
        "ndcg_at_20": 0.6296915306905899,
        "roc_auc_upset": 0.7366071428571428
      },
      "test_metrics_model_b": {
        "ndcg": 0.8080055642765666,
        "spearman": 0.3147942157953281,
        "mrr_top2": 1.0,
        "mrr_top4": 1.0,
        "ndcg10": 0.8080055642765666,
        "ndcg_at_4": 0.729074614628521,
        "ndcg_at_12": 0.8078181250462941,
        "ndcg_at_16": 0.8077569447947492,
        "ndcg_at_20": 0.8078344073724005,
        "roc_auc_upset": 0.8571428571428572
      },
      "test_metrics_model_c": {
        "ndcg": 0.333487026575135,
        "spearman": 0.23159065628476083,
        "mrr_top2": 0.16666666666666666,
        "mrr_top4": 0.16666666666666666,
        "ndcg10": 0.333487026575135,
        "ndcg_at_4": 0.0011069724610271625,
        "ndcg_at_12": 0.33890731926775686,
        "ndcg_at_16": 0.35966393831396193,
        "ndcg_at_20": 0.3699999322309346,
        "roc_auc_upset": 0.7633928571428571
      },
      "test_metrics_by_conference": {
        "E": {
          "ndcg": 0.40649848933393984,
          "spearman": 0.2821428571428571
        },
        "W": {
          "ndcg": 0.9035793876099835,
          "spearman": 0.4535714285714285
        }
      },
      "notes": {
        "eos_rank_source": "eos_final_rank"
      }
    },
    "2024-25": {
      "test_metrics_ensemble": {
        "ndcg": 0.4837333512583656,
        "spearman": 0.49454949944382637,
        "mrr_top2": 0.5,
        "mrr_top4": 0.5,
        "ndcg10": 0.4837333512583656,
        "ndcg_at_4": 0.4643944167678145,
        "ndcg_at_12": 0.527493141886454,
        "ndcg_at_16": 0.5274749026030411,
        "ndcg_at_20": 0.5316563600488571,
        "roc_auc_upset": 0.7911111111111111,
        "rank_mae_pred_vs_playoff_final_results": 6.733333110809326,
        "rank_rmse_pred_vs_playoff_final_results": 8.702489852905273,
        "rank_mae_eos_standings_vs_playoff_final_results": 3.1333333333333333,
        "rank_rmse_eos_standings_vs_playoff_final_results": 4.449719092257398,
        "playoff_metrics": {
          "spearman_pred_vs_playoff_final_results": 0.5025583982202447,
          "ndcg_at_4_final_four": 0.4643812234227066,
          "ndcg10_pred_vs_playoff_final_results": 0.48372052297823365,
          "brier_championship_odds": 0.03222232684493065,
          "rank_mae_pred_vs_playoff_final_results": 6.733333110809326,
          "rank_rmse_pred_vs_playoff_final_results": 8.702489852905273,
          "rank_mae_eos_standings_vs_playoff_final_results": 3.1333333333333333,
          "rank_rmse_eos_standings_vs_playoff_final_results": 4.449719092257398
        }
      },
      "test_metrics_model_a": {
        "ndcg": 0.4837333512583656,
        "spearman": 0.49454949944382637,
        "mrr_top2": 0.5,
        "mrr_top4": 0.5,
        "ndcg10": 0.4837333512583656,
        "ndcg_at_4": 0.4643944167678145,
        "ndcg_at_12": 0.527493141886454,
        "ndcg_at_16": 0.5274749026030411,