{
  "test_metrics_ensemble": {
    "ndcg": 0.5958786660205039,
    "spearman": 0.4206896551724138,
    "mrr_top2": 1.0,
    "mrr_top4": 1.0,
    "ndcg10": 0.5958786660205039,
    "ndcg_at_4": 0.35315119534797357,
    "ndcg_at_12": 0.5957234878954858,
    "ndcg_at_16": 0.5970157745565415,
    "ndcg_at_20": 0.5976308086547036,
    "roc_auc_upset": 0.7453703703703703,
    "rank_mae_pred_vs_playoff_final_results": 7.400000095367432,
    "rank_rmse_pred_vs_playoff_final_results": 9.316652297973633,
    "rank_mae_eos_standings_vs_playoff_final_results": 3.7333333333333334,
    "rank_rmse_eos_standings_vs_playoff_final_results": 6.093712606722878,
    "playoff_metrics": {
      "spearman_pred_vs_playoff_final_results": 0.4553948832035596,
      "ndcg_at_4_final_four": 0.35315119534797357,
      "ndcg10_pred_vs_playoff_final_results": 0.5958779468661778,
      "brier_championship_odds": 0.03222232684493065,
      "rank_mae_pred_vs_playoff_final_results": 7.400000095367432,
      "rank_rmse_pred_vs_playoff_final_results": 9.316652297973633,
      "rank_mae_eos_standings_vs_playoff_final_results": 3.7333333333333334,
      "rank_rmse_eos_standings_vs_playoff_final_results": 6.093712606722878
    }
  },
  "test_metrics_model_a": {
    "ndcg": 0.5958786660205039,
    "spearman": 0.4206896551724138,
    "mrr_top2": 1.0,
    "mrr_top4": 1.0,
    "ndcg10": 0.5958786660205039,
    "ndcg_at_4": 0.35315119534797357,
    "ndcg_at_12": 0.5957234878954858,
    "ndcg_at_16": 0.5970157745565415,
    "ndcg_at_20": 0.5976308086547036,
    "roc_auc_upset": 0.7453703703703703
  },
  "test_metrics_model_b": {
    "ndcg": 0.5666740396086696,
    "spearman": 0.4647385984427141,
    "mrr_top2": 0.5,
    "mrr_top4": 0.5,
    "ndcg10": 0.5666740396086696,
    "ndcg_at_4": 0.4437410146181249,
    "ndcg_at_12": 0.6118249953584857,
    "ndcg_at_16": 0.6118808678348604,
    "ndcg_at_20": 0.6118828540012122,
    "roc_auc_upset": 0.7946428571428572
  },
  "test_metrics_model_c": {
    "ndcg": 0.3335099094849099,
    "spearman": 0.23559510567296996,
    "mrr_top2": 0.16666666666666666,
    "mrr_top4": 0.16666666666666666,
    "ndcg10": 0.3335099094849099,
    "ndcg_at_4": 0.0011069724610271625,
    "ndcg_at_12": 0.3389081203242068,
    "ndcg_at_16": 0.3596647393089661,
    "ndcg_at_20": 0.3700007332224158,
    "roc_auc_upset": 0.7633928571428571
  },
  "test_metrics_by_conference": {
    "E": {
      "ndcg": 0.3851402749883562,
      "spearman": 0.28571428571428564
    },
    "W": {
      "ndcg": 0.9323505455904225,
      "spearman": 0.5785714285714285
    }
  },
  "notes": {
    "eos_rank_source": "eos_final_rank"
  }
}