{
  "test_metrics_ensemble": {
    "ndcg": 0.4268976661162371,
    "spearman": 0.692992213570634,
    "mrr_top2": 0.16666666666666666,
    "mrr_top4": 0.16666666666666666,
    "ndcg_at_4": 0.054419265663439804,
    "ndcg_at_12": 0.308338725007209,
    "ndcg_at_16": 0.3511214102122727,
    "ndcg_at_20": 0.42687751181147227,
    "ndcg_at_30": 0.4268976661162371,
    "rank_mae_pred_vs_playoff_outcome_rank": 5.800000190734863,
    "rank_rmse_pred_vs_playoff_outcome_rank": 6.78233003616333,
    "roc_auc_upset": 0.8444444444444444,
    "rank_mae_wl_record_standings_vs_playoff_outcome_rank": 3.1333333333333333,
    "rank_rmse_wl_record_standings_vs_playoff_outcome_rank": 4.449719092257398,
    "spearman_standings": -0.7294771968854282,
    "ndcg_at_4_standings": 0.3249302638758039,
    "ndcg_at_16_standings": 0.5635119552587285,
    "ndcg_at_30_standings": 0.5836140840632916,
    "rank_rmse_standings": 6.366579532623291,
    "playoff_metrics": {
      "spearman_pred_vs_playoff_outcome_rank": 0.6867630700778643,
      "ndcg_at_4_final_four": 0.054419265663439804,
      "ndcg_at_30_pred_vs_playoff_outcome_rank": 0.42689457959547866,
      "brier_championship_odds": 0.031209800392389297,
      "rank_mae_pred_vs_playoff_outcome_rank": 5.800000190734863,
      "rank_rmse_pred_vs_playoff_outcome_rank": 6.78233003616333,
      "rank_mae_wl_record_standings_vs_playoff_outcome_rank": 3.1333333333333333,
      "rank_rmse_wl_record_standings_vs_playoff_outcome_rank": 4.449719092257398
    }
  },
  "test_metrics_model_a": {
    "ndcg": 0.6035210450167544,
    "spearman": 0.4758620689655172,
    "mrr_top2": 0.5,
    "mrr_top4": 0.5,
    "ndcg_at_4": 0.4645175546554888,
    "ndcg_at_12": 0.489948190312793,
    "ndcg_at_16": 0.5325826533345138,
    "ndcg_at_20": 0.5361124750929298,
    "ndcg_at_30": 0.6035210450167544,
    "rank_mae_pred_vs_playoff_outcome_rank": 6.866666793823242,
    "rank_rmse_pred_vs_playoff_outcome_rank": 8.861903190612793,
    "roc_auc_upset": 0.755656108597285
  },
  "test_metrics_model_b": {
    "ndcg": 0.37756063928312567,
    "spearman": 0.6053392658509456,
    "mrr_top2": 0.14285714285714285,
    "mrr_top4": 0.14285714285714285,
    "ndcg_at_4": 0.04166423104576856,
    "ndcg_at_12": 0.19714745406490428,
    "ndcg_at_16": 0.3774081686803399,
    "ndcg_at_20": 0.37740739046604826,
    "ndcg_at_30": 0.37756063928312567,
    "rank_mae_pred_vs_playoff_outcome_rank": 6.066666603088379,
    "rank_rmse_pred_vs_playoff_outcome_rank": 7.689820289611816,
    "roc_auc_upset": 0.7416267942583732
  },
  "test_metrics_model_c": {
    "ndcg": 0.3220342767210451,
    "spearman": 0.30233592880978866,
    "mrr_top2": 0.06666666666666667,
    "mrr_top4": 0.2,
    "ndcg_at_4": 0.00711064040423231,
    "ndcg_at_12": 0.056899138174850025,
    "ndcg_at_16": 0.17781540372208415,
    "ndcg_at_20": 0.18021312496782235,
    "ndcg_at_30": 0.3220342767210451,
    "rank_mae_pred_vs_playoff_outcome_rank": 8.466666221618652,
    "rank_rmse_pred_vs_playoff_outcome_rank": 10.224154472351074,
    "roc_auc_upset": 0.8258928571428571
  },
  "test_metrics_by_conference": {
    "E": {
      "ndcg": 0.5628052790107402,
      "spearman": 0.6,
      "rank_mae_wl_record_standings_vs_playoff_outcome_rank": 2.933333333333333,
      "rank_rmse_wl_record_standings_vs_playoff_outcome_rank": 3.8297084310253524,
      "rank_mae_ensemble_pred_vs_playoff_outcome_rank": 6.533333333333333,
      "rank_rmse_ensemble_pred_vs_playoff_outcome_rank": 7.754568545917518,
      "rank_mae_model_a_pred_vs_playoff_outcome_rank": 8.266666666666667,
      "rank_rmse_model_a_pred_vs_playoff_outcome_rank": 10.620734437881403,
      "rank_mae_xgb_pred_vs_playoff_outcome_rank": 6.466666666666667,
      "rank_rmse_xgb_pred_vs_playoff_outcome_rank": 8.136338242723197,
      "rank_mae_rf_pred_vs_playoff_outcome_rank": 10.0,
      "rank_rmse_rf_pred_vs_playoff_outcome_rank": 11.033282980751165
    },
    "W": {
      "ndcg": 0.6288980265278349,
      "spearman": 0.7607142857142856,
      "rank_mae_wl_record_standings_vs_playoff_outcome_rank": 3.3333333333333335,
      "rank_rmse_wl_record_standings_vs_playoff_outcome_rank": 4.993328882953068,
      "rank_mae_ensemble_pred_vs_playoff_outcome_rank": 5.066666666666666,
      "rank_rmse_ensemble_pred_vs_playoff_outcome_rank": 5.645056834671079,
      "rank_mae_model_a_pred_vs_playoff_outcome_rank": 5.466666666666667,
      "rank_rmse_model_a_pred_vs_playoff_outcome_rank": 6.65331997326648,
      "rank_mae_xgb_pred_vs_playoff_outcome_rank": 5.666666666666667,
      "rank_rmse_xgb_pred_vs_playoff_outcome_rank": 7.215723571941117,
      "rank_mae_rf_pred_vs_playoff_outcome_rank": 6.933333333333334,
      "rank_rmse_rf_pred_vs_playoff_outcome_rank": 9.345230512584124
    }
  },
  "model_vs_standings_comparison": {
    "n_teams": 30,
    "standings_vs_outcome": {
      "rank_mae": 3.1333333333333333,
      "rank_rmse": 4.449719092257398
    },
    "models": {
      "ensemble": {
        "rank_mae_pred_vs_outcome": 5.8,
        "rank_rmse_pred_vs_outcome": 6.782329983125268,
        "improvement_mae_vs_standings": -2.6666666666666665,
        "improvement_rmse_vs_standings": -2.33261089086787
      },
      "model_a": {
        "rank_mae_pred_vs_outcome": 6.866666666666666,
        "rank_rmse_pred_vs_outcome": 8.861903482510591,
        "improvement_mae_vs_standings": -3.733333333333333,
        "improvement_rmse_vs_standings": -4.412184390253193
      },
      "xgb": {
        "rank_mae_pred_vs_outcome": 6.066666666666666,
        "rank_rmse_pred_vs_outcome": 7.689820110596433,
        "improvement_mae_vs_standings": -2.933333333333333,
        "improvement_rmse_vs_standings": -3.2401010183390344
      },
      "rf": {
        "rank_mae_pred_vs_outcome": 8.466666666666667,
        "rank_rmse_pred_vs_outcome": 10.2241544067631,
        "improvement_mae_vs_standings": -5.333333333333334,
        "improvement_rmse_vs_standings": -5.774435314505702
      }
    },
    "significance": {
      "ensemble": {
        "mean_mae_improvement": -2.6666666666666665,
        "bootstrap_95_ci_low": -4.033333333333333,
        "bootstrap_95_ci_high": -1.2,
        "p_value_model_better_than_standings": 1.0,
        "method": "paired bootstrap over teams (resample teams, mean(standings_ae - model_ae)); H0: no improvement"
      },
      "model_a": {
        "mean_mae_improvement": -3.7333333333333334,
        "bootstrap_95_ci_low": -5.633333333333334,
        "bootstrap_95_ci_high": -1.9658333333333378,
        "p_value_model_better_than_standings": 1.0,
        "method": "paired bootstrap over teams (resample teams, mean(standings_ae - model_ae)); H0: no improvement"
      },
      "xgb": {
        "mean_mae_improvement": -2.933333333333333,
        "bootstrap_95_ci_low": -5.1675,
        "bootstrap_95_ci_high": -0.8,
        "p_value_model_better_than_standings": 0.9965,
        "method": "paired bootstrap over teams (resample teams, mean(standings_ae - model_ae)); H0: no improvement"
      },
      "rf": {
        "mean_mae_improvement": -5.333333333333333,
        "bootstrap_95_ci_low": -7.733333333333333,
        "bootstrap_95_ci_high": -2.933333333333333,
        "p_value_model_better_than_standings": 1.0,
        "method": "paired bootstrap over teams (resample teams, mean(standings_ae - model_ae)); H0: no improvement"
      }
    }
  },
  "standings_vs_outcome_metrics": {
    "ensemble": {
      "outcome": {
        "ndcg_at_30": 0.4268976661162371,
        "rank_rmse_pred_vs_playoff_outcome_rank": 6.78233003616333,
        "ndcg_at_16": 0.3511214102122727,
        "ndcg_at_4": 0.054419265663439804,
        "ndcg_at_12": 0.308338725007209,
        "rank_mae_pred_vs_playoff_outcome_rank": 5.800000190734863,
        "spearman": 0.692992213570634
      },
      "standings": {
        "spearman_standings": -0.7294771968854282,
        "ndcg_at_4_standings": 0.3249302638758039,
        "ndcg_at_16_standings": 0.5635119552587285,
        "ndcg_at_30_standings": 0.5836140840632916,