{
  "test_metrics_ensemble": {
    "ndcg": 0.8254567979220742,
    "spearman": 0.5741935483870967,
    "mrr_top2": 1.0,
    "mrr_top4": 1.0,
    "ndcg_at_4": 0.7750060948071701,
    "ndcg_at_12": 0.7602970816487388,
    "ndcg_at_16": 0.8053785691961701,
    "ndcg_at_20": 0.8248856150058768,
    "ndcg_at_30": 0.8254567979220742,
    "rank_mae_pred_vs_playoff_outcome_rank": 6.266666889190674,
    "rank_rmse_pred_vs_playoff_outcome_rank": 7.987490177154541,
    "roc_auc_upset": 0.7321428571428572,
    "rank_mae_wl_record_standings_vs_playoff_outcome_rank": 3.7333333333333334,
    "rank_rmse_wl_record_standings_vs_playoff_outcome_rank": 6.093712606722878,
    "spearman_standings": -0.6725250278086763,
    "ndcg_at_4_standings": 0.5872641867268823,
    "ndcg_at_16_standings": 0.6469201500581759,
    "ndcg_at_30_standings": 0.6482035961861345,
    "rank_rmse_standings": 7.004760265350342,
    "playoff_metrics": {
      "spearman_pred_vs_playoff_outcome_rank": 0.6529477196885429,
      "ndcg_at_4_final_four": 0.7750060948071701,
      "ndcg_at_30_pred_vs_playoff_outcome_rank": 0.8254544129747864,
      "brier_championship_odds": 0.030076470226049423,
      "rank_mae_pred_vs_playoff_outcome_rank": 6.266666889190674,
      "rank_rmse_pred_vs_playoff_outcome_rank": 7.987490177154541,
      "rank_mae_wl_record_standings_vs_playoff_outcome_rank": 3.7333333333333334,
      "rank_rmse_wl_record_standings_vs_playoff_outcome_rank": 6.093712606722878
    }
  },
  "test_metrics_model_a": {
    "ndcg": 0.6229555139106119,
    "spearman": 0.3793103448275862,
    "mrr_top2": 1.0,
    "mrr_top4": 1.0,
    "ndcg_at_4": 0.35315119534797357,
    "ndcg_at_12": 0.6044513781350177,
    "ndcg_at_16": 0.6056750325896386,
    "ndcg_at_20": 0.6062696838675689,
    "ndcg_at_30": 0.6229555139106119,
    "rank_mae_pred_vs_playoff_outcome_rank": 8.0,
    "rank_rmse_pred_vs_playoff_outcome_rank": 9.643651008605957,
    "roc_auc_upset": 0.787037037037037
  },
  "test_metrics_model_b": {
    "ndcg": 0.604977691217558,
    "spearman": 0.4309232480533926,
    "mrr_top2": 0.5,
    "mrr_top4": 0.5,
    "ndcg_at_4": 0.44093212795935904,
    "ndcg_at_12": 0.5591337299230104,
    "ndcg_at_16": 0.5591728319469684,
    "ndcg_at_20": 0.6022694840373691,
    "ndcg_at_30": 0.604977691217558,
    "rank_mae_pred_vs_playoff_outcome_rank": 7.133333206176758,
    "rank_rmse_pred_vs_playoff_outcome_rank": 9.23399543762207,
    "roc_auc_upset": 0.8080357142857142
  },
  "test_metrics_model_c": {
    "ndcg": 0.4077859910058182,
    "spearman": 0.23159065628476083,
    "mrr_top2": 0.16666666666666666,
    "mrr_top4": 0.16666666666666666,
    "ndcg_at_4": 0.0011069724610271625,
    "ndcg_at_12": 0.33890731926775686,
    "ndcg_at_16": 0.35966393831396193,
    "ndcg_at_20": 0.3699999322309346,
    "ndcg_at_30": 0.4077859910058182,
    "rank_mae_pred_vs_playoff_outcome_rank": 9.066666603088379,
    "rank_rmse_pred_vs_playoff_outcome_rank": 10.730020523071289,
    "roc_auc_upset": 0.7633928571428571
  },
  "test_metrics_by_conference": {
    "E": {
      "ndcg": 0.8727409609063601,
      "spearman": 0.7035714285714285,
      "rank_mae_wl_record_standings_vs_playoff_outcome_rank": 2.6666666666666665,
      "rank_rmse_wl_record_standings_vs_playoff_outcome_rank": 3.4253953543107007,
      "rank_mae_ensemble_pred_vs_playoff_outcome_rank": 5.866666666666666,
      "rank_rmse_ensemble_pred_vs_playoff_outcome_rank": 7.293833011524188,
      "rank_mae_model_a_pred_vs_playoff_outcome_rank": 9.2,
      "rank_rmse_model_a_pred_vs_playoff_outcome_rank": 10.776517681205434,
      "rank_mae_xgb_pred_vs_playoff_outcome_rank": 4.0,
      "rank_rmse_xgb_pred_vs_playoff_outcome_rank": 5.727128425310541,
      "rank_mae_rf_pred_vs_playoff_outcome_rank": 6.6,
      "rank_rmse_rf_pred_vs_playoff_outcome_rank": 7.7502688125423544
    },
    "W": {
      "ndcg": 0.9133920392755727,
      "spearman": 0.5249999999999999,
      "rank_mae_wl_record_standings_vs_playoff_outcome_rank": 4.8,
      "rank_rmse_wl_record_standings_vs_playoff_outcome_rank": 7.907802054511312,
      "rank_mae_ensemble_pred_vs_playoff_outcome_rank": 6.666666666666667,
      "rank_rmse_ensemble_pred_vs_playoff_outcome_rank": 8.62554346113913,
      "rank_mae_model_a_pred_vs_playoff_outcome_rank": 6.8,
      "rank_rmse_model_a_pred_vs_playoff_outcome_rank": 8.358628276617322,
      "rank_mae_xgb_pred_vs_playoff_outcome_rank": 10.266666666666667,
      "rank_rmse_xgb_pred_vs_playoff_outcome_rank": 11.735984548955972,
      "rank_mae_rf_pred_vs_playoff_outcome_rank": 11.533333333333333,
      "rank_rmse_rf_pred_vs_playoff_outcome_rank": 13.046072205840346
    }
  },
  "model_vs_standings_comparison": {
    "n_teams": 30,
    "standings_vs_outcome": {
      "rank_mae": 3.7333333333333334,
      "rank_rmse": 6.093712606722878
    },
    "models": {
      "ensemble": {
        "rank_mae_pred_vs_outcome": 6.266666666666667,
        "rank_rmse_pred_vs_outcome": 7.987490219086343,
        "improvement_mae_vs_standings": -2.533333333333333,
        "improvement_rmse_vs_standings": -1.8937776123634649
      },
      "model_a": {
        "rank_mae_pred_vs_outcome": 8.0,
        "rank_rmse_pred_vs_outcome": 9.643650760992955,
        "improvement_mae_vs_standings": -4.266666666666667,
        "improvement_rmse_vs_standings": -3.5499381542700768
      },
      "xgb": {
        "rank_mae_pred_vs_outcome": 7.133333333333334,
        "rank_rmse_pred_vs_outcome": 9.233995162802863,
        "improvement_mae_vs_standings": -3.4000000000000004,
        "improvement_rmse_vs_standings": -3.1402825560799847
      },
      "rf": {
        "rank_mae_pred_vs_outcome": 9.066666666666666,
        "rank_rmse_pred_vs_outcome": 10.7300201925874,
        "improvement_mae_vs_standings": -5.333333333333333,
        "improvement_rmse_vs_standings": -4.636307585864522
      }
    },
    "significance": {
      "ensemble": {
        "mean_mae_improvement": -2.533333333333333,
        "bootstrap_95_ci_low": -4.234166666666667,
        "bootstrap_95_ci_high": -0.7991666666666712,
        "p_value_model_better_than_standings": 0.998,
        "method": "paired bootstrap over teams (resample teams, mean(standings_ae - model_ae)); H0: no improvement"
      },
      "model_a": {
        "mean_mae_improvement": -4.266666666666667,
        "bootstrap_95_ci_low": -6.0675,
        "bootstrap_95_ci_high": -2.265833333333338,
        "p_value_model_better_than_standings": 1.0,
        "method": "paired bootstrap over teams (resample teams, mean(standings_ae - model_ae)); H0: no improvement"
      },
      "xgb": {
        "mean_mae_improvement": -3.4,
        "bootstrap_95_ci_low": -5.8,
        "bootstrap_95_ci_high": -1.1666666666666667,
        "p_value_model_better_than_standings": 0.999,
        "method": "paired bootstrap over teams (resample teams, mean(standings_ae - model_ae)); H0: no improvement"
      },
      "rf": {
        "mean_mae_improvement": -5.333333333333333,
        "bootstrap_95_ci_low": -8.0,
        "bootstrap_95_ci_high": -2.3,
        "p_value_model_better_than_standings": 1.0,
        "method": "paired bootstrap over teams (resample teams, mean(standings_ae - model_ae)); H0: no improvement"
      }
    }
  },
  "standings_vs_outcome_metrics": {
    "ensemble": {
      "outcome": {
        "ndcg_at_30": 0.8254567979220742,
        "rank_rmse_pred_vs_playoff_outcome_rank": 7.987490177154541,
        "ndcg_at_16": 0.8053785691961701,
        "ndcg_at_4": 0.7750060948071701,
        "ndcg_at_12": 0.7602970816487388,
        "rank_mae_pred_vs_playoff_outcome_rank": 6.266666889190674,
        "spearman": 0.5741935483870967
      },
      "standings": {
        "spearman_standings": -0.6725250278086763,
        "ndcg_at_4_standings": 0.5872641867268823,
        "ndcg_at_16_standings": 0.6469201500581759,
        "ndcg_at_30_standings": 0.6482035961861345,
        "rank_rmse_standings": 7.004760265350342
      }
    },