{
  "notes": {
    "eval_on": "test",
    "eos_rank_source": "eos_final_rank",
    "upset_definition": "sleeper = EOS_global_rank > predicted_strength",
    "mrr_top2": "1/rank of first team in top 2 (champion+runner-up) in predicted order.",
    "mrr_top4": "1/rank of first team in top 4 (conference finals) in predicted order.",
    "per_conference_relevance": "Within E/W: actual rank derived from EOS_global_rank (1=best in conf); NDCG/Spearman use this relevance.",
    "playoff_metrics": "Spearman (pred global vs playoff_final_results), NDCG@4 (final four), Brier (champion vs odds). rank_mae/rank_rmse: pred vs playoff_final_results; eos_standings vs playoff_final_results (baseline)."
  },
  "split_info": {
    "train_frac": 0.75,
    "n_train_dates": 141,
    "n_test_dates": 36,
    "split_mode": "seasons"
  },
  "test_metrics_ensemble": {
    "ndcg": 0.4784513229204955,
    "spearman": 0.45317018909899887,
    "mrr_top2": 0.5,
    "mrr_top4": 0.5,
    "ndcg10": 0.4784513229204955,
    "ndcg_at_4": 0.46433156090549454,
    "ndcg_at_12": 0.4840095531815246,
    "ndcg_at_16": 0.5278658267891054,
    "ndcg_at_20": 0.5302162931658614,
    "roc_auc_upset": 0.7723214285714286,
    "rank_mae_pred_vs_playoff_final_results": 7.066666603088379,
    "rank_rmse_pred_vs_playoff_final_results": 9.051703453063965,
    "rank_mae_eos_standings_vs_playoff_final_results": 3.1333333333333333,
    "rank_rmse_eos_standings_vs_playoff_final_results": 4.449719092257398,
    "playoff_metrics": {
      "spearman_pred_vs_playoff_final_results": 0.4407119021134594,
      "ndcg_at_4_final_four": 0.4643315309894802,
      "ndcg10_pred_vs_playoff_final_results": 0.4784392277937684,
      "brier_championship_odds": 0.03222232684493065,
      "rank_mae_pred_vs_playoff_final_results": 7.066666603088379,
      "rank_rmse_pred_vs_playoff_final_results": 9.051703453063965,
      "rank_mae_eos_standings_vs_playoff_final_results": 3.1333333333333333,
      "rank_rmse_eos_standings_vs_playoff_final_results": 4.449719092257398
    }
  },
  "test_metrics_model_a": {
    "ndcg": 0.4784513229204955,
    "spearman": 0.4496106785317019,
    "mrr_top2": 0.5,
    "mrr_top4": 0.5,
    "ndcg10": 0.4784513229204955,
    "ndcg_at_4": 0.46433156090549454,
    "ndcg_at_12": 0.4838335382506084,
    "ndcg_at_16": 0.5276898253595839,
    "ndcg_at_20": 0.530040292510433,
    "roc_auc_upset": 0.7767857142857142
  },
  "test_metrics_model_b": {
    "ndcg": 0.21633419895461262,
    "spearman": 0.5973303670745272,
    "mrr_top2": 0.2,
    "mrr_top4": 0.2,
    "ndcg10": 0.21633419895461262,
    "ndcg_at_4": 0.04166423104576856,
    "ndcg_at_12": 0.21640870848370616,
    "ndcg_at_16": 0.3956113968293516,
    "ndcg_at_20": 0.3956105276634331,
    "roc_auc_upset": 0.7549999999999999
  },
  "test_metrics_model_c": {
    "ndcg": 0.05124995751403931,
    "spearman": 0.3032258064516129,
    "mrr_top2": 0.0625,
    "mrr_top4": 0.2,
    "ndcg10": 0.05124995751403931,
    "ndcg_at_4": 0.00711064040423231,
    "ndcg_at_12": 0.056899138174850025,
    "ndcg_at_16": 0.1769467286075223,
    "ndcg_at_20": 0.17934445367388585,
    "roc_auc_upset": 0.8258928571428571
  },
  "test_metrics_by_conference": {
    "E": {
      "ndcg": 0.2354427593024304,
      "spearman": 0.1464285714285714
    },
    "W": {
      "ndcg": 0.7737357849437491,
      "spearman": 0.7107142857142856
    }
  },
  "by_season": {
    "2023-24": {
      "test_metrics_ensemble": {
        "ndcg": 0.39962457977343274,
        "spearman": 0.38598442714126807,
        "mrr_top2": 1.0,
        "mrr_top4": 1.0,
        "ndcg10": 0.39962457977343274,
        "ndcg_at_4": 0.35315119534797357,
        "ndcg_at_12": 0.5807201588740534,
        "ndcg_at_16": 0.5826004426746789,
        "ndcg_at_20": 0.582607414332878,
        "roc_auc_upset": 0.7737556561085973,
        "rank_mae_pred_vs_playoff_final_results": 7.400000095367432,
        "rank_rmse_pred_vs_playoff_final_results": 9.591663360595703,
        "rank_mae_eos_standings_vs_playoff_final_results": 3.7333333333333334,
        "rank_rmse_eos_standings_vs_playoff_final_results": 6.093712606722878,
        "playoff_metrics": {
          "spearman_pred_vs_playoff_final_results": 0.45984427141268075,
          "ndcg_at_4_final_four": 0.35315119534797357,
          "ndcg10_pred_vs_playoff_final_results": 0.3996304695436865,
          "brier_championship_odds": 0.03222232684493065,
          "rank_mae_pred_vs_playoff_final_results": 7.400000095367432,
          "rank_rmse_pred_vs_playoff_final_results": 9.591663360595703,
          "rank_mae_eos_standings_vs_playoff_final_results": 3.7333333333333334,
          "rank_rmse_eos_standings_vs_playoff_final_results": 6.093712606722878
        }
      },
      "test_metrics_model_a": {
        "ndcg": 0.39962457977343274,
        "spearman": 0.3793103448275862,
        "mrr_top2": 1.0,
        "mrr_top4": 1.0,
        "ndcg10": 0.39962457977343274,
        "ndcg_at_4": 0.35315119534797357,
        "ndcg_at_12": 0.5807201588740534,
        "ndcg_at_16": 0.5826004426746789,
        "ndcg_at_20": 0.5826074760335813,
        "roc_auc_upset": 0.7782805429864252
      },
      "test_metrics_model_b": {
        "ndcg": 0.8094036851043652,
        "spearman": 0.40111234705228027,
        "mrr_top2": 1.0,
        "mrr_top4": 1.0,
        "ndcg10": 0.8094036851043652,
        "ndcg_at_4": 0.6879025204137522,
        "ndcg_at_12": 0.8091917722412746,
        "ndcg_at_16": 0.8141777200911401,
        "ndcg_at_20": 0.8141786633666983,
        "roc_auc_upset": 0.7918552036199095
      },
      "test_metrics_model_c": {
        "ndcg": 0.3335103168238178,
        "spearman": 0.23737486095661847,
        "mrr_top2": 0.16666666666666666,
        "mrr_top4": 0.16666666666666666,
        "ndcg10": 0.3335103168238178,
        "ndcg_at_4": 0.001111095381373398,
        "ndcg_at_12": 0.33890852755612016,
        "ndcg_at_16": 0.3596651465096424,
        "ndcg_at_20": 0.37000114042130106,
        "roc_auc_upset": 0.7633928571428571
      },
      "test_metrics_by_conference": {
        "E": {
          "ndcg": 0.3851402749883562,
          "spearman": 0.2785714285714285
        },
        "W": {
          "ndcg": 0.9214710686101852,
          "spearman": 0.4964285714285714
        }
      },
      "notes": {
        "eos_rank_source": "eos_final_rank"
      }
    },
    "2024-25": {
      "test_metrics_ensemble": {
        "ndcg": 0.4784513229204955,
        "spearman": 0.45317018909899887,
        "mrr_top2": 0.5,
        "mrr_top4": 0.5,
        "ndcg10": 0.4784513229204955,
        "ndcg_at_4": 0.46433156090549454,
        "ndcg_at_12": 0.4840095531815246,
        "ndcg_at_16": 0.5278658267891054,
        "ndcg_at_20": 0.5302162931658614,
        "roc_auc_upset": 0.7723214285714286,
        "rank_mae_pred_vs_playoff_final_results": 7.066666603088379,
        "rank_rmse_pred_vs_playoff_final_results": 9.051703453063965,
        "rank_mae_eos_standings_vs_playoff_final_results": 3.1333333333333333,
        "rank_rmse_eos_standings_vs_playoff_final_results": 4.449719092257398,
        "playoff_metrics": {
          "spearman_pred_vs_playoff_final_results": 0.4407119021134594,
          "ndcg_at_4_final_four": 0.4643315309894802,
          "ndcg10_pred_vs_playoff_final_results": 0.4784392277937684,
          "brier_championship_odds": 0.03222232684493065,
          "rank_mae_pred_vs_playoff_final_results": 7.066666603088379,
          "rank_rmse_pred_vs_playoff_final_results": 9.051703453063965,
          "rank_mae_eos_standings_vs_playoff_final_results": 3.1333333333333333,
          "rank_rmse_eos_standings_vs_playoff_final_results": 4.449719092257398
        }
      },
      "test_metrics_model_a": {
        "ndcg": 0.4784513229204955,
        "spearman": 0.4496106785317019,
        "mrr_top2": 0.5,
        "mrr_top4": 0.5,
        "ndcg10": 0.4784513229204955,
        "ndcg_at_4": 0.46433156090549454,
        "ndcg_at_12": 0.4838335382506084,
        "ndcg_at_16": 0.5276898253595839,