{
  "test_metrics_ensemble": {
    "ndcg": 0.4784513229204955,
    "spearman": 0.45317018909899887,
    "mrr_top2": 0.5,
    "mrr_top4": 0.5,
    "ndcg10": 0.4784513229204955,
    "ndcg_at_4": 0.46433156090549454,
    "ndcg_at_12": 0.4840095531815246,
    "ndcg_at_16": 0.5278658267891054,
    "ndcg_at_20": 0.5302162931658614,
    "roc_auc_upset": 0.7723214285714286,
    "rank_mae_pred_vs_playoff_final_results": 7.066666603088379,
    "rank_rmse_pred_vs_playoff_final_results": 9.051703453063965,
    "rank_mae_eos_standings_vs_playoff_final_results": 3.1333333333333333,
    "rank_rmse_eos_standings_vs_playoff_final_results": 4.449719092257398,
    "playoff_metrics": {
      "spearman_pred_vs_playoff_final_results": 0.4407119021134594,
      "ndcg_at_4_final_four": 0.4643315309894802,
      "ndcg10_pred_vs_playoff_final_results": 0.4784392277937684,
      "brier_championship_odds": 0.03222232684493065,
      "rank_mae_pred_vs_playoff_final_results": 7.066666603088379,
      "rank_rmse_pred_vs_playoff_final_results": 9.051703453063965,
      "rank_mae_eos_standings_vs_playoff_final_results": 3.1333333333333333,
      "rank_rmse_eos_standings_vs_playoff_final_results": 4.449719092257398
    }
  },
  "test_metrics_model_a": {
    "ndcg": 0.4784513229204955,
    "spearman": 0.4496106785317019,
    "mrr_top2": 0.5,
    "mrr_top4": 0.5,
    "ndcg10": 0.4784513229204955,
    "ndcg_at_4": 0.46433156090549454,
    "ndcg_at_12": 0.4838335382506084,
    "ndcg_at_16": 0.5276898253595839,
    "ndcg_at_20": 0.530040292510433,
    "roc_auc_upset": 0.7767857142857142
  },
  "test_metrics_model_b": {
    "ndcg": 0.21633419895461262,
    "spearman": 0.5973303670745272,
    "mrr_top2": 0.2,
    "mrr_top4": 0.2,
    "ndcg10": 0.21633419895461262,
    "ndcg_at_4": 0.04166423104576856,
    "ndcg_at_12": 0.21640870848370616,
    "ndcg_at_16": 0.3956113968293516,
    "ndcg_at_20": 0.3956105276634331,
    "roc_auc_upset": 0.7549999999999999
  },
  "test_metrics_model_c": {
    "ndcg": 0.05124995751403931,
    "spearman": 0.3032258064516129,
    "mrr_top2": 0.0625,
    "mrr_top4": 0.2,
    "ndcg10": 0.05124995751403931,
    "ndcg_at_4": 0.00711064040423231,
    "ndcg_at_12": 0.056899138174850025,
    "ndcg_at_16": 0.1769467286075223,
    "ndcg_at_20": 0.17934445367388585,
    "roc_auc_upset": 0.8258928571428571
  },
  "test_metrics_by_conference": {
    "E": {
      "ndcg": 0.2354427593024304,
      "spearman": 0.1464285714285714
    },
    "W": {
      "ndcg": 0.7737357849437491,
      "spearman": 0.7107142857142856
    }
  },
  "notes": {
    "eos_rank_source": "eos_final_rank"
  }
}