{
  "test_metrics_ensemble": {
    "ndcg": 0.39962457977343274,
    "spearman": 0.38598442714126807,
    "mrr_top2": 1.0,
    "mrr_top4": 1.0,
    "ndcg10": 0.39962457977343274,
    "ndcg_at_4": 0.35315119534797357,
    "ndcg_at_12": 0.5807201588740534,
    "ndcg_at_16": 0.5826004426746789,
    "ndcg_at_20": 0.582607414332878,
    "roc_auc_upset": 0.7737556561085973,
    "rank_mae_pred_vs_playoff_final_results": 7.400000095367432,
    "rank_rmse_pred_vs_playoff_final_results": 9.591663360595703,
    "rank_mae_eos_standings_vs_playoff_final_results": 3.7333333333333334,
    "rank_rmse_eos_standings_vs_playoff_final_results": 6.093712606722878,
    "playoff_metrics": {
      "spearman_pred_vs_playoff_final_results": 0.45984427141268075,
      "ndcg_at_4_final_four": 0.35315119534797357,
      "ndcg10_pred_vs_playoff_final_results": 0.3996304695436865,
      "brier_championship_odds": 0.03222232684493065,
      "rank_mae_pred_vs_playoff_final_results": 7.400000095367432,
      "rank_rmse_pred_vs_playoff_final_results": 9.591663360595703,
      "rank_mae_eos_standings_vs_playoff_final_results": 3.7333333333333334,
      "rank_rmse_eos_standings_vs_playoff_final_results": 6.093712606722878
    }
  },
  "test_metrics_model_a": {
    "ndcg": 0.39962457977343274,
    "spearman": 0.3793103448275862,
    "mrr_top2": 1.0,
    "mrr_top4": 1.0,
    "ndcg10": 0.39962457977343274,
    "ndcg_at_4": 0.35315119534797357,
    "ndcg_at_12": 0.5807201588740534,
    "ndcg_at_16": 0.5826004426746789,
    "ndcg_at_20": 0.5826074760335813,
    "roc_auc_upset": 0.7782805429864252
  },
  "test_metrics_model_b": {
    "ndcg": 0.8094036851043652,
    "spearman": 0.40111234705228027,
    "mrr_top2": 1.0,
    "mrr_top4": 1.0,
    "ndcg10": 0.8094036851043652,
    "ndcg_at_4": 0.6879025204137522,
    "ndcg_at_12": 0.8091917722412746,
    "ndcg_at_16": 0.8141777200911401,
    "ndcg_at_20": 0.8141786633666983,
    "roc_auc_upset": 0.7918552036199095
  },
  "test_metrics_model_c": {
    "ndcg": 0.3335103168238178,
    "spearman": 0.23737486095661847,
    "mrr_top2": 0.16666666666666666,
    "mrr_top4": 0.16666666666666666,
    "ndcg10": 0.3335103168238178,
    "ndcg_at_4": 0.001111095381373398,
    "ndcg_at_12": 0.33890852755612016,
    "ndcg_at_16": 0.3596651465096424,
    "ndcg_at_20": 0.37000114042130106,
    "roc_auc_upset": 0.7633928571428571
  },
  "test_metrics_by_conference": {
    "E": {
      "ndcg": 0.3851402749883562,
      "spearman": 0.2785714285714285
    },
    "W": {
      "ndcg": 0.9214710686101852,
      "spearman": 0.4964285714285714
    }
  },
  "notes": {
    "eos_rank_source": "eos_final_rank"
  }
}