{
  "test_metrics_ensemble": {
    "ndcg": 0.35478967441881165,
    "spearman": 0.3592880978865406,
    "mrr_top2": 1.0,
    "mrr_top4": 1.0,
    "ndcg10": 0.35478967441881165,
    "ndcg_at_4": 0.35315119534797357,
    "ndcg_at_12": 0.5359010480754651,
    "ndcg_at_16": 0.5785117443756498,
    "ndcg_at_20": 0.5791065323653445,
    "roc_auc_upset": 0.8348214285714285,
    "rank_mae_pred_vs_playoff_final_results": 7.800000190734863,
    "rank_rmse_pred_vs_playoff_final_results": 9.797959327697754,
    "rank_mae_eos_standings_vs_playoff_final_results": 3.7333333333333334,
    "rank_rmse_eos_standings_vs_playoff_final_results": 6.093712606722878,
    "playoff_metrics": {
      "spearman_pred_vs_playoff_final_results": 0.4442714126807564,
      "ndcg_at_4_final_four": 0.35315119534797357,
      "ndcg10_pred_vs_playoff_final_results": 0.3547952099152203,
      "brier_championship_odds": 0.03222232684493065,
      "rank_mae_pred_vs_playoff_final_results": 7.800000190734863,
      "rank_rmse_pred_vs_playoff_final_results": 9.797959327697754,
      "rank_mae_eos_standings_vs_playoff_final_results": 3.7333333333333334,
      "rank_rmse_eos_standings_vs_playoff_final_results": 6.093712606722878
    }
  },
  "test_metrics_model_a": {
    "ndcg": 0.35478967441881165,
    "spearman": 0.35350389321468295,
    "mrr_top2": 1.0,
    "mrr_top4": 1.0,
    "ndcg10": 0.35478967441881165,
    "ndcg_at_4": 0.35315119534797357,
    "ndcg_at_12": 0.5359010480754651,
    "ndcg_at_16": 0.5785117443756498,
    "ndcg_at_20": 0.5791065323653445,
    "roc_auc_upset": 0.8392857142857142
  },
  "test_metrics_model_b": {
    "ndcg": 0.470365696457903,
    "spearman": 0.42380422691879865,
    "mrr_top2": 0.5,
    "mrr_top4": 0.5,
    "ndcg10": 0.470365696457903,
    "ndcg_at_4": 0.4821042221741278,
    "ndcg_at_12": 0.4703280344584218,
    "ndcg_at_16": 0.5940168386141507,
    "ndcg_at_20": 0.5940188480205184,
    "roc_auc_upset": 0.8088888888888889
  },
  "test_metrics_model_c": {
    "ndcg": 0.33348743391404295,
    "spearman": 0.23692992213570632,
    "mrr_top2": 0.16666666666666666,
    "mrr_top4": 0.16666666666666666,
    "ndcg10": 0.33348743391404295,
    "ndcg_at_4": 0.001111095381373398,
    "ndcg_at_12": 0.3389077264996702,
    "ndcg_at_16": 0.3596643455146382,
    "ndcg_at_20": 0.371151145691622,
    "roc_auc_upset": 0.7633928571428571
  },
  "test_metrics_by_conference": {
    "E": {
      "ndcg": 0.3695840803368257,
      "spearman": 0.28928571428571426
    },
    "W": {
      "ndcg": 0.9138922338573048,
      "spearman": 0.47857142857142854
    }
  },
  "notes": {
    "eos_rank_source": "eos_final_rank"
  }
}