{
  "test_metrics_ensemble": {
    "ndcg": 0.4823439882968916,
    "spearman": 0.47141268075639603,
    "mrr_top2": 0.5,
    "mrr_top4": 0.5,
    "ndcg10": 0.4823439882968916,
    "ndcg_at_4": 0.4643519436832566,
    "ndcg_at_12": 0.5278599547590777,
    "ndcg_at_16": 0.5278416873389301,
    "ndcg_at_20": 0.5314090887931943,
    "roc_auc_upset": 0.8088888888888889,
    "rank_mae_pred_vs_playoff_final_results": 7.0,
    "rank_rmse_pred_vs_playoff_final_results": 8.89943790435791,
    "rank_mae_eos_standings_vs_playoff_final_results": 3.1333333333333333,
    "rank_rmse_eos_standings_vs_playoff_final_results": 4.449719092257398,
    "playoff_metrics": {
      "spearman_pred_vs_playoff_final_results": 0.46607341490545046,
      "ndcg_at_4_final_four": 0.46433662668392073,
      "ndcg10_pred_vs_playoff_final_results": 0.4823285105916285,
      "brier_championship_odds": 0.03222232684493065,
      "rank_mae_pred_vs_playoff_final_results": 7.0,
      "rank_rmse_pred_vs_playoff_final_results": 8.89943790435791,
      "rank_mae_eos_standings_vs_playoff_final_results": 3.1333333333333333,
      "rank_rmse_eos_standings_vs_playoff_final_results": 4.449719092257398
    }
  },
  "test_metrics_model_a": {
    "ndcg": 0.4823439882968916,
    "spearman": 0.4634037819799778,
    "mrr_top2": 0.5,
    "mrr_top4": 0.5,
    "ndcg10": 0.4823439882968916,
    "ndcg_at_4": 0.4643519436832566,
    "ndcg_at_12": 0.5278599547590777,
    "ndcg_at_16": 0.5278416873389301,
    "ndcg_at_20": 0.5313867429210174,
    "roc_auc_upset": 0.8133333333333334
  },
  "test_metrics_model_b": {
    "ndcg": 0.15751669298157148,
    "spearman": 0.6084538375973303,
    "mrr_top2": 0.16666666666666666,
    "mrr_top4": 0.16666666666666666,
    "ndcg10": 0.15751669298157148,
    "ndcg_at_4": 0.04166423104576856,
    "ndcg_at_12": 0.20136286123855457,
    "ndcg_at_16": 0.39224829979265147,
    "ndcg_at_20": 0.39233176716168056,
    "roc_auc_upset": 0.7453703703703703
  },
  "test_metrics_model_c": {
    "ndcg": 0.05139534647930671,
    "spearman": 0.2645161290322581,
    "mrr_top2": 0.058823529411764705,
    "mrr_top4": 0.2,
    "ndcg10": 0.05139534647930671,
    "ndcg_at_4": 0.0072603807417201014,
    "ndcg_at_12": 0.05704448895120833,
    "ndcg_at_16": 0.09676823561965986,
    "ndcg_at_20": 0.17697163960443327,
    "roc_auc_upset": 0.8348214285714286
  },
  "test_metrics_by_conference": {
    "E": {
      "ndcg": 0.2633676609839623,
      "spearman": 0.2571428571428571
    },
    "W": {
      "ndcg": 0.7371166454750354,
      "spearman": 0.6535714285714285
    }
  },
  "notes": {
    "eos_rank_source": "eos_final_rank"
  }
}