{
  "test_metrics_ensemble": {
    "ndcg": 0.5695452629711343,
    "spearman": 0.39621802002224693,
    "mrr_top2": 1.0,
    "mrr_top4": 1.0,
    "ndcg10": 0.5695452629711343,
    "ndcg_at_4": 0.35315119534797357,
    "ndcg_at_12": 0.6147008210882006,
    "ndcg_at_16": 0.615923599487429,
    "ndcg_at_20": 0.6165294330115906,
    "roc_auc_upset": 0.7546296296296297,
    "rank_mae_pred_vs_playoff_final_results": 7.5333333015441895,
    "rank_rmse_pred_vs_playoff_final_results": 9.511396408081055,
    "rank_mae_eos_standings_vs_playoff_final_results": 3.7333333333333334,
    "rank_rmse_eos_standings_vs_playoff_final_results": 6.093712606722878,
    "playoff_metrics": {
      "spearman_pred_vs_playoff_final_results": 0.4509454949944383,
      "ndcg_at_4_final_four": 0.35315119534797357,
      "ndcg10_pred_vs_playoff_final_results": 0.5695505122704211,
      "brier_championship_odds": 0.03222232684493065,
      "rank_mae_pred_vs_playoff_final_results": 7.5333333015441895,
      "rank_rmse_pred_vs_playoff_final_results": 9.511396408081055,
      "rank_mae_eos_standings_vs_playoff_final_results": 3.7333333333333334,
      "rank_rmse_eos_standings_vs_playoff_final_results": 6.093712606722878
    }
  },
  "test_metrics_model_a": {
    "ndcg": 0.5695452629711343,
    "spearman": 0.38242491657397104,
    "mrr_top2": 1.0,
    "mrr_top4": 1.0,
    "ndcg10": 0.5695452629711343,
    "ndcg_at_4": 0.35315119534797357,
    "ndcg_at_12": 0.6147008210882006,
    "ndcg_at_16": 0.615923599487429,
    "ndcg_at_20": 0.6165182613967697,
    "roc_auc_upset": 0.7685185185185185
  },
  "test_metrics_model_b": {
    "ndcg": 0.46420755511759154,
    "spearman": 0.41446051167964404,
    "mrr_top2": 0.5,
    "mrr_top4": 0.5,
    "ndcg10": 0.46420755511759154,
    "ndcg_at_4": 0.4437410146181249,
    "ndcg_at_12": 0.5546852275480965,
    "ndcg_at_16": 0.5953199186237034,
    "ndcg_at_20": 0.5953223143505878,
    "roc_auc_upset": 0.7866666666666666
  },
  "test_metrics_model_c": {
    "ndcg": 0.333487026575135,
    "spearman": 0.21735261401557288,
    "mrr_top2": 0.16666666666666666,
    "mrr_top4": 0.16666666666666666,
    "ndcg10": 0.333487026575135,
    "ndcg_at_4": 0.0011069724610271625,
    "ndcg_at_12": 0.33342221884066475,
    "ndcg_at_16": 0.35859183582960236,
    "ndcg_at_20": 0.3700684187652646,
    "roc_auc_upset": 0.7767857142857143
  },
  "test_metrics_by_conference": {
    "E": {
      "ndcg": 0.40499547722204216,
      "spearman": 0.23928571428571427
    },
    "W": {
      "ndcg": 0.9184636190680323,
      "spearman": 0.47142857142857136
    }
  },
  "notes": {
    "eos_rank_source": "eos_final_rank"
  }
}