{
  "notes": {
    "eval_on": "test",
    "eos_rank_source": "eos_final_rank",
    "upset_definition": "sleeper = EOS_global_rank > predicted_strength",
    "mrr_top2": "1/rank of first team in top 2 (champion+runner-up) in predicted order.",
    "mrr_top4": "1/rank of first team in top 4 (conference finals) in predicted order.",
    "per_conference_relevance": "Within E/W: actual rank derived from EOS_global_rank (1=best in conf); NDCG/Spearman use this relevance.",
    "playoff_metrics": "Spearman (pred global vs playoff_final_results), NDCG@4 (final four), Brier (champion vs odds). rank_mae/rank_rmse: pred vs playoff_final_results; eos_standings vs playoff_final_results (baseline)."
  },
  "split_info": {
    "train_frac": 0.75,
    "n_train_dates": 141,
    "n_test_dates": 36,
    "split_mode": "seasons"
  },
  "test_metrics_ensemble": {
    "ndcg": 0.4823439882968916,
    "spearman": 0.47141268075639603,
    "mrr_top2": 0.5,
    "mrr_top4": 0.5,
    "ndcg10": 0.4823439882968916,
    "ndcg_at_4": 0.4643519436832566,
    "ndcg_at_12": 0.5278599547590777,
    "ndcg_at_16": 0.5278416873389301,
    "ndcg_at_20": 0.5314090887931943,
    "roc_auc_upset": 0.8088888888888889,
    "rank_mae_pred_vs_playoff_final_results": 7.0,
    "rank_rmse_pred_vs_playoff_final_results": 8.89943790435791,
    "rank_mae_eos_standings_vs_playoff_final_results": 3.1333333333333333,
    "rank_rmse_eos_standings_vs_playoff_final_results": 4.449719092257398,
    "playoff_metrics": {
      "spearman_pred_vs_playoff_final_results": 0.46607341490545046,
      "ndcg_at_4_final_four": 0.46433662668392073,
      "ndcg10_pred_vs_playoff_final_results": 0.4823285105916285,
      "brier_championship_odds": 0.03222232684493065,
      "rank_mae_pred_vs_playoff_final_results": 7.0,
      "rank_rmse_pred_vs_playoff_final_results": 8.89943790435791,
      "rank_mae_eos_standings_vs_playoff_final_results": 3.1333333333333333,
      "rank_rmse_eos_standings_vs_playoff_final_results": 4.449719092257398
    }
  },
  "test_metrics_model_a": {
    "ndcg": 0.4823439882968916,
    "spearman": 0.4634037819799778,
    "mrr_top2": 0.5,
    "mrr_top4": 0.5,
    "ndcg10": 0.4823439882968916,
    "ndcg_at_4": 0.4643519436832566,
    "ndcg_at_12": 0.5278599547590777,
    "ndcg_at_16": 0.5278416873389301,
    "ndcg_at_20": 0.5313867429210174,
    "roc_auc_upset": 0.8133333333333334
  },
  "test_metrics_model_b": {
    "ndcg": 0.15751669298157148,
    "spearman": 0.6084538375973303,
    "mrr_top2": 0.16666666666666666,
    "mrr_top4": 0.16666666666666666,
    "ndcg10": 0.15751669298157148,
    "ndcg_at_4": 0.04166423104576856,
    "ndcg_at_12": 0.20136286123855457,
    "ndcg_at_16": 0.39224829979265147,
    "ndcg_at_20": 0.39233176716168056,
    "roc_auc_upset": 0.7453703703703703
  },
  "test_metrics_model_c": {
    "ndcg": 0.05139534647930671,
    "spearman": 0.2645161290322581,
    "mrr_top2": 0.058823529411764705,
    "mrr_top4": 0.2,
    "ndcg10": 0.05139534647930671,
    "ndcg_at_4": 0.0072603807417201014,
    "ndcg_at_12": 0.05704448895120833,
    "ndcg_at_16": 0.09676823561965986,
    "ndcg_at_20": 0.17697163960443327,
    "roc_auc_upset": 0.8348214285714286
  },
  "test_metrics_by_conference": {
    "E": {
      "ndcg": 0.2633676609839623,
      "spearman": 0.2571428571428571
    },
    "W": {
      "ndcg": 0.7371166454750354,
      "spearman": 0.6535714285714285
    }
  },
  "by_season": {
    "2023-24": {
      "test_metrics_ensemble": {
        "ndcg": 0.5695452629711343,
        "spearman": 0.39621802002224693,
        "mrr_top2": 1.0,
        "mrr_top4": 1.0,
        "ndcg10": 0.5695452629711343,
        "ndcg_at_4": 0.35315119534797357,
        "ndcg_at_12": 0.6147008210882006,
        "ndcg_at_16": 0.615923599487429,
        "ndcg_at_20": 0.6165294330115906,
        "roc_auc_upset": 0.7546296296296297,
        "rank_mae_pred_vs_playoff_final_results": 7.5333333015441895,
        "rank_rmse_pred_vs_playoff_final_results": 9.511396408081055,
        "rank_mae_eos_standings_vs_playoff_final_results": 3.7333333333333334,
        "rank_rmse_eos_standings_vs_playoff_final_results": 6.093712606722878,
        "playoff_metrics": {
          "spearman_pred_vs_playoff_final_results": 0.4509454949944383,
          "ndcg_at_4_final_four": 0.35315119534797357,
          "ndcg10_pred_vs_playoff_final_results": 0.5695505122704211,
          "brier_championship_odds": 0.03222232684493065,
          "rank_mae_pred_vs_playoff_final_results": 7.5333333015441895,
          "rank_rmse_pred_vs_playoff_final_results": 9.511396408081055,
          "rank_mae_eos_standings_vs_playoff_final_results": 3.7333333333333334,
          "rank_rmse_eos_standings_vs_playoff_final_results": 6.093712606722878
        }
      },
      "test_metrics_model_a": {
        "ndcg": 0.5695452629711343,
        "spearman": 0.38242491657397104,
        "mrr_top2": 1.0,
        "mrr_top4": 1.0,
        "ndcg10": 0.5695452629711343,
        "ndcg_at_4": 0.35315119534797357,
        "ndcg_at_12": 0.6147008210882006,
        "ndcg_at_16": 0.615923599487429,
        "ndcg_at_20": 0.6165182613967697,
        "roc_auc_upset": 0.7685185185185185
      },
      "test_metrics_model_b": {
        "ndcg": 0.46420755511759154,
        "spearman": 0.41446051167964404,
        "mrr_top2": 0.5,
        "mrr_top4": 0.5,
        "ndcg10": 0.46420755511759154,
        "ndcg_at_4": 0.4437410146181249,
        "ndcg_at_12": 0.5546852275480965,
        "ndcg_at_16": 0.5953199186237034,
        "ndcg_at_20": 0.5953223143505878,
        "roc_auc_upset": 0.7866666666666666
      },
      "test_metrics_model_c": {
        "ndcg": 0.333487026575135,
        "spearman": 0.21735261401557288,
        "mrr_top2": 0.16666666666666666,
        "mrr_top4": 0.16666666666666666,
        "ndcg10": 0.333487026575135,
        "ndcg_at_4": 0.0011069724610271625,
        "ndcg_at_12": 0.33342221884066475,
        "ndcg_at_16": 0.35859183582960236,
        "ndcg_at_20": 0.3700684187652646,
        "roc_auc_upset": 0.7767857142857143
      },
      "test_metrics_by_conference": {
        "E": {
          "ndcg": 0.40499547722204216,
          "spearman": 0.23928571428571427
        },
        "W": {
          "ndcg": 0.9184636190680323,
          "spearman": 0.47142857142857136
        }
      },
      "notes": {
        "eos_rank_source": "eos_final_rank"
      }
    },
    "2024-25": {
      "test_metrics_ensemble": {
        "ndcg": 0.4823439882968916,
        "spearman": 0.47141268075639603,
        "mrr_top2": 0.5,
        "mrr_top4": 0.5,
        "ndcg10": 0.4823439882968916,
        "ndcg_at_4": 0.4643519436832566,
        "ndcg_at_12": 0.5278599547590777,
        "ndcg_at_16": 0.5278416873389301,
        "ndcg_at_20": 0.5314090887931943,
        "roc_auc_upset": 0.8088888888888889,
        "rank_mae_pred_vs_playoff_final_results": 7.0,
        "rank_rmse_pred_vs_playoff_final_results": 8.89943790435791,
        "rank_mae_eos_standings_vs_playoff_final_results": 3.1333333333333333,
        "rank_rmse_eos_standings_vs_playoff_final_results": 4.449719092257398,
        "playoff_metrics": {
          "spearman_pred_vs_playoff_final_results": 0.46607341490545046,
          "ndcg_at_4_final_four": 0.46433662668392073,
          "ndcg10_pred_vs_playoff_final_results": 0.4823285105916285,
          "brier_championship_odds": 0.03222232684493065,
          "rank_mae_pred_vs_playoff_final_results": 7.0,
          "rank_rmse_pred_vs_playoff_final_results": 8.89943790435791,
          "rank_mae_eos_standings_vs_playoff_final_results": 3.1333333333333333,
          "rank_rmse_eos_standings_vs_playoff_final_results": 4.449719092257398
        }
      },
      "test_metrics_model_a": {
        "ndcg": 0.4823439882968916,
        "spearman": 0.4634037819799778,
        "mrr_top2": 0.5,
        "mrr_top4": 0.5,
        "ndcg10": 0.4823439882968916,
        "ndcg_at_4": 0.4643519436832566,
        "ndcg_at_12": 0.5278599547590777,
        "ndcg_at_16": 0.5278416873389301,