{
  "notes": {
    "eval_on": "test",
    "eos_rank_source": "eos_final_rank",
    "upset_definition": "sleeper = EOS_global_rank > predicted_strength",
    "mrr_top2": "1/rank of first team in top 2 (champion+runner-up) in predicted order.",
    "mrr_top4": "1/rank of first team in top 4 (conference finals) in predicted order.",
    "per_conference_relevance": "Within E/W: actual rank derived from EOS_global_rank (1=best in conf); NDCG/Spearman use this relevance.",
    "playoff_metrics": "Spearman (pred global vs playoff_final_results), NDCG@4 (final four), Brier (champion vs odds). rank_mae/rank_rmse: pred vs playoff_final_results; eos_standings vs playoff_final_results (baseline)."
  },
  "split_info": {
    "train_frac": 0.75,
    "n_train_dates": 141,
    "n_test_dates": 36,
    "split_mode": "seasons"
  },
  "test_metrics_ensemble": {
    "ndcg": 0.48311314278447476,
    "spearman": 0.4638487208008899,
    "mrr_top2": 0.5,
    "mrr_top4": 0.5,
    "ndcg10": 0.48311314278447476,
    "ndcg_at_4": 0.46414085016152934,
    "ndcg_at_12": 0.5268730963209723,
    "ndcg_at_16": 0.5268539352896338,
    "ndcg_at_20": 0.5304800906246401,
    "roc_auc_upset": 0.7692307692307693,
    "rank_mae_pred_vs_playoff_final_results": 7.066666603088379,
    "rank_rmse_pred_vs_playoff_final_results": 8.962886810302734,
    "rank_mae_eos_standings_vs_playoff_final_results": 3.1333333333333333,
    "rank_rmse_eos_standings_vs_playoff_final_results": 4.449719092257398,
    "playoff_metrics": {
      "spearman_pred_vs_playoff_final_results": 0.4593993325917686,
      "ndcg_at_4_final_four": 0.4641255331621935,
      "ndcg10_pred_vs_playoff_final_results": 0.4830982515243056,
      "brier_championship_odds": 0.03222232684493065,
      "rank_mae_pred_vs_playoff_final_results": 7.066666603088379,
      "rank_rmse_pred_vs_playoff_final_results": 8.962886810302734,
      "rank_mae_eos_standings_vs_playoff_final_results": 3.1333333333333333,
      "rank_rmse_eos_standings_vs_playoff_final_results": 4.449719092257398
    }
  },
  "test_metrics_model_a": {
    "ndcg": 0.48311314278447476,
    "spearman": 0.4638487208008899,
    "mrr_top2": 0.5,
    "mrr_top4": 0.5,
    "ndcg10": 0.48311314278447476,
    "ndcg_at_4": 0.46414085016152934,
    "ndcg_at_12": 0.5268730963209723,
    "ndcg_at_16": 0.5268539352896338,
    "ndcg_at_20": 0.5304800906246401,
    "roc_auc_upset": 0.7692307692307693
  },
  "test_metrics_model_b": {
    "ndcg": 0.180991771705201,
    "spearman": 0.585761957730812,
    "mrr_top2": 0.16666666666666666,
    "mrr_top4": 0.16666666666666666,
    "ndcg10": 0.180991771705201,
    "ndcg_at_4": 0.04174492448450587,
    "ndcg_at_12": 0.18098777957404513,
    "ndcg_at_16": 0.2226311131485446,
    "ndcg_at_20": 0.3705110153559581,
    "roc_auc_upset": 0.7644444444444445
  },
  "test_metrics_model_c": {
    "ndcg": 0.05784506519871672,
    "spearman": 0.3228031145717464,
    "mrr_top2": 0.06666666666666667,
    "mrr_top4": 0.2,
    "ndcg10": 0.05784506519871672,
    "ndcg_at_4": 0.00711064040423231,
    "ndcg_at_12": 0.05783006459806845,
    "ndcg_at_16": 0.178746258737695,
    "ndcg_at_20": 0.18110337484256867,
    "roc_auc_upset": 0.8125
  },
  "test_metrics_by_conference": {
    "E": {
      "ndcg": 0.24471916429790896,
      "spearman": 0.25
    },
    "W": {
      "ndcg": 0.7510775020335729,
      "spearman": 0.6892857142857142
    }
  },
  "by_season": {
    "2023-24": {
      "test_metrics_ensemble": {
        "ndcg": 0.547375402405321,
        "spearman": 0.36729699666295884,
        "mrr_top2": 1.0,
        "mrr_top4": 1.0,
        "ndcg10": 0.547375402405321,
        "ndcg_at_4": 0.33513898093933947,
        "ndcg_at_12": 0.5925334039509385,
        "ndcg_at_16": 0.5924944510668984,
        "ndcg_at_20": 0.5930695809939196,
        "roc_auc_upset": 0.7022222222222222,
        "rank_mae_pred_vs_playoff_final_results": 7.666666507720947,
        "rank_rmse_pred_vs_playoff_final_results": 9.736529350280762,
        "rank_mae_eos_standings_vs_playoff_final_results": 3.7333333333333334,
        "rank_rmse_eos_standings_vs_playoff_final_results": 6.093712606722878,
        "playoff_metrics": {
          "spearman_pred_vs_playoff_final_results": 0.42869855394883205,
          "ndcg_at_4_final_four": 0.33513815635527017,
          "ndcg10_pred_vs_playoff_final_results": 0.5473803330061208,
          "brier_championship_odds": 0.03222232684493065,
          "rank_mae_pred_vs_playoff_final_results": 7.666666507720947,
          "rank_rmse_pred_vs_playoff_final_results": 9.736529350280762,
          "rank_mae_eos_standings_vs_playoff_final_results": 3.7333333333333334,
          "rank_rmse_eos_standings_vs_playoff_final_results": 6.093712606722878
        }
      },
      "test_metrics_model_a": {
        "ndcg": 0.547375402405321,
        "spearman": 0.36729699666295884,
        "mrr_top2": 1.0,
        "mrr_top4": 1.0,
        "ndcg10": 0.547375402405321,
        "ndcg_at_4": 0.33513898093933947,
        "ndcg_at_12": 0.5925334039509385,
        "ndcg_at_16": 0.5924944510668984,
        "ndcg_at_20": 0.5930695809939196,
        "roc_auc_upset": 0.7022222222222222
      },
      "test_metrics_model_b": {
        "ndcg": 0.5832265486359259,
        "spearman": 0.3997775305895439,
        "mrr_top2": 0.5,
        "mrr_top4": 0.5,
        "ndcg10": 0.5832265486359259,
        "ndcg_at_4": 0.47920472626830496,
        "ndcg_at_12": 0.5830742124650532,
        "ndcg_at_16": 0.5831304986604455,
        "ndcg_at_20": 0.6213595472250454,
        "roc_auc_upset": 0.7824074074074074
      },
      "test_metrics_model_c": {
        "ndcg": 0.3335103168238178,
        "spearman": 0.24582869855394882,
        "mrr_top2": 0.16666666666666666,
        "mrr_top4": 0.16666666666666666,
        "ndcg10": 0.3335103168238178,
        "ndcg_at_4": 0.001111095381373398,
        "ndcg_at_12": 0.33342342712902806,
        "ndcg_at_16": 0.359511130120896,
        "ndcg_at_20": 0.36984719361683405,
        "roc_auc_upset": 0.7777777777777778
      },
      "test_metrics_by_conference": {
        "E": {
          "ndcg": 0.3864552008125132,
          "spearman": 0.25
        },
        "W": {
          "ndcg": 0.9193500683938988,
          "spearman": 0.457142857142857
        }
      },
      "notes": {
        "eos_rank_source": "eos_final_rank"
      }
    },
    "2024-25": {
      "test_metrics_ensemble": {
        "ndcg": 0.48311314278447476,
        "spearman": 0.4638487208008899,
        "mrr_top2": 0.5,
        "mrr_top4": 0.5,
        "ndcg10": 0.48311314278447476,
        "ndcg_at_4": 0.46414085016152934,
        "ndcg_at_12": 0.5268730963209723,
        "ndcg_at_16": 0.5268539352896338,
        "ndcg_at_20": 0.5304800906246401,
        "roc_auc_upset": 0.7692307692307693,
        "rank_mae_pred_vs_playoff_final_results": 7.066666603088379,
        "rank_rmse_pred_vs_playoff_final_results": 8.962886810302734,
        "rank_mae_eos_standings_vs_playoff_final_results": 3.1333333333333333,
        "rank_rmse_eos_standings_vs_playoff_final_results": 4.449719092257398,
        "playoff_metrics": {
          "spearman_pred_vs_playoff_final_results": 0.4593993325917686,
          "ndcg_at_4_final_four": 0.4641255331621935,
          "ndcg10_pred_vs_playoff_final_results": 0.4830982515243056,
          "brier_championship_odds": 0.03222232684493065,
          "rank_mae_pred_vs_playoff_final_results": 7.066666603088379,
          "rank_rmse_pred_vs_playoff_final_results": 8.962886810302734,
          "rank_mae_eos_standings_vs_playoff_final_results": 3.1333333333333333,
          "rank_rmse_eos_standings_vs_playoff_final_results": 4.449719092257398
        }
      },
      "test_metrics_model_a": {
        "ndcg": 0.48311314278447476,
        "spearman": 0.4638487208008899,
        "mrr_top2": 0.5,
        "mrr_top4": 0.5,
        "ndcg10": 0.48311314278447476,
        "ndcg_at_4": 0.46414085016152934,
        "ndcg_at_12": 0.5268730963209723,
        "ndcg_at_16": 0.5268539352896338,