{
  "test_metrics_ensemble": {
    "ndcg": 0.5952335749745967,
    "spearman": 0.3548387096774193,
    "mrr_top2": 1.0,
    "mrr_top4": 1.0,
    "ndcg10": 0.5952335749745967,
    "ndcg_at_4": 0.35315119534797357,
    "ndcg_at_12": 0.5951268216047952,
    "ndcg_at_16": 0.5963814254944665,
    "ndcg_at_20": 0.5969761176163345,
    "roc_auc_upset": 0.7239819004524888,
    "rank_mae_pred_vs_playoff_final_results": 7.733333110809326,
    "rank_rmse_pred_vs_playoff_final_results": 9.831920623779297,
    "rank_mae_eos_standings_vs_playoff_final_results": 3.7333333333333334,
    "rank_rmse_eos_standings_vs_playoff_final_results": 6.093712606722878,
    "playoff_metrics": {
      "spearman_pred_vs_playoff_final_results": 0.4318131256952169,
      "ndcg_at_4_final_four": 0.35315119534797357,
      "ndcg10_pred_vs_playoff_final_results": 0.5952399182595738,
      "brier_championship_odds": 0.03222232684493065,
      "rank_mae_pred_vs_playoff_final_results": 7.733333110809326,
      "rank_rmse_pred_vs_playoff_final_results": 9.831920623779297,
      "rank_mae_eos_standings_vs_playoff_final_results": 3.7333333333333334,
      "rank_rmse_eos_standings_vs_playoff_final_results": 6.093712606722878
    }
  },
  "test_metrics_model_a": {
    "ndcg": 0.5952335749745967,
    "spearman": 0.3548387096774193,
    "mrr_top2": 1.0,
    "mrr_top4": 1.0,
    "ndcg10": 0.5952335749745967,
    "ndcg_at_4": 0.35315119534797357,
    "ndcg_at_12": 0.5951268216047952,
    "ndcg_at_16": 0.5963814254944665,
    "ndcg_at_20": 0.5969761176163345,
    "roc_auc_upset": 0.7239819004524888
  },
  "test_metrics_model_b": {
    "ndcg": 0.5753501288254056,
    "spearman": 0.43804226918798667,
    "mrr_top2": 0.5,
    "mrr_top4": 0.5,
    "ndcg10": 0.5753501288254056,
    "ndcg_at_4": 0.4646538243780074,
    "ndcg_at_12": 0.5766147891269424,
    "ndcg_at_16": 0.6193220727893479,
    "ndcg_at_20": 0.6193242762499322,
    "roc_auc_upset": 0.7232142857142857
  },
  "test_metrics_model_c": {
    "ndcg": 0.33348743391404295,
    "spearman": 0.22447163515016688,
    "mrr_top2": 0.16666666666666666,
    "mrr_top4": 0.16666666666666666,
    "ndcg10": 0.33348743391404295,
    "ndcg_at_4": 0.001111095381373398,
    "ndcg_at_12": 0.3389077264996702,
    "ndcg_at_16": 0.3587462594013541,
    "ndcg_at_20": 0.37023224974400315,
    "roc_auc_upset": 0.7723214285714285
  },
  "test_metrics_by_conference": {
    "E": {
      "ndcg": 0.3851402749883562,
      "spearman": 0.2642857142857143
    },
    "W": {
      "ndcg": 0.9221774890006833,
      "spearman": 0.4392857142857142
    }
  },
  "notes": {
    "eos_rank_source": "eos_final_rank"
  }
}