{
  "test_metrics_ensemble": {
    "ndcg": 0.4857346049621783,
    "spearman": 0.4981090100111235,
    "mrr_top2": 0.5,
    "mrr_top4": 0.5,
    "ndcg10": 0.4857346049621783,
    "ndcg_at_4": 0.46444719014824637,
    "ndcg_at_12": 0.5294938699266056,
    "ndcg_at_16": 0.5294755030103963,
    "ndcg_at_20": 0.5330428972787776,
    "roc_auc_upset": 0.75,
    "rank_mae_pred_vs_playoff_final_results": 6.733333110809326,
    "rank_rmse_pred_vs_playoff_final_results": 8.671792984008789,
    "rank_mae_eos_standings_vs_playoff_final_results": 3.1333333333333333,
    "rank_rmse_eos_standings_vs_playoff_final_results": 4.449719092257398,
    "playoff_metrics": {
      "spearman_pred_vs_playoff_final_results": 0.4981090100111235,
      "ndcg_at_4_final_four": 0.46444719014824637,
      "ndcg10_pred_vs_playoff_final_results": 0.48572308016655147,
      "brier_championship_odds": 0.03222232684493065,
      "rank_mae_pred_vs_playoff_final_results": 6.733333110809326,
      "rank_rmse_pred_vs_playoff_final_results": 8.671792984008789,
      "rank_mae_eos_standings_vs_playoff_final_results": 3.1333333333333333,
      "rank_rmse_eos_standings_vs_playoff_final_results": 4.449719092257398
    }
  },
  "test_metrics_model_a": {
    "ndcg": 0.4857346049621783,
    "spearman": 0.4981090100111235,
    "mrr_top2": 0.5,
    "mrr_top4": 0.5,
    "ndcg10": 0.4857346049621783,
    "ndcg_at_4": 0.46444719014824637,
    "ndcg_at_12": 0.5294938699266056,
    "ndcg_at_16": 0.5294755030103963,
    "ndcg_at_20": 0.5330428972787776,
    "roc_auc_upset": 0.75
  },
  "test_metrics_model_b": {
    "ndcg": 0.1919626623830028,
    "spearman": 0.521245828698554,
    "mrr_top2": 0.2,
    "mrr_top4": 0.2,
    "ndcg10": 0.1919626623830028,
    "ndcg_at_4": 0.04174492448450587,
    "ndcg_at_12": 0.1919233202086611,
    "ndcg_at_16": 0.19202846274324073,
    "ndcg_at_20": 0.37885040961042055,
    "roc_auc_upset": 0.8035714285714286
  },
  "test_metrics_model_c": {
    "ndcg": 0.05124995751403931,
    "spearman": 0.30055617352614017,
    "mrr_top2": 0.0625,
    "mrr_top4": 0.2,
    "ndcg10": 0.05124995751403931,
    "ndcg_at_4": 0.00711064040423231,
    "ndcg_at_12": 0.056899138174850025,
    "ndcg_at_16": 0.1769467286075223,
    "ndcg_at_20": 0.17934445367388585,
    "roc_auc_upset": 0.8258928571428571
  },
  "test_metrics_by_conference": {
    "E": {
      "ndcg": 0.2686232179809201,
      "spearman": 0.2714285714285714
    },
    "W": {
      "ndcg": 0.7743588954336382,
      "spearman": 0.7357142857142855
    }
  },
  "notes": {
    "eos_rank_source": "eos_final_rank"
  }
}