{
  "notes": {
    "eval_on": "test",
    "eos_rank_source": "eos_final_rank",
    "upset_definition": "sleeper = EOS_global_rank > predicted_strength",
    "mrr_top2": "1/rank of first team in top 2 (champion+runner-up) in predicted order.",
    "mrr_top4": "1/rank of first team in top 4 (conference finals) in predicted order.",
    "per_conference_relevance": "Within E/W: actual rank derived from EOS_global_rank (1=best in conf); NDCG/Spearman use this relevance.",
    "playoff_metrics": "Spearman (pred global vs playoff_final_results), NDCG@4 (final four), Brier (champion vs odds). rank_mae/rank_rmse: pred vs playoff_final_results; eos_standings vs playoff_final_results (baseline)."
  },
  "split_info": {
    "train_frac": 0.75,
    "n_train_dates": 141,
    "n_test_dates": 36,
    "split_mode": "seasons"
  },
  "test_metrics_ensemble": {
    "ndcg": 0.4857346049621783,
    "spearman": 0.4981090100111235,
    "mrr_top2": 0.5,
    "mrr_top4": 0.5,
    "ndcg10": 0.4857346049621783,
    "ndcg_at_4": 0.46444719014824637,
    "ndcg_at_12": 0.5294938699266056,
    "ndcg_at_16": 0.5294755030103963,
    "ndcg_at_20": 0.5330428972787776,
    "roc_auc_upset": 0.75,
    "rank_mae_pred_vs_playoff_final_results": 6.733333110809326,
    "rank_rmse_pred_vs_playoff_final_results": 8.671792984008789,
    "rank_mae_eos_standings_vs_playoff_final_results": 3.1333333333333333,
    "rank_rmse_eos_standings_vs_playoff_final_results": 4.449719092257398,
    "playoff_metrics": {
      "spearman_pred_vs_playoff_final_results": 0.4981090100111235,
      "ndcg_at_4_final_four": 0.46444719014824637,
      "ndcg10_pred_vs_playoff_final_results": 0.48572308016655147,
      "brier_championship_odds": 0.03222232684493065,
      "rank_mae_pred_vs_playoff_final_results": 6.733333110809326,
      "rank_rmse_pred_vs_playoff_final_results": 8.671792984008789,
      "rank_mae_eos_standings_vs_playoff_final_results": 3.1333333333333333,
      "rank_rmse_eos_standings_vs_playoff_final_results": 4.449719092257398
    }
  },
  "test_metrics_model_a": {
    "ndcg": 0.4857346049621783,
    "spearman": 0.4981090100111235,
    "mrr_top2": 0.5,
    "mrr_top4": 0.5,
    "ndcg10": 0.4857346049621783,
    "ndcg_at_4": 0.46444719014824637,
    "ndcg_at_12": 0.5294938699266056,
    "ndcg_at_16": 0.5294755030103963,
    "ndcg_at_20": 0.5330428972787776,
    "roc_auc_upset": 0.75
  },
  "test_metrics_model_b": {
    "ndcg": 0.1919626623830028,
    "spearman": 0.521245828698554,
    "mrr_top2": 0.2,
    "mrr_top4": 0.2,
    "ndcg10": 0.1919626623830028,
    "ndcg_at_4": 0.04174492448450587,
    "ndcg_at_12": 0.1919233202086611,
    "ndcg_at_16": 0.19202846274324073,
    "ndcg_at_20": 0.37885040961042055,
    "roc_auc_upset": 0.8035714285714286
  },
  "test_metrics_model_c": {
    "ndcg": 0.05124995751403931,
    "spearman": 0.30055617352614017,
    "mrr_top2": 0.0625,
    "mrr_top4": 0.2,
    "ndcg10": 0.05124995751403931,
    "ndcg_at_4": 0.00711064040423231,
    "ndcg_at_12": 0.056899138174850025,
    "ndcg_at_16": 0.1769467286075223,
    "ndcg_at_20": 0.17934445367388585,
    "roc_auc_upset": 0.8258928571428571
  },
  "test_metrics_by_conference": {
    "E": {
      "ndcg": 0.2686232179809201,
      "spearman": 0.2714285714285714
    },
    "W": {
      "ndcg": 0.7743588954336382,
      "spearman": 0.7357142857142855
    }
  },
  "by_season": {
    "2023-24": {
      "test_metrics_ensemble": {
        "ndcg": 0.5952335749745967,
        "spearman": 0.3548387096774193,
        "mrr_top2": 1.0,
        "mrr_top4": 1.0,
        "ndcg10": 0.5952335749745967,
        "ndcg_at_4": 0.35315119534797357,
        "ndcg_at_12": 0.5951268216047952,
        "ndcg_at_16": 0.5963814254944665,
        "ndcg_at_20": 0.5969761176163345,
        "roc_auc_upset": 0.7239819004524888,
        "rank_mae_pred_vs_playoff_final_results": 7.733333110809326,
        "rank_rmse_pred_vs_playoff_final_results": 9.831920623779297,
        "rank_mae_eos_standings_vs_playoff_final_results": 3.7333333333333334,
        "rank_rmse_eos_standings_vs_playoff_final_results": 6.093712606722878,
        "playoff_metrics": {
          "spearman_pred_vs_playoff_final_results": 0.4318131256952169,
          "ndcg_at_4_final_four": 0.35315119534797357,
          "ndcg10_pred_vs_playoff_final_results": 0.5952399182595738,
          "brier_championship_odds": 0.03222232684493065,
          "rank_mae_pred_vs_playoff_final_results": 7.733333110809326,
          "rank_rmse_pred_vs_playoff_final_results": 9.831920623779297,
          "rank_mae_eos_standings_vs_playoff_final_results": 3.7333333333333334,
          "rank_rmse_eos_standings_vs_playoff_final_results": 6.093712606722878
        }
      },
      "test_metrics_model_a": {
        "ndcg": 0.5952335749745967,
        "spearman": 0.3548387096774193,
        "mrr_top2": 1.0,
        "mrr_top4": 1.0,
        "ndcg10": 0.5952335749745967,
        "ndcg_at_4": 0.35315119534797357,
        "ndcg_at_12": 0.5951268216047952,
        "ndcg_at_16": 0.5963814254944665,
        "ndcg_at_20": 0.5969761176163345,
        "roc_auc_upset": 0.7239819004524888
      },
      "test_metrics_model_b": {
        "ndcg": 0.5753501288254056,
        "spearman": 0.43804226918798667,
        "mrr_top2": 0.5,
        "mrr_top4": 0.5,
        "ndcg10": 0.5753501288254056,
        "ndcg_at_4": 0.4646538243780074,
        "ndcg_at_12": 0.5766147891269424,
        "ndcg_at_16": 0.6193220727893479,
        "ndcg_at_20": 0.6193242762499322,
        "roc_auc_upset": 0.7232142857142857
      },
      "test_metrics_model_c": {
        "ndcg": 0.33348743391404295,
        "spearman": 0.22447163515016688,
        "mrr_top2": 0.16666666666666666,
        "mrr_top4": 0.16666666666666666,
        "ndcg10": 0.33348743391404295,
        "ndcg_at_4": 0.001111095381373398,
        "ndcg_at_12": 0.3389077264996702,
        "ndcg_at_16": 0.3587462594013541,
        "ndcg_at_20": 0.37023224974400315,
        "roc_auc_upset": 0.7723214285714285
      },
      "test_metrics_by_conference": {
        "E": {
          "ndcg": 0.3851402749883562,
          "spearman": 0.2642857142857143
        },
        "W": {
          "ndcg": 0.9221774890006833,
          "spearman": 0.4392857142857142
        }
      },
      "notes": {
        "eos_rank_source": "eos_final_rank"
      }
    },
    "2024-25": {
      "test_metrics_ensemble": {
        "ndcg": 0.4857346049621783,
        "spearman": 0.4981090100111235,
        "mrr_top2": 0.5,
        "mrr_top4": 0.5,
        "ndcg10": 0.4857346049621783,
        "ndcg_at_4": 0.46444719014824637,
        "ndcg_at_12": 0.5294938699266056,
        "ndcg_at_16": 0.5294755030103963,
        "ndcg_at_20": 0.5330428972787776,
        "roc_auc_upset": 0.75,
        "rank_mae_pred_vs_playoff_final_results": 6.733333110809326,
        "rank_rmse_pred_vs_playoff_final_results": 8.671792984008789,
        "rank_mae_eos_standings_vs_playoff_final_results": 3.1333333333333333,
        "rank_rmse_eos_standings_vs_playoff_final_results": 4.449719092257398,
        "playoff_metrics": {
          "spearman_pred_vs_playoff_final_results": 0.4981090100111235,
          "ndcg_at_4_final_four": 0.46444719014824637,
          "ndcg10_pred_vs_playoff_final_results": 0.48572308016655147,
          "brier_championship_odds": 0.03222232684493065,
          "rank_mae_pred_vs_playoff_final_results": 6.733333110809326,
          "rank_rmse_pred_vs_playoff_final_results": 8.671792984008789,
          "rank_mae_eos_standings_vs_playoff_final_results": 3.1333333333333333,
          "rank_rmse_eos_standings_vs_playoff_final_results": 4.449719092257398
        }
      },
      "test_metrics_model_a": {
        "ndcg": 0.4857346049621783,
        "spearman": 0.4981090100111235,
        "mrr_top2": 0.5,
        "mrr_top4": 0.5,
        "ndcg10": 0.4857346049621783,
        "ndcg_at_4": 0.46444719014824637,
        "ndcg_at_12": 0.5294938699266056,
        "ndcg_at_16": 0.5294755030103963,
        "ndcg_at_20": 0.5330428972787776,