{
  "test_metrics_ensemble": {
    "ndcg": 0.5288437605747757,
    "spearman": 0.4589543937708565,
    "mrr_top2": 0.5,
    "mrr_top4": 0.5,
    "ndcg10": 0.5288437605747757,
    "ndcg_at_4": 0.4643519436832566,
    "ndcg_at_12": 0.5287269703542741,
    "ndcg_at_16": 0.5290210181049307,
    "ndcg_at_20": 0.5325839102208909,
    "roc_auc_upset": 0.78125,
    "rank_mae_pred_vs_playoff_final_results": 7.199999809265137,
    "rank_rmse_pred_vs_playoff_final_results": 9.003703117370605,
    "rank_mae_eos_standings_vs_playoff_final_results": 3.1333333333333333,
    "rank_rmse_eos_standings_vs_playoff_final_results": 4.449719092257398,
    "playoff_metrics": {
      "spearman_pred_vs_playoff_final_results": 0.4616240266963292,
      "ndcg_at_4_final_four": 0.46433662668392073,
      "ndcg10_pred_vs_playoff_final_results": 0.5288288693146065,
      "brier_championship_odds": 0.03222232684493065,
      "rank_mae_pred_vs_playoff_final_results": 7.199999809265137,
      "rank_rmse_pred_vs_playoff_final_results": 9.003703117370605,
      "rank_mae_eos_standings_vs_playoff_final_results": 3.1333333333333333,
      "rank_rmse_eos_standings_vs_playoff_final_results": 4.449719092257398
    }
  },
  "test_metrics_model_a": {
    "ndcg": 0.5297230654704554,
    "spearman": 0.45984427141268075,
    "mrr_top2": 0.5,
    "mrr_top4": 0.5,
    "ndcg10": 0.5297230654704554,
    "ndcg_at_4": 0.4643519436832566,
    "ndcg_at_12": 0.5296060442854191,
    "ndcg_at_16": 0.5299000246058635,
    "ndcg_at_20": 0.5334629128557585,
    "roc_auc_upset": 0.78125
  },
  "test_metrics_model_b": {
    "ndcg": 0.19710003553644426,
    "spearman": 0.6373748609566184,
    "mrr_top2": 0.14285714285714285,
    "mrr_top4": 0.14285714285714285,
    "ndcg10": 0.19710003553644426,
    "ndcg_at_4": 0.04166423104576856,
    "ndcg_at_12": 0.21907981997726161,
    "ndcg_at_16": 0.38536870013396823,
    "ndcg_at_20": 0.3853678764583127,
    "roc_auc_upset": 0.7991071428571429
  },
  "test_metrics_model_c": {
    "ndcg": 0.05124995751403931,
    "spearman": 0.30233592880978866,
    "mrr_top2": 0.06666666666666667,
    "mrr_top4": 0.2,
    "ndcg10": 0.05124995751403931,
    "ndcg_at_4": 0.00711064040423231,
    "ndcg_at_12": 0.056899138174850025,
    "ndcg_at_16": 0.17781540372208415,
    "ndcg_at_20": 0.18021312496782235,
    "roc_auc_upset": 0.8258928571428571
  },
  "test_metrics_by_conference": {
    "E": {
      "ndcg": 0.24640794000116126,
      "spearman": 0.21428571428571427
    },
    "W": {
      "ndcg": 0.7504940786340119,
      "spearman": 0.6392857142857141
    }
  },
  "notes": {
    "eos_rank_source": "eos_final_rank"
  }
}