{
  "notes": {
    "eval_on": "test",
    "eos_rank_source": "eos_final_rank",
    "upset_definition": "sleeper = EOS_global_rank > predicted_strength",
    "mrr_top2": "1/rank of first team in top 2 (champion+runner-up) in predicted order.",
    "mrr_top4": "1/rank of first team in top 4 (conference finals) in predicted order.",
    "per_conference_relevance": "Within E/W: actual rank derived from EOS_global_rank (1=best in conf); NDCG/Spearman use this relevance.",
    "playoff_metrics": "Spearman (pred global vs playoff_final_results), NDCG@4 (final four), Brier (champion vs odds). rank_mae/rank_rmse: pred vs playoff_final_results; eos_standings vs playoff_final_results (baseline)."
  },
  "split_info": {
    "train_frac": 0.75,
    "n_train_dates": 141,
    "n_test_dates": 36,
    "split_mode": "seasons"
  },
  "test_metrics_ensemble": {
    "ndcg": 0.4832600577894308,
    "spearman": 0.49855394883203563,
    "mrr_top2": 0.5,
    "mrr_top4": 0.5,
    "ndcg10": 0.4832600577894308,
    "ndcg_at_4": 0.4732201012417847,
    "ndcg_at_12": 0.48313381215227336,
    "ndcg_at_16": 0.526072133973926,
    "ndcg_at_20": 0.5301891274080569,
    "roc_auc_upset": 0.7544642857142858,
    "rank_mae_pred_vs_playoff_final_results": 7.0,
    "rank_rmse_pred_vs_playoff_final_results": 8.667948722839355,
    "rank_mae_eos_standings_vs_playoff_final_results": 3.1333333333333333,
    "rank_rmse_eos_standings_vs_playoff_final_results": 4.449719092257398,
    "spearman_standings": -0.5546162402669632,
    "ndcg10_standings": 0.5032938281373388,
    "ndcg_at_4_standings": 0.5178046098648476,
    "ndcg_at_16_standings": 0.5164232605674715,
    "rank_rmse_standings": 8.169047355651855,
    "playoff_metrics": {
      "spearman_pred_vs_playoff_final_results": 0.5065628476084539,
      "ndcg_at_4_final_four": 0.4732201012417847,
      "ndcg10_pred_vs_playoff_final_results": 0.4832483436154707,
      "brier_championship_odds": 0.030076472088694572,
      "rank_mae_pred_vs_playoff_final_results": 7.0,
      "rank_rmse_pred_vs_playoff_final_results": 8.667948722839355,
      "rank_mae_eos_standings_vs_playoff_final_results": 3.1333333333333333,
      "rank_rmse_eos_standings_vs_playoff_final_results": 4.449719092257398
    }
  },
  "test_metrics_model_a": {
    "ndcg": 0.4832600577894308,
    "spearman": 0.49276974416017794,
    "mrr_top2": 0.5,
    "mrr_top4": 0.5,
    "ndcg10": 0.4832600577894308,
    "ndcg_at_4": 0.4732201012417847,
    "ndcg_at_12": 0.48313381215227336,
    "ndcg_at_16": 0.5260645754130183,
    "ndcg_at_20": 0.5301815688803933,
    "roc_auc_upset": 0.7544642857142857
  },
  "test_metrics_model_b": {
    "ndcg": 0.20234794654321717,
    "spearman": 0.5781979977753059,
    "mrr_top2": 0.16666666666666666,
    "mrr_top4": 0.16666666666666666,
    "ndcg10": 0.20234794654321717,
    "ndcg_at_4": 0.04029517653159447,
    "ndcg_at_12": 0.20300327510450827,
    "ndcg_at_16": 0.36925333760468054,
    "ndcg_at_20": 0.38879609816379773,
    "roc_auc_upset": 0.7999999999999999
  },
  "test_metrics_model_c": {
    "ndcg": 0.05139534647930671,
    "spearman": 0.3125695216907675,
    "mrr_top2": 0.07142857142857142,
    "mrr_top4": 0.2,
    "ndcg10": 0.05139534647930671,
    "ndcg_at_4": 0.0072603807417201014,
    "ndcg_at_12": 0.05704448895120833,
    "ndcg_at_16": 0.17989573678693135,
    "ndcg_at_20": 0.18229344888290439,
    "roc_auc_upset": 0.8214285714285714
  },
  "test_metrics_by_conference": {
    "E": {
      "ndcg": 0.3332341336047156,
      "spearman": 0.36785714285714277
    },
    "W": {
      "ndcg": 0.7350288254932673,
      "spearman": 0.5821428571428571
    }
  },
  "by_season": {
    "2023-24": {
      "test_metrics_ensemble": {
        "ndcg": 0.5699589012110978,
        "spearman": 0.3098998887652948,
        "mrr_top2": 1.0,
        "mrr_top4": 1.0,
        "ndcg10": 0.5699589012110978,
        "ndcg_at_4": 0.35315119534797357,
        "ndcg_at_12": 0.6137008817582553,
        "ndcg_at_16": 0.6136576737007278,
        "ndcg_at_20": 0.614810300527386,
        "roc_auc_upset": 0.8080357142857142,
        "rank_mae_pred_vs_playoff_final_results": 8.199999809265137,
        "rank_rmse_pred_vs_playoff_final_results": 10.1685791015625,
        "rank_mae_eos_standings_vs_playoff_final_results": 3.7333333333333334,
        "rank_rmse_eos_standings_vs_playoff_final_results": 6.093712606722878,
        "spearman_standings": -0.43403781979977757,
        "ndcg10_standings": 0.43344045914859397,
        "ndcg_at_4_standings": 0.16635214014080835,
        "ndcg_at_16_standings": 0.45523711513108894,
        "rank_rmse_standings": 9.208691596984863,
        "playoff_metrics": {
          "spearman_pred_vs_playoff_final_results": 0.36551724137931035,
          "ndcg_at_4_final_four": 0.35315119534797357,
          "ndcg10_pred_vs_playoff_final_results": 0.5699641505103845,
          "brier_championship_odds": 0.0314764641225338,
          "rank_mae_pred_vs_playoff_final_results": 8.199999809265137,
          "rank_rmse_pred_vs_playoff_final_results": 10.1685791015625,
          "rank_mae_eos_standings_vs_playoff_final_results": 3.7333333333333334,
          "rank_rmse_eos_standings_vs_playoff_final_results": 6.093712606722878
        }
      },
      "test_metrics_model_a": {
        "ndcg": 0.5699589012110978,
        "spearman": 0.30634037819799775,
        "mrr_top2": 1.0,
        "mrr_top4": 1.0,
        "ndcg10": 0.5699589012110978,
        "ndcg_at_4": 0.35315119534797357,
        "ndcg_at_12": 0.6137008817582553,
        "ndcg_at_16": 0.6136576737007278,
        "ndcg_at_20": 0.614810300527386,
        "roc_auc_upset": 0.8125
      },
      "test_metrics_model_b": {
        "ndcg": 0.806568491591211,
        "spearman": 0.47630700778642937,
        "mrr_top2": 1.0,
        "mrr_top4": 1.0,
        "ndcg10": 0.806568491591211,
        "ndcg_at_4": 0.6907114070725182,
        "ndcg_at_12": 0.8063794208837617,
        "ndcg_at_16": 0.8469997113670314,
        "ndcg_at_20": 0.8518641593090992,
        "roc_auc_upset": 0.7555555555555555
      },
      "test_metrics_model_c": {
        "ndcg": 0.33348743391404295,
        "spearman": 0.23337041156840932,
        "mrr_top2": 0.16666666666666666,
        "mrr_top4": 0.16666666666666666,
        "ndcg10": 0.33348743391404295,
        "ndcg_at_4": 0.001111095381373398,
        "ndcg_at_12": 0.3389077264996702,
        "ndcg_at_16": 0.3596643455146382,
        "ndcg_at_20": 0.37000033942981986,
        "roc_auc_upset": 0.7633928571428571
      },
      "test_metrics_by_conference": {
        "E": {
          "ndcg": 0.3704787294718914,
          "spearman": 0.1357142857142857
        },
        "W": {
          "ndcg": 0.9117854319375943,
          "spearman": 0.4428571428571427
        }
      },
      "notes": {
        "eos_rank_source": "eos_final_rank"
      }
    },
    "2024-25": {
      "test_metrics_ensemble": {
        "ndcg": 0.4832600577894308,
        "spearman": 0.49855394883203563,
        "mrr_top2": 0.5,
        "mrr_top4": 0.5,
        "ndcg10": 0.4832600577894308,
        "ndcg_at_4": 0.4732201012417847,
        "ndcg_at_12": 0.48313381215227336,
        "ndcg_at_16": 0.526072133973926,
        "ndcg_at_20": 0.5301891274080569,
        "roc_auc_upset": 0.7544642857142858,
        "rank_mae_pred_vs_playoff_final_results": 7.0,
        "rank_rmse_pred_vs_playoff_final_results": 8.667948722839355,
        "rank_mae_eos_standings_vs_playoff_final_results": 3.1333333333333333,
        "rank_rmse_eos_standings_vs_playoff_final_results": 4.449719092257398,
        "spearman_standings": -0.5546162402669632,
        "ndcg10_standings": 0.5032938281373388,
        "ndcg_at_4_standings": 0.5178046098648476,
        "ndcg_at_16_standings": 0.5164232605674715,
        "rank_rmse_standings": 8.169047355651855,
        "playoff_metrics": {
          "spearman_pred_vs_playoff_final_results": 0.5065628476084539,
          "ndcg_at_4_final_four": 0.4732201012417847,