{
  "test_metrics_ensemble": {
    "ndcg": 0.547375402405321,
    "spearman": 0.36729699666295884,
    "mrr_top2": 1.0,
    "mrr_top4": 1.0,
    "ndcg10": 0.547375402405321,
    "ndcg_at_4": 0.33513898093933947,
    "ndcg_at_12": 0.5925334039509385,
    "ndcg_at_16": 0.5924944510668984,
    "ndcg_at_20": 0.5930695809939196,
    "roc_auc_upset": 0.7022222222222222,
    "rank_mae_pred_vs_playoff_final_results": 7.666666507720947,
    "rank_rmse_pred_vs_playoff_final_results": 9.736529350280762,
    "rank_mae_eos_standings_vs_playoff_final_results": 3.7333333333333334,
    "rank_rmse_eos_standings_vs_playoff_final_results": 6.093712606722878,
    "playoff_metrics": {
      "spearman_pred_vs_playoff_final_results": 0.42869855394883205,
      "ndcg_at_4_final_four": 0.33513815635527017,
      "ndcg10_pred_vs_playoff_final_results": 0.5473803330061208,
      "brier_championship_odds": 0.03222232684493065,
      "rank_mae_pred_vs_playoff_final_results": 7.666666507720947,
      "rank_rmse_pred_vs_playoff_final_results": 9.736529350280762,
      "rank_mae_eos_standings_vs_playoff_final_results": 3.7333333333333334,
      "rank_rmse_eos_standings_vs_playoff_final_results": 6.093712606722878
    }
  },
  "test_metrics_model_a": {
    "ndcg": 0.547375402405321,
    "spearman": 0.36729699666295884,
    "mrr_top2": 1.0,
    "mrr_top4": 1.0,
    "ndcg10": 0.547375402405321,
    "ndcg_at_4": 0.33513898093933947,
    "ndcg_at_12": 0.5925334039509385,
    "ndcg_at_16": 0.5924944510668984,
    "ndcg_at_20": 0.5930695809939196,
    "roc_auc_upset": 0.7022222222222222
  },
  "test_metrics_model_b": {
    "ndcg": 0.5832265486359259,
    "spearman": 0.3997775305895439,
    "mrr_top2": 0.5,
    "mrr_top4": 0.5,
    "ndcg10": 0.5832265486359259,
    "ndcg_at_4": 0.47920472626830496,
    "ndcg_at_12": 0.5830742124650532,
    "ndcg_at_16": 0.5831304986604455,
    "ndcg_at_20": 0.6213595472250454,
    "roc_auc_upset": 0.7824074074074074
  },
  "test_metrics_model_c": {
    "ndcg": 0.3335103168238178,
    "spearman": 0.24582869855394882,
    "mrr_top2": 0.16666666666666666,
    "mrr_top4": 0.16666666666666666,
    "ndcg10": 0.3335103168238178,
    "ndcg_at_4": 0.001111095381373398,
    "ndcg_at_12": 0.33342342712902806,
    "ndcg_at_16": 0.359511130120896,
    "ndcg_at_20": 0.36984719361683405,
    "roc_auc_upset": 0.7777777777777778
  },
  "test_metrics_by_conference": {
    "E": {
      "ndcg": 0.3864552008125132,
      "spearman": 0.25
    },
    "W": {
      "ndcg": 0.9193500683938988,
      "spearman": 0.457142857142857
    }
  },
  "notes": {
    "eos_rank_source": "eos_final_rank"
  }
}