{
  "test_metrics_ensemble": {
    "ndcg": 0.48311314278447476,
    "spearman": 0.4638487208008899,
    "mrr_top2": 0.5,
    "mrr_top4": 0.5,
    "ndcg10": 0.48311314278447476,
    "ndcg_at_4": 0.46414085016152934,
    "ndcg_at_12": 0.5268730963209723,
    "ndcg_at_16": 0.5268539352896338,
    "ndcg_at_20": 0.5304800906246401,
    "roc_auc_upset": 0.7692307692307693,
    "rank_mae_pred_vs_playoff_final_results": 7.066666603088379,
    "rank_rmse_pred_vs_playoff_final_results": 8.962886810302734,
    "rank_mae_eos_standings_vs_playoff_final_results": 3.1333333333333333,
    "rank_rmse_eos_standings_vs_playoff_final_results": 4.449719092257398,
    "playoff_metrics": {
      "spearman_pred_vs_playoff_final_results": 0.4593993325917686,
      "ndcg_at_4_final_four": 0.4641255331621935,
      "ndcg10_pred_vs_playoff_final_results": 0.4830982515243056,
      "brier_championship_odds": 0.03222232684493065,
      "rank_mae_pred_vs_playoff_final_results": 7.066666603088379,
      "rank_rmse_pred_vs_playoff_final_results": 8.962886810302734,
      "rank_mae_eos_standings_vs_playoff_final_results": 3.1333333333333333,
      "rank_rmse_eos_standings_vs_playoff_final_results": 4.449719092257398
    }
  },
  "test_metrics_model_a": {
    "ndcg": 0.48311314278447476,
    "spearman": 0.4638487208008899,
    "mrr_top2": 0.5,
    "mrr_top4": 0.5,
    "ndcg10": 0.48311314278447476,
    "ndcg_at_4": 0.46414085016152934,
    "ndcg_at_12": 0.5268730963209723,
    "ndcg_at_16": 0.5268539352896338,
    "ndcg_at_20": 0.5304800906246401,
    "roc_auc_upset": 0.7692307692307693
  },
  "test_metrics_model_b": {
    "ndcg": 0.180991771705201,
    "spearman": 0.585761957730812,
    "mrr_top2": 0.16666666666666666,
    "mrr_top4": 0.16666666666666666,
    "ndcg10": 0.180991771705201,
    "ndcg_at_4": 0.04174492448450587,
    "ndcg_at_12": 0.18098777957404513,
    "ndcg_at_16": 0.2226311131485446,
    "ndcg_at_20": 0.3705110153559581,
    "roc_auc_upset": 0.7644444444444445
  },
  "test_metrics_model_c": {
    "ndcg": 0.05784506519871672,
    "spearman": 0.3228031145717464,
    "mrr_top2": 0.06666666666666667,
    "mrr_top4": 0.2,
    "ndcg10": 0.05784506519871672,
    "ndcg_at_4": 0.00711064040423231,
    "ndcg_at_12": 0.05783006459806845,
    "ndcg_at_16": 0.178746258737695,
    "ndcg_at_20": 0.18110337484256867,
    "roc_auc_upset": 0.8125
  },
  "test_metrics_by_conference": {
    "E": {
      "ndcg": 0.24471916429790896,
      "spearman": 0.25
    },
    "W": {
      "ndcg": 0.7510775020335729,
      "spearman": 0.6892857142857142
    }
  },
  "notes": {
    "eos_rank_source": "eos_final_rank"
  }
}