{
  "test_metrics_ensemble": {
    "ndcg": 0.4883427008503846,
    "spearman": 0.47274749721913245,
    "mrr_top2": 0.5,
    "mrr_top4": 0.5,
    "ndcg10": 0.4883427008503846,
    "ndcg_at_4": 0.46437685999867345,
    "ndcg_at_12": 0.5324544942373967,
    "ndcg_at_16": 0.5324358743886747,
    "ndcg_at_20": 0.5360396592156579,
    "roc_auc_upset": 0.7633928571428571,
    "rank_mae_pred_vs_playoff_final_results": 6.933333396911621,
    "rank_rmse_pred_vs_playoff_final_results": 8.88819408416748,
    "rank_mae_eos_standings_vs_playoff_final_results": 3.1333333333333333,
    "rank_rmse_eos_standings_vs_playoff_final_results": 4.449719092257398,
    "playoff_metrics": {
      "spearman_pred_vs_playoff_final_results": 0.4700778642936596,
      "ndcg_at_4_final_four": 0.4643768342304213,
      "ndcg10_pred_vs_playoff_final_results": 0.4883322016229579,
      "brier_championship_odds": 0.03222232684493065,
      "rank_mae_pred_vs_playoff_final_results": 6.933333396911621,
      "rank_rmse_pred_vs_playoff_final_results": 8.88819408416748,
      "rank_mae_eos_standings_vs_playoff_final_results": 3.1333333333333333,
      "rank_rmse_eos_standings_vs_playoff_final_results": 4.449719092257398
    }
  },
  "test_metrics_model_a": {
    "ndcg": 0.4883427008503846,
    "spearman": 0.47274749721913245,
    "mrr_top2": 0.5,
    "mrr_top4": 0.5,
    "ndcg10": 0.4883427008503846,
    "ndcg_at_4": 0.46437685999867345,
    "ndcg_at_12": 0.5324544942373967,
    "ndcg_at_16": 0.5324358743886747,
    "ndcg_at_20": 0.5360396592156579,
    "roc_auc_upset": 0.7633928571428571
  },
  "test_metrics_model_b": {
    "ndcg": 0.22879203486576485,
    "spearman": 0.6333704115684093,
    "mrr_top2": 0.25,
    "mrr_top4": 0.25,
    "ndcg10": 0.22879203486576485,
    "ndcg_at_4": 0.16775742802418675,
    "ndcg_at_12": 0.4042876403538728,
    "ndcg_at_16": 0.42424037743009696,
    "ndcg_at_20": 0.4242393982115103,
    "roc_auc_upset": 0.7111111111111111
  },
  "test_metrics_model_c": {
    "ndcg": 0.05124995751403931,
    "spearman": 0.30189098998887653,
    "mrr_top2": 0.0625,
    "mrr_top4": 0.2,
    "ndcg10": 0.05124995751403931,
    "ndcg_at_4": 0.00711064040423231,
    "ndcg_at_12": 0.056899138174850025,
    "ndcg_at_16": 0.1769467286075223,
    "ndcg_at_20": 0.17934445367388585,
    "roc_auc_upset": 0.8258928571428571
  },
  "test_metrics_by_conference": {
    "E": {
      "ndcg": 0.2595405455854567,
      "spearman": 0.23571428571428568
    },
    "W": {
      "ndcg": 0.7723141400583361,
      "spearman": 0.6928571428571427
    }
  },
  "notes": {
    "eos_rank_source": "eos_final_rank"
  }
}