{
  "test_metrics_ensemble": {
    "ndcg": 0.39987332689163274,
    "spearman": 0.41357063403781974,
    "mrr_top2": 1.0,
    "mrr_top4": 1.0,
    "ndcg10": 0.39987332689163274,
    "ndcg_at_4": 0.35315119534797357,
    "ndcg_at_12": 0.5823389438744048,
    "ndcg_at_16": 0.5823007303155474,
    "ndcg_at_20": 0.5829046570203047,
    "roc_auc_upset": 0.7366071428571429,
    "rank_mae_pred_vs_playoff_final_results": 7.4666666984558105,
    "rank_rmse_pred_vs_playoff_final_results": 9.373722076416016,
    "rank_mae_eos_standings_vs_playoff_final_results": 3.7333333333333334,
    "rank_rmse_eos_standings_vs_playoff_final_results": 6.093712606722878,
    "playoff_metrics": {
      "spearman_pred_vs_playoff_final_results": 0.44827586206896547,
      "ndcg_at_4_final_four": 0.35315119534797357,
      "ndcg10_pred_vs_playoff_final_results": 0.39987857619091943,
      "brier_championship_odds": 0.03222232684493065,
      "rank_mae_pred_vs_playoff_final_results": 7.4666666984558105,
      "rank_rmse_pred_vs_playoff_final_results": 9.373722076416016,
      "rank_mae_eos_standings_vs_playoff_final_results": 3.7333333333333334,
      "rank_rmse_eos_standings_vs_playoff_final_results": 6.093712606722878
    }
  },
  "test_metrics_model_a": {
    "ndcg": 0.39987332689163274,
    "spearman": 0.4046718576195773,
    "mrr_top2": 1.0,
    "mrr_top4": 1.0,
    "ndcg10": 0.39987332689163274,
    "ndcg_at_4": 0.35315119534797357,
    "ndcg_at_12": 0.5823389438744048,
    "ndcg_at_16": 0.5823007303155474,
    "ndcg_at_20": 0.5829046570203047,
    "roc_auc_upset": 0.7410714285714286
  },
  "test_metrics_model_b": {
    "ndcg": 0.8008525991118319,
    "spearman": 0.3779755283648498,
    "mrr_top2": 1.0,
    "mrr_top4": 1.0,
    "ndcg10": 0.8008525991118319,
    "ndcg_at_4": 0.705915834267812,
    "ndcg_at_12": 0.8007279778461422,
    "ndcg_at_16": 0.8006699086122223,
    "ndcg_at_20": 0.8053632127521583,
    "roc_auc_upset": 0.7782805429864252
  },
  "test_metrics_model_c": {
    "ndcg": 0.333487026575135,
    "spearman": 0.23159065628476083,
    "mrr_top2": 0.16666666666666666,
    "mrr_top4": 0.16666666666666666,
    "ndcg10": 0.333487026575135,
    "ndcg_at_4": 0.0011069724610271625,
    "ndcg_at_12": 0.33890731926775686,
    "ndcg_at_16": 0.35966393831396193,
    "ndcg_at_20": 0.3699999322309346,
    "roc_auc_upset": 0.7633928571428571
  },
  "test_metrics_by_conference": {
    "E": {
      "ndcg": 0.3869402032684001,
      "spearman": 0.2821428571428571
    },
    "W": {
      "ndcg": 0.9180549547420842,
      "spearman": 0.5678571428571427
    }
  },
  "notes": {
    "eos_rank_source": "eos_final_rank"
  }
}