{
  "notes": {
    "eval_on": "test",
    "eos_rank_source": "eos_final_rank",
    "upset_definition": "sleeper = EOS_global_rank > predicted_strength",
    "mrr_top2": "1/rank of first team in top 2 (champion+runner-up) in predicted order.",
    "mrr_top4": "1/rank of first team in top 4 (conference finals) in predicted order.",
    "per_conference_relevance": "Within E/W: actual rank derived from EOS_global_rank (1=best in conf); NDCG/Spearman use this relevance.",
    "playoff_metrics": "Spearman (pred global vs playoff_final_results), NDCG@4 (final four), Brier (champion vs odds). rank_mae/rank_rmse: pred vs playoff_final_results; eos_standings vs playoff_final_results (baseline)."
  },
  "split_info": {
    "train_frac": 0.75,
    "n_train_dates": 141,
    "n_test_dates": 36,
    "split_mode": "seasons"
  },
  "test_metrics_ensemble": {
    "ndcg": 0.4885575354383822,
    "spearman": 0.4696329254727475,
    "mrr_top2": 0.5,
    "mrr_top4": 0.5,
    "ndcg10": 0.4885575354383822,
    "ndcg_at_4": 0.4643519436832566,
    "ndcg_at_12": 0.5340718698056804,
    "ndcg_at_16": 0.5340531258946084,
    "ndcg_at_20": 0.537578363677097,
    "roc_auc_upset": 0.7678571428571428,
    "rank_mae_pred_vs_playoff_final_results": 7.0,
    "rank_rmse_pred_vs_playoff_final_results": 8.914407730102539,
    "rank_mae_eos_standings_vs_playoff_final_results": 3.1333333333333333,
    "rank_rmse_eos_standings_vs_playoff_final_results": 4.449719092257398,
    "playoff_metrics": {
      "spearman_pred_vs_playoff_final_results": 0.4651835372636262,
      "ndcg_at_4_final_four": 0.46433662668392073,
      "ndcg10_pred_vs_playoff_final_results": 0.48854210784850716,
      "brier_championship_odds": 0.03222232684493065,
      "rank_mae_pred_vs_playoff_final_results": 7.0,
      "rank_rmse_pred_vs_playoff_final_results": 8.914407730102539,
      "rank_mae_eos_standings_vs_playoff_final_results": 3.1333333333333333,
      "rank_rmse_eos_standings_vs_playoff_final_results": 4.449719092257398
    }
  },
  "test_metrics_model_a": {
    "ndcg": 0.4885575354383822,
    "spearman": 0.4696329254727475,
    "mrr_top2": 0.5,
    "mrr_top4": 0.5,
    "ndcg10": 0.4885575354383822,
    "ndcg_at_4": 0.4643519436832566,
    "ndcg_at_12": 0.5340718698056804,
    "ndcg_at_16": 0.5340531258946084,
    "ndcg_at_20": 0.537578363677097,
    "roc_auc_upset": 0.7678571428571428
  },
  "test_metrics_model_b": {
    "ndcg": 0.21636322744042286,
    "spearman": 0.6231368186874304,
    "mrr_top2": 0.2,
    "mrr_top4": 0.2,
    "ndcg10": 0.21636322744042286,
    "ndcg_at_4": 0.04166423104576856,
    "ndcg_at_12": 0.2382937139850131,
    "ndcg_at_16": 0.4007490769253083,
    "ndcg_at_20": 0.4007482651954767,
    "roc_auc_upset": 0.7737556561085973
  },
  "test_metrics_model_c": {
    "ndcg": 0.05124995751403931,
    "spearman": 0.3076751946607342,
    "mrr_top2": 0.06666666666666667,
    "mrr_top4": 0.2,
    "ndcg10": 0.05124995751403931,
    "ndcg_at_4": 0.00711064040423231,
    "ndcg_at_12": 0.056899138174850025,
    "ndcg_at_16": 0.17781540372208415,
    "ndcg_at_20": 0.18021327193327982,
    "roc_auc_upset": 0.8214285714285714
  },
  "test_metrics_by_conference": {
    "E": {
      "ndcg": 0.24640794000116126,
      "spearman": 0.22142857142857136
    },
    "W": {
      "ndcg": 0.7723141400583361,
      "spearman": 0.6928571428571427
    }
  },
  "by_season": {
    "2023-24": {
      "test_metrics_ensemble": {
        "ndcg": 0.40227778527305413,
        "spearman": 0.36774193548387096,
        "mrr_top2": 1.0,
        "mrr_top4": 1.0,
        "ndcg10": 0.40227778527305413,
        "ndcg_at_4": 0.35315119534797357,
        "ndcg_at_12": 0.5833766853616813,
        "ndcg_at_16": 0.5846321337258873,
        "ndcg_at_20": 0.5852380407886439,
        "roc_auc_upset": 0.7589285714285715,
        "rank_mae_pred_vs_playoff_final_results": 7.800000190734863,
        "rank_rmse_pred_vs_playoff_final_results": 9.733104705810547,
        "rank_mae_eos_standings_vs_playoff_final_results": 3.7333333333333334,
        "rank_rmse_eos_standings_vs_playoff_final_results": 6.093712606722878,
        "playoff_metrics": {
          "spearman_pred_vs_playoff_final_results": 0.43003337041156836,
          "ndcg_at_4_final_four": 0.35315119534797357,
          "ndcg10_pred_vs_playoff_final_results": 0.40228279734163547,
          "brier_championship_odds": 0.03222232684493065,
          "rank_mae_pred_vs_playoff_final_results": 7.800000190734863,
          "rank_rmse_pred_vs_playoff_final_results": 9.733104705810547,
          "rank_mae_eos_standings_vs_playoff_final_results": 3.7333333333333334,
          "rank_rmse_eos_standings_vs_playoff_final_results": 6.093712606722878
        }
      },
      "test_metrics_model_a": {
        "ndcg": 0.40227778527305413,
        "spearman": 0.3668520578420467,
        "mrr_top2": 1.0,
        "mrr_top4": 1.0,
        "ndcg10": 0.40227778527305413,
        "ndcg_at_4": 0.35315119534797357,
        "ndcg_at_12": 0.5833726674636758,
        "ndcg_at_16": 0.5846320209070295,
        "ndcg_at_20": 0.5852379279702823,
        "roc_auc_upset": 0.7589285714285715
      },
      "test_metrics_model_b": {
        "ndcg": 0.8063721939044944,
        "spearman": 0.4313681868743047,
        "mrr_top2": 1.0,
        "mrr_top4": 1.0,
        "ndcg10": 0.8063721939044944,
        "ndcg_at_4": 0.7116242168324007,
        "ndcg_at_12": 0.8061826725207536,
        "ndcg_at_16": 0.8459304694539505,
        "ndcg_at_20": 0.8507057358295005,
        "roc_auc_upset": 0.7777777777777778
      },
      "test_metrics_model_c": {
        "ndcg": 0.333487026575135,
        "spearman": 0.23159065628476083,
        "mrr_top2": 0.16666666666666666,
        "mrr_top4": 0.16666666666666666,
        "ndcg10": 0.333487026575135,
        "ndcg_at_4": 0.0011069724610271625,
        "ndcg_at_12": 0.33890731926775686,
        "ndcg_at_16": 0.35966393831396193,
        "ndcg_at_20": 0.3699999322309346,
        "roc_auc_upset": 0.7633928571428571
      },
      "test_metrics_by_conference": {
        "E": {
          "ndcg": 0.3851402749883562,
          "spearman": 0.2642857142857143
        },
        "W": {
          "ndcg": 0.9249367954852322,
          "spearman": 0.47857142857142854
        }
      },
      "notes": {
        "eos_rank_source": "eos_final_rank"
      }
    },
    "2024-25": {
      "test_metrics_ensemble": {
        "ndcg": 0.4885575354383822,
        "spearman": 0.4696329254727475,
        "mrr_top2": 0.5,
        "mrr_top4": 0.5,
        "ndcg10": 0.4885575354383822,
        "ndcg_at_4": 0.4643519436832566,
        "ndcg_at_12": 0.5340718698056804,
        "ndcg_at_16": 0.5340531258946084,
        "ndcg_at_20": 0.537578363677097,
        "roc_auc_upset": 0.7678571428571428,
        "rank_mae_pred_vs_playoff_final_results": 7.0,
        "rank_rmse_pred_vs_playoff_final_results": 8.914407730102539,
        "rank_mae_eos_standings_vs_playoff_final_results": 3.1333333333333333,
        "rank_rmse_eos_standings_vs_playoff_final_results": 4.449719092257398,
        "playoff_metrics": {
          "spearman_pred_vs_playoff_final_results": 0.4651835372636262,
          "ndcg_at_4_final_four": 0.46433662668392073,
          "ndcg10_pred_vs_playoff_final_results": 0.48854210784850716,
          "brier_championship_odds": 0.03222232684493065,
          "rank_mae_pred_vs_playoff_final_results": 7.0,
          "rank_rmse_pred_vs_playoff_final_results": 8.914407730102539,
          "rank_mae_eos_standings_vs_playoff_final_results": 3.1333333333333333,
          "rank_rmse_eos_standings_vs_playoff_final_results": 4.449719092257398
        }
      },
      "test_metrics_model_a": {
        "ndcg": 0.4885575354383822,
        "spearman": 0.4696329254727475,
        "mrr_top2": 0.5,
        "mrr_top4": 0.5,
        "ndcg10": 0.4885575354383822,
        "ndcg_at_4": 0.4643519436832566,
        "ndcg_at_12": 0.5340718698056804,
        "ndcg_at_16": 0.5340531258946084,
        "ndcg_at_20": 0.537578363677097,