{
  "notes": {
    "eval_on": "test",
    "eos_rank_source": "eos_final_rank",
    "upset_definition": "sleeper = EOS_global_rank > predicted_strength",
    "mrr_top2": "1/rank of first team in top 2 (champion+runner-up) in predicted order.",
    "mrr_top4": "1/rank of first team in top 4 (conference finals) in predicted order.",
    "per_conference_relevance": "Within E/W: actual rank derived from EOS_global_rank (1=best in conf); NDCG/Spearman use this relevance.",
    "playoff_metrics": "Spearman (pred global vs playoff_final_results), NDCG@4 (final four), Brier (champion vs odds). rank_mae/rank_rmse: pred vs playoff_final_results; eos_standings vs playoff_final_results (baseline)."
  },
  "split_info": {
    "train_frac": 0.75,
    "n_train_dates": 141,
    "n_test_dates": 36,
    "split_mode": "seasons"
  },
  "test_metrics_ensemble": {
    "ndcg": 0.48605255122469226,
    "spearman": 0.4553948832035596,
    "mrr_top2": 0.5,
    "mrr_top4": 0.5,
    "ndcg10": 0.48605255122469226,
    "ndcg_at_4": 0.46413178800929983,
    "ndcg_at_12": 0.48630021433412707,
    "ndcg_at_16": 0.530156338069313,
    "ndcg_at_20": 0.5325431896873765,
    "roc_auc_upset": 0.7678571428571428,
    "rank_mae_pred_vs_playoff_final_results": 7.0,
    "rank_rmse_pred_vs_playoff_final_results": 9.033271789550781,
    "rank_mae_eos_standings_vs_playoff_final_results": 3.1333333333333333,
    "rank_rmse_eos_standings_vs_playoff_final_results": 4.449719092257398,
    "playoff_metrics": {
      "spearman_pred_vs_playoff_final_results": 0.46696329254727476,
      "ndcg_at_4_final_four": 0.4641317622410477,
      "ndcg10_pred_vs_playoff_final_results": 0.48604260571600433,
      "brier_championship_odds": 0.03222232684493065,
      "rank_mae_pred_vs_playoff_final_results": 7.0,
      "rank_rmse_pred_vs_playoff_final_results": 9.033271789550781,
      "rank_mae_eos_standings_vs_playoff_final_results": 3.1333333333333333,
      "rank_rmse_eos_standings_vs_playoff_final_results": 4.449719092257398
    }
  },
  "test_metrics_model_a": {
    "ndcg": 0.48605255122469226,
    "spearman": 0.4553948832035596,
    "mrr_top2": 0.5,
    "mrr_top4": 0.5,
    "ndcg10": 0.48605255122469226,
    "ndcg_at_4": 0.46413178800929983,
    "ndcg_at_12": 0.48630021433412707,
    "ndcg_at_16": 0.530156338069313,
    "ndcg_at_20": 0.5325431896873765,
    "roc_auc_upset": 0.7678571428571428
  },
  "test_metrics_model_b": {
    "ndcg": 0.1661173256008038,
    "spearman": 0.5506117908787541,
    "mrr_top2": 0.2,
    "mrr_top4": 0.2,
    "ndcg10": 0.1661173256008038,
    "ndcg_at_4": 0.04029517653159447,
    "ndcg_at_12": 0.166162170491361,
    "ndcg_at_16": 0.2296221400674144,
    "ndcg_at_20": 0.3775023184673909,
    "roc_auc_upset": 0.8235294117647058
  },
  "test_metrics_model_c": {
    "ndcg": 0.05124270050332162,
    "spearman": 0.29521690767519465,
    "mrr_top2": 0.06666666666666667,
    "mrr_top4": 0.2,
    "ndcg10": 0.05124270050332162,
    "ndcg_at_4": 0.00711064040423231,
    "ndcg_at_12": 0.05689188307031086,
    "ndcg_at_16": 0.17780814917405477,
    "ndcg_at_20": 0.18020587045170006,
    "roc_auc_upset": 0.8258928571428571
  },
  "test_metrics_by_conference": {
    "E": {
      "ndcg": 0.24218737023648784,
      "spearman": 0.20357142857142854
    },
    "W": {
      "ndcg": 0.7723194325143398,
      "spearman": 0.6535714285714285
    }
  },
  "by_season": {
    "2023-24": {
      "test_metrics_ensemble": {
        "ndcg": 0.39972677611062657,
        "spearman": 0.3935483870967742,
        "mrr_top2": 1.0,
        "mrr_top4": 1.0,
        "ndcg10": 0.39972677611062657,
        "ndcg_at_4": 0.35315119534797357,
        "ndcg_at_12": 0.5821924315874786,
        "ndcg_at_16": 0.5827749988117266,
        "ndcg_at_20": 0.5827818585541825,
        "roc_auc_upset": 0.6968325791855203,
        "rank_mae_pred_vs_playoff_final_results": 7.333333492279053,
        "rank_rmse_pred_vs_playoff_final_results": 9.532401084899902,
        "rank_mae_eos_standings_vs_playoff_final_results": 3.7333333333333334,
        "rank_rmse_eos_standings_vs_playoff_final_results": 6.093712606722878,
        "playoff_metrics": {
          "spearman_pred_vs_playoff_final_results": 0.44827586206896547,
          "ndcg_at_4_final_four": 0.35315119534797357,
          "ndcg10_pred_vs_playoff_final_results": 0.3997323116070352,
          "brier_championship_odds": 0.03222232684493065,
          "rank_mae_pred_vs_playoff_final_results": 7.333333492279053,
          "rank_rmse_pred_vs_playoff_final_results": 9.532401084899902,
          "rank_mae_eos_standings_vs_playoff_final_results": 3.7333333333333334,
          "rank_rmse_eos_standings_vs_playoff_final_results": 6.093712606722878
        }
      },
      "test_metrics_model_a": {
        "ndcg": 0.39987332689163274,
        "spearman": 0.40333704115684094,
        "mrr_top2": 1.0,
        "mrr_top4": 1.0,
        "ndcg10": 0.39987332689163274,
        "ndcg_at_4": 0.35315119534797357,
        "ndcg_at_12": 0.5823389438744048,
        "ndcg_at_16": 0.5829214998602869,
        "ndcg_at_20": 0.5829283589583987,
        "roc_auc_upset": 0.6923076923076923
      },
      "test_metrics_model_b": {
        "ndcg": 0.5658273515145887,
        "spearman": 0.44293659621801995,
        "mrr_top2": 0.5,
        "mrr_top4": 0.5,
        "ndcg10": 0.5658273515145887,
        "ndcg_at_4": 0.4589454418134188,
        "ndcg_at_12": 0.565682096727962,
        "ndcg_at_16": 0.6063372701518793,
        "ndcg_at_20": 0.6063394138362158,
        "roc_auc_upset": 0.7366071428571429
      },
      "test_metrics_model_c": {
        "ndcg": 0.333487026575135,
        "spearman": 0.2422691879866518,
        "mrr_top2": 0.16666666666666666,
        "mrr_top4": 0.16666666666666666,
        "ndcg10": 0.333487026575135,
        "ndcg_at_4": 0.0011069724610271625,
        "ndcg_at_12": 0.33890731926775686,
        "ndcg_at_16": 0.35966393831396193,
        "ndcg_at_20": 0.37117378097667086,
        "roc_auc_upset": 0.7777777777777778
      },
      "test_metrics_by_conference": {
        "E": {
          "ndcg": 0.3869402032684001,
          "spearman": 0.2964285714285714
        },
        "W": {
          "ndcg": 0.9147500272935793,
          "spearman": 0.5178571428571428
        }
      },
      "notes": {
        "eos_rank_source": "eos_final_rank"
      }
    },
    "2024-25": {
      "test_metrics_ensemble": {
        "ndcg": 0.48605255122469226,
        "spearman": 0.4553948832035596,
        "mrr_top2": 0.5,
        "mrr_top4": 0.5,
        "ndcg10": 0.48605255122469226,
        "ndcg_at_4": 0.46413178800929983,
        "ndcg_at_12": 0.48630021433412707,
        "ndcg_at_16": 0.530156338069313,
        "ndcg_at_20": 0.5325431896873765,
        "roc_auc_upset": 0.7678571428571428,
        "rank_mae_pred_vs_playoff_final_results": 7.0,
        "rank_rmse_pred_vs_playoff_final_results": 9.033271789550781,
        "rank_mae_eos_standings_vs_playoff_final_results": 3.1333333333333333,
        "rank_rmse_eos_standings_vs_playoff_final_results": 4.449719092257398,
        "playoff_metrics": {
          "spearman_pred_vs_playoff_final_results": 0.46696329254727476,
          "ndcg_at_4_final_four": 0.4641317622410477,
          "ndcg10_pred_vs_playoff_final_results": 0.48604260571600433,
          "brier_championship_odds": 0.03222232684493065,
          "rank_mae_pred_vs_playoff_final_results": 7.0,
          "rank_rmse_pred_vs_playoff_final_results": 9.033271789550781,
          "rank_mae_eos_standings_vs_playoff_final_results": 3.1333333333333333,
          "rank_rmse_eos_standings_vs_playoff_final_results": 4.449719092257398
        }
      },
      "test_metrics_model_a": {
        "ndcg": 0.48605255122469226,
        "spearman": 0.4553948832035596,
        "mrr_top2": 0.5,
        "mrr_top4": 0.5,
        "ndcg10": 0.48605255122469226,
        "ndcg_at_4": 0.46413178800929983,
        "ndcg_at_12": 0.48630021433412707,
        "ndcg_at_16": 0.530156338069313,
        "ndcg_at_20": 0.5325431896873765,