{
  "notes": {
    "eval_on": "test",
    "eos_rank_source": "eos_final_rank",
    "upset_definition": "sleeper = EOS_global_rank > predicted_strength",
    "mrr_top2": "1/rank of first team in top 2 (champion+runner-up) in predicted order.",
    "mrr_top4": "1/rank of first team in top 4 (conference finals) in predicted order.",
    "per_conference_relevance": "Within E/W: actual rank derived from EOS_global_rank (1=best in conf); NDCG/Spearman use this relevance.",
    "playoff_metrics": "Spearman (pred global vs playoff_final_results), NDCG@4 (final four), Brier (champion vs odds). rank_mae/rank_rmse: pred vs playoff_final_results; eos_standings vs playoff_final_results (baseline)."
  },
  "split_info": {
    "train_frac": 0.75,
    "n_train_dates": 141,
    "n_test_dates": 36,
    "split_mode": "seasons"
  },
  "test_metrics_ensemble": {
    "ndcg": 0.533380630908856,
    "spearman": 0.5234705228031146,
    "mrr_top2": 0.5,
    "mrr_top4": 0.5,
    "ndcg10": 0.533380630908856,
    "ndcg_at_4": 0.4645175546554888,
    "ndcg_at_12": 0.5335834112223699,
    "ndcg_at_16": 0.5348061961584017,
    "ndcg_at_20": 0.5371976131690892,
    "roc_auc_upset": 0.7455357142857143,
    "rank_mae_pred_vs_playoff_final_results": 6.666666507720947,
    "rank_rmse_pred_vs_playoff_final_results": 8.449851989746094,
    "rank_mae_eos_standings_vs_playoff_final_results": 3.1333333333333333,
    "rank_rmse_eos_standings_vs_playoff_final_results": 4.449719092257398,
    "playoff_metrics": {
      "spearman_pred_vs_playoff_final_results": 0.525250278086763,
      "ndcg_at_4_final_four": 0.4645175546554888,
      "ndcg10_pred_vs_playoff_final_results": 0.5333685648288002,
      "brier_championship_odds": 0.03222232684493065,
      "rank_mae_pred_vs_playoff_final_results": 6.666666507720947,
      "rank_rmse_pred_vs_playoff_final_results": 8.449851989746094,
      "rank_mae_eos_standings_vs_playoff_final_results": 3.1333333333333333,
      "rank_rmse_eos_standings_vs_playoff_final_results": 4.449719092257398
    }
  },
  "test_metrics_model_a": {
    "ndcg": 0.533380630908856,
    "spearman": 0.5136818687430478,
    "mrr_top2": 0.5,
    "mrr_top4": 0.5,
    "ndcg10": 0.533380630908856,
    "ndcg_at_4": 0.4645175546554888,
    "ndcg_at_12": 0.5335834112223699,
    "ndcg_at_16": 0.5335647047789838,
    "ndcg_at_20": 0.5371730622213626,
    "roc_auc_upset": 0.75
  },
  "test_metrics_model_b": {
    "ndcg": 0.17782794441293784,
    "spearman": 0.6137931034482759,
    "mrr_top2": 0.25,
    "mrr_top4": 0.25,
    "ndcg10": 0.17782794441293784,
    "ndcg_at_4": 0.16775742802418675,
    "ndcg_at_12": 0.22308103923079017,
    "ndcg_at_16": 0.40284073584173624,
    "ndcg_at_20": 0.4028838359548721,
    "roc_auc_upset": 0.7366071428571429
  },
  "test_metrics_model_c": {
    "ndcg": 0.05124995751403931,
    "spearman": 0.30233592880978866,
    "mrr_top2": 0.06666666666666667,
    "mrr_top4": 0.2,
    "ndcg10": 0.05124995751403931,
    "ndcg_at_4": 0.00711064040423231,
    "ndcg_at_12": 0.056899138174850025,
    "ndcg_at_16": 0.17781540372208415,
    "ndcg_at_20": 0.18021312496782235,
    "roc_auc_upset": 0.8258928571428571
  },
  "test_metrics_by_conference": {
    "E": {
      "ndcg": 0.27754650639394024,
      "spearman": 0.32499999999999996
    },
    "W": {
      "ndcg": 0.7519157235194247,
      "spearman": 0.657142857142857
    }
  },
  "by_season": {
    "2023-24": {
      "test_metrics_ensemble": {
        "ndcg": 0.5585300489417686,
        "spearman": 0.41357063403781974,
        "mrr_top2": 1.0,
        "mrr_top4": 1.0,
        "ndcg10": 0.5585300489417686,
        "ndcg_at_4": 0.35315119534797357,
        "ndcg_at_12": 0.6036844824960043,
        "ndcg_at_16": 0.6055630047960763,
        "ndcg_at_20": 0.6055604356350499,
        "roc_auc_upset": 0.7410714285714286,
        "rank_mae_pred_vs_playoff_final_results": 7.400000095367432,
        "rank_rmse_pred_vs_playoff_final_results": 9.373722076416016,
        "rank_mae_eos_standings_vs_playoff_final_results": 3.7333333333333334,
        "rank_rmse_eos_standings_vs_playoff_final_results": 6.093712606722878,
        "playoff_metrics": {
          "spearman_pred_vs_playoff_final_results": 0.4398220244716351,
          "ndcg_at_4_final_four": 0.35315119534797357,
          "ndcg10_pred_vs_playoff_final_results": 0.5585352982410553,
          "brier_championship_odds": 0.03222232684493065,
          "rank_mae_pred_vs_playoff_final_results": 7.400000095367432,
          "rank_rmse_pred_vs_playoff_final_results": 9.373722076416016,
          "rank_mae_eos_standings_vs_playoff_final_results": 3.7333333333333334,
          "rank_rmse_eos_standings_vs_playoff_final_results": 6.093712606722878
        }
      },
      "test_metrics_model_a": {
        "ndcg": 0.5491507967561244,
        "spearman": 0.40111234705228027,
        "mrr_top2": 1.0,
        "mrr_top4": 1.0,
        "ndcg10": 0.5491507967561244,
        "ndcg_at_4": 0.35315119534797357,
        "ndcg_at_12": 0.5943076939320555,
        "ndcg_at_16": 0.5961869354877223,
        "ndcg_at_20": 0.5961844075647236,
        "roc_auc_upset": 0.7455357142857143
      },
      "test_metrics_model_b": {
        "ndcg": 0.8242639259776298,
        "spearman": 0.44382647385984425,
        "mrr_top2": 1.0,
        "mrr_top4": 1.0,
        "ndcg10": 0.8242639259776298,
        "ndcg_at_4": 0.7116242168324007,
        "ndcg_at_12": 0.8240688689567119,
        "ndcg_at_16": 0.8290574651089393,
        "ndcg_at_20": 0.8666309661535363,
        "roc_auc_upset": 0.7857142857142857
      },
      "test_metrics_model_c": {
        "ndcg": 0.3335099094849099,
        "spearman": 0.23559510567296996,
        "mrr_top2": 0.16666666666666666,
        "mrr_top4": 0.16666666666666666,
        "ndcg10": 0.3335099094849099,
        "ndcg_at_4": 0.0011069724610271625,
        "ndcg_at_12": 0.3389081203242068,
        "ndcg_at_16": 0.3596647393089661,
        "ndcg_at_20": 0.3700007332224158,
        "roc_auc_upset": 0.7633928571428571
      },
      "test_metrics_by_conference": {
        "E": {
          "ndcg": 0.385128810110248,
          "spearman": 0.25
        },
        "W": {
          "ndcg": 0.9213871629856155,
          "spearman": 0.5785714285714285
        }
      },
      "notes": {
        "eos_rank_source": "eos_final_rank"
      }
    },
    "2024-25": {
      "test_metrics_ensemble": {
        "ndcg": 0.533380630908856,
        "spearman": 0.5234705228031146,
        "mrr_top2": 0.5,
        "mrr_top4": 0.5,
        "ndcg10": 0.533380630908856,
        "ndcg_at_4": 0.4645175546554888,
        "ndcg_at_12": 0.5335834112223699,
        "ndcg_at_16": 0.5348061961584017,
        "ndcg_at_20": 0.5371976131690892,
        "roc_auc_upset": 0.7455357142857143,
        "rank_mae_pred_vs_playoff_final_results": 6.666666507720947,
        "rank_rmse_pred_vs_playoff_final_results": 8.449851989746094,
        "rank_mae_eos_standings_vs_playoff_final_results": 3.1333333333333333,
        "rank_rmse_eos_standings_vs_playoff_final_results": 4.449719092257398,
        "playoff_metrics": {
          "spearman_pred_vs_playoff_final_results": 0.525250278086763,
          "ndcg_at_4_final_four": 0.4645175546554888,
          "ndcg10_pred_vs_playoff_final_results": 0.5333685648288002,
          "brier_championship_odds": 0.03222232684493065,
          "rank_mae_pred_vs_playoff_final_results": 6.666666507720947,
          "rank_rmse_pred_vs_playoff_final_results": 8.449851989746094,
          "rank_mae_eos_standings_vs_playoff_final_results": 3.1333333333333333,
          "rank_rmse_eos_standings_vs_playoff_final_results": 4.449719092257398
        }
      },
      "test_metrics_model_a": {
        "ndcg": 0.533380630908856,
        "spearman": 0.5136818687430478,
        "mrr_top2": 0.5,
        "mrr_top4": 0.5,
        "ndcg10": 0.533380630908856,
        "ndcg_at_4": 0.4645175546554888,
        "ndcg_at_12": 0.5335834112223699,
        "ndcg_at_16": 0.5335647047789838,