{
  "test_metrics_ensemble": {
    "ndcg": 0.6159516341985256,
    "spearman": 0.44249165739710794,
    "mrr_top2": 1.0,
    "mrr_top4": 1.0,
    "ndcg10": 0.6159516341985256,
    "ndcg_at_4": 0.35315119534797357,
    "ndcg_at_12": 0.6171668158694525,
    "ndcg_at_16": 0.6171208009753918,
    "ndcg_at_20": 0.6171271976201169,
    "roc_auc_upset": 0.7410714285714286,
    "rank_mae_pred_vs_playoff_final_results": 7.5333333015441895,
    "rank_rmse_pred_vs_playoff_final_results": 9.139657020568848,
    "rank_mae_eos_standings_vs_playoff_final_results": 3.7333333333333334,
    "rank_rmse_eos_standings_vs_playoff_final_results": 6.093712606722878,
    "playoff_metrics": {
      "spearman_pred_vs_playoff_final_results": 0.43715239154616237,
      "ndcg_at_4_final_four": 0.35315119534797357,
      "ndcg10_pred_vs_playoff_final_results": 0.6159509150441994,
      "brier_championship_odds": 0.03222232684493065,
      "rank_mae_pred_vs_playoff_final_results": 7.5333333015441895,
      "rank_rmse_pred_vs_playoff_final_results": 9.139657020568848,
      "rank_mae_eos_standings_vs_playoff_final_results": 3.7333333333333334,
      "rank_rmse_eos_standings_vs_playoff_final_results": 6.093712606722878
    }
  },
  "test_metrics_model_a": {
    "ndcg": 0.6047041922826778,
    "spearman": 0.4291434927697442,
    "mrr_top2": 1.0,
    "mrr_top4": 1.0,
    "ndcg10": 0.6047041922826778,
    "ndcg_at_4": 0.35315119534797357,
    "ndcg_at_12": 0.6045508909998711,
    "ndcg_at_16": 0.605838634191679,
    "ndcg_at_20": 0.6058450804578703,
    "roc_auc_upset": 0.7455357142857143
  },
  "test_metrics_model_b": {
    "ndcg": 0.824193024239035,
    "spearman": 0.44382647385984425,
    "mrr_top2": 1.0,
    "mrr_top4": 1.0,
    "ndcg10": 0.824193024239035,
    "ndcg_at_4": 0.7116242168324007,
    "ndcg_at_12": 0.824000729121547,
    "ndcg_at_16": 0.8240176085329436,
    "ndcg_at_20": 0.8675818556778109,
    "roc_auc_upset": 0.7276785714285714
  },
  "test_metrics_model_c": {
    "ndcg": 0.333487026575135,
    "spearman": 0.23159065628476083,
    "mrr_top2": 0.16666666666666666,
    "mrr_top4": 0.16666666666666666,
    "ndcg10": 0.333487026575135,
    "ndcg_at_4": 0.0011069724610271625,
    "ndcg_at_12": 0.33890731926775686,
    "ndcg_at_16": 0.35966393831396193,
    "ndcg_at_20": 0.3699999322309346,
    "roc_auc_upset": 0.7633928571428571
  },
  "test_metrics_by_conference": {
    "E": {
      "ndcg": 0.4078134151580969,
      "spearman": 0.2714285714285714
    },
    "W": {
      "ndcg": 0.9252301970495368,
      "spearman": 0.6071428571428571
    }
  },
  "notes": {
    "eos_rank_source": "eos_final_rank"
  }
}