{
  "test_metrics_ensemble": {
    "ndcg": 0.4818813117347859,
    "spearman": 0.44916573971078977,
    "mrr_top2": 0.5,
    "mrr_top4": 0.5,
    "ndcg10": 0.4818813117347859,
    "ndcg_at_4": 0.4643519436832566,
    "ndcg_at_12": 0.482119716672457,
    "ndcg_at_16": 0.524734669697323,
    "ndcg_at_20": 0.5283384883959086,
    "roc_auc_upset": 0.7857142857142857,
    "rank_mae_pred_vs_playoff_final_results": 7.266666889190674,
    "rank_rmse_pred_vs_playoff_final_results": 9.084785461425781,
    "rank_mae_eos_standings_vs_playoff_final_results": 3.1333333333333333,
    "rank_rmse_eos_standings_vs_playoff_final_results": 4.449719092257398,
    "playoff_metrics": {
      "spearman_pred_vs_playoff_final_results": 0.45272525027808674,
      "ndcg_at_4_final_four": 0.46433662668392073,
      "ndcg10_pred_vs_playoff_final_results": 0.48186588177805384,
      "brier_championship_odds": 0.03222232684493065,
      "rank_mae_pred_vs_playoff_final_results": 7.266666889190674,
      "rank_rmse_pred_vs_playoff_final_results": 9.084785461425781,
      "rank_mae_eos_standings_vs_playoff_final_results": 3.1333333333333333,
      "rank_rmse_eos_standings_vs_playoff_final_results": 4.449719092257398
    }
  },
  "test_metrics_model_a": {
    "ndcg": 0.4818813117347859,
    "spearman": 0.44916573971078977,
    "mrr_top2": 0.5,
    "mrr_top4": 0.5,
    "ndcg10": 0.4818813117347859,
    "ndcg_at_4": 0.4643519436832566,
    "ndcg_at_12": 0.482119716672457,
    "ndcg_at_16": 0.524734669697323,
    "ndcg_at_20": 0.5283384883959086,
    "roc_auc_upset": 0.7857142857142857
  },
  "test_metrics_model_b": {
    "ndcg": 0.17782844531904698,
    "spearman": 0.6133481646273637,
    "mrr_top2": 0.25,
    "mrr_top4": 0.25,
    "ndcg10": 0.17782844531904698,
    "ndcg_at_4": 0.16775742802418675,
    "ndcg_at_12": 0.22308154000532773,
    "ndcg_at_16": 0.4023575025199249,
    "ndcg_at_20": 0.4023963049461724,
    "roc_auc_upset": 0.72
  },
  "test_metrics_model_c": {
    "ndcg": 0.05124995751403931,
    "spearman": 0.30189098998887653,
    "mrr_top2": 0.0625,
    "mrr_top4": 0.2,
    "ndcg10": 0.05124995751403931,
    "ndcg_at_4": 0.00711064040423231,
    "ndcg_at_12": 0.056899138174850025,
    "ndcg_at_16": 0.1769467286075223,
    "ndcg_at_20": 0.17934445367388585,
    "roc_auc_upset": 0.8258928571428571
  },
  "test_metrics_by_conference": {
    "E": {
      "ndcg": 0.2401782317927594,
      "spearman": 0.2285714285714285
    },
    "W": {
      "ndcg": 0.7505337657243399,
      "spearman": 0.6714285714285713
    }
  },
  "notes": {
    "eos_rank_source": "eos_final_rank"
  }
}