{
  "test_metrics_ensemble": {
    "ndcg": 0.5949300405734533,
    "spearman": 0.4460511679644049,
    "mrr_top2": 1.0,
    "mrr_top4": 1.0,
    "ndcg10": 0.5949300405734533,
    "ndcg_at_4": 0.35315119534797357,
    "ndcg_at_12": 0.594779129519209,
    "ndcg_at_16": 0.5966544301420044,
    "ndcg_at_20": 0.5966610719759294,
    "roc_auc_upset": 0.7647058823529411,
    "rank_mae_pred_vs_playoff_final_results": 7.266666889190674,
    "rank_rmse_pred_vs_playoff_final_results": 9.110433578491211,
    "rank_mae_eos_standings_vs_playoff_final_results": 3.7333333333333334,
    "rank_rmse_eos_standings_vs_playoff_final_results": 6.093712606722878,
    "playoff_metrics": {
      "spearman_pred_vs_playoff_final_results": 0.44560622914349274,
      "ndcg_at_4_final_four": 0.35315119534797357,
      "ndcg10_pred_vs_playoff_final_results": 0.5949293214191272,
      "brier_championship_odds": 0.03222232684493065,
      "rank_mae_pred_vs_playoff_final_results": 7.266666889190674,
      "rank_rmse_pred_vs_playoff_final_results": 9.110433578491211,
      "rank_mae_eos_standings_vs_playoff_final_results": 3.7333333333333334,
      "rank_rmse_eos_standings_vs_playoff_final_results": 6.093712606722878
    }
  },
  "test_metrics_model_a": {
    "ndcg": 0.5949300405734533,
    "spearman": 0.4407119021134594,
    "mrr_top2": 1.0,
    "mrr_top4": 1.0,
    "ndcg10": 0.5949300405734533,
    "ndcg_at_4": 0.35315119534797357,
    "ndcg_at_12": 0.594779129519209,
    "ndcg_at_16": 0.5966544301420044,
    "ndcg_at_20": 0.596660925010472,
    "roc_auc_upset": 0.7692307692307692
  },
  "test_metrics_model_b": {
    "ndcg": 0.8016865597842008,
    "spearman": 0.4295884315906563,
    "mrr_top2": 1.0,
    "mrr_top4": 1.0,
    "ndcg10": 0.8016865597842008,
    "ndcg_at_4": 0.6907114070725182,
    "ndcg_at_12": 0.8015001763761989,
    "ndcg_at_16": 0.8015227931439101,
    "ndcg_at_20": 0.8438711460055226,
    "roc_auc_upset": 0.7544642857142857
  },
  "test_metrics_model_c": {
    "ndcg": 0.333487026575135,
    "spearman": 0.23159065628476083,
    "mrr_top2": 0.16666666666666666,
    "mrr_top4": 0.16666666666666666,
    "ndcg10": 0.333487026575135,
    "ndcg_at_4": 0.0011069724610271625,
    "ndcg_at_12": 0.33890731926775686,
    "ndcg_at_16": 0.35966393831396193,
    "ndcg_at_20": 0.3699999322309346,
    "roc_auc_upset": 0.7633928571428571
  },
  "test_metrics_by_conference": {
    "E": {
      "ndcg": 0.3851402749883562,
      "spearman": 0.25357142857142856
    },
    "W": {
      "ndcg": 0.9455771580324823,
      "spearman": 0.6499999999999999
    }
  },
  "notes": {
    "eos_rank_source": "eos_final_rank"
  }
}