{
  "test_metrics_ensemble": {
    "ndcg": 0.5962971237730559,
    "spearman": 0.3899888765294772,
    "mrr_top2": 1.0,
    "mrr_top4": 1.0,
    "ndcg10": 0.5962971237730559,
    "ndcg_at_4": 0.35315119534797357,
    "ndcg_at_12": 0.6031744135400632,
    "ndcg_at_16": 0.6031346444271374,
    "ndcg_at_20": 0.6037190667188159,
    "roc_auc_upset": 0.7828054298642534,
    "rank_mae_pred_vs_playoff_final_results": 7.5333333015441895,
    "rank_rmse_pred_vs_playoff_final_results": 9.560335159301758,
    "rank_mae_eos_standings_vs_playoff_final_results": 3.7333333333333334,
    "rank_rmse_eos_standings_vs_playoff_final_results": 6.093712606722878,
    "playoff_metrics": {
      "spearman_pred_vs_playoff_final_results": 0.4402669632925473,
      "ndcg_at_4_final_four": 0.35315119534797357,
      "ndcg10_pred_vs_playoff_final_results": 0.5963026592694646,
      "brier_championship_odds": 0.03222232684493065,
      "rank_mae_pred_vs_playoff_final_results": 7.5333333015441895,
      "rank_rmse_pred_vs_playoff_final_results": 9.560335159301758,
      "rank_mae_eos_standings_vs_playoff_final_results": 3.7333333333333334,
      "rank_rmse_eos_standings_vs_playoff_final_results": 6.093712606722878
    }
  },
  "test_metrics_model_a": {
    "ndcg": 0.5885244970578146,
    "spearman": 0.3846496106785317,
    "mrr_top2": 1.0,
    "mrr_top4": 1.0,
    "ndcg10": 0.5885244970578146,
    "ndcg_at_4": 0.35315119534797357,
    "ndcg_at_12": 0.5954038284387402,
    "ndcg_at_16": 0.5953646553760261,
    "ndcg_at_20": 0.595949111841836,
    "roc_auc_upset": 0.7873303167420814
  },
  "test_metrics_model_b": {
    "ndcg": 0.5696604880023005,
    "spearman": 0.435817575083426,
    "mrr_top2": 0.5,
    "mrr_top4": 0.5,
    "ndcg10": 0.5696604880023005,
    "ndcg_at_4": 0.44093212795935904,
    "ndcg_at_12": 0.569532976567225,
    "ndcg_at_16": 0.6122264771822383,
    "ndcg_at_20": 0.6122239411851116,
    "roc_auc_upset": 0.7321428571428572
  },
  "test_metrics_model_c": {
    "ndcg": 0.333487026575135,
    "spearman": 0.2422691879866518,
    "mrr_top2": 0.16666666666666666,
    "mrr_top4": 0.16666666666666666,
    "ndcg10": 0.333487026575135,
    "ndcg_at_4": 0.0011069724610271625,
    "ndcg_at_12": 0.33890731926775686,
    "ndcg_at_16": 0.35966393831396193,
    "ndcg_at_20": 0.37117378097667086,
    "roc_auc_upset": 0.7777777777777778
  },
  "test_metrics_by_conference": {
    "E": {
      "ndcg": 0.4082984176139838,
      "spearman": 0.28928571428571426
    },
    "W": {
      "ndcg": 0.9449572706704487,
      "spearman": 0.5499999999999999
    }
  },
  "notes": {
    "eos_rank_source": "eos_final_rank"
  }
}