{
  "test_metrics_ensemble": {
    "ndcg": 0.5402316853887781,
    "spearman": 0.3793103448275862,
    "mrr_top2": 1.0,
    "mrr_top4": 1.0,
    "ndcg10": 0.5402316853887781,
    "ndcg_at_4": 0.35315119534797357,
    "ndcg_at_12": 0.5839814742998002,
    "ndcg_at_16": 0.5852368762730885,
    "ndcg_at_20": 0.5858518771387216,
    "roc_auc_upset": 0.7589285714285714,
    "rank_mae_pred_vs_playoff_final_results": 7.800000190734863,
    "rank_rmse_pred_vs_playoff_final_results": 9.643651008605957,
    "rank_mae_eos_standings_vs_playoff_final_results": 3.7333333333333334,
    "rank_rmse_eos_standings_vs_playoff_final_results": 6.093712606722878,
    "playoff_metrics": {
      "spearman_pred_vs_playoff_final_results": 0.43893214682981085,
      "ndcg_at_4_final_four": 0.35315119534797357,
      "ndcg10_pred_vs_playoff_final_results": 0.5402375751590318,
      "brier_championship_odds": 0.03222232684493065,
      "rank_mae_pred_vs_playoff_final_results": 7.800000190734863,
      "rank_rmse_pred_vs_playoff_final_results": 9.643651008605957,
      "rank_mae_eos_standings_vs_playoff_final_results": 3.7333333333333334,
      "rank_rmse_eos_standings_vs_playoff_final_results": 6.093712606722878
    }
  },
  "test_metrics_model_a": {
    "ndcg": 0.5400851345728315,
    "spearman": 0.3721913236929922,
    "mrr_top2": 1.0,
    "mrr_top4": 1.0,
    "ndcg10": 0.5400851345728315,
    "ndcg_at_4": 0.35315119534797357,
    "ndcg_at_12": 0.5838349619779427,
    "ndcg_at_16": 0.5850903751895997,
    "ndcg_at_20": 0.5856963510435614,
    "roc_auc_upset": 0.7633928571428572
  },
  "test_metrics_model_b": {
    "ndcg": 0.8156118081046849,
    "spearman": 0.40600667408231367,
    "mrr_top2": 1.0,
    "mrr_top4": 1.0,
    "ndcg10": 0.8156118081046849,
    "ndcg_at_4": 0.7261751187226982,
    "ndcg_at_12": 0.8154203620148149,
    "ndcg_at_16": 0.8154437614118891,
    "ndcg_at_20": 0.8572781331959267,
    "roc_auc_upset": 0.7828054298642533
  },
  "test_metrics_model_c": {
    "ndcg": 0.333487026575135,
    "spearman": 0.23159065628476083,
    "mrr_top2": 0.16666666666666666,
    "mrr_top4": 0.16666666666666666,
    "ndcg10": 0.333487026575135,
    "ndcg_at_4": 0.0011069724610271625,
    "ndcg_at_12": 0.33890731926775686,
    "ndcg_at_16": 0.35966393831396193,
    "ndcg_at_20": 0.3699999322309346,
    "roc_auc_upset": 0.7633928571428571
  },
  "test_metrics_by_conference": {
    "E": {
      "ndcg": 0.38520906425700524,
      "spearman": 0.2928571428571428
    },
    "W": {
      "ndcg": 0.9042891616887888,
      "spearman": 0.4464285714285714
    }
  },
  "notes": {
    "eos_rank_source": "eos_final_rank"
  }
}