{
  "notes": {
    "eval_on": "test",
    "eos_rank_source": "eos_final_rank",
    "upset_definition": "sleeper = EOS_global_rank > predicted_strength",
    "mrr_top2": "1/rank of first team in top 2 (champion+runner-up) in predicted order.",
    "mrr_top4": "1/rank of first team in top 4 (conference finals) in predicted order.",
    "per_conference_relevance": "Within E/W: actual rank derived from EOS_global_rank (1=best in conf); NDCG/Spearman use this relevance.",
    "playoff_metrics": "Spearman (pred global vs playoff_final_results), NDCG@4 (final four), Brier (champion vs odds). rank_mae/rank_rmse: pred vs playoff_final_results; eos_standings vs playoff_final_results (baseline)."
  },
  "split_info": {
    "train_frac": 0.75,
    "n_train_dates": 141,
    "n_test_dates": 36,
    "split_mode": "seasons"
  },
  "test_metrics_ensemble": {
    "ndcg": 0.4749528222210551,
    "spearman": 0.43670745272525024,
    "mrr_top2": 0.5,
    "mrr_top4": 0.5,
    "ndcg10": 0.4749528222210551,
    "ndcg_at_4": 0.4643944167678145,
    "ndcg_at_12": 0.48051197142338714,
    "ndcg_at_16": 0.5220404209452092,
    "ndcg_at_20": 0.5256078479147267,
    "roc_auc_upset": 0.8222222222222222,
    "rank_mae_pred_vs_playoff_final_results": 7.4666666984558105,
    "rank_rmse_pred_vs_playoff_final_results": 9.186946868896484,
    "rank_mae_eos_standings_vs_playoff_final_results": 3.1333333333333333,
    "rank_rmse_eos_standings_vs_playoff_final_results": 4.449719092257398,
    "playoff_metrics": {
      "spearman_pred_vs_playoff_final_results": 0.43759733036707454,
      "ndcg_at_4_final_four": 0.4643812234227066,
      "ndcg10_pred_vs_playoff_final_results": 0.4749394332920467,
      "brier_championship_odds": 0.03222232684493065,
      "rank_mae_pred_vs_playoff_final_results": 7.4666666984558105,
      "rank_rmse_pred_vs_playoff_final_results": 9.186946868896484,
      "rank_mae_eos_standings_vs_playoff_final_results": 3.1333333333333333,
      "rank_rmse_eos_standings_vs_playoff_final_results": 4.449719092257398
    }
  },
  "test_metrics_model_a": {
    "ndcg": 0.4749528222210551,
    "spearman": 0.43670745272525024,
    "mrr_top2": 0.5,
    "mrr_top4": 0.5,
    "ndcg10": 0.4749528222210551,
    "ndcg_at_4": 0.4643944167678145,
    "ndcg_at_12": 0.48051197142338714,
    "ndcg_at_16": 0.5220404209452092,
    "ndcg_at_20": 0.5256078479147267,
    "roc_auc_upset": 0.8222222222222222
  },
  "test_metrics_model_b": {
    "ndcg": 0.2143905751708314,
    "spearman": 0.614238042269188,
    "mrr_top2": 0.2,
    "mrr_top4": 0.2,
    "ndcg10": 0.2143905751708314,
    "ndcg_at_4": 0.04166423104576856,
    "ndcg_at_12": 0.21443103615084555,
    "ndcg_at_16": 0.3967057424840153,
    "ndcg_at_20": 0.39670487939472376,
    "roc_auc_upset": 0.7678571428571429
  },
  "test_metrics_model_c": {
    "ndcg": 0.05124995751403931,
    "spearman": 0.30189098998887653,
    "mrr_top2": 0.0625,
    "mrr_top4": 0.2,
    "ndcg10": 0.05124995751403931,
    "ndcg_at_4": 0.00711064040423231,
    "ndcg_at_12": 0.056899138174850025,
    "ndcg_at_16": 0.1769467286075223,
    "ndcg_at_20": 0.17934445367388585,
    "roc_auc_upset": 0.8258928571428571
  },
  "test_metrics_by_conference": {
    "E": {
      "ndcg": 0.2523239197050784,
      "spearman": 0.21428571428571427
    },
    "W": {
      "ndcg": 0.7292320651604584,
      "spearman": 0.6285714285714286
    }
  },
  "by_season": {
    "2023-24": {
      "test_metrics_ensemble": {
        "ndcg": 0.5402316853887781,
        "spearman": 0.3793103448275862,
        "mrr_top2": 1.0,
        "mrr_top4": 1.0,
        "ndcg10": 0.5402316853887781,
        "ndcg_at_4": 0.35315119534797357,
        "ndcg_at_12": 0.5839814742998002,
        "ndcg_at_16": 0.5852368762730885,
        "ndcg_at_20": 0.5858518771387216,
        "roc_auc_upset": 0.7589285714285714,
        "rank_mae_pred_vs_playoff_final_results": 7.800000190734863,
        "rank_rmse_pred_vs_playoff_final_results": 9.643651008605957,
        "rank_mae_eos_standings_vs_playoff_final_results": 3.7333333333333334,
        "rank_rmse_eos_standings_vs_playoff_final_results": 6.093712606722878,
        "playoff_metrics": {
          "spearman_pred_vs_playoff_final_results": 0.43893214682981085,
          "ndcg_at_4_final_four": 0.35315119534797357,
          "ndcg10_pred_vs_playoff_final_results": 0.5402375751590318,
          "brier_championship_odds": 0.03222232684493065,
          "rank_mae_pred_vs_playoff_final_results": 7.800000190734863,
          "rank_rmse_pred_vs_playoff_final_results": 9.643651008605957,
          "rank_mae_eos_standings_vs_playoff_final_results": 3.7333333333333334,
          "rank_rmse_eos_standings_vs_playoff_final_results": 6.093712606722878
        }
      },
      "test_metrics_model_a": {
        "ndcg": 0.5400851345728315,
        "spearman": 0.3721913236929922,
        "mrr_top2": 1.0,
        "mrr_top4": 1.0,
        "ndcg10": 0.5400851345728315,
        "ndcg_at_4": 0.35315119534797357,
        "ndcg_at_12": 0.5838349619779427,
        "ndcg_at_16": 0.5850903751895997,
        "ndcg_at_20": 0.5856963510435614,
        "roc_auc_upset": 0.7633928571428572
      },
      "test_metrics_model_b": {
        "ndcg": 0.8156118081046849,
        "spearman": 0.40600667408231367,
        "mrr_top2": 1.0,
        "mrr_top4": 1.0,
        "ndcg10": 0.8156118081046849,
        "ndcg_at_4": 0.7261751187226982,
        "ndcg_at_12": 0.8154203620148149,
        "ndcg_at_16": 0.8154437614118891,
        "ndcg_at_20": 0.8572781331959267,
        "roc_auc_upset": 0.7828054298642533
      },
      "test_metrics_model_c": {
        "ndcg": 0.333487026575135,
        "spearman": 0.23159065628476083,
        "mrr_top2": 0.16666666666666666,
        "mrr_top4": 0.16666666666666666,
        "ndcg10": 0.333487026575135,
        "ndcg_at_4": 0.0011069724610271625,
        "ndcg_at_12": 0.33890731926775686,
        "ndcg_at_16": 0.35966393831396193,
        "ndcg_at_20": 0.3699999322309346,
        "roc_auc_upset": 0.7633928571428571
      },
      "test_metrics_by_conference": {
        "E": {
          "ndcg": 0.38520906425700524,
          "spearman": 0.2928571428571428
        },
        "W": {
          "ndcg": 0.9042891616887888,
          "spearman": 0.4464285714285714
        }
      },
      "notes": {
        "eos_rank_source": "eos_final_rank"
      }
    },
    "2024-25": {
      "test_metrics_ensemble": {
        "ndcg": 0.4749528222210551,
        "spearman": 0.43670745272525024,
        "mrr_top2": 0.5,
        "mrr_top4": 0.5,
        "ndcg10": 0.4749528222210551,
        "ndcg_at_4": 0.4643944167678145,
        "ndcg_at_12": 0.48051197142338714,
        "ndcg_at_16": 0.5220404209452092,
        "ndcg_at_20": 0.5256078479147267,
        "roc_auc_upset": 0.8222222222222222,
        "rank_mae_pred_vs_playoff_final_results": 7.4666666984558105,
        "rank_rmse_pred_vs_playoff_final_results": 9.186946868896484,
        "rank_mae_eos_standings_vs_playoff_final_results": 3.1333333333333333,
        "rank_rmse_eos_standings_vs_playoff_final_results": 4.449719092257398,
        "playoff_metrics": {
          "spearman_pred_vs_playoff_final_results": 0.43759733036707454,
          "ndcg_at_4_final_four": 0.4643812234227066,
          "ndcg10_pred_vs_playoff_final_results": 0.4749394332920467,
          "brier_championship_odds": 0.03222232684493065,
          "rank_mae_pred_vs_playoff_final_results": 7.4666666984558105,
          "rank_rmse_pred_vs_playoff_final_results": 9.186946868896484,
          "rank_mae_eos_standings_vs_playoff_final_results": 3.1333333333333333,
          "rank_rmse_eos_standings_vs_playoff_final_results": 4.449719092257398
        }
      },
      "test_metrics_model_a": {
        "ndcg": 0.4749528222210551,
        "spearman": 0.43670745272525024,
        "mrr_top2": 0.5,
        "mrr_top4": 0.5,
        "ndcg10": 0.4749528222210551,
        "ndcg_at_4": 0.4643944167678145,
        "ndcg_at_12": 0.48051197142338714,
        "ndcg_at_16": 0.5220404209452092,