{
  "test_metrics_ensemble": {
    "ndcg": 0.4749528222210551,
    "spearman": 0.43670745272525024,
    "mrr_top2": 0.5,
    "mrr_top4": 0.5,
    "ndcg10": 0.4749528222210551,
    "ndcg_at_4": 0.4643944167678145,
    "ndcg_at_12": 0.48051197142338714,
    "ndcg_at_16": 0.5220404209452092,
    "ndcg_at_20": 0.5256078479147267,
    "roc_auc_upset": 0.8222222222222222,
    "rank_mae_pred_vs_playoff_final_results": 7.4666666984558105,
    "rank_rmse_pred_vs_playoff_final_results": 9.186946868896484,
    "rank_mae_eos_standings_vs_playoff_final_results": 3.1333333333333333,
    "rank_rmse_eos_standings_vs_playoff_final_results": 4.449719092257398,
    "playoff_metrics": {
      "spearman_pred_vs_playoff_final_results": 0.43759733036707454,
      "ndcg_at_4_final_four": 0.4643812234227066,
      "ndcg10_pred_vs_playoff_final_results": 0.4749394332920467,
      "brier_championship_odds": 0.03222232684493065,
      "rank_mae_pred_vs_playoff_final_results": 7.4666666984558105,
      "rank_rmse_pred_vs_playoff_final_results": 9.186946868896484,
      "rank_mae_eos_standings_vs_playoff_final_results": 3.1333333333333333,
      "rank_rmse_eos_standings_vs_playoff_final_results": 4.449719092257398
    }
  },
  "test_metrics_model_a": {
    "ndcg": 0.4749528222210551,
    "spearman": 0.43670745272525024,
    "mrr_top2": 0.5,
    "mrr_top4": 0.5,
    "ndcg10": 0.4749528222210551,
    "ndcg_at_4": 0.4643944167678145,
    "ndcg_at_12": 0.48051197142338714,
    "ndcg_at_16": 0.5220404209452092,
    "ndcg_at_20": 0.5256078479147267,
    "roc_auc_upset": 0.8222222222222222
  },
  "test_metrics_model_b": {
    "ndcg": 0.2143905751708314,
    "spearman": 0.614238042269188,
    "mrr_top2": 0.2,
    "mrr_top4": 0.2,
    "ndcg10": 0.2143905751708314,
    "ndcg_at_4": 0.04166423104576856,
    "ndcg_at_12": 0.21443103615084555,
    "ndcg_at_16": 0.3967057424840153,
    "ndcg_at_20": 0.39670487939472376,
    "roc_auc_upset": 0.7678571428571429
  },
  "test_metrics_model_c": {
    "ndcg": 0.05124995751403931,
    "spearman": 0.30189098998887653,
    "mrr_top2": 0.0625,
    "mrr_top4": 0.2,
    "ndcg10": 0.05124995751403931,
    "ndcg_at_4": 0.00711064040423231,
    "ndcg_at_12": 0.056899138174850025,
    "ndcg_at_16": 0.1769467286075223,
    "ndcg_at_20": 0.17934445367388585,
    "roc_auc_upset": 0.8258928571428571
  },
  "test_metrics_by_conference": {
    "E": {
      "ndcg": 0.2523239197050784,
      "spearman": 0.21428571428571427
    },
    "W": {
      "ndcg": 0.7292320651604584,
      "spearman": 0.6285714285714286
    }
  },
  "notes": {
    "eos_rank_source": "eos_final_rank"
  }
}