{
  "notes": {
    "eval_on": "test",
    "eos_rank_source": "eos_final_rank",
    "upset_definition": "sleeper = EOS_global_rank > predicted_strength",
    "mrr_top2": "1/rank of first team in top 2 (champion+runner-up) in predicted order.",
    "mrr_top4": "1/rank of first team in top 4 (conference finals) in predicted order.",
    "per_conference_relevance": "Within E/W: actual rank derived from EOS_global_rank (1=best in conf); NDCG/Spearman use this relevance.",
    "playoff_metrics": "Spearman (pred global vs playoff_final_results), NDCG@4 (final four), Brier (champion vs odds). rank_mae/rank_rmse: pred vs playoff_final_results; eos_standings vs playoff_final_results (baseline)."
  },
  "split_info": {
    "train_frac": 0.75,
    "n_train_dates": 141,
    "n_test_dates": 36,
    "split_mode": "seasons"
  },
  "test_metrics_ensemble": {
    "ndcg": 0.4822886771311598,
    "spearman": 0.4682981090100112,
    "mrr_top2": 0.5,
    "mrr_top4": 0.5,
    "ndcg10": 0.4822886771311598,
    "ndcg_at_4": 0.4643944167678145,
    "ndcg_at_12": 0.5260702750515918,
    "ndcg_at_16": 0.5272734874750286,
    "ndcg_at_20": 0.5272756946151929,
    "roc_auc_upset": 0.7723214285714286,
    "rank_mae_pred_vs_playoff_final_results": 7.066666603088379,
    "rank_rmse_pred_vs_playoff_final_results": 8.925618171691895,
    "rank_mae_eos_standings_vs_playoff_final_results": 3.1333333333333333,
    "rank_rmse_eos_standings_vs_playoff_final_results": 4.449719092257398,
    "playoff_metrics": {
      "spearman_pred_vs_playoff_final_results": 0.4593993325917686,
      "ndcg_at_4_final_four": 0.4643812234227066,
      "ndcg10_pred_vs_playoff_final_results": 0.4822758464841708,
      "brier_championship_odds": 0.03222232684493065,
      "rank_mae_pred_vs_playoff_final_results": 7.066666603088379,
      "rank_rmse_pred_vs_playoff_final_results": 8.925618171691895,
      "rank_mae_eos_standings_vs_playoff_final_results": 3.1333333333333333,
      "rank_rmse_eos_standings_vs_playoff_final_results": 4.449719092257398
    }
  },
  "test_metrics_model_a": {
    "ndcg": 0.4822886771311598,
    "spearman": 0.4682981090100112,
    "mrr_top2": 0.5,
    "mrr_top4": 0.5,
    "ndcg10": 0.4822886771311598,
    "ndcg_at_4": 0.4643944167678145,
    "ndcg_at_12": 0.5260702750515918,
    "ndcg_at_16": 0.5272734874750286,
    "ndcg_at_20": 0.5272756946151929,
    "roc_auc_upset": 0.7723214285714286
  },
  "test_metrics_model_b": {
    "ndcg": 0.21441954104337801,
    "spearman": 0.6324805339265851,
    "mrr_top2": 0.2,
    "mrr_top4": 0.2,
    "ndcg10": 0.21441954104337801,
    "ndcg_at_4": 0.04166423104576856,
    "ndcg_at_12": 0.2363947762185742,
    "ndcg_at_16": 0.3953397735071439,
    "ndcg_at_20": 0.39533839304479246,
    "roc_auc_upset": 0.7589285714285714
  },
  "test_metrics_model_c": {
    "ndcg": 0.05124995751403931,
    "spearman": 0.30233592880978866,
    "mrr_top2": 0.06666666666666667,
    "mrr_top4": 0.2,
    "ndcg10": 0.05124995751403931,
    "ndcg_at_4": 0.00711064040423231,
    "ndcg_at_12": 0.056899138174850025,
    "ndcg_at_16": 0.17781540372208415,
    "ndcg_at_20": 0.18021312496782235,
    "roc_auc_upset": 0.8258928571428571
  },
  "test_metrics_by_conference": {
    "E": {
      "ndcg": 0.2523239197050784,
      "spearman": 0.2071428571428571
    },
    "W": {
      "ndcg": 0.751117189123901,
      "spearman": 0.7
    }
  },
  "by_season": {
    "2023-24": {
      "test_metrics_ensemble": {
        "ndcg": 0.548334171243635,
        "spearman": 0.40734149054505003,
        "mrr_top2": 1.0,
        "mrr_top4": 1.0,
        "ndcg10": 0.548334171243635,
        "ndcg_at_4": 0.35315119534797357,
        "ndcg_at_12": 0.5934953008182897,
        "ndcg_at_16": 0.5953404657324376,
        "ndcg_at_20": 0.5953472736011873,
        "roc_auc_upset": 0.7058823529411764,
        "rank_mae_pred_vs_playoff_final_results": 7.4666666984558105,
        "rank_rmse_pred_vs_playoff_final_results": 9.423375129699707,
        "rank_mae_eos_standings_vs_playoff_final_results": 3.7333333333333334,
        "rank_rmse_eos_standings_vs_playoff_final_results": 6.093712606722878,
        "playoff_metrics": {
          "spearman_pred_vs_playoff_final_results": 0.44694104560622916,
          "ndcg_at_4_final_four": 0.35315119534797357,
          "ndcg10_pred_vs_playoff_final_results": 0.5483391833122163,
          "brier_championship_odds": 0.03222232684493065,
          "rank_mae_pred_vs_playoff_final_results": 7.4666666984558105,
          "rank_rmse_pred_vs_playoff_final_results": 9.423375129699707,
          "rank_mae_eos_standings_vs_playoff_final_results": 3.7333333333333334,
          "rank_rmse_eos_standings_vs_playoff_final_results": 6.093712606722878
        }
      },
      "test_metrics_model_a": {
        "ndcg": 0.548334171243635,
        "spearman": 0.3939933259176863,
        "mrr_top2": 1.0,
        "mrr_top4": 1.0,
        "ndcg10": 0.548334171243635,
        "ndcg_at_4": 0.35315119534797357,
        "ndcg_at_12": 0.5934953008182897,
        "ndcg_at_16": 0.5953404327014139,
        "ndcg_at_20": 0.5953470808131952,
        "roc_auc_upset": 0.7104072398190044
      },
      "test_metrics_model_b": {
        "ndcg": 0.8110618199798463,
        "spearman": 0.4602892102335928,
        "mrr_top2": 1.0,
        "mrr_top4": 1.0,
        "ndcg10": 0.8110618199798463,
        "ndcg_at_4": 0.7116242168324007,
        "ndcg_at_12": 0.8108729739987136,
        "ndcg_at_16": 0.8108908603872064,
        "ndcg_at_20": 0.8545304299513384,
        "roc_auc_upset": 0.7644444444444445
      },
      "test_metrics_model_c": {
        "ndcg": 0.333487026575135,
        "spearman": 0.23515016685205786,
        "mrr_top2": 0.16666666666666666,
        "mrr_top4": 0.16666666666666666,
        "ndcg10": 0.333487026575135,
        "ndcg_at_4": 0.0011069724610271625,
        "ndcg_at_12": 0.33890731926775686,
        "ndcg_at_16": 0.35966393831396193,
        "ndcg_at_20": 0.3711507384927367,
        "roc_auc_upset": 0.7633928571428571
      },
      "test_metrics_by_conference": {
        "E": {
          "ndcg": 0.38369169619137905,
          "spearman": 0.25357142857142856
        },
        "W": {
          "ndcg": 0.9181726461403815,
          "spearman": 0.5428571428571428
        }
      },
      "notes": {
        "eos_rank_source": "eos_final_rank"
      }
    },
    "2024-25": {
      "test_metrics_ensemble": {
        "ndcg": 0.4822886771311598,
        "spearman": 0.4682981090100112,
        "mrr_top2": 0.5,
        "mrr_top4": 0.5,
        "ndcg10": 0.4822886771311598,
        "ndcg_at_4": 0.4643944167678145,
        "ndcg_at_12": 0.5260702750515918,
        "ndcg_at_16": 0.5272734874750286,
        "ndcg_at_20": 0.5272756946151929,
        "roc_auc_upset": 0.7723214285714286,
        "rank_mae_pred_vs_playoff_final_results": 7.066666603088379,
        "rank_rmse_pred_vs_playoff_final_results": 8.925618171691895,
        "rank_mae_eos_standings_vs_playoff_final_results": 3.1333333333333333,
        "rank_rmse_eos_standings_vs_playoff_final_results": 4.449719092257398,
        "playoff_metrics": {
          "spearman_pred_vs_playoff_final_results": 0.4593993325917686,
          "ndcg_at_4_final_four": 0.4643812234227066,
          "ndcg10_pred_vs_playoff_final_results": 0.4822758464841708,
          "brier_championship_odds": 0.03222232684493065,
          "rank_mae_pred_vs_playoff_final_results": 7.066666603088379,
          "rank_rmse_pred_vs_playoff_final_results": 8.925618171691895,
          "rank_mae_eos_standings_vs_playoff_final_results": 3.1333333333333333,
          "rank_rmse_eos_standings_vs_playoff_final_results": 4.449719092257398
        }
      },
      "test_metrics_model_a": {
        "ndcg": 0.4822886771311598,
        "spearman": 0.4682981090100112,
        "mrr_top2": 0.5,
        "mrr_top4": 0.5,
        "ndcg10": 0.4822886771311598,
        "ndcg_at_4": 0.4643944167678145,
        "ndcg_at_12": 0.5260702750515918,
        "ndcg_at_16": 0.5272734874750286,