{
  "test_metrics_ensemble": {
    "ndcg": 0.4839017626002374,
    "spearman": 0.4883203559510568,
    "mrr_top2": 0.5,
    "mrr_top4": 0.5,
    "ndcg10": 0.4839017626002374,
    "ndcg_at_4": 0.46437685999867345,
    "ndcg_at_12": 0.5294173198862445,
    "ndcg_at_16": 0.5306404502212977,
    "ndcg_at_20": 0.5329534253706528,
    "roc_auc_upset": 0.7455357142857143,
    "rank_mae_pred_vs_playoff_final_results": 6.666666507720947,
    "rank_rmse_pred_vs_playoff_final_results": 8.755949974060059,
    "rank_mae_eos_standings_vs_playoff_final_results": 3.1333333333333333,
    "rank_rmse_eos_standings_vs_playoff_final_results": 4.449719092257398,
    "playoff_metrics": {
      "spearman_pred_vs_playoff_final_results": 0.4776418242491657,
      "ndcg_at_4_final_four": 0.4643768342304213,
      "ndcg10_pred_vs_playoff_final_results": 0.48388969374383456,
      "brier_championship_odds": 0.03222232684493065,
      "rank_mae_pred_vs_playoff_final_results": 6.666666507720947,
      "rank_rmse_pred_vs_playoff_final_results": 8.755949974060059,
      "rank_mae_eos_standings_vs_playoff_final_results": 3.1333333333333333,
      "rank_rmse_eos_standings_vs_playoff_final_results": 4.449719092257398
    }
  },
  "test_metrics_model_a": {
    "ndcg": 0.4839017626002374,
    "spearman": 0.4838709677419355,
    "mrr_top2": 0.5,
    "mrr_top4": 0.5,
    "ndcg10": 0.4839017626002374,
    "ndcg_at_4": 0.46437685999867345,
    "ndcg_at_12": 0.5294173198862445,
    "ndcg_at_16": 0.5306404502212977,
    "ndcg_at_20": 0.5329533455506151,
    "roc_auc_upset": 0.75
  },
  "test_metrics_model_b": {
    "ndcg": 0.21306130463124376,
    "spearman": 0.5661846496106785,
    "mrr_top2": 0.2,
    "mrr_top4": 0.2,
    "ndcg10": 0.21306130463124376,
    "ndcg_at_4": 0.04029517653159447,
    "ndcg_at_12": 0.2350368965705642,
    "ndcg_at_16": 0.23506987241674346,
    "ndcg_at_20": 0.23507427261420852,
    "roc_auc_upset": 0.7731481481481481
  },
  "test_metrics_model_c": {
    "ndcg": 0.05124995751403931,
    "spearman": 0.30233592880978866,
    "mrr_top2": 0.06666666666666667,
    "mrr_top4": 0.2,
    "ndcg10": 0.05124995751403931,
    "ndcg_at_4": 0.00711064040423231,
    "ndcg_at_12": 0.056899138174850025,
    "ndcg_at_16": 0.17781540372208415,
    "ndcg_at_20": 0.18021312496782235,
    "roc_auc_upset": 0.8258928571428571
  },
  "test_metrics_by_conference": {
    "E": {
      "ndcg": 0.2637442104340539,
      "spearman": 0.19999999999999998
    },
    "W": {
      "ndcg": 0.7737754720340771,
      "spearman": 0.7499999999999999
    }
  },
  "notes": {
    "eos_rank_source": "eos_final_rank"
  }
}