{
  "test_metrics_ensemble": {
    "ndcg": 0.5483235203748162,
    "spearman": 0.3975528364849833,
    "mrr_top2": 1.0,
    "mrr_top4": 1.0,
    "ndcg10": 0.5483235203748162,
    "ndcg_at_4": 0.35315119534797357,
    "ndcg_at_12": 0.5934806348490992,
    "ndcg_at_16": 0.5947392129510826,
    "ndcg_at_20": 0.5953543099483835,
    "roc_auc_upset": 0.7321428571428572,
    "rank_mae_pred_vs_playoff_final_results": 7.400000095367432,
    "rank_rmse_pred_vs_playoff_final_results": 9.500877380371094,
    "rank_mae_eos_standings_vs_playoff_final_results": 3.7333333333333334,
    "rank_rmse_eos_standings_vs_playoff_final_results": 6.093712606722878,
    "playoff_metrics": {
      "spearman_pred_vs_playoff_final_results": 0.4251390433815351,
      "ndcg_at_4_final_four": 0.35315119534797357,
      "ndcg10_pred_vs_playoff_final_results": 0.5483298636597933,
      "brier_championship_odds": 0.03222232684493065,
      "rank_mae_pred_vs_playoff_final_results": 7.400000095367432,
      "rank_rmse_pred_vs_playoff_final_results": 9.500877380371094,
      "rank_mae_eos_standings_vs_playoff_final_results": 3.7333333333333334,
      "rank_rmse_eos_standings_vs_playoff_final_results": 6.093712606722878
    }
  },
  "test_metrics_model_a": {
    "ndcg": 0.5483235203748162,
    "spearman": 0.4042269187986652,
    "mrr_top2": 1.0,
    "mrr_top4": 1.0,
    "ndcg10": 0.5483235203748162,
    "ndcg_at_4": 0.35315119534797357,
    "ndcg_at_12": 0.5934806348490992,
    "ndcg_at_16": 0.5953599398451292,
    "ndcg_at_20": 0.5953665850505555,
    "roc_auc_upset": 0.7276785714285715
  },
  "test_metrics_model_b": {
    "ndcg": 0.5771795601471952,
    "spearman": 0.4780867630700778,
    "mrr_top2": 0.5,
    "mrr_top4": 0.5,
    "ndcg10": 0.5771795601471952,
    "ndcg_at_4": 0.44093212795935904,
    "ndcg_at_12": 0.5770306329628674,
    "ndcg_at_16": 0.6186303692342001,
    "ndcg_at_20": 0.6232536025943433,
    "roc_auc_upset": 0.76
  },
  "test_metrics_model_c": {
    "ndcg": 0.333487026575135,
    "spearman": 0.23515016685205786,
    "mrr_top2": 0.16666666666666666,
    "mrr_top4": 0.16666666666666666,
    "ndcg10": 0.333487026575135,
    "ndcg_at_4": 0.0011069724610271625,
    "ndcg_at_12": 0.33890731926775686,
    "ndcg_at_16": 0.35966393831396193,
    "ndcg_at_20": 0.3711507384927367,
    "roc_auc_upset": 0.7633928571428571
  },
  "test_metrics_by_conference": {
    "E": {
      "ndcg": 0.3851402749883562,
      "spearman": 0.25357142857142856
    },
    "W": {
      "ndcg": 0.915875573301235,
      "spearman": 0.5285714285714286
    }
  },
  "notes": {
    "eos_rank_source": "eos_final_rank"
  }
}