{
  "notes": {
    "eval_on": "test",
    "eos_rank_source": "eos_final_rank",
    "upset_definition": "sleeper = EOS_global_rank > predicted_strength",
    "mrr_top2": "1/rank of first team in top 2 (champion+runner-up) in predicted order.",
    "mrr_top4": "1/rank of first team in top 4 (conference finals) in predicted order.",
    "per_conference_relevance": "Within E/W: actual rank derived from EOS_global_rank (1=best in conf); NDCG/Spearman use this relevance.",
    "playoff_metrics": "Spearman (pred global vs playoff_final_results), NDCG@4 (final four), Brier (champion vs odds). rank_mae/rank_rmse: pred vs playoff_final_results; eos_standings vs playoff_final_results (baseline)."
  },
  "split_info": {
    "train_frac": 0.75,
    "n_train_dates": 141,
    "n_test_dates": 36,
    "split_mode": "seasons"
  },
  "test_metrics_ensemble": {
    "ndcg": 0.48274415620938443,
    "spearman": 0.4767519466073415,
    "mrr_top2": 0.5,
    "mrr_top4": 0.5,
    "ndcg10": 0.48274415620938443,
    "ndcg_at_4": 0.4643944167678145,
    "ndcg_at_12": 0.5282600175605945,
    "ndcg_at_16": 0.5282407791596143,
    "ndcg_at_20": 0.531849091067872,
    "roc_auc_upset": 0.7647058823529412,
    "rank_mae_pred_vs_playoff_final_results": 7.0,
    "rank_rmse_pred_vs_playoff_final_results": 8.854377746582031,
    "rank_mae_eos_standings_vs_playoff_final_results": 3.1333333333333333,
    "rank_rmse_eos_standings_vs_playoff_final_results": 4.449719092257398,
    "playoff_metrics": {
      "spearman_pred_vs_playoff_final_results": 0.4794215795328142,
      "ndcg_at_4_final_four": 0.4643812234227066,
      "ndcg10_pred_vs_playoff_final_results": 0.48273078952346987,
      "brier_championship_odds": 0.03222232684493065,
      "rank_mae_pred_vs_playoff_final_results": 7.0,
      "rank_rmse_pred_vs_playoff_final_results": 8.854377746582031,
      "rank_mae_eos_standings_vs_playoff_final_results": 3.1333333333333333,
      "rank_rmse_eos_standings_vs_playoff_final_results": 4.449719092257398
    }
  },
  "test_metrics_model_a": {
    "ndcg": 0.48274415620938443,
    "spearman": 0.4767519466073415,
    "mrr_top2": 0.5,
    "mrr_top4": 0.5,
    "ndcg10": 0.48274415620938443,
    "ndcg_at_4": 0.4643944167678145,
    "ndcg_at_12": 0.5282600175605945,
    "ndcg_at_16": 0.5282407791596143,
    "ndcg_at_20": 0.531849091067872,
    "roc_auc_upset": 0.7647058823529412
  },
  "test_metrics_model_b": {
    "ndcg": 0.21441954104337801,
    "spearman": 0.5795328142380423,
    "mrr_top2": 0.2,
    "mrr_top4": 0.2,
    "ndcg10": 0.21441954104337801,
    "ndcg_at_4": 0.04166423104576856,
    "ndcg_at_12": 0.2363947762185742,
    "ndcg_at_16": 0.23638776826960797,
    "ndcg_at_20": 0.3843059073027361,
    "roc_auc_upset": 0.7870370370370371
  },
  "test_metrics_model_c": {
    "ndcg": 0.05124995751403931,
    "spearman": 0.30233592880978866,
    "mrr_top2": 0.06666666666666667,
    "mrr_top4": 0.2,
    "ndcg10": 0.05124995751403931,
    "ndcg_at_4": 0.00711064040423231,
    "ndcg_at_12": 0.056899138174850025,
    "ndcg_at_16": 0.17781540372208415,
    "ndcg_at_20": 0.18021312496782235,
    "roc_auc_upset": 0.8258928571428571
  },
  "test_metrics_by_conference": {
    "E": {
      "ndcg": 0.26759913743142427,
      "spearman": 0.28928571428571426
    },
    "W": {
      "ndcg": 0.7505337657243399,
      "spearman": 0.6499999999999999
    }
  },
  "by_season": {
    "2023-24": {
      "test_metrics_ensemble": {
        "ndcg": 0.5699589012110978,
        "spearman": 0.4153503893214683,
        "mrr_top2": 1.0,
        "mrr_top4": 1.0,
        "ndcg10": 0.5699589012110978,
        "ndcg_at_4": 0.35315119534797357,
        "ndcg_at_12": 0.5711861636633682,
        "ndcg_at_16": 0.6137941533847889,
        "ndcg_at_20": 0.6144000298670089,
        "roc_auc_upset": 0.7366071428571428,
        "rank_mae_pred_vs_playoff_final_results": 7.333333492279053,
        "rank_rmse_pred_vs_playoff_final_results": 9.359487533569336,
        "rank_mae_eos_standings_vs_playoff_final_results": 3.7333333333333334,
        "rank_rmse_eos_standings_vs_playoff_final_results": 6.093712606722878,
        "playoff_metrics": {
          "spearman_pred_vs_playoff_final_results": 0.4709677419354839,
          "ndcg_at_4_final_four": 0.35315119534797357,
          "ndcg10_pred_vs_playoff_final_results": 0.5699641505103845,
          "brier_championship_odds": 0.03222232684493065,
          "rank_mae_pred_vs_playoff_final_results": 7.333333492279053,
          "rank_rmse_pred_vs_playoff_final_results": 9.359487533569336,
          "rank_mae_eos_standings_vs_playoff_final_results": 3.7333333333333334,
          "rank_rmse_eos_standings_vs_playoff_final_results": 6.093712606722878
        }
      },
      "test_metrics_model_a": {
        "ndcg": 0.5699589012110978,
        "spearman": 0.41401557285873186,
        "mrr_top2": 1.0,
        "mrr_top4": 1.0,
        "ndcg10": 0.5699589012110978,
        "ndcg_at_4": 0.35315119534797357,
        "ndcg_at_12": 0.5711861636633682,
        "ndcg_at_16": 0.6137941533847889,
        "ndcg_at_20": 0.6144000298670089,
        "roc_auc_upset": 0.7410714285714286
      },
      "test_metrics_model_b": {
        "ndcg": 0.8100722570433893,
        "spearman": 0.4629588431590656,
        "mrr_top2": 1.0,
        "mrr_top4": 1.0,
        "ndcg10": 0.8100722570433893,
        "ndcg_at_4": 0.7261751187226982,
        "ndcg_at_12": 0.8098836709879598,
        "ndcg_at_16": 0.80989992887241,
        "ndcg_at_20": 0.8535393855766645,
        "roc_auc_upset": 0.76
      },
      "test_metrics_model_c": {
        "ndcg": 0.3335099094849099,
        "spearman": 0.23915461624026696,
        "mrr_top2": 0.16666666666666666,
        "mrr_top4": 0.16666666666666666,
        "ndcg10": 0.3335099094849099,
        "ndcg_at_4": 0.0011069724610271625,
        "ndcg_at_12": 0.3389081203242068,
        "ndcg_at_16": 0.3596647393089661,
        "ndcg_at_20": 0.371151539484218,
        "roc_auc_upset": 0.7633928571428571
      },
      "test_metrics_by_conference": {
        "E": {
          "ndcg": 0.3870089925370491,
          "spearman": 0.28928571428571426
        },
        "W": {
          "ndcg": 0.9111477815426928,
          "spearman": 0.4928571428571427
        }
      },
      "notes": {
        "eos_rank_source": "eos_final_rank"
      }
    },
    "2024-25": {
      "test_metrics_ensemble": {
        "ndcg": 0.48274415620938443,
        "spearman": 0.4767519466073415,
        "mrr_top2": 0.5,
        "mrr_top4": 0.5,
        "ndcg10": 0.48274415620938443,
        "ndcg_at_4": 0.4643944167678145,
        "ndcg_at_12": 0.5282600175605945,
        "ndcg_at_16": 0.5282407791596143,
        "ndcg_at_20": 0.531849091067872,
        "roc_auc_upset": 0.7647058823529412,
        "rank_mae_pred_vs_playoff_final_results": 7.0,
        "rank_rmse_pred_vs_playoff_final_results": 8.854377746582031,
        "rank_mae_eos_standings_vs_playoff_final_results": 3.1333333333333333,
        "rank_rmse_eos_standings_vs_playoff_final_results": 4.449719092257398,
        "playoff_metrics": {
          "spearman_pred_vs_playoff_final_results": 0.4794215795328142,
          "ndcg_at_4_final_four": 0.4643812234227066,
          "ndcg10_pred_vs_playoff_final_results": 0.48273078952346987,
          "brier_championship_odds": 0.03222232684493065,
          "rank_mae_pred_vs_playoff_final_results": 7.0,
          "rank_rmse_pred_vs_playoff_final_results": 8.854377746582031,
          "rank_mae_eos_standings_vs_playoff_final_results": 3.1333333333333333,
          "rank_rmse_eos_standings_vs_playoff_final_results": 4.449719092257398
        }
      },
      "test_metrics_model_a": {
        "ndcg": 0.48274415620938443,
        "spearman": 0.4767519466073415,
        "mrr_top2": 0.5,
        "mrr_top4": 0.5,
        "ndcg10": 0.48274415620938443,
        "ndcg_at_4": 0.4643944167678145,
        "ndcg_at_12": 0.5282600175605945,
        "ndcg_at_16": 0.5282407791596143,
        "ndcg_at_20": 0.531849091067872,