{
  "test_metrics_ensemble": {
    "ndcg": 0.48274415620938443,
    "spearman": 0.4767519466073415,
    "mrr_top2": 0.5,
    "mrr_top4": 0.5,
    "ndcg10": 0.48274415620938443,
    "ndcg_at_4": 0.4643944167678145,
    "ndcg_at_12": 0.5282600175605945,
    "ndcg_at_16": 0.5282407791596143,
    "ndcg_at_20": 0.531849091067872,
    "roc_auc_upset": 0.7647058823529412,
    "rank_mae_pred_vs_playoff_final_results": 7.0,
    "rank_rmse_pred_vs_playoff_final_results": 8.854377746582031,
    "rank_mae_eos_standings_vs_playoff_final_results": 3.1333333333333333,
    "rank_rmse_eos_standings_vs_playoff_final_results": 4.449719092257398,
    "playoff_metrics": {
      "spearman_pred_vs_playoff_final_results": 0.4794215795328142,
      "ndcg_at_4_final_four": 0.4643812234227066,
      "ndcg10_pred_vs_playoff_final_results": 0.48273078952346987,
      "brier_championship_odds": 0.03222232684493065,
      "rank_mae_pred_vs_playoff_final_results": 7.0,
      "rank_rmse_pred_vs_playoff_final_results": 8.854377746582031,
      "rank_mae_eos_standings_vs_playoff_final_results": 3.1333333333333333,
      "rank_rmse_eos_standings_vs_playoff_final_results": 4.449719092257398
    }
  },
  "test_metrics_model_a": {
    "ndcg": 0.48274415620938443,
    "spearman": 0.4767519466073415,
    "mrr_top2": 0.5,
    "mrr_top4": 0.5,
    "ndcg10": 0.48274415620938443,
    "ndcg_at_4": 0.4643944167678145,
    "ndcg_at_12": 0.5282600175605945,
    "ndcg_at_16": 0.5282407791596143,
    "ndcg_at_20": 0.531849091067872,
    "roc_auc_upset": 0.7647058823529412
  },
  "test_metrics_model_b": {
    "ndcg": 0.21441954104337801,
    "spearman": 0.5795328142380423,
    "mrr_top2": 0.2,
    "mrr_top4": 0.2,
    "ndcg10": 0.21441954104337801,
    "ndcg_at_4": 0.04166423104576856,
    "ndcg_at_12": 0.2363947762185742,
    "ndcg_at_16": 0.23638776826960797,
    "ndcg_at_20": 0.3843059073027361,
    "roc_auc_upset": 0.7870370370370371
  },
  "test_metrics_model_c": {
    "ndcg": 0.05124995751403931,
    "spearman": 0.30233592880978866,
    "mrr_top2": 0.06666666666666667,
    "mrr_top4": 0.2,
    "ndcg10": 0.05124995751403931,
    "ndcg_at_4": 0.00711064040423231,
    "ndcg_at_12": 0.056899138174850025,
    "ndcg_at_16": 0.17781540372208415,
    "ndcg_at_20": 0.18021312496782235,
    "roc_auc_upset": 0.8258928571428571
  },
  "test_metrics_by_conference": {
    "E": {
      "ndcg": 0.26759913743142427,
      "spearman": 0.28928571428571426
    },
    "W": {
      "ndcg": 0.7505337657243399,
      "spearman": 0.6499999999999999
    }
  },
  "notes": {
    "eos_rank_source": "eos_final_rank"
  }
}