{
  "test_metrics_ensemble": {
    "ndcg": 0.5699589012110978,
    "spearman": 0.4153503893214683,
    "mrr_top2": 1.0,
    "mrr_top4": 1.0,
    "ndcg10": 0.5699589012110978,
    "ndcg_at_4": 0.35315119534797357,
    "ndcg_at_12": 0.5711861636633682,
    "ndcg_at_16": 0.6137941533847889,
    "ndcg_at_20": 0.6144000298670089,
    "roc_auc_upset": 0.7366071428571428,
    "rank_mae_pred_vs_playoff_final_results": 7.333333492279053,
    "rank_rmse_pred_vs_playoff_final_results": 9.359487533569336,
    "rank_mae_eos_standings_vs_playoff_final_results": 3.7333333333333334,
    "rank_rmse_eos_standings_vs_playoff_final_results": 6.093712606722878,
    "playoff_metrics": {
      "spearman_pred_vs_playoff_final_results": 0.4709677419354839,
      "ndcg_at_4_final_four": 0.35315119534797357,
      "ndcg10_pred_vs_playoff_final_results": 0.5699641505103845,
      "brier_championship_odds": 0.03222232684493065,
      "rank_mae_pred_vs_playoff_final_results": 7.333333492279053,
      "rank_rmse_pred_vs_playoff_final_results": 9.359487533569336,
      "rank_mae_eos_standings_vs_playoff_final_results": 3.7333333333333334,
      "rank_rmse_eos_standings_vs_playoff_final_results": 6.093712606722878
    }
  },
  "test_metrics_model_a": {
    "ndcg": 0.5699589012110978,
    "spearman": 0.41401557285873186,
    "mrr_top2": 1.0,
    "mrr_top4": 1.0,
    "ndcg10": 0.5699589012110978,
    "ndcg_at_4": 0.35315119534797357,
    "ndcg_at_12": 0.5711861636633682,
    "ndcg_at_16": 0.6137941533847889,
    "ndcg_at_20": 0.6144000298670089,
    "roc_auc_upset": 0.7410714285714286
  },
  "test_metrics_model_b": {
    "ndcg": 0.8100722570433893,
    "spearman": 0.4629588431590656,
    "mrr_top2": 1.0,
    "mrr_top4": 1.0,
    "ndcg10": 0.8100722570433893,
    "ndcg_at_4": 0.7261751187226982,
    "ndcg_at_12": 0.8098836709879598,
    "ndcg_at_16": 0.80989992887241,
    "ndcg_at_20": 0.8535393855766645,
    "roc_auc_upset": 0.76
  },
  "test_metrics_model_c": {
    "ndcg": 0.3335099094849099,
    "spearman": 0.23915461624026696,
    "mrr_top2": 0.16666666666666666,
    "mrr_top4": 0.16666666666666666,
    "ndcg10": 0.3335099094849099,
    "ndcg_at_4": 0.0011069724610271625,
    "ndcg_at_12": 0.3389081203242068,
    "ndcg_at_16": 0.3596647393089661,
    "ndcg_at_20": 0.371151539484218,
    "roc_auc_upset": 0.7633928571428571
  },
  "test_metrics_by_conference": {
    "E": {
      "ndcg": 0.3870089925370491,
      "spearman": 0.28928571428571426
    },
    "W": {
      "ndcg": 0.9111477815426928,
      "spearman": 0.4928571428571427
    }
  },
  "notes": {
    "eos_rank_source": "eos_final_rank"
  }
}