{
  "notes": {
    "eval_on": "test",
    "eos_rank_source": "eos_final_rank",
    "upset_definition": "sleeper = EOS_global_rank > predicted_strength",
    "mrr_top2": "1/rank of first team in top 2 (champion+runner-up) in predicted order.",
    "mrr_top4": "1/rank of first team in top 4 (conference finals) in predicted order.",
    "per_conference_relevance": "Within E/W: actual rank derived from EOS_global_rank (1=best in conf); NDCG/Spearman use this relevance.",
    "playoff_metrics": "Spearman (pred global vs playoff_final_results), NDCG@4 (final four), Brier (champion vs odds). rank_mae/rank_rmse: pred vs playoff_final_results; eos_standings vs playoff_final_results (baseline)."
  },
  "split_info": {
    "train_frac": 0.75,
    "n_train_dates": 141,
    "n_test_dates": 36,
    "split_mode": "seasons"
  },
  "test_metrics_ensemble": {
    "ndcg": 0.48594547977572133,
    "spearman": 0.47630700778642937,
    "mrr_top2": 0.5,
    "mrr_top4": 0.5,
    "ndcg10": 0.48594547977572133,
    "ndcg_at_4": 0.46423103544156546,
    "ndcg_at_12": 0.48581988960597194,
    "ndcg_at_16": 0.5287580053894675,
    "ndcg_at_20": 0.5299798239925453,
    "roc_auc_upset": 0.7678571428571428,
    "rank_mae_pred_vs_playoff_final_results": 6.666666507720947,
    "rank_rmse_pred_vs_playoff_final_results": 8.85814094543457,
    "rank_mae_eos_standings_vs_playoff_final_results": 3.1333333333333333,
    "rank_rmse_eos_standings_vs_playoff_final_results": 4.449719092257398,
    "spearman_standings": -0.5065628476084539,
    "ndcg10_standings": 0.49620495039257245,
    "ndcg_at_4_standings": 0.44576015001201386,
    "ndcg_at_16_standings": 0.5093374742219374,
    "rank_rmse_standings": 8.59844970703125,
    "playoff_metrics": {
      "spearman_pred_vs_playoff_final_results": 0.4843159065628476,
      "ndcg_at_4_final_four": 0.46421784209645756,
      "ndcg10_pred_vs_playoff_final_results": 0.4859326530292566,
      "brier_championship_odds": 0.030076468363404274,
      "rank_mae_pred_vs_playoff_final_results": 6.666666507720947,
      "rank_rmse_pred_vs_playoff_final_results": 8.85814094543457,
      "rank_mae_eos_standings_vs_playoff_final_results": 3.1333333333333333,
      "rank_rmse_eos_standings_vs_playoff_final_results": 4.449719092257398
    }
  },
  "test_metrics_model_a": {
    "ndcg": 0.48450553509496264,
    "spearman": 0.47408231368186876,
    "mrr_top2": 0.5,
    "mrr_top4": 0.5,
    "ndcg10": 0.48450553509496264,
    "ndcg_at_4": 0.46423103544156546,
    "ndcg_at_12": 0.4843803231514178,
    "ndcg_at_16": 0.5273185493582443,
    "ndcg_at_20": 0.5285404064489128,
    "roc_auc_upset": 0.7866666666666666
  },
  "test_metrics_model_b": {
    "ndcg": 0.4376962231760793,
    "spearman": 0.6022246941045606,
    "mrr_top2": 0.2,
    "mrr_top4": 0.2,
    "ndcg10": 0.4376962231760793,
    "ndcg_at_4": 0.047452952934463374,
    "ndcg_at_12": 0.43762445760123064,
    "ndcg_at_16": 0.4595511069090464,
    "ndcg_at_20": 0.45954919637386543,
    "roc_auc_upset": 0.7330316742081447
  },
  "test_metrics_model_c": {
    "ndcg": 0.05139534647930671,
    "spearman": 0.3125695216907675,
    "mrr_top2": 0.07142857142857142,
    "mrr_top4": 0.2,
    "ndcg10": 0.05139534647930671,
    "ndcg_at_4": 0.0072603807417201014,
    "ndcg_at_12": 0.05704448895120833,
    "ndcg_at_16": 0.17989573678693135,
    "ndcg_at_20": 0.18229344888290439,
    "roc_auc_upset": 0.8214285714285714
  },
  "test_metrics_by_conference": {
    "E": {
      "ndcg": 0.2471837093788119,
      "spearman": 0.2821428571428571
    },
    "W": {
      "ndcg": 0.7491563943572732,
      "spearman": 0.5928571428571427
    }
  },
  "by_season": {
    "2023-24": {
      "test_metrics_ensemble": {
        "ndcg": 0.5696950613791082,
        "spearman": 0.2876529477196885,
        "mrr_top2": 1.0,
        "mrr_top4": 1.0,
        "ndcg10": 0.5696950613791082,
        "ndcg_at_4": 0.35315119534797357,
        "ndcg_at_12": 0.6134371112283294,
        "ndcg_at_16": 0.6133939091958297,
        "ndcg_at_20": 0.6133915139421248,
        "roc_auc_upset": 0.8214285714285714,
        "rank_mae_pred_vs_playoff_final_results": 8.399999618530273,
        "rank_rmse_pred_vs_playoff_final_results": 10.331182479858398,
        "rank_mae_eos_standings_vs_playoff_final_results": 3.7333333333333334,
        "rank_rmse_eos_standings_vs_playoff_final_results": 6.093712606722878,
        "spearman_standings": -0.4126807563959955,
        "ndcg10_standings": 0.42916039076298423,
        "ndcg_at_4_standings": 0.16635214014080835,
        "ndcg_at_16_standings": 0.45095849564755486,
        "rank_rmse_standings": 9.380831718444824,
        "playoff_metrics": {
          "spearman_pred_vs_playoff_final_results": 0.3414905450500556,
          "ndcg_at_4_final_four": 0.35315119534797357,
          "ndcg10_pred_vs_playoff_final_results": 0.5697003106783949,
          "brier_championship_odds": 0.0314764641225338,
          "rank_mae_pred_vs_playoff_final_results": 8.399999618530273,
          "rank_rmse_pred_vs_playoff_final_results": 10.331182479858398,
          "rank_mae_eos_standings_vs_playoff_final_results": 3.7333333333333334,
          "rank_rmse_eos_standings_vs_playoff_final_results": 6.093712606722878
        }
      },
      "test_metrics_model_a": {
        "ndcg": 0.5696950613791082,
        "spearman": 0.27919911012235815,
        "mrr_top2": 1.0,
        "mrr_top4": 1.0,
        "ndcg10": 0.5696950613791082,
        "ndcg_at_4": 0.35315119534797357,
        "ndcg_at_12": 0.6134371112283294,
        "ndcg_at_16": 0.6133939091958297,
        "ndcg_at_20": 0.6133915139421248,
        "roc_auc_upset": 0.8214285714285714
      },
      "test_metrics_model_b": {
        "ndcg": 0.7076064772277197,
        "spearman": 0.3325917686318131,
        "mrr_top2": 1.0,
        "mrr_top4": 1.0,
        "ndcg10": 0.7076064772277197,
        "ndcg_at_4": 0.7261751187226982,
        "ndcg_at_12": 0.7951929439280361,
        "ndcg_at_16": 0.8002119824751833,
        "ndcg_at_20": 0.8002872794241469,
        "roc_auc_upset": 0.7991071428571428
      },
      "test_metrics_model_c": {
        "ndcg": 0.33348743391404295,
        "spearman": 0.23337041156840932,
        "mrr_top2": 0.16666666666666666,
        "mrr_top4": 0.16666666666666666,
        "ndcg10": 0.33348743391404295,
        "ndcg_at_4": 0.001111095381373398,
        "ndcg_at_12": 0.3389077264996702,
        "ndcg_at_16": 0.3596643455146382,
        "ndcg_at_20": 0.37000033942981986,
        "roc_auc_upset": 0.7633928571428571
      },
      "test_metrics_by_conference": {
        "E": {
          "ndcg": 0.3460458138177738,
          "spearman": 0.07142857142857141
        },
        "W": {
          "ndcg": 0.9048924174493659,
          "spearman": 0.42857142857142855
        }
      },
      "notes": {
        "eos_rank_source": "eos_final_rank"
      }
    },
    "2024-25": {
      "test_metrics_ensemble": {
        "ndcg": 0.48594547977572133,
        "spearman": 0.47630700778642937,
        "mrr_top2": 0.5,
        "mrr_top4": 0.5,
        "ndcg10": 0.48594547977572133,
        "ndcg_at_4": 0.46423103544156546,
        "ndcg_at_12": 0.48581988960597194,
        "ndcg_at_16": 0.5287580053894675,
        "ndcg_at_20": 0.5299798239925453,
        "roc_auc_upset": 0.7678571428571428,
        "rank_mae_pred_vs_playoff_final_results": 6.666666507720947,
        "rank_rmse_pred_vs_playoff_final_results": 8.85814094543457,
        "rank_mae_eos_standings_vs_playoff_final_results": 3.1333333333333333,
        "rank_rmse_eos_standings_vs_playoff_final_results": 4.449719092257398,
        "spearman_standings": -0.5065628476084539,
        "ndcg10_standings": 0.49620495039257245,
        "ndcg_at_4_standings": 0.44576015001201386,
        "ndcg_at_16_standings": 0.5093374742219374,
        "rank_rmse_standings": 8.59844970703125,
        "playoff_metrics": {
          "spearman_pred_vs_playoff_final_results": 0.4843159065628476,
          "ndcg_at_4_final_four": 0.46421784209645756,