{
  "notes": {
    "eval_on": "test",
    "eos_rank_source": "eos_final_rank",
    "upset_definition": "sleeper = EOS_global_rank > predicted_strength",
    "mrr_top2": "1/rank of first team in top 2 (champion+runner-up) in predicted order.",
    "mrr_top4": "1/rank of first team in top 4 (conference finals) in predicted order.",
    "per_conference_relevance": "Within E/W: actual rank derived from EOS_global_rank (1=best in conf); NDCG/Spearman use this relevance.",
    "playoff_metrics": "Spearman (pred global vs playoff_final_results), NDCG@4 (final four), Brier (champion vs odds). rank_mae/rank_rmse: pred vs playoff_final_results; eos_standings vs playoff_final_results (baseline)."
  },
  "split_info": {
    "train_frac": 0.75,
    "n_train_dates": 141,
    "n_test_dates": 36,
    "split_mode": "seasons"
  },
  "test_metrics_ensemble": {
    "ndcg": 0.4882569487278297,
    "spearman": 0.4682981090100112,
    "mrr_top2": 0.5,
    "mrr_top4": 0.5,
    "ndcg10": 0.4882569487278297,
    "ndcg_at_4": 0.46414085016152934,
    "ndcg_at_12": 0.5323687646391098,
    "ndcg_at_16": 0.5323501772013335,
    "ndcg_at_20": 0.5358799999822309,
    "roc_auc_upset": 0.7589285714285714,
    "rank_mae_pred_vs_playoff_final_results": 6.866666793823242,
    "rank_rmse_pred_vs_playoff_final_results": 8.925618171691895,
    "rank_mae_eos_standings_vs_playoff_final_results": 3.1333333333333333,
    "rank_rmse_eos_standings_vs_playoff_final_results": 4.449719092257398,
    "playoff_metrics": {
      "spearman_pred_vs_playoff_final_results": 0.4700778642936596,
      "ndcg_at_4_final_four": 0.4641255331621935,
      "ndcg10_pred_vs_playoff_final_results": 0.48824149785682247,
      "brier_championship_odds": 0.03222232684493065,
      "rank_mae_pred_vs_playoff_final_results": 6.866666793823242,
      "rank_rmse_pred_vs_playoff_final_results": 8.925618171691895,
      "rank_mae_eos_standings_vs_playoff_final_results": 3.1333333333333333,
      "rank_rmse_eos_standings_vs_playoff_final_results": 4.449719092257398
    }
  },
  "test_metrics_model_a": {
    "ndcg": 0.4882569487278297,
    "spearman": 0.4682981090100112,
    "mrr_top2": 0.5,
    "mrr_top4": 0.5,
    "ndcg10": 0.4882569487278297,
    "ndcg_at_4": 0.46414085016152934,
    "ndcg_at_12": 0.5323687646391098,
    "ndcg_at_16": 0.5323501772013335,
    "ndcg_at_20": 0.5358799999822309,
    "roc_auc_upset": 0.7589285714285714
  },
  "test_metrics_model_b": {
    "ndcg": 0.21440232699843098,
    "spearman": 0.617797552836485,
    "mrr_top2": 0.2,
    "mrr_top4": 0.2,
    "ndcg10": 0.21440232699843098,
    "ndcg_at_4": 0.04166423104576856,
    "ndcg_at_12": 0.2143461856330299,
    "ndcg_at_16": 0.3936627737388285,
    "ndcg_at_20": 0.39366192900730945,
    "roc_auc_upset": 0.7767857142857143
  },
  "test_metrics_model_c": {
    "ndcg": 0.05124995751403931,
    "spearman": 0.307230255839822,
    "mrr_top2": 0.0625,
    "mrr_top4": 0.2,
    "ndcg10": 0.05124995751403931,
    "ndcg_at_4": 0.00711064040423231,
    "ndcg_at_12": 0.056899138174850025,
    "ndcg_at_16": 0.1769467286075223,
    "ndcg_at_20": 0.17934460063934335,
    "roc_auc_upset": 0.8214285714285714
  },
  "test_metrics_by_conference": {
    "E": {
      "ndcg": 0.24095566361910986,
      "spearman": 0.1928571428571428
    },
    "W": {
      "ndcg": 0.7737754720340771,
      "spearman": 0.7428571428571428
    }
  },
  "by_season": {
    "2023-24": {
      "test_metrics_ensemble": {
        "ndcg": 0.541145942154401,
        "spearman": 0.418020022246941,
        "mrr_top2": 1.0,
        "mrr_top4": 1.0,
        "ndcg10": 0.541145942154401,
        "ndcg_at_4": 0.35315119534797357,
        "ndcg_at_12": 0.5863089598408993,
        "ndcg_at_16": 0.5875340059271831,
        "ndcg_at_20": 0.5881377626493786,
        "roc_auc_upset": 0.7991071428571428,
        "rank_mae_pred_vs_playoff_final_results": 7.199999809265137,
        "rank_rmse_pred_vs_playoff_final_results": 9.338093757629395,
        "rank_mae_eos_standings_vs_playoff_final_results": 3.7333333333333334,
        "rank_rmse_eos_standings_vs_playoff_final_results": 6.093712606722878,
        "playoff_metrics": {
          "spearman_pred_vs_playoff_final_results": 0.4407119021134594,
          "ndcg_at_4_final_four": 0.35315119534797357,
          "ndcg10_pred_vs_playoff_final_results": 0.5411514776508096,
          "brier_championship_odds": 0.03222232684493065,
          "rank_mae_pred_vs_playoff_final_results": 7.199999809265137,
          "rank_rmse_pred_vs_playoff_final_results": 9.338093757629395,
          "rank_mae_eos_standings_vs_playoff_final_results": 3.7333333333333334,
          "rank_rmse_eos_standings_vs_playoff_final_results": 6.093712606722878
        }
      },
      "test_metrics_model_a": {
        "ndcg": 0.541145942154401,
        "spearman": 0.4122358175750834,
        "mrr_top2": 1.0,
        "mrr_top4": 1.0,
        "ndcg10": 0.541145942154401,
        "ndcg_at_4": 0.35315119534797357,
        "ndcg_at_12": 0.5863089598408993,
        "ndcg_at_16": 0.5875340059271831,
        "ndcg_at_20": 0.5881377626493786,
        "roc_auc_upset": 0.7737556561085973
      },
      "test_metrics_model_b": {
        "ndcg": 0.8052132314343098,
        "spearman": 0.40200222469410457,
        "mrr_top2": 1.0,
        "mrr_top4": 1.0,
        "ndcg10": 0.8052132314343098,
        "ndcg_at_4": 0.7261751187226982,
        "ndcg_at_12": 0.8050024192658557,
        "ndcg_at_16": 0.8099925750110796,
        "ndcg_at_20": 0.809993536693832,
        "roc_auc_upset": 0.7828054298642533
      },
      "test_metrics_model_c": {
        "ndcg": 0.333487026575135,
        "spearman": 0.23159065628476083,
        "mrr_top2": 0.16666666666666666,
        "mrr_top4": 0.16666666666666666,
        "ndcg10": 0.333487026575135,
        "ndcg_at_4": 0.0011069724610271625,
        "ndcg_at_12": 0.33890731926775686,
        "ndcg_at_16": 0.35966393831396193,
        "ndcg_at_20": 0.3699999322309346,
        "roc_auc_upset": 0.7633928571428571
      },
      "test_metrics_by_conference": {
        "E": {
          "ndcg": 0.38369169619137905,
          "spearman": 0.2321428571428571
        },
        "W": {
          "ndcg": 0.9213917431112483,
          "spearman": 0.6178571428571428
        }
      },
      "notes": {
        "eos_rank_source": "eos_final_rank"
      }
    },
    "2024-25": {
      "test_metrics_ensemble": {
        "ndcg": 0.4882569487278297,
        "spearman": 0.4682981090100112,
        "mrr_top2": 0.5,
        "mrr_top4": 0.5,
        "ndcg10": 0.4882569487278297,
        "ndcg_at_4": 0.46414085016152934,
        "ndcg_at_12": 0.5323687646391098,
        "ndcg_at_16": 0.5323501772013335,
        "ndcg_at_20": 0.5358799999822309,
        "roc_auc_upset": 0.7589285714285714,
        "rank_mae_pred_vs_playoff_final_results": 6.866666793823242,
        "rank_rmse_pred_vs_playoff_final_results": 8.925618171691895,
        "rank_mae_eos_standings_vs_playoff_final_results": 3.1333333333333333,
        "rank_rmse_eos_standings_vs_playoff_final_results": 4.449719092257398,
        "playoff_metrics": {
          "spearman_pred_vs_playoff_final_results": 0.4700778642936596,
          "ndcg_at_4_final_four": 0.4641255331621935,
          "ndcg10_pred_vs_playoff_final_results": 0.48824149785682247,
          "brier_championship_odds": 0.03222232684493065,
          "rank_mae_pred_vs_playoff_final_results": 6.866666793823242,
          "rank_rmse_pred_vs_playoff_final_results": 8.925618171691895,
          "rank_mae_eos_standings_vs_playoff_final_results": 3.1333333333333333,
          "rank_rmse_eos_standings_vs_playoff_final_results": 4.449719092257398
        }
      },
      "test_metrics_model_a": {
        "ndcg": 0.4882569487278297,
        "spearman": 0.4682981090100112,
        "mrr_top2": 0.5,
        "mrr_top4": 0.5,
        "ndcg10": 0.4882569487278297,
        "ndcg_at_4": 0.46414085016152934,
        "ndcg_at_12": 0.5323687646391098,
        "ndcg_at_16": 0.5323501772013335,