{
  "notes": {
    "eval_on": "test",
    "eos_rank_source": "eos_final_rank",
    "upset_definition": "sleeper = EOS_global_rank > predicted_strength",
    "mrr_top2": "1/rank of first team in top 2 (champion+runner-up) in predicted order.",
    "mrr_top4": "1/rank of first team in top 4 (conference finals) in predicted order.",
    "per_conference_relevance": "Within E/W: actual rank derived from EOS_global_rank (1=best in conf); NDCG/Spearman use this relevance.",
    "playoff_metrics": "Spearman (pred global vs playoff_final_results), NDCG@4 (final four), Brier (champion vs odds). rank_mae/rank_rmse: pred vs playoff_final_results; eos_standings vs playoff_final_results (baseline)."
  },
  "split_info": {
    "train_frac": 0.75,
    "n_train_dates": 141,
    "n_test_dates": 36,
    "split_mode": "seasons"
  },
  "test_metrics_ensemble": {
    "ndcg": 0.48613161407409555,
    "spearman": 0.5065628476084539,
    "mrr_top2": 0.5,
    "mrr_top4": 0.5,
    "ndcg10": 0.48613161407409555,
    "ndcg_at_4": 0.4645175546554888,
    "ndcg_at_12": 0.5302439882410295,
    "ndcg_at_16": 0.5314670293307163,
    "ndcg_at_20": 0.5320665814789051,
    "roc_auc_upset": 0.75,
    "rank_mae_pred_vs_playoff_final_results": 6.733333110809326,
    "rank_rmse_pred_vs_playoff_final_results": 8.59844970703125,
    "rank_mae_eos_standings_vs_playoff_final_results": 3.1333333333333333,
    "rank_rmse_eos_standings_vs_playoff_final_results": 4.449719092257398,
    "playoff_metrics": {
      "spearman_pred_vs_playoff_final_results": 0.5003337041156841,
      "ndcg_at_4_final_four": 0.4645175546554888,
      "ndcg10_pred_vs_playoff_final_results": 0.4861195519107244,
      "brier_championship_odds": 0.03222232684493065,
      "rank_mae_pred_vs_playoff_final_results": 6.733333110809326,
      "rank_rmse_pred_vs_playoff_final_results": 8.59844970703125,
      "rank_mae_eos_standings_vs_playoff_final_results": 3.1333333333333333,
      "rank_rmse_eos_standings_vs_playoff_final_results": 4.449719092257398
    }
  },
  "test_metrics_model_a": {
    "ndcg": 0.48613161407409555,
    "spearman": 0.5065628476084539,
    "mrr_top2": 0.5,
    "mrr_top4": 0.5,
    "ndcg10": 0.48613161407409555,
    "ndcg_at_4": 0.4645175546554888,
    "ndcg_at_12": 0.5302439882410295,
    "ndcg_at_16": 0.5314670293307163,
    "ndcg_at_20": 0.5320665814789051,
    "roc_auc_upset": 0.75
  },
  "test_metrics_model_b": {
    "ndcg": 0.21441960365664167,
    "spearman": 0.5982202447163515,
    "mrr_top2": 0.2,
    "mrr_top4": 0.2,
    "ndcg10": 0.21441960365664167,
    "ndcg_at_4": 0.04166423104576856,
    "ndcg_at_12": 0.2370988985390561,
    "ndcg_at_16": 0.23713288182406164,
    "ndcg_at_20": 0.39289958898350946,
    "roc_auc_upset": 0.7555555555555555
  },
  "test_metrics_model_c": {
    "ndcg": 0.05124995751403931,
    "spearman": 0.307230255839822,
    "mrr_top2": 0.0625,
    "mrr_top4": 0.2,
    "ndcg10": 0.05124995751403931,
    "ndcg_at_4": 0.00711064040423231,
    "ndcg_at_12": 0.056899138174850025,
    "ndcg_at_16": 0.1769467286075223,
    "ndcg_at_20": 0.17934460063934335,
    "roc_auc_upset": 0.8214285714285714
  },
  "test_metrics_by_conference": {
    "E": {
      "ndcg": 0.2595236328252539,
      "spearman": 0.22499999999999998
    },
    "W": {
      "ndcg": 0.7621882543043447,
      "spearman": 0.7321428571428571
    }
  },
  "by_season": {
    "2023-24": {
      "test_metrics_ensemble": {
        "ndcg": 0.5937390976295727,
        "spearman": 0.4304783092324805,
        "mrr_top2": 1.0,
        "mrr_top4": 1.0,
        "ndcg10": 0.5937390976295727,
        "ndcg_at_4": 0.33513898093933947,
        "ndcg_at_12": 0.5935844814989442,
        "ndcg_at_16": 0.594876932234545,
        "ndcg_at_20": 0.5954942305433907,
        "roc_auc_upset": 0.71875,
        "rank_mae_pred_vs_playoff_final_results": 7.333333492279053,
        "rank_rmse_pred_vs_playoff_final_results": 9.237604141235352,
        "rank_mae_eos_standings_vs_playoff_final_results": 3.7333333333333334,
        "rank_rmse_eos_standings_vs_playoff_final_results": 6.093712606722878,
        "playoff_metrics": {
          "spearman_pred_vs_playoff_final_results": 0.45850945494994433,
          "ndcg_at_4_final_four": 0.33513815635527017,
          "ndcg10_pred_vs_playoff_final_results": 0.5937382970074649,
          "brier_championship_odds": 0.03222232684493065,
          "rank_mae_pred_vs_playoff_final_results": 7.333333492279053,
          "rank_rmse_pred_vs_playoff_final_results": 9.237604141235352,
          "rank_mae_eos_standings_vs_playoff_final_results": 3.7333333333333334,
          "rank_rmse_eos_standings_vs_playoff_final_results": 6.093712606722878
        }
      },
      "test_metrics_model_a": {
        "ndcg": 0.5937390976295727,
        "spearman": 0.42469410456062295,
        "mrr_top2": 1.0,
        "mrr_top4": 1.0,
        "ndcg10": 0.5937390976295727,
        "ndcg_at_4": 0.33513898093933947,
        "ndcg_at_12": 0.5935844814989442,
        "ndcg_at_16": 0.594876932234545,
        "ndcg_at_20": 0.5954942305433907,
        "roc_auc_upset": 0.71875
      },
      "test_metrics_model_b": {
        "ndcg": 0.8167762461145109,
        "spearman": 0.4629588431590656,
        "mrr_top2": 1.0,
        "mrr_top4": 1.0,
        "ndcg10": 0.8167762461145109,
        "ndcg_at_4": 0.7116242168324007,
        "ndcg_at_12": 0.8165865031139985,
        "ndcg_at_16": 0.8563334081856544,
        "ndcg_at_20": 0.861112733786412,
        "roc_auc_upset": 0.7321428571428572
      },
      "test_metrics_model_c": {
        "ndcg": 0.333487026575135,
        "spearman": 0.23159065628476083,
        "mrr_top2": 0.16666666666666666,
        "mrr_top4": 0.16666666666666666,
        "ndcg10": 0.333487026575135,
        "ndcg_at_4": 0.0011069724610271625,
        "ndcg_at_12": 0.33890731926775686,
        "ndcg_at_16": 0.35966393831396193,
        "ndcg_at_20": 0.3699999322309346,
        "roc_auc_upset": 0.7633928571428571
      },
      "test_metrics_by_conference": {
        "E": {
          "ndcg": 0.3851402749883562,
          "spearman": 0.25357142857142856
        },
        "W": {
          "ndcg": 0.9322328541921252,
          "spearman": 0.5964285714285712
        }
      },
      "notes": {
        "eos_rank_source": "eos_final_rank"
      }
    },
    "2024-25": {
      "test_metrics_ensemble": {
        "ndcg": 0.48613161407409555,
        "spearman": 0.5065628476084539,
        "mrr_top2": 0.5,
        "mrr_top4": 0.5,
        "ndcg10": 0.48613161407409555,
        "ndcg_at_4": 0.4645175546554888,
        "ndcg_at_12": 0.5302439882410295,
        "ndcg_at_16": 0.5314670293307163,
        "ndcg_at_20": 0.5320665814789051,
        "roc_auc_upset": 0.75,
        "rank_mae_pred_vs_playoff_final_results": 6.733333110809326,
        "rank_rmse_pred_vs_playoff_final_results": 8.59844970703125,
        "rank_mae_eos_standings_vs_playoff_final_results": 3.1333333333333333,
        "rank_rmse_eos_standings_vs_playoff_final_results": 4.449719092257398,
        "playoff_metrics": {
          "spearman_pred_vs_playoff_final_results": 0.5003337041156841,
          "ndcg_at_4_final_four": 0.4645175546554888,
          "ndcg10_pred_vs_playoff_final_results": 0.4861195519107244,
          "brier_championship_odds": 0.03222232684493065,
          "rank_mae_pred_vs_playoff_final_results": 6.733333110809326,
          "rank_rmse_pred_vs_playoff_final_results": 8.59844970703125,
          "rank_mae_eos_standings_vs_playoff_final_results": 3.1333333333333333,
          "rank_rmse_eos_standings_vs_playoff_final_results": 4.449719092257398
        }
      },
      "test_metrics_model_a": {
        "ndcg": 0.48613161407409555,
        "spearman": 0.5065628476084539,
        "mrr_top2": 0.5,
        "mrr_top4": 0.5,
        "ndcg10": 0.48613161407409555,
        "ndcg_at_4": 0.4645175546554888,
        "ndcg_at_12": 0.5302439882410295,
        "ndcg_at_16": 0.5314670293307163,
        "ndcg_at_20": 0.5320665814789051,