{
  "test_metrics_ensemble": {
    "ndcg": 0.5988321014022848,
    "spearman": 0.4175750834260289,
    "mrr_top2": 1.0,
    "mrr_top4": 1.0,
    "ndcg10": 0.5988321014022848,
    "ndcg_at_4": 0.3560053866302678,
    "ndcg_at_12": 0.5987231948721004,
    "ndcg_at_16": 0.6005981305201916,
    "ndcg_at_20": 0.6006046080433922,
    "roc_auc_upset": 0.76,
    "rank_mae_pred_vs_playoff_final_results": 7.199999809265137,
    "rank_rmse_pred_vs_playoff_final_results": 9.341663360595703,
    "rank_mae_eos_standings_vs_playoff_final_results": 3.7333333333333334,
    "rank_rmse_eos_standings_vs_playoff_final_results": 6.093712606722878,
    "playoff_metrics": {
      "spearman_pred_vs_playoff_final_results": 0.47230255839822033,
      "ndcg_at_4_final_four": 0.3560053866302678,
      "ndcg10_pred_vs_playoff_final_results": 0.5988376368986935,
      "brier_championship_odds": 0.03222232684493065,
      "rank_mae_pred_vs_playoff_final_results": 7.199999809265137,
      "rank_rmse_pred_vs_playoff_final_results": 9.341663360595703,
      "rank_mae_eos_standings_vs_playoff_final_results": 3.7333333333333334,
      "rank_rmse_eos_standings_vs_playoff_final_results": 6.093712606722878
    }
  },
  "test_metrics_model_a": {
    "ndcg": 0.5988321014022848,
    "spearman": 0.4117908787541713,
    "mrr_top2": 1.0,
    "mrr_top4": 1.0,
    "ndcg10": 0.5988321014022848,
    "ndcg_at_4": 0.3560053866302678,
    "ndcg_at_12": 0.5987231948721004,
    "ndcg_at_16": 0.6005981305201916,
    "ndcg_at_20": 0.6006046080433922,
    "roc_auc_upset": 0.76
  },
  "test_metrics_model_b": {
    "ndcg": 0.46399497798192274,
    "spearman": 0.349944382647386,
    "mrr_top2": 0.5,
    "mrr_top4": 0.5,
    "ndcg10": 0.46399497798192274,
    "ndcg_at_4": 0.4437410146181249,
    "ndcg_at_12": 0.5544941343848714,
    "ndcg_at_16": 0.5545380462073171,
    "ndcg_at_20": 0.5921127286532027,
    "roc_auc_upset": 0.7633928571428571
  },
  "test_metrics_model_c": {
    "ndcg": 0.333487026575135,
    "spearman": 0.21735261401557288,
    "mrr_top2": 0.16666666666666666,
    "mrr_top4": 0.16666666666666666,
    "ndcg10": 0.333487026575135,
    "ndcg_at_4": 0.0011069724610271625,
    "ndcg_at_12": 0.33342221884066475,
    "ndcg_at_16": 0.35859183582960236,
    "ndcg_at_20": 0.3700684187652646,
    "roc_auc_upset": 0.7767857142857143
  },
  "test_metrics_by_conference": {
    "E": {
      "ndcg": 0.38504331979094114,
      "spearman": 0.23571428571428568
    },
    "W": {
      "ndcg": 0.9303735641631001,
      "spearman": 0.5357142857142856
    }
  },
  "notes": {
    "eos_rank_source": "eos_final_rank"
  }
}