{
  "test_metrics_ensemble": {
    "ndcg": 0.48884562035821694,
    "spearman": 0.47986651835372635,
    "mrr_top2": 0.5,
    "mrr_top4": 0.5,
    "ndcg10": 0.48884562035821694,
    "ndcg_at_4": 0.4643519436832566,
    "ndcg_at_12": 0.5343598790550625,
    "ndcg_at_16": 0.5343411130519637,
    "ndcg_at_20": 0.537903981768969,
    "roc_auc_upset": 0.7678571428571428,
    "rank_mae_pred_vs_playoff_final_results": 7.0,
    "rank_rmse_pred_vs_playoff_final_results": 8.827985763549805,
    "rank_mae_eos_standings_vs_playoff_final_results": 3.1333333333333333,
    "rank_rmse_eos_standings_vs_playoff_final_results": 4.449719092257398,
    "playoff_metrics": {
      "spearman_pred_vs_playoff_final_results": 0.4905450500556173,
      "ndcg_at_4_final_four": 0.46433662668392073,
      "ndcg10_pred_vs_playoff_final_results": 0.4888301120074316,
      "brier_championship_odds": 0.03222232684493065,
      "rank_mae_pred_vs_playoff_final_results": 7.0,
      "rank_rmse_pred_vs_playoff_final_results": 8.827985763549805,
      "rank_mae_eos_standings_vs_playoff_final_results": 3.1333333333333333,
      "rank_rmse_eos_standings_vs_playoff_final_results": 4.449719092257398
    }
  },
  "test_metrics_model_a": {
    "ndcg": 0.48883841993302574,
    "spearman": 0.4767519466073415,
    "mrr_top2": 0.5,
    "mrr_top4": 0.5,
    "ndcg10": 0.48883841993302574,
    "ndcg_at_4": 0.4643519436832566,
    "ndcg_at_12": 0.5343526805211867,
    "ndcg_at_16": 0.5343339150702583,
    "ndcg_at_20": 0.5378967838189219,
    "roc_auc_upset": 0.7678571428571428
  },
  "test_metrics_model_b": {
    "ndcg": 0.1788203392016211,
    "spearman": 0.5657397107897664,
    "mrr_top2": 0.16666666666666666,
    "mrr_top4": 0.16666666666666666,
    "ndcg10": 0.1788203392016211,
    "ndcg_at_4": 0.04029517653159447,
    "ndcg_at_12": 0.1795240356221749,
    "ndcg_at_16": 0.22224077580164658,
    "ndcg_at_20": 0.37800753057207603,
    "roc_auc_upset": 0.6990740740740742
  },
  "test_metrics_model_c": {
    "ndcg": 0.05139534647930671,
    "spearman": 0.2645161290322581,
    "mrr_top2": 0.058823529411764705,
    "mrr_top4": 0.2,
    "ndcg10": 0.05139534647930671,
    "ndcg_at_4": 0.0072603807417201014,
    "ndcg_at_12": 0.05704448895120833,
    "ndcg_at_16": 0.09676823561965986,
    "ndcg_at_20": 0.17697163960443327,
    "roc_auc_upset": 0.8348214285714286
  },
  "test_metrics_by_conference": {
    "E": {
      "ndcg": 0.2633676609839623,
      "spearman": 0.2571428571428571
    },
    "W": {
      "ndcg": 0.7723141400583361,
      "spearman": 0.6428571428571428
    }
  },
  "notes": {
    "eos_rank_source": "eos_final_rank"
  }
}