{
  "test_metrics_ensemble": {
    "ndcg": 0.6165030703004372,
    "spearman": 0.4220244716351501,
    "mrr_top2": 1.0,
    "mrr_top4": 1.0,
    "ndcg10": 0.6165030703004372,
    "ndcg_at_4": 0.35315119534797357,
    "ndcg_at_12": 0.6177125780412213,
    "ndcg_at_16": 0.6176715318413446,
    "ndcg_at_20": 0.6182559933272933,
    "roc_auc_upset": 0.7873303167420814,
    "rank_mae_pred_vs_playoff_final_results": 7.4666666984558105,
    "rank_rmse_pred_vs_playoff_final_results": 9.305912017822266,
    "rank_mae_eos_standings_vs_playoff_final_results": 3.7333333333333334,
    "rank_rmse_eos_standings_vs_playoff_final_results": 6.093712606722878,
    "playoff_metrics": {
      "spearman_pred_vs_playoff_final_results": 0.46607341490545046,
      "ndcg_at_4_final_four": 0.35315119534797357,
      "ndcg10_pred_vs_playoff_final_results": 0.6165023511461111,
      "brier_championship_odds": 0.03222232684493065,
      "rank_mae_pred_vs_playoff_final_results": 7.4666666984558105,
      "rank_rmse_pred_vs_playoff_final_results": 9.305912017822266,
      "rank_mae_eos_standings_vs_playoff_final_results": 3.7333333333333334,
      "rank_rmse_eos_standings_vs_playoff_final_results": 6.093712606722878
    }
  },
  "test_metrics_model_a": {
    "ndcg": 0.6165030703004372,
    "spearman": 0.40867630700778645,
    "mrr_top2": 1.0,
    "mrr_top4": 1.0,
    "ndcg10": 0.6165030703004372,
    "ndcg_at_4": 0.35315119534797357,
    "ndcg_at_12": 0.6177125780412213,
    "ndcg_at_16": 0.6176715318413446,
    "ndcg_at_20": 0.6182559933272933,
    "roc_auc_upset": 0.7963800904977376
  },
  "test_metrics_model_b": {
    "ndcg": 0.5771573489471006,
    "spearman": 0.4616240266963292,
    "mrr_top2": 0.5,
    "mrr_top4": 0.5,
    "ndcg10": 0.5771573489471006,
    "ndcg_at_4": 0.44093212795935904,
    "ndcg_at_12": 0.577027177787618,
    "ndcg_at_16": 0.6186288667094587,
    "ndcg_at_20": 0.6232520202171599,
    "roc_auc_upset": 0.7991071428571428
  },
  "test_metrics_model_c": {
    "ndcg": 0.333487026575135,
    "spearman": 0.23159065628476083,
    "mrr_top2": 0.16666666666666666,
    "mrr_top4": 0.16666666666666666,
    "ndcg10": 0.333487026575135,
    "ndcg_at_4": 0.0011069724610271625,
    "ndcg_at_12": 0.33890731926775686,
    "ndcg_at_16": 0.35966393831396193,
    "ndcg_at_20": 0.3699999322309346,
    "roc_auc_upset": 0.7633928571428571
  },
  "test_metrics_by_conference": {
    "E": {
      "ndcg": 0.40784252991679093,
      "spearman": 0.27499999999999997
    },
    "W": {
      "ndcg": 0.9293047301489092,
      "spearman": 0.5857142857142856
    }
  },
  "notes": {
    "eos_rank_source": "eos_final_rank"
  }
}