{
  "test_metrics_ensemble": {
    "ndcg": 0.48426788915663543,
    "spearman": 0.47452725250278077,
    "mrr_top2": 0.5,
    "mrr_top4": 0.5,
    "ndcg10": 0.48426788915663543,
    "ndcg_at_4": 0.46437685999867345,
    "ndcg_at_12": 0.5294411592930836,
    "ndcg_at_16": 0.529422244161275,
    "ndcg_at_20": 0.5330483882002907,
    "roc_auc_upset": 0.755656108597285,
    "rank_mae_pred_vs_playoff_final_results": 6.866666793823242,
    "rank_rmse_pred_vs_playoff_final_results": 8.873180389404297,
    "rank_mae_eos_standings_vs_playoff_final_results": 3.1333333333333333,
    "rank_rmse_eos_standings_vs_playoff_final_results": 4.449719092257398,
    "playoff_metrics": {
      "spearman_pred_vs_playoff_final_results": 0.48609566184649605,
      "ndcg_at_4_final_four": 0.4643768342304213,
      "ndcg10_pred_vs_playoff_final_results": 0.4842563576679768,
      "brier_championship_odds": 0.03222232684493065,
      "rank_mae_pred_vs_playoff_final_results": 6.866666793823242,
      "rank_rmse_pred_vs_playoff_final_results": 8.873180389404297,
      "rank_mae_eos_standings_vs_playoff_final_results": 3.1333333333333333,
      "rank_rmse_eos_standings_vs_playoff_final_results": 4.449719092257398
    }
  },
  "test_metrics_model_a": {
    "ndcg": 0.48426788915663543,
    "spearman": 0.47452725250278077,
    "mrr_top2": 0.5,
    "mrr_top4": 0.5,
    "ndcg10": 0.48426788915663543,
    "ndcg_at_4": 0.46437685999867345,
    "ndcg_at_12": 0.5294411592930836,
    "ndcg_at_16": 0.529422244161275,
    "ndcg_at_20": 0.5330483882002907,
    "roc_auc_upset": 0.755656108597285
  },
  "test_metrics_model_b": {
    "ndcg": 0.21306130463124376,
    "spearman": 0.5697441601779756,
    "mrr_top2": 0.2,
    "mrr_top4": 0.2,
    "ndcg10": 0.21306130463124376,
    "ndcg_at_4": 0.04029517653159447,
    "ndcg_at_12": 0.2131021147669982,
    "ndcg_at_16": 0.23445161617225363,
    "ndcg_at_20": 0.3823323325356301,
    "roc_auc_upset": 0.7857142857142857
  },
  "test_metrics_model_c": {
    "ndcg": 0.05124995751403931,
    "spearman": 0.307230255839822,
    "mrr_top2": 0.0625,
    "mrr_top4": 0.2,
    "ndcg10": 0.05124995751403931,
    "ndcg_at_4": 0.00711064040423231,
    "ndcg_at_12": 0.056899138174850025,
    "ndcg_at_16": 0.1769467286075223,
    "ndcg_at_20": 0.17934460063934335,
    "roc_auc_upset": 0.8214285714285714
  },
  "test_metrics_by_conference": {
    "E": {
      "ndcg": 0.2647142153458276,
      "spearman": 0.23928571428571427
    },
    "W": {
      "ndcg": 0.7728975634578972,
      "spearman": 0.6464285714285712
    }
  },
  "notes": {
    "eos_rank_source": "eos_final_rank"
  }
}