{
  "notes": {
    "eval_on": "test",
    "eos_rank_source": "eos_final_rank",
    "upset_definition": "sleeper = EOS_global_rank > predicted_strength",
    "mrr_top2": "1/rank of first team in top 2 (champion+runner-up) in predicted order.",
    "mrr_top4": "1/rank of first team in top 4 (conference finals) in predicted order.",
    "per_conference_relevance": "Within E/W: actual rank derived from EOS_global_rank (1=best in conf); NDCG/Spearman use this relevance.",
    "playoff_metrics": "Spearman (pred global vs playoff_final_results), NDCG@4 (final four), Brier (champion vs odds). rank_mae/rank_rmse: pred vs playoff_final_results; eos_standings vs playoff_final_results (baseline)."
  },
  "split_info": {
    "train_frac": 0.75,
    "n_train_dates": 141,
    "n_test_dates": 36,
    "split_mode": "seasons"
  },
  "test_metrics_ensemble": {
    "ndcg": 0.48426788915663543,
    "spearman": 0.47452725250278077,
    "mrr_top2": 0.5,
    "mrr_top4": 0.5,
    "ndcg10": 0.48426788915663543,
    "ndcg_at_4": 0.46437685999867345,
    "ndcg_at_12": 0.5294411592930836,
    "ndcg_at_16": 0.529422244161275,
    "ndcg_at_20": 0.5330483882002907,
    "roc_auc_upset": 0.755656108597285,
    "rank_mae_pred_vs_playoff_final_results": 6.866666793823242,
    "rank_rmse_pred_vs_playoff_final_results": 8.873180389404297,
    "rank_mae_eos_standings_vs_playoff_final_results": 3.1333333333333333,
    "rank_rmse_eos_standings_vs_playoff_final_results": 4.449719092257398,
    "playoff_metrics": {
      "spearman_pred_vs_playoff_final_results": 0.48609566184649605,
      "ndcg_at_4_final_four": 0.4643768342304213,
      "ndcg10_pred_vs_playoff_final_results": 0.4842563576679768,
      "brier_championship_odds": 0.03222232684493065,
      "rank_mae_pred_vs_playoff_final_results": 6.866666793823242,
      "rank_rmse_pred_vs_playoff_final_results": 8.873180389404297,
      "rank_mae_eos_standings_vs_playoff_final_results": 3.1333333333333333,
      "rank_rmse_eos_standings_vs_playoff_final_results": 4.449719092257398
    }
  },
  "test_metrics_model_a": {
    "ndcg": 0.48426788915663543,
    "spearman": 0.47452725250278077,
    "mrr_top2": 0.5,
    "mrr_top4": 0.5,
    "ndcg10": 0.48426788915663543,
    "ndcg_at_4": 0.46437685999867345,
    "ndcg_at_12": 0.5294411592930836,
    "ndcg_at_16": 0.529422244161275,
    "ndcg_at_20": 0.5330483882002907,
    "roc_auc_upset": 0.755656108597285
  },
  "test_metrics_model_b": {
    "ndcg": 0.21306130463124376,
    "spearman": 0.5697441601779756,
    "mrr_top2": 0.2,
    "mrr_top4": 0.2,
    "ndcg10": 0.21306130463124376,
    "ndcg_at_4": 0.04029517653159447,
    "ndcg_at_12": 0.2131021147669982,
    "ndcg_at_16": 0.23445161617225363,
    "ndcg_at_20": 0.3823323325356301,
    "roc_auc_upset": 0.7857142857142857
  },
  "test_metrics_model_c": {
    "ndcg": 0.05124995751403931,
    "spearman": 0.307230255839822,
    "mrr_top2": 0.0625,
    "mrr_top4": 0.2,
    "ndcg10": 0.05124995751403931,
    "ndcg_at_4": 0.00711064040423231,
    "ndcg_at_12": 0.056899138174850025,
    "ndcg_at_16": 0.1769467286075223,
    "ndcg_at_20": 0.17934460063934335,
    "roc_auc_upset": 0.8214285714285714
  },
  "test_metrics_by_conference": {
    "E": {
      "ndcg": 0.2647142153458276,
      "spearman": 0.23928571428571427
    },
    "W": {
      "ndcg": 0.7728975634578972,
      "spearman": 0.6464285714285712
    }
  },
  "by_season": {
    "2023-24": {
      "test_metrics_ensemble": {
        "ndcg": 0.6165030703004372,
        "spearman": 0.4220244716351501,
        "mrr_top2": 1.0,
        "mrr_top4": 1.0,
        "ndcg10": 0.6165030703004372,
        "ndcg_at_4": 0.35315119534797357,
        "ndcg_at_12": 0.6177125780412213,
        "ndcg_at_16": 0.6176715318413446,
        "ndcg_at_20": 0.6182559933272933,
        "roc_auc_upset": 0.7873303167420814,
        "rank_mae_pred_vs_playoff_final_results": 7.4666666984558105,
        "rank_rmse_pred_vs_playoff_final_results": 9.305912017822266,
        "rank_mae_eos_standings_vs_playoff_final_results": 3.7333333333333334,
        "rank_rmse_eos_standings_vs_playoff_final_results": 6.093712606722878,
        "playoff_metrics": {
          "spearman_pred_vs_playoff_final_results": 0.46607341490545046,
          "ndcg_at_4_final_four": 0.35315119534797357,
          "ndcg10_pred_vs_playoff_final_results": 0.6165023511461111,
          "brier_championship_odds": 0.03222232684493065,
          "rank_mae_pred_vs_playoff_final_results": 7.4666666984558105,
          "rank_rmse_pred_vs_playoff_final_results": 9.305912017822266,
          "rank_mae_eos_standings_vs_playoff_final_results": 3.7333333333333334,
          "rank_rmse_eos_standings_vs_playoff_final_results": 6.093712606722878
        }
      },
      "test_metrics_model_a": {
        "ndcg": 0.6165030703004372,
        "spearman": 0.40867630700778645,
        "mrr_top2": 1.0,
        "mrr_top4": 1.0,
        "ndcg10": 0.6165030703004372,
        "ndcg_at_4": 0.35315119534797357,
        "ndcg_at_12": 0.6177125780412213,
        "ndcg_at_16": 0.6176715318413446,
        "ndcg_at_20": 0.6182559933272933,
        "roc_auc_upset": 0.7963800904977376
      },
      "test_metrics_model_b": {
        "ndcg": 0.5771573489471006,
        "spearman": 0.4616240266963292,
        "mrr_top2": 0.5,
        "mrr_top4": 0.5,
        "ndcg10": 0.5771573489471006,
        "ndcg_at_4": 0.44093212795935904,
        "ndcg_at_12": 0.577027177787618,
        "ndcg_at_16": 0.6186288667094587,
        "ndcg_at_20": 0.6232520202171599,
        "roc_auc_upset": 0.7991071428571428
      },
      "test_metrics_model_c": {
        "ndcg": 0.333487026575135,
        "spearman": 0.23159065628476083,
        "mrr_top2": 0.16666666666666666,
        "mrr_top4": 0.16666666666666666,
        "ndcg10": 0.333487026575135,
        "ndcg_at_4": 0.0011069724610271625,
        "ndcg_at_12": 0.33890731926775686,
        "ndcg_at_16": 0.35966393831396193,
        "ndcg_at_20": 0.3699999322309346,
        "roc_auc_upset": 0.7633928571428571
      },
      "test_metrics_by_conference": {
        "E": {
          "ndcg": 0.40784252991679093,
          "spearman": 0.27499999999999997
        },
        "W": {
          "ndcg": 0.9293047301489092,
          "spearman": 0.5857142857142856
        }
      },
      "notes": {
        "eos_rank_source": "eos_final_rank"
      }
    },
    "2024-25": {
      "test_metrics_ensemble": {
        "ndcg": 0.48426788915663543,
        "spearman": 0.47452725250278077,
        "mrr_top2": 0.5,
        "mrr_top4": 0.5,
        "ndcg10": 0.48426788915663543,
        "ndcg_at_4": 0.46437685999867345,
        "ndcg_at_12": 0.5294411592930836,
        "ndcg_at_16": 0.529422244161275,
        "ndcg_at_20": 0.5330483882002907,
        "roc_auc_upset": 0.755656108597285,
        "rank_mae_pred_vs_playoff_final_results": 6.866666793823242,
        "rank_rmse_pred_vs_playoff_final_results": 8.873180389404297,
        "rank_mae_eos_standings_vs_playoff_final_results": 3.1333333333333333,
        "rank_rmse_eos_standings_vs_playoff_final_results": 4.449719092257398,
        "playoff_metrics": {
          "spearman_pred_vs_playoff_final_results": 0.48609566184649605,
          "ndcg_at_4_final_four": 0.4643768342304213,
          "ndcg10_pred_vs_playoff_final_results": 0.4842563576679768,
          "brier_championship_odds": 0.03222232684493065,
          "rank_mae_pred_vs_playoff_final_results": 6.866666793823242,
          "rank_rmse_pred_vs_playoff_final_results": 8.873180389404297,
          "rank_mae_eos_standings_vs_playoff_final_results": 3.1333333333333333,
          "rank_rmse_eos_standings_vs_playoff_final_results": 4.449719092257398
        }
      },
      "test_metrics_model_a": {
        "ndcg": 0.48426788915663543,
        "spearman": 0.47452725250278077,
        "mrr_top2": 0.5,
        "mrr_top4": 0.5,
        "ndcg10": 0.48426788915663543,
        "ndcg_at_4": 0.46437685999867345,
        "ndcg_at_12": 0.5294411592930836,
        "ndcg_at_16": 0.529422244161275,