{
  "test_metrics_ensemble": {
    "ndcg": 0.556750466721027,
    "spearman": 0.39221357063403783,
    "mrr_top2": 1.0,
    "mrr_top4": 1.0,
    "ndcg10": 0.556750466721027,
    "ndcg_at_4": 0.33513898093933947,
    "ndcg_at_12": 0.6019093856111065,
    "ndcg_at_16": 0.6031973356566641,
    "ndcg_at_20": 0.6037920535075263,
    "roc_auc_upset": 0.6651785714285714,
    "rank_mae_pred_vs_playoff_final_results": 7.599999904632568,
    "rank_rmse_pred_vs_playoff_final_results": 9.542885780334473,
    "rank_mae_eos_standings_vs_playoff_final_results": 3.7333333333333334,
    "rank_rmse_eos_standings_vs_playoff_final_results": 6.093712606722878,
    "playoff_metrics": {
      "spearman_pred_vs_playoff_final_results": 0.4553948832035596,
      "ndcg_at_4_final_four": 0.33513815635527017,
      "ndcg10_pred_vs_playoff_final_results": 0.5567556345525321,
      "brier_championship_odds": 0.03222232684493065,
      "rank_mae_pred_vs_playoff_final_results": 7.599999904632568,
      "rank_rmse_pred_vs_playoff_final_results": 9.542885780334473,
      "rank_mae_eos_standings_vs_playoff_final_results": 3.7333333333333334,
      "rank_rmse_eos_standings_vs_playoff_final_results": 6.093712606722878
    }
  },
  "test_metrics_model_a": {
    "ndcg": 0.556750466721027,
    "spearman": 0.3864293659621802,
    "mrr_top2": 1.0,
    "mrr_top4": 1.0,
    "ndcg10": 0.556750466721027,
    "ndcg_at_4": 0.33513898093933947,
    "ndcg_at_12": 0.6019093856111065,
    "ndcg_at_16": 0.6031973356566641,
    "ndcg_at_20": 0.6037920535075263,
    "roc_auc_upset": 0.6696428571428572
  },
  "test_metrics_model_b": {
    "ndcg": 0.8080055642765666,
    "spearman": 0.40333704115684094,
    "mrr_top2": 1.0,
    "mrr_top4": 1.0,
    "ndcg10": 0.8080055642765666,
    "ndcg_at_4": 0.729074614628521,
    "ndcg_at_12": 0.8078161160972915,
    "ndcg_at_16": 0.812806056015191,
    "ndcg_at_20": 0.8128073586451774,
    "roc_auc_upset": 0.8214285714285714
  },
  "test_metrics_model_c": {
    "ndcg": 0.3335099094849099,
    "spearman": 0.23559510567296996,
    "mrr_top2": 0.16666666666666666,
    "mrr_top4": 0.16666666666666666,
    "ndcg10": 0.3335099094849099,
    "ndcg_at_4": 0.0011069724610271625,
    "ndcg_at_12": 0.3389081203242068,
    "ndcg_at_16": 0.3596647393089661,
    "ndcg_at_20": 0.3700007332224158,
    "roc_auc_upset": 0.7633928571428571
  },
  "test_metrics_by_conference": {
    "E": {
      "ndcg": 0.3869402032684001,
      "spearman": 0.30357142857142855
    },
    "W": {
      "ndcg": 0.9184636190680323,
      "spearman": 0.48571428571428565
    }
  },
  "notes": {
    "eos_rank_source": "eos_final_rank"
  }
}