{
  "test_metrics_ensemble": {
    "ndcg": 0.48641254873251283,
    "spearman": 0.4972191323692992,
    "mrr_top2": 0.5,
    "mrr_top4": 0.5,
    "ndcg10": 0.48641254873251283,
    "ndcg_at_4": 0.4643944167678145,
    "ndcg_at_12": 0.5319274465174141,
    "ndcg_at_16": 0.5319083406725502,
    "ndcg_at_20": 0.5355389824074807,
    "roc_auc_upset": 0.7556561085972852,
    "rank_mae_pred_vs_playoff_final_results": 6.866666793823242,
    "rank_rmse_pred_vs_playoff_final_results": 8.67947769165039,
    "rank_mae_eos_standings_vs_playoff_final_results": 3.1333333333333333,
    "rank_rmse_eos_standings_vs_playoff_final_results": 4.449719092257398,
    "playoff_metrics": {
      "spearman_pred_vs_playoff_final_results": 0.5025583982202447,
      "ndcg_at_4_final_four": 0.4643812234227066,
      "ndcg10_pred_vs_playoff_final_results": 0.48639918392320713,
      "brier_championship_odds": 0.03222232684493065,
      "rank_mae_pred_vs_playoff_final_results": 6.866666793823242,
      "rank_rmse_pred_vs_playoff_final_results": 8.67947769165039,
      "rank_mae_eos_standings_vs_playoff_final_results": 3.1333333333333333,
      "rank_rmse_eos_standings_vs_playoff_final_results": 4.449719092257398
    }
  },
  "test_metrics_model_a": {
    "ndcg": 0.48641254873251283,
    "spearman": 0.5003337041156841,
    "mrr_top2": 0.5,
    "mrr_top4": 0.5,
    "ndcg10": 0.48641254873251283,
    "ndcg_at_4": 0.4643944167678145,
    "ndcg_at_12": 0.5319274465174141,
    "ndcg_at_16": 0.5319088670963951,
    "ndcg_at_20": 0.5355395088290101,
    "roc_auc_upset": 0.7589285714285714
  },
  "test_metrics_model_b": {
    "ndcg": 0.21634548367724132,
    "spearman": 0.6453837597330366,
    "mrr_top2": 0.2,
    "mrr_top4": 0.2,
    "ndcg10": 0.21634548367724132,
    "ndcg_at_4": 0.04166423104576856,
    "ndcg_at_12": 0.21637454444999102,
    "ndcg_at_16": 0.3995671879731008,
    "ndcg_at_20": 0.3995663296518616,
    "roc_auc_upset": 0.7544642857142857
  },
  "test_metrics_model_c": {
    "ndcg": 0.05124995751403931,
    "spearman": 0.303670745272525,
    "mrr_top2": 0.06666666666666667,
    "mrr_top4": 0.2,
    "ndcg10": 0.05124995751403931,
    "ndcg_at_4": 0.00711064040423231,
    "ndcg_at_12": 0.056899138174850025,
    "ndcg_at_16": 0.17781540372208415,
    "ndcg_at_20": 0.18021312496782235,
    "roc_auc_upset": 0.8258928571428571
  },
  "test_metrics_by_conference": {
    "E": {
      "ndcg": 0.26759913743142427,
      "spearman": 0.2964285714285714
    },
    "W": {
      "ndcg": 0.7504940786340119,
      "spearman": 0.6392857142857141
    }
  },
  "notes": {
    "eos_rank_source": "eos_final_rank"
  }
}