{
  "notes": {
    "eval_on": "test",
    "eos_rank_source": "eos_final_rank",
    "upset_definition": "sleeper = EOS_global_rank > predicted_strength",
    "mrr_top2": "1/rank of first team in top 2 (champion+runner-up) in predicted order.",
    "mrr_top4": "1/rank of first team in top 4 (conference finals) in predicted order.",
    "per_conference_relevance": "Within E/W: actual rank derived from EOS_global_rank (1=best in conf); NDCG/Spearman use this relevance.",
    "playoff_metrics": "Spearman (pred global vs playoff_final_results), NDCG@4 (final four), Brier (champion vs odds). rank_mae/rank_rmse: pred vs playoff_final_results; eos_standings vs playoff_final_results (baseline)."
  },
  "split_info": {
    "train_frac": 0.75,
    "n_train_dates": 141,
    "n_test_dates": 36,
    "split_mode": "seasons"
  },
  "test_metrics_ensemble": {
    "ndcg": 0.48641254873251283,
    "spearman": 0.4972191323692992,
    "mrr_top2": 0.5,
    "mrr_top4": 0.5,
    "ndcg10": 0.48641254873251283,
    "ndcg_at_4": 0.4643944167678145,
    "ndcg_at_12": 0.5319274465174141,
    "ndcg_at_16": 0.5319083406725502,
    "ndcg_at_20": 0.5355389824074807,
    "roc_auc_upset": 0.7556561085972852,
    "rank_mae_pred_vs_playoff_final_results": 6.866666793823242,
    "rank_rmse_pred_vs_playoff_final_results": 8.67947769165039,
    "rank_mae_eos_standings_vs_playoff_final_results": 3.1333333333333333,
    "rank_rmse_eos_standings_vs_playoff_final_results": 4.449719092257398,
    "playoff_metrics": {
      "spearman_pred_vs_playoff_final_results": 0.5025583982202447,
      "ndcg_at_4_final_four": 0.4643812234227066,
      "ndcg10_pred_vs_playoff_final_results": 0.48639918392320713,
      "brier_championship_odds": 0.03222232684493065,
      "rank_mae_pred_vs_playoff_final_results": 6.866666793823242,
      "rank_rmse_pred_vs_playoff_final_results": 8.67947769165039,
      "rank_mae_eos_standings_vs_playoff_final_results": 3.1333333333333333,
      "rank_rmse_eos_standings_vs_playoff_final_results": 4.449719092257398
    }
  },
  "test_metrics_model_a": {
    "ndcg": 0.48641254873251283,
    "spearman": 0.5003337041156841,
    "mrr_top2": 0.5,
    "mrr_top4": 0.5,
    "ndcg10": 0.48641254873251283,
    "ndcg_at_4": 0.4643944167678145,
    "ndcg_at_12": 0.5319274465174141,
    "ndcg_at_16": 0.5319088670963951,
    "ndcg_at_20": 0.5355395088290101,
    "roc_auc_upset": 0.7589285714285714
  },
  "test_metrics_model_b": {
    "ndcg": 0.21634548367724132,
    "spearman": 0.6453837597330366,
    "mrr_top2": 0.2,
    "mrr_top4": 0.2,
    "ndcg10": 0.21634548367724132,
    "ndcg_at_4": 0.04166423104576856,
    "ndcg_at_12": 0.21637454444999102,
    "ndcg_at_16": 0.3995671879731008,
    "ndcg_at_20": 0.3995663296518616,
    "roc_auc_upset": 0.7544642857142857
  },
  "test_metrics_model_c": {
    "ndcg": 0.05124995751403931,
    "spearman": 0.303670745272525,
    "mrr_top2": 0.06666666666666667,
    "mrr_top4": 0.2,
    "ndcg10": 0.05124995751403931,
    "ndcg_at_4": 0.00711064040423231,
    "ndcg_at_12": 0.056899138174850025,
    "ndcg_at_16": 0.17781540372208415,
    "ndcg_at_20": 0.18021312496782235,
    "roc_auc_upset": 0.8258928571428571
  },
  "test_metrics_by_conference": {
    "E": {
      "ndcg": 0.26759913743142427,
      "spearman": 0.2964285714285714
    },
    "W": {
      "ndcg": 0.7504940786340119,
      "spearman": 0.6392857142857141
    }
  },
  "by_season": {
    "2023-24": {
      "test_metrics_ensemble": {
        "ndcg": 0.556750466721027,
        "spearman": 0.39221357063403783,
        "mrr_top2": 1.0,
        "mrr_top4": 1.0,
        "ndcg10": 0.556750466721027,
        "ndcg_at_4": 0.33513898093933947,
        "ndcg_at_12": 0.6019093856111065,
        "ndcg_at_16": 0.6031973356566641,
        "ndcg_at_20": 0.6037920535075263,
        "roc_auc_upset": 0.6651785714285714,
        "rank_mae_pred_vs_playoff_final_results": 7.599999904632568,
        "rank_rmse_pred_vs_playoff_final_results": 9.542885780334473,
        "rank_mae_eos_standings_vs_playoff_final_results": 3.7333333333333334,
        "rank_rmse_eos_standings_vs_playoff_final_results": 6.093712606722878,
        "playoff_metrics": {
          "spearman_pred_vs_playoff_final_results": 0.4553948832035596,
          "ndcg_at_4_final_four": 0.33513815635527017,
          "ndcg10_pred_vs_playoff_final_results": 0.5567556345525321,
          "brier_championship_odds": 0.03222232684493065,
          "rank_mae_pred_vs_playoff_final_results": 7.599999904632568,
          "rank_rmse_pred_vs_playoff_final_results": 9.542885780334473,
          "rank_mae_eos_standings_vs_playoff_final_results": 3.7333333333333334,
          "rank_rmse_eos_standings_vs_playoff_final_results": 6.093712606722878
        }
      },
      "test_metrics_model_a": {
        "ndcg": 0.556750466721027,
        "spearman": 0.3864293659621802,
        "mrr_top2": 1.0,
        "mrr_top4": 1.0,
        "ndcg10": 0.556750466721027,
        "ndcg_at_4": 0.33513898093933947,
        "ndcg_at_12": 0.6019093856111065,
        "ndcg_at_16": 0.6031973356566641,
        "ndcg_at_20": 0.6037920535075263,
        "roc_auc_upset": 0.6696428571428572
      },
      "test_metrics_model_b": {
        "ndcg": 0.8080055642765666,
        "spearman": 0.40333704115684094,
        "mrr_top2": 1.0,
        "mrr_top4": 1.0,
        "ndcg10": 0.8080055642765666,
        "ndcg_at_4": 0.729074614628521,
        "ndcg_at_12": 0.8078161160972915,
        "ndcg_at_16": 0.812806056015191,
        "ndcg_at_20": 0.8128073586451774,
        "roc_auc_upset": 0.8214285714285714
      },
      "test_metrics_model_c": {
        "ndcg": 0.3335099094849099,
        "spearman": 0.23559510567296996,
        "mrr_top2": 0.16666666666666666,
        "mrr_top4": 0.16666666666666666,
        "ndcg10": 0.3335099094849099,
        "ndcg_at_4": 0.0011069724610271625,
        "ndcg_at_12": 0.3389081203242068,
        "ndcg_at_16": 0.3596647393089661,
        "ndcg_at_20": 0.3700007332224158,
        "roc_auc_upset": 0.7633928571428571
      },
      "test_metrics_by_conference": {
        "E": {
          "ndcg": 0.3869402032684001,
          "spearman": 0.30357142857142855
        },
        "W": {
          "ndcg": 0.9184636190680323,
          "spearman": 0.48571428571428565
        }
      },
      "notes": {
        "eos_rank_source": "eos_final_rank"
      }
    },
    "2024-25": {
      "test_metrics_ensemble": {
        "ndcg": 0.48641254873251283,
        "spearman": 0.4972191323692992,
        "mrr_top2": 0.5,
        "mrr_top4": 0.5,
        "ndcg10": 0.48641254873251283,
        "ndcg_at_4": 0.4643944167678145,
        "ndcg_at_12": 0.5319274465174141,
        "ndcg_at_16": 0.5319083406725502,
        "ndcg_at_20": 0.5355389824074807,
        "roc_auc_upset": 0.7556561085972852,
        "rank_mae_pred_vs_playoff_final_results": 6.866666793823242,
        "rank_rmse_pred_vs_playoff_final_results": 8.67947769165039,
        "rank_mae_eos_standings_vs_playoff_final_results": 3.1333333333333333,
        "rank_rmse_eos_standings_vs_playoff_final_results": 4.449719092257398,
        "playoff_metrics": {
          "spearman_pred_vs_playoff_final_results": 0.5025583982202447,
          "ndcg_at_4_final_four": 0.4643812234227066,
          "ndcg10_pred_vs_playoff_final_results": 0.48639918392320713,
          "brier_championship_odds": 0.03222232684493065,
          "rank_mae_pred_vs_playoff_final_results": 6.866666793823242,
          "rank_rmse_pred_vs_playoff_final_results": 8.67947769165039,
          "rank_mae_eos_standings_vs_playoff_final_results": 3.1333333333333333,
          "rank_rmse_eos_standings_vs_playoff_final_results": 4.449719092257398
        }
      },
      "test_metrics_model_a": {
        "ndcg": 0.48641254873251283,
        "spearman": 0.5003337041156841,
        "mrr_top2": 0.5,
        "mrr_top4": 0.5,
        "ndcg10": 0.48641254873251283,
        "ndcg_at_4": 0.4643944167678145,
        "ndcg_at_12": 0.5319274465174141,
        "ndcg_at_16": 0.5319088670963951,