{
  "test_metrics_ensemble": {
    "ndcg": 0.5681374007712614,
    "spearman": 0.4255839822024471,
    "mrr_top2": 1.0,
    "mrr_top4": 1.0,
    "ndcg10": 0.5681374007712614,
    "ndcg_at_4": 0.3350938532869966,
    "ndcg_at_12": 0.6132893107895121,
    "ndcg_at_16": 0.6145161352619717,
    "ndcg_at_20": 0.6151309994230933,
    "roc_auc_upset": 0.6799999999999999,
    "rank_mae_pred_vs_playoff_final_results": 7.199999809265137,
    "rank_rmse_pred_vs_playoff_final_results": 9.277212142944336,
    "rank_mae_eos_standings_vs_playoff_final_results": 3.7333333333333334,
    "rank_rmse_eos_standings_vs_playoff_final_results": 6.093712606722878,
    "playoff_metrics": {
      "spearman_pred_vs_playoff_final_results": 0.44249165739710794,
      "ndcg_at_4_final_four": 0.3350928959745381,
      "ndcg10_pred_vs_playoff_final_results": 0.5681422025006863,
      "brier_championship_odds": 0.03222232684493065,
      "rank_mae_pred_vs_playoff_final_results": 7.199999809265137,
      "rank_rmse_pred_vs_playoff_final_results": 9.277212142944336,
      "rank_mae_eos_standings_vs_playoff_final_results": 3.7333333333333334,
      "rank_rmse_eos_standings_vs_playoff_final_results": 6.093712606722878
    }
  },
  "test_metrics_model_a": {
    "ndcg": 0.5681374007712614,
    "spearman": 0.4255839822024471,
    "mrr_top2": 1.0,
    "mrr_top4": 1.0,
    "ndcg10": 0.5681374007712614,
    "ndcg_at_4": 0.3350938532869966,
    "ndcg_at_12": 0.6132893107895121,
    "ndcg_at_16": 0.6145161352619717,
    "ndcg_at_20": 0.6151309994230933,
    "roc_auc_upset": 0.6799999999999999
  },
  "test_metrics_model_b": {
    "ndcg": 0.7968517272087492,
    "spearman": 0.4064516129032258,
    "mrr_top2": 1.0,
    "mrr_top4": 1.0,
    "ndcg10": 0.7968517272087492,
    "ndcg_at_4": 0.705915834267812,
    "ndcg_at_12": 0.7966666137525719,
    "ndcg_at_16": 0.7966873443346965,
    "ndcg_at_20": 0.8397797261848244,
    "roc_auc_upset": 0.7314814814814815
  },
  "test_metrics_model_c": {
    "ndcg": 0.333487026575135,
    "spearman": 0.23159065628476083,
    "mrr_top2": 0.16666666666666666,
    "mrr_top4": 0.16666666666666666,
    "ndcg10": 0.333487026575135,
    "ndcg_at_4": 0.0011069724610271625,
    "ndcg_at_12": 0.33890731926775686,
    "ndcg_at_16": 0.35966393831396193,
    "ndcg_at_20": 0.3699999322309346,
    "roc_auc_upset": 0.7633928571428571
  },
  "test_metrics_by_conference": {
    "E": {
      "ndcg": 0.38119908936479224,
      "spearman": 0.23928571428571427
    },
    "W": {
      "ndcg": 0.922273612311482,
      "spearman": 0.6142857142857142
    }
  },
  "notes": {
    "eos_rank_source": "eos_final_rank"
  }
}