{
  "test_metrics_ensemble": {
    "ndcg": 0.4844896425913755,
    "spearman": 0.4638487208008899,
    "mrr_top2": 0.5,
    "mrr_top4": 0.5,
    "ndcg10": 0.4844896425913755,
    "ndcg_at_4": 0.4643519436832566,
    "ndcg_at_12": 0.5286024480503239,
    "ndcg_at_16": 0.5285840971731249,
    "ndcg_at_20": 0.5321139365180758,
    "roc_auc_upset": 0.7955555555555556,
    "rank_mae_pred_vs_playoff_final_results": 6.800000190734863,
    "rank_rmse_pred_vs_playoff_final_results": 8.962886810302734,
    "rank_mae_eos_standings_vs_playoff_final_results": 3.1333333333333333,
    "rank_rmse_eos_standings_vs_playoff_final_results": 4.449719092257398,
    "playoff_metrics": {
      "spearman_pred_vs_playoff_final_results": 0.46562847608453833,
      "ndcg_at_4_final_four": 0.46433662668392073,
      "ndcg10_pred_vs_playoff_final_results": 0.48447421263464346,
      "brier_championship_odds": 0.03222232684493065,
      "rank_mae_pred_vs_playoff_final_results": 6.800000190734863,
      "rank_rmse_pred_vs_playoff_final_results": 8.962886810302734,
      "rank_mae_eos_standings_vs_playoff_final_results": 3.1333333333333333,
      "rank_rmse_eos_standings_vs_playoff_final_results": 4.449719092257398
    }
  },
  "test_metrics_model_a": {
    "ndcg": 0.4844896425913755,
    "spearman": 0.4638487208008899,
    "mrr_top2": 0.5,
    "mrr_top4": 0.5,
    "ndcg10": 0.4844896425913755,
    "ndcg_at_4": 0.4643519436832566,
    "ndcg_at_12": 0.5286024480503239,
    "ndcg_at_16": 0.5285840971731249,
    "ndcg_at_20": 0.5321139365180758,
    "roc_auc_upset": 0.7955555555555556
  },
  "test_metrics_model_b": {
    "ndcg": 0.19710003553644426,
    "spearman": 0.6484983314794216,
    "mrr_top2": 0.14285714285714285,
    "mrr_top4": 0.14285714285714285,
    "ndcg10": 0.19710003553644426,
    "ndcg_at_4": 0.04166423104576856,
    "ndcg_at_12": 0.19717959724894776,
    "ndcg_at_16": 0.38855838459479797,
    "ndcg_at_20": 0.38855763368365537,
    "roc_auc_upset": 0.7272727272727273
  },
  "test_metrics_model_c": {
    "ndcg": 0.05139534647930671,
    "spearman": 0.3050055617352614,
    "mrr_top2": 0.06666666666666667,
    "mrr_top4": 0.2,
    "ndcg10": 0.05139534647930671,
    "ndcg_at_4": 0.0072603807417201014,
    "ndcg_at_12": 0.05704448895120833,
    "ndcg_at_16": 0.1779607433491712,
    "ndcg_at_20": 0.18035846395567354,
    "roc_auc_upset": 0.8258928571428571
  },
  "test_metrics_by_conference": {
    "E": {
      "ndcg": 0.2624916404736943,
      "spearman": 0.23571428571428568
    },
    "W": {
      "ndcg": 0.7519157235194247,
      "spearman": 0.7214285714285712
    }
  },
  "notes": {
    "eos_rank_source": "eos_final_rank"
  }
}