{
  "test_metrics_ensemble": {
    "ndcg": 0.4827357594592726,
    "spearman": 0.4411568409343715,
    "mrr_top2": 0.5,
    "mrr_top4": 0.5,
    "ndcg10": 0.4827357594592726,
    "ndcg_at_4": 0.46421121466877174,
    "ndcg_at_12": 0.5268490256057523,
    "ndcg_at_16": 0.526830861564873,
    "ndcg_at_20": 0.528027733108082,
    "roc_auc_upset": 0.78125,
    "rank_mae_pred_vs_playoff_final_results": 7.199999809265137,
    "rank_rmse_pred_vs_playoff_final_results": 9.150591850280762,
    "rank_mae_eos_standings_vs_playoff_final_results": 3.1333333333333333,
    "rank_rmse_eos_standings_vs_playoff_final_results": 4.449719092257398,
    "playoff_metrics": {
      "spearman_pred_vs_playoff_final_results": 0.4331479421579533,
      "ndcg_at_4_final_four": 0.46419589766943586,
      "ndcg10_pred_vs_playoff_final_results": 0.48272032772223405,
      "brier_championship_odds": 0.03222232684493065,
      "rank_mae_pred_vs_playoff_final_results": 7.199999809265137,
      "rank_rmse_pred_vs_playoff_final_results": 9.150591850280762,
      "rank_mae_eos_standings_vs_playoff_final_results": 3.1333333333333333,
      "rank_rmse_eos_standings_vs_playoff_final_results": 4.449719092257398
    }
  },
  "test_metrics_model_a": {
    "ndcg": 0.4827357594592726,
    "spearman": 0.4411568409343715,
    "mrr_top2": 0.5,
    "mrr_top4": 0.5,
    "ndcg10": 0.4827357594592726,
    "ndcg_at_4": 0.46421121466877174,
    "ndcg_at_12": 0.5268490256057523,
    "ndcg_at_16": 0.526830861564873,
    "ndcg_at_20": 0.528027733108082,
    "roc_auc_upset": 0.78125
  },
  "test_metrics_model_b": {
    "ndcg": 0.16620089415262296,
    "spearman": 0.5635150166852058,
    "mrr_top2": 0.2,
    "mrr_top4": 0.2,
    "ndcg10": 0.16620089415262296,
    "ndcg_at_4": 0.04029517653159447,
    "ndcg_at_12": 0.21149989797785146,
    "ndcg_at_16": 0.23227604268451688,
    "ndcg_at_20": 0.38256496467809725,
    "roc_auc_upset": 0.8194444444444444
  },
  "test_metrics_model_c": {
    "ndcg": 0.05124995751403931,
    "spearman": 0.307230255839822,
    "mrr_top2": 0.0625,
    "mrr_top4": 0.2,
    "ndcg10": 0.05124995751403931,
    "ndcg_at_4": 0.00711064040423231,
    "ndcg_at_12": 0.056899138174850025,
    "ndcg_at_16": 0.1769467286075223,
    "ndcg_at_20": 0.17934460063934335,
    "roc_auc_upset": 0.8214285714285714
  },
  "test_metrics_by_conference": {
    "E": {
      "ndcg": 0.23974617234953713,
      "spearman": 0.16785714285714282
    },
    "W": {
      "ndcg": 0.7519554106097529,
      "spearman": 0.7035714285714285
    }
  },
  "notes": {
    "eos_rank_source": "eos_final_rank"
  }
}