{
  "notes": {
    "eval_on": "test",
    "eos_rank_source": "eos_final_rank",
    "upset_definition": "sleeper = EOS_global_rank > predicted_strength",
    "mrr_top2": "1/rank of first team in top 2 (champion+runner-up) in predicted order.",
    "mrr_top4": "1/rank of first team in top 4 (conference finals) in predicted order.",
    "per_conference_relevance": "Within E/W: actual rank derived from EOS_global_rank (1=best in conf); NDCG/Spearman use this relevance.",
    "playoff_metrics": "Spearman (pred global vs playoff_final_results), NDCG@4 (final four), Brier (champion vs odds). rank_mae/rank_rmse: pred vs playoff_final_results; eos_standings vs playoff_final_results (baseline)."
  },
  "split_info": {
    "train_frac": 0.75,
    "n_train_dates": 141,
    "n_test_dates": 36,
    "split_mode": "seasons"
  },
  "test_metrics_ensemble": {
    "ndcg": 0.4859917069632511,
    "spearman": 0.5359288097886541,
    "mrr_top2": 0.5,
    "mrr_top4": 0.5,
    "ndcg10": 0.4859917069632511,
    "ndcg_at_4": 0.4643944167678145,
    "ndcg_at_12": 0.530104117879191,
    "ndcg_at_16": 0.531354289285238,
    "ndcg_at_20": 0.5343634866068272,
    "roc_auc_upset": 0.7777777777777777,
    "rank_mae_pred_vs_playoff_final_results": 6.5333333015441895,
    "rank_rmse_pred_vs_playoff_final_results": 8.338665008544922,
    "rank_mae_eos_standings_vs_playoff_final_results": 3.1333333333333333,
    "rank_rmse_eos_standings_vs_playoff_final_results": 4.449719092257398,
    "playoff_metrics": {
      "spearman_pred_vs_playoff_final_results": 0.5403781979977753,
      "ndcg_at_4_final_four": 0.4643812234227066,
      "ndcg10_pred_vs_playoff_final_results": 0.4859783421539454,
      "brier_championship_odds": 0.03222232684493065,
      "rank_mae_pred_vs_playoff_final_results": 6.5333333015441895,
      "rank_rmse_pred_vs_playoff_final_results": 8.338665008544922,
      "rank_mae_eos_standings_vs_playoff_final_results": 3.1333333333333333,
      "rank_rmse_eos_standings_vs_playoff_final_results": 4.449719092257398
    }
  },
  "test_metrics_model_a": {
    "ndcg": 0.4859917069632511,
    "spearman": 0.5359288097886541,
    "mrr_top2": 0.5,
    "mrr_top4": 0.5,
    "ndcg10": 0.4859917069632511,
    "ndcg_at_4": 0.4643944167678145,
    "ndcg_at_12": 0.530104117879191,
    "ndcg_at_16": 0.531354289285238,
    "ndcg_at_20": 0.5343634866068272,
    "roc_auc_upset": 0.7777777777777777
  },
  "test_metrics_model_b": {
    "ndcg": 0.19713892692561516,
    "spearman": 0.6324805339265851,
    "mrr_top2": 0.14285714285714285,
    "mrr_top4": 0.14285714285714285,
    "ndcg10": 0.19713892692561516,
    "ndcg_at_4": 0.04166423104576856,
    "ndcg_at_12": 0.19718633523858378,
    "ndcg_at_16": 0.3885561243901589,
    "ndcg_at_20": 0.3885917495012353,
    "roc_auc_upset": 0.8054298642533936
  },
  "test_metrics_model_c": {
    "ndcg": 0.05124995751403931,
    "spearman": 0.30189098998887653,
    "mrr_top2": 0.0625,
    "mrr_top4": 0.2,
    "ndcg10": 0.05124995751403931,
    "ndcg_at_4": 0.00711064040423231,
    "ndcg_at_12": 0.056899138174850025,
    "ndcg_at_16": 0.1769467286075223,
    "ndcg_at_20": 0.17934445367388585,
    "roc_auc_upset": 0.8258928571428571
  },
  "test_metrics_by_conference": {
    "E": {
      "ndcg": 0.27862529836609895,
      "spearman": 0.34642857142857136
    },
    "W": {
      "ndcg": 0.7633241254612572,
      "spearman": 0.7178571428571427
    }
  },
  "by_season": {
    "2023-24": {
      "test_metrics_ensemble": {
        "ndcg": 0.5576489211580822,
        "spearman": 0.4509454949944383,
        "mrr_top2": 1.0,
        "mrr_top4": 1.0,
        "ndcg10": 0.5576489211580822,
        "ndcg_at_4": 0.35315119534797357,
        "ndcg_at_12": 0.6041736893755203,
        "ndcg_at_16": 0.6041338142018292,
        "ndcg_at_20": 0.6047379959782462,
        "roc_auc_upset": 0.7222222222222222,
        "rank_mae_pred_vs_playoff_final_results": 7.066666603088379,
        "rank_rmse_pred_vs_playoff_final_results": 9.070097923278809,
        "rank_mae_eos_standings_vs_playoff_final_results": 3.7333333333333334,
        "rank_rmse_eos_standings_vs_playoff_final_results": 6.093712606722878,
        "playoff_metrics": {
          "spearman_pred_vs_playoff_final_results": 0.457174638487208,
          "ndcg_at_4_final_four": 0.35315119534797357,
          "ndcg10_pred_vs_playoff_final_results": 0.5576539332266636,
          "brier_championship_odds": 0.03222232684493065,
          "rank_mae_pred_vs_playoff_final_results": 7.066666603088379,
          "rank_rmse_pred_vs_playoff_final_results": 9.070097923278809,
          "rank_mae_eos_standings_vs_playoff_final_results": 3.7333333333333334,
          "rank_rmse_eos_standings_vs_playoff_final_results": 6.093712606722878
        }
      },
      "test_metrics_model_a": {
        "ndcg": 0.5576489211580822,
        "spearman": 0.4509454949944383,
        "mrr_top2": 1.0,
        "mrr_top4": 1.0,
        "ndcg10": 0.5576489211580822,
        "ndcg_at_4": 0.35315119534797357,
        "ndcg_at_12": 0.6041736893755203,
        "ndcg_at_16": 0.6041338142018292,
        "ndcg_at_20": 0.6047379959782462,
        "roc_auc_upset": 0.7222222222222222
      },
      "test_metrics_model_b": {
        "ndcg": 0.8007418322492251,
        "spearman": 0.44471635150166855,
        "mrr_top2": 1.0,
        "mrr_top4": 1.0,
        "ndcg10": 0.8007418322492251,
        "ndcg_at_4": 0.705915834267812,
        "ndcg_at_12": 0.8005529537102677,
        "ndcg_at_16": 0.8005756462422297,
        "ndcg_at_20": 0.8436678702360157,
        "roc_auc_upset": 0.7175925925925926
      },
      "test_metrics_model_c": {
        "ndcg": 0.333487026575135,
        "spearman": 0.23159065628476083,
        "mrr_top2": 0.16666666666666666,
        "mrr_top4": 0.16666666666666666,
        "ndcg10": 0.333487026575135,
        "ndcg_at_4": 0.0011069724610271625,
        "ndcg_at_12": 0.33890731926775686,
        "ndcg_at_16": 0.35966393831396193,
        "ndcg_at_20": 0.3699999322309346,
        "roc_auc_upset": 0.7633928571428571
      },
      "test_metrics_by_conference": {
        "E": {
          "ndcg": 0.4082558957314894,
          "spearman": 0.2964285714285714
        },
        "W": {
          "ndcg": 0.9223875072130601,
          "spearman": 0.6499999999999999
        }
      },
      "notes": {
        "eos_rank_source": "eos_final_rank"
      }
    },
    "2024-25": {
      "test_metrics_ensemble": {
        "ndcg": 0.4859917069632511,
        "spearman": 0.5359288097886541,
        "mrr_top2": 0.5,
        "mrr_top4": 0.5,
        "ndcg10": 0.4859917069632511,
        "ndcg_at_4": 0.4643944167678145,
        "ndcg_at_12": 0.530104117879191,
        "ndcg_at_16": 0.531354289285238,
        "ndcg_at_20": 0.5343634866068272,
        "roc_auc_upset": 0.7777777777777777,
        "rank_mae_pred_vs_playoff_final_results": 6.5333333015441895,
        "rank_rmse_pred_vs_playoff_final_results": 8.338665008544922,
        "rank_mae_eos_standings_vs_playoff_final_results": 3.1333333333333333,
        "rank_rmse_eos_standings_vs_playoff_final_results": 4.449719092257398,
        "playoff_metrics": {
          "spearman_pred_vs_playoff_final_results": 0.5403781979977753,
          "ndcg_at_4_final_four": 0.4643812234227066,
          "ndcg10_pred_vs_playoff_final_results": 0.4859783421539454,
          "brier_championship_odds": 0.03222232684493065,
          "rank_mae_pred_vs_playoff_final_results": 6.5333333015441895,
          "rank_rmse_pred_vs_playoff_final_results": 8.338665008544922,
          "rank_mae_eos_standings_vs_playoff_final_results": 3.1333333333333333,
          "rank_rmse_eos_standings_vs_playoff_final_results": 4.449719092257398
        }
      },
      "test_metrics_model_a": {
        "ndcg": 0.4859917069632511,
        "spearman": 0.5359288097886541,
        "mrr_top2": 0.5,
        "mrr_top4": 0.5,
        "ndcg10": 0.4859917069632511,
        "ndcg_at_4": 0.4643944167678145,
        "ndcg_at_12": 0.530104117879191,