{
  "test_metrics_ensemble": {
    "ndcg": 0.5576489211580822,
    "spearman": 0.4509454949944383,
    "mrr_top2": 1.0,
    "mrr_top4": 1.0,
    "ndcg10": 0.5576489211580822,
    "ndcg_at_4": 0.35315119534797357,
    "ndcg_at_12": 0.6041736893755203,
    "ndcg_at_16": 0.6041338142018292,
    "ndcg_at_20": 0.6047379959782462,
    "roc_auc_upset": 0.7222222222222222,
    "rank_mae_pred_vs_playoff_final_results": 7.066666603088379,
    "rank_rmse_pred_vs_playoff_final_results": 9.070097923278809,
    "rank_mae_eos_standings_vs_playoff_final_results": 3.7333333333333334,
    "rank_rmse_eos_standings_vs_playoff_final_results": 6.093712606722878,
    "playoff_metrics": {
      "spearman_pred_vs_playoff_final_results": 0.457174638487208,
      "ndcg_at_4_final_four": 0.35315119534797357,
      "ndcg10_pred_vs_playoff_final_results": 0.5576539332266636,
      "brier_championship_odds": 0.03222232684493065,
      "rank_mae_pred_vs_playoff_final_results": 7.066666603088379,
      "rank_rmse_pred_vs_playoff_final_results": 9.070097923278809,
      "rank_mae_eos_standings_vs_playoff_final_results": 3.7333333333333334,
      "rank_rmse_eos_standings_vs_playoff_final_results": 6.093712606722878
    }
  },
  "test_metrics_model_a": {
    "ndcg": 0.5576489211580822,
    "spearman": 0.4509454949944383,
    "mrr_top2": 1.0,
    "mrr_top4": 1.0,
    "ndcg10": 0.5576489211580822,
    "ndcg_at_4": 0.35315119534797357,
    "ndcg_at_12": 0.6041736893755203,
    "ndcg_at_16": 0.6041338142018292,
    "ndcg_at_20": 0.6047379959782462,
    "roc_auc_upset": 0.7222222222222222
  },
  "test_metrics_model_b": {
    "ndcg": 0.8007418322492251,
    "spearman": 0.44471635150166855,
    "mrr_top2": 1.0,
    "mrr_top4": 1.0,
    "ndcg10": 0.8007418322492251,
    "ndcg_at_4": 0.705915834267812,
    "ndcg_at_12": 0.8005529537102677,
    "ndcg_at_16": 0.8005756462422297,
    "ndcg_at_20": 0.8436678702360157,
    "roc_auc_upset": 0.7175925925925926
  },
  "test_metrics_model_c": {
    "ndcg": 0.333487026575135,
    "spearman": 0.23159065628476083,
    "mrr_top2": 0.16666666666666666,
    "mrr_top4": 0.16666666666666666,
    "ndcg10": 0.333487026575135,
    "ndcg_at_4": 0.0011069724610271625,
    "ndcg_at_12": 0.33890731926775686,
    "ndcg_at_16": 0.35966393831396193,
    "ndcg_at_20": 0.3699999322309346,
    "roc_auc_upset": 0.7633928571428571
  },
  "test_metrics_by_conference": {
    "E": {
      "ndcg": 0.4082558957314894,
      "spearman": 0.2964285714285714
    },
    "W": {
      "ndcg": 0.9223875072130601,
      "spearman": 0.6499999999999999
    }
  },
  "notes": {
    "eos_rank_source": "eos_final_rank"
  }
}