{
  "test_metrics_ensemble": {
    "ndcg": 0.4859917069632511,
    "spearman": 0.5359288097886541,
    "mrr_top2": 0.5,
    "mrr_top4": 0.5,
    "ndcg10": 0.4859917069632511,
    "ndcg_at_4": 0.4643944167678145,
    "ndcg_at_12": 0.530104117879191,
    "ndcg_at_16": 0.531354289285238,
    "ndcg_at_20": 0.5343634866068272,
    "roc_auc_upset": 0.7777777777777777,
    "rank_mae_pred_vs_playoff_final_results": 6.5333333015441895,
    "rank_rmse_pred_vs_playoff_final_results": 8.338665008544922,
    "rank_mae_eos_standings_vs_playoff_final_results": 3.1333333333333333,
    "rank_rmse_eos_standings_vs_playoff_final_results": 4.449719092257398,
    "playoff_metrics": {
      "spearman_pred_vs_playoff_final_results": 0.5403781979977753,
      "ndcg_at_4_final_four": 0.4643812234227066,
      "ndcg10_pred_vs_playoff_final_results": 0.4859783421539454,
      "brier_championship_odds": 0.03222232684493065,
      "rank_mae_pred_vs_playoff_final_results": 6.5333333015441895,
      "rank_rmse_pred_vs_playoff_final_results": 8.338665008544922,
      "rank_mae_eos_standings_vs_playoff_final_results": 3.1333333333333333,
      "rank_rmse_eos_standings_vs_playoff_final_results": 4.449719092257398
    }
  },
  "test_metrics_model_a": {
    "ndcg": 0.4859917069632511,
    "spearman": 0.5359288097886541,
    "mrr_top2": 0.5,
    "mrr_top4": 0.5,
    "ndcg10": 0.4859917069632511,
    "ndcg_at_4": 0.4643944167678145,
    "ndcg_at_12": 0.530104117879191,
    "ndcg_at_16": 0.531354289285238,
    "ndcg_at_20": 0.5343634866068272,
    "roc_auc_upset": 0.7777777777777777
  },
  "test_metrics_model_b": {
    "ndcg": 0.19713892692561516,
    "spearman": 0.6324805339265851,
    "mrr_top2": 0.14285714285714285,
    "mrr_top4": 0.14285714285714285,
    "ndcg10": 0.19713892692561516,
    "ndcg_at_4": 0.04166423104576856,
    "ndcg_at_12": 0.19718633523858378,
    "ndcg_at_16": 0.3885561243901589,
    "ndcg_at_20": 0.3885917495012353,
    "roc_auc_upset": 0.8054298642533936
  },
  "test_metrics_model_c": {
    "ndcg": 0.05124995751403931,
    "spearman": 0.30189098998887653,
    "mrr_top2": 0.0625,
    "mrr_top4": 0.2,
    "ndcg10": 0.05124995751403931,
    "ndcg_at_4": 0.00711064040423231,
    "ndcg_at_12": 0.056899138174850025,
    "ndcg_at_16": 0.1769467286075223,
    "ndcg_at_20": 0.17934445367388585,
    "roc_auc_upset": 0.8258928571428571
  },
  "test_metrics_by_conference": {
    "E": {
      "ndcg": 0.27862529836609895,
      "spearman": 0.34642857142857136
    },
    "W": {
      "ndcg": 0.7633241254612572,
      "spearman": 0.7178571428571427
    }
  },
  "notes": {
    "eos_rank_source": "eos_final_rank"
  }
}