{
  "test_metrics_ensemble": {
    "ndcg": 0.4822886771311598,
    "spearman": 0.4682981090100112,
    "mrr_top2": 0.5,
    "mrr_top4": 0.5,
    "ndcg10": 0.4822886771311598,
    "ndcg_at_4": 0.4643944167678145,
    "ndcg_at_12": 0.5260702750515918,
    "ndcg_at_16": 0.5272734874750286,
    "ndcg_at_20": 0.5272756946151929,
    "roc_auc_upset": 0.7723214285714286,
    "rank_mae_pred_vs_playoff_final_results": 7.066666603088379,
    "rank_rmse_pred_vs_playoff_final_results": 8.925618171691895,
    "rank_mae_eos_standings_vs_playoff_final_results": 3.1333333333333333,
    "rank_rmse_eos_standings_vs_playoff_final_results": 4.449719092257398,
    "playoff_metrics": {
      "spearman_pred_vs_playoff_final_results": 0.4593993325917686,
      "ndcg_at_4_final_four": 0.4643812234227066,
      "ndcg10_pred_vs_playoff_final_results": 0.4822758464841708,
      "brier_championship_odds": 0.03222232684493065,
      "rank_mae_pred_vs_playoff_final_results": 7.066666603088379,
      "rank_rmse_pred_vs_playoff_final_results": 8.925618171691895,
      "rank_mae_eos_standings_vs_playoff_final_results": 3.1333333333333333,
      "rank_rmse_eos_standings_vs_playoff_final_results": 4.449719092257398
    }
  },
  "test_metrics_model_a": {
    "ndcg": 0.4822886771311598,
    "spearman": 0.4682981090100112,
    "mrr_top2": 0.5,
    "mrr_top4": 0.5,
    "ndcg10": 0.4822886771311598,
    "ndcg_at_4": 0.4643944167678145,
    "ndcg_at_12": 0.5260702750515918,
    "ndcg_at_16": 0.5272734874750286,
    "ndcg_at_20": 0.5272756946151929,
    "roc_auc_upset": 0.7723214285714286
  },
  "test_metrics_model_b": {
    "ndcg": 0.21441954104337801,
    "spearman": 0.6324805339265851,
    "mrr_top2": 0.2,
    "mrr_top4": 0.2,
    "ndcg10": 0.21441954104337801,
    "ndcg_at_4": 0.04166423104576856,
    "ndcg_at_12": 0.2363947762185742,
    "ndcg_at_16": 0.3953397735071439,
    "ndcg_at_20": 0.39533839304479246,
    "roc_auc_upset": 0.7589285714285714
  },
  "test_metrics_model_c": {
    "ndcg": 0.05124995751403931,
    "spearman": 0.30233592880978866,
    "mrr_top2": 0.06666666666666667,
    "mrr_top4": 0.2,
    "ndcg10": 0.05124995751403931,
    "ndcg_at_4": 0.00711064040423231,
    "ndcg_at_12": 0.056899138174850025,
    "ndcg_at_16": 0.17781540372208415,
    "ndcg_at_20": 0.18021312496782235,
    "roc_auc_upset": 0.8258928571428571
  },
  "test_metrics_by_conference": {
    "E": {
      "ndcg": 0.2523239197050784,
      "spearman": 0.2071428571428571
    },
    "W": {
      "ndcg": 0.751117189123901,
      "spearman": 0.7
    }
  },
  "notes": {
    "eos_rank_source": "eos_final_rank"
  }
}