{
  "test_metrics_ensemble": {
    "ndcg": 0.548334171243635,
    "spearman": 0.40734149054505003,
    "mrr_top2": 1.0,
    "mrr_top4": 1.0,
    "ndcg10": 0.548334171243635,
    "ndcg_at_4": 0.35315119534797357,
    "ndcg_at_12": 0.5934953008182897,
    "ndcg_at_16": 0.5953404657324376,
    "ndcg_at_20": 0.5953472736011873,
    "roc_auc_upset": 0.7058823529411764,
    "rank_mae_pred_vs_playoff_final_results": 7.4666666984558105,
    "rank_rmse_pred_vs_playoff_final_results": 9.423375129699707,
    "rank_mae_eos_standings_vs_playoff_final_results": 3.7333333333333334,
    "rank_rmse_eos_standings_vs_playoff_final_results": 6.093712606722878,
    "playoff_metrics": {
      "spearman_pred_vs_playoff_final_results": 0.44694104560622916,
      "ndcg_at_4_final_four": 0.35315119534797357,
      "ndcg10_pred_vs_playoff_final_results": 0.5483391833122163,
      "brier_championship_odds": 0.03222232684493065,
      "rank_mae_pred_vs_playoff_final_results": 7.4666666984558105,
      "rank_rmse_pred_vs_playoff_final_results": 9.423375129699707,
      "rank_mae_eos_standings_vs_playoff_final_results": 3.7333333333333334,
      "rank_rmse_eos_standings_vs_playoff_final_results": 6.093712606722878
    }
  },
  "test_metrics_model_a": {
    "ndcg": 0.548334171243635,
    "spearman": 0.3939933259176863,
    "mrr_top2": 1.0,
    "mrr_top4": 1.0,
    "ndcg10": 0.548334171243635,
    "ndcg_at_4": 0.35315119534797357,
    "ndcg_at_12": 0.5934953008182897,
    "ndcg_at_16": 0.5953404327014139,
    "ndcg_at_20": 0.5953470808131952,
    "roc_auc_upset": 0.7104072398190044
  },
  "test_metrics_model_b": {
    "ndcg": 0.8110618199798463,
    "spearman": 0.4602892102335928,
    "mrr_top2": 1.0,
    "mrr_top4": 1.0,
    "ndcg10": 0.8110618199798463,
    "ndcg_at_4": 0.7116242168324007,
    "ndcg_at_12": 0.8108729739987136,
    "ndcg_at_16": 0.8108908603872064,
    "ndcg_at_20": 0.8545304299513384,
    "roc_auc_upset": 0.7644444444444445
  },
  "test_metrics_model_c": {
    "ndcg": 0.333487026575135,
    "spearman": 0.23515016685205786,
    "mrr_top2": 0.16666666666666666,
    "mrr_top4": 0.16666666666666666,
    "ndcg10": 0.333487026575135,
    "ndcg_at_4": 0.0011069724610271625,
    "ndcg_at_12": 0.33890731926775686,
    "ndcg_at_16": 0.35966393831396193,
    "ndcg_at_20": 0.3711507384927367,
    "roc_auc_upset": 0.7633928571428571
  },
  "test_metrics_by_conference": {
    "E": {
      "ndcg": 0.38369169619137905,
      "spearman": 0.25357142857142856
    },
    "W": {
      "ndcg": 0.9181726461403815,
      "spearman": 0.5428571428571428
    }
  },
  "notes": {
    "eos_rank_source": "eos_final_rank"
  }
}