{
  "test_metrics_ensemble": {
    "ndcg": 0.5491507967561244,
    "spearman": 0.4220244716351501,
    "mrr_top2": 1.0,
    "mrr_top4": 1.0,
    "ndcg10": 0.5491507967561244,
    "ndcg_at_4": 0.35315119534797357,
    "ndcg_at_12": 0.5928940955885922,
    "ndcg_at_16": 0.594773445575681,
    "ndcg_at_20": 0.5947822397108523,
    "roc_auc_upset": 0.7142857142857143,
    "rank_mae_pred_vs_playoff_final_results": 7.133333206176758,
    "rank_rmse_pred_vs_playoff_final_results": 9.305912017822266,
    "rank_mae_eos_standings_vs_playoff_final_results": 3.7333333333333334,
    "rank_rmse_eos_standings_vs_playoff_final_results": 6.093712606722878,
    "playoff_metrics": {
      "spearman_pred_vs_playoff_final_results": 0.4758620689655172,
      "ndcg_at_4_final_four": 0.35315119534797357,
      "ndcg10_pred_vs_playoff_final_results": 0.549156332252533,
      "brier_championship_odds": 0.03222232684493065,
      "rank_mae_pred_vs_playoff_final_results": 7.133333206176758,
      "rank_rmse_pred_vs_playoff_final_results": 9.305912017822266,
      "rank_mae_eos_standings_vs_playoff_final_results": 3.7333333333333334,
      "rank_rmse_eos_standings_vs_playoff_final_results": 6.093712606722878
    }
  },
  "test_metrics_model_a": {
    "ndcg": 0.5491507967561244,
    "spearman": 0.41846496106785314,
    "mrr_top2": 1.0,
    "mrr_top4": 1.0,
    "ndcg10": 0.5491507967561244,
    "ndcg_at_4": 0.35315119534797357,
    "ndcg_at_12": 0.5928940955885922,
    "ndcg_at_16": 0.594773445575681,
    "ndcg_at_20": 0.5947732140548367,
    "roc_auc_upset": 0.71875
  },
  "test_metrics_model_b": {
    "ndcg": 0.8037396290426359,
    "spearman": 0.4113459399332592,
    "mrr_top2": 1.0,
    "mrr_top4": 1.0,
    "ndcg10": 0.8037396290426359,
    "ndcg_at_4": 0.6879025204137522,
    "ndcg_at_12": 0.8035533103335293,
    "ndcg_at_16": 0.8035700722125643,
    "ndcg_at_20": 0.8460068935558499,
    "roc_auc_upset": 0.8214285714285714
  },
  "test_metrics_model_c": {
    "ndcg": 0.333487026575135,
    "spearman": 0.24048943270300333,
    "mrr_top2": 0.16666666666666666,
    "mrr_top4": 0.16666666666666666,
    "ndcg10": 0.333487026575135,
    "ndcg_at_4": 0.0011069724610271625,
    "ndcg_at_12": 0.33890731926775686,
    "ndcg_at_16": 0.35966393831396193,
    "ndcg_at_20": 0.37116955007129654,
    "roc_auc_upset": 0.7777777777777778
  },
  "test_metrics_by_conference": {
    "E": {
      "ndcg": 0.3851402749883562,
      "spearman": 0.2642857142857143
    },
    "W": {
      "ndcg": 0.9191859063888469,
      "spearman": 0.5428571428571428
    }
  },
  "notes": {
    "eos_rank_source": "eos_final_rank"
  }
}