{
  "notes": {
    "eval_on": "test",
    "eos_rank_source": "eos_final_rank",
    "upset_definition": "sleeper = EOS_global_rank > predicted_strength",
    "mrr_top2": "1/rank of first team in top 2 (champion+runner-up) in predicted order.",
    "mrr_top4": "1/rank of first team in top 4 (conference finals) in predicted order.",
    "per_conference_relevance": "Within E/W: actual rank derived from EOS_global_rank (1=best in conf); NDCG/Spearman use this relevance.",
    "playoff_metrics": "Spearman (pred global vs playoff_final_results), NDCG@4 (final four), Brier (champion vs odds). rank_mae/rank_rmse: pred vs playoff_final_results; eos_standings vs playoff_final_results (baseline)."
  },
  "split_info": {
    "train_frac": 0.75,
    "n_train_dates": 141,
    "n_test_dates": 36,
    "split_mode": "seasons"
  },
  "test_metrics_ensemble": {
    "ndcg": 0.4785186582904549,
    "spearman": 0.457174638487208,
    "mrr_top2": 0.5,
    "mrr_top4": 0.5,
    "ndcg10": 0.4785186582904549,
    "ndcg_at_4": 0.4643944167678145,
    "ndcg_at_12": 0.5291785389882376,
    "ndcg_at_16": 0.5304011353803904,
    "ndcg_at_20": 0.5327470864549517,
    "roc_auc_upset": 0.7901785714285714,
    "rank_mae_pred_vs_playoff_final_results": 7.066666603088379,
    "rank_rmse_pred_vs_playoff_final_results": 9.018499374389648,
    "rank_mae_eos_standings_vs_playoff_final_results": 3.1333333333333333,
    "rank_rmse_eos_standings_vs_playoff_final_results": 4.449719092257398,
    "playoff_metrics": {
      "spearman_pred_vs_playoff_final_results": 0.44471635150166855,
      "ndcg_at_4_final_four": 0.4643812234227066,
      "ndcg10_pred_vs_playoff_final_results": 0.47850528849541524,
      "brier_championship_odds": 0.03222232684493065,
      "rank_mae_pred_vs_playoff_final_results": 7.066666603088379,
      "rank_rmse_pred_vs_playoff_final_results": 9.018499374389648,
      "rank_mae_eos_standings_vs_playoff_final_results": 3.1333333333333333,
      "rank_rmse_eos_standings_vs_playoff_final_results": 4.449719092257398
    }
  },
  "test_metrics_model_a": {
    "ndcg": 0.4785186582904549,
    "spearman": 0.439377085650723,
    "mrr_top2": 0.5,
    "mrr_top4": 0.5,
    "ndcg10": 0.4785186582904549,
    "ndcg_at_4": 0.4643944167678145,
    "ndcg_at_12": 0.5291785389882376,
    "ndcg_at_16": 0.5291596440009724,
    "ndcg_at_20": 0.5326849033060773,
    "roc_auc_upset": 0.7991071428571428
  },
  "test_metrics_model_b": {
    "ndcg": 0.19710003553644426,
    "spearman": 0.6538375973303671,
    "mrr_top2": 0.14285714285714285,
    "mrr_top4": 0.14285714285714285,
    "ndcg10": 0.19710003553644426,
    "ndcg_at_4": 0.04166423104576856,
    "ndcg_at_12": 0.21907981997726161,
    "ndcg_at_16": 0.38971556401309426,
    "ndcg_at_20": 0.38971480688191706,
    "roc_auc_upset": 0.7037037037037037
  },
  "test_metrics_model_c": {
    "ndcg": 0.05124995751403931,
    "spearman": 0.30189098998887653,
    "mrr_top2": 0.0625,
    "mrr_top4": 0.2,
    "ndcg10": 0.05124995751403931,
    "ndcg_at_4": 0.00711064040423231,
    "ndcg_at_12": 0.056899138174850025,
    "ndcg_at_16": 0.1769467286075223,
    "ndcg_at_20": 0.17934445367388585,
    "roc_auc_upset": 0.8258928571428571
  },
  "test_metrics_by_conference": {
    "E": {
      "ndcg": 0.263116429299493,
      "spearman": 0.21428571428571427
    },
    "W": {
      "ndcg": 0.7510775020335729,
      "spearman": 0.6892857142857142
    }
  },
  "by_season": {
    "2023-24": {
      "test_metrics_ensemble": {
        "ndcg": 0.3999205158639072,
        "spearman": 0.41579532814238046,
        "mrr_top2": 1.0,
        "mrr_top4": 1.0,
        "ndcg10": 0.3999205158639072,
        "ndcg_at_4": 0.35315119534797357,
        "ndcg_at_12": 0.5753656417559826,
        "ndcg_at_16": 0.5766217046150015,
        "ndcg_at_20": 0.5772368836190668,
        "roc_auc_upset": 0.8125,
        "rank_mae_pred_vs_playoff_final_results": 7.400000095367432,
        "rank_rmse_pred_vs_playoff_final_results": 9.355924606323242,
        "rank_mae_eos_standings_vs_playoff_final_results": 3.7333333333333334,
        "rank_rmse_eos_standings_vs_playoff_final_results": 6.093712606722878,
        "playoff_metrics": {
          "spearman_pred_vs_playoff_final_results": 0.457174638487208,
          "ndcg_at_4_final_four": 0.35315119534797357,
          "ndcg10_pred_vs_playoff_final_results": 0.39992576516319395,
          "brier_championship_odds": 0.03222232684493065,
          "rank_mae_pred_vs_playoff_final_results": 7.400000095367432,
          "rank_rmse_pred_vs_playoff_final_results": 9.355924606323242,
          "rank_mae_eos_standings_vs_playoff_final_results": 3.7333333333333334,
          "rank_rmse_eos_standings_vs_playoff_final_results": 6.093712606722878
        }
      },
      "test_metrics_model_a": {
        "ndcg": 0.3999205158639072,
        "spearman": 0.41579532814238046,
        "mrr_top2": 1.0,
        "mrr_top4": 1.0,
        "ndcg10": 0.3999205158639072,
        "ndcg_at_4": 0.35315119534797357,
        "ndcg_at_12": 0.5753656417559826,
        "ndcg_at_16": 0.5766217046150015,
        "ndcg_at_20": 0.5772368836190668,
        "roc_auc_upset": 0.8125
      },
      "test_metrics_model_b": {
        "ndcg": 0.7951627414977881,
        "spearman": 0.4091212458286986,
        "mrr_top2": 1.0,
        "mrr_top4": 1.0,
        "ndcg10": 0.7951627414977881,
        "ndcg_at_4": 0.6879025204137522,
        "ndcg_at_12": 0.7949786756555216,
        "ndcg_at_16": 0.7999655021182188,
        "ndcg_at_20": 0.8375355902795832,
        "roc_auc_upset": 0.8169642857142857
      },
      "test_metrics_model_c": {
        "ndcg": 0.3335099094849099,
        "spearman": 0.23559510567296996,
        "mrr_top2": 0.16666666666666666,
        "mrr_top4": 0.16666666666666666,
        "ndcg10": 0.3335099094849099,
        "ndcg_at_4": 0.0011069724610271625,
        "ndcg_at_12": 0.3389081203242068,
        "ndcg_at_16": 0.3596647393089661,
        "ndcg_at_20": 0.3700007332224158,
        "roc_auc_upset": 0.7633928571428571
      },
      "test_metrics_by_conference": {
        "E": {
          "ndcg": 0.3851402749883562,
          "spearman": 0.2642857142857143
        },
        "W": {
          "ndcg": 0.922273612311482,
          "spearman": 0.6071428571428571
        }
      },
      "notes": {
        "eos_rank_source": "eos_final_rank"
      }
    },
    "2024-25": {
      "test_metrics_ensemble": {
        "ndcg": 0.4785186582904549,
        "spearman": 0.457174638487208,
        "mrr_top2": 0.5,
        "mrr_top4": 0.5,
        "ndcg10": 0.4785186582904549,
        "ndcg_at_4": 0.4643944167678145,
        "ndcg_at_12": 0.5291785389882376,
        "ndcg_at_16": 0.5304011353803904,
        "ndcg_at_20": 0.5327470864549517,
        "roc_auc_upset": 0.7901785714285714,
        "rank_mae_pred_vs_playoff_final_results": 7.066666603088379,
        "rank_rmse_pred_vs_playoff_final_results": 9.018499374389648,
        "rank_mae_eos_standings_vs_playoff_final_results": 3.1333333333333333,
        "rank_rmse_eos_standings_vs_playoff_final_results": 4.449719092257398,
        "playoff_metrics": {
          "spearman_pred_vs_playoff_final_results": 0.44471635150166855,
          "ndcg_at_4_final_four": 0.4643812234227066,
          "ndcg10_pred_vs_playoff_final_results": 0.47850528849541524,
          "brier_championship_odds": 0.03222232684493065,
          "rank_mae_pred_vs_playoff_final_results": 7.066666603088379,
          "rank_rmse_pred_vs_playoff_final_results": 9.018499374389648,
          "rank_mae_eos_standings_vs_playoff_final_results": 3.1333333333333333,
          "rank_rmse_eos_standings_vs_playoff_final_results": 4.449719092257398
        }
      },
      "test_metrics_model_a": {
        "ndcg": 0.4785186582904549,
        "spearman": 0.439377085650723,
        "mrr_top2": 0.5,
        "mrr_top4": 0.5,
        "ndcg10": 0.4785186582904549,
        "ndcg_at_4": 0.4643944167678145,
        "ndcg_at_12": 0.5291785389882376,
        "ndcg_at_16": 0.5291596440009724,