{
  "test_metrics_ensemble": {
    "ndcg": 0.4785186582904549,
    "spearman": 0.457174638487208,
    "mrr_top2": 0.5,
    "mrr_top4": 0.5,
    "ndcg10": 0.4785186582904549,
    "ndcg_at_4": 0.4643944167678145,
    "ndcg_at_12": 0.5291785389882376,
    "ndcg_at_16": 0.5304011353803904,
    "ndcg_at_20": 0.5327470864549517,
    "roc_auc_upset": 0.7901785714285714,
    "rank_mae_pred_vs_playoff_final_results": 7.066666603088379,
    "rank_rmse_pred_vs_playoff_final_results": 9.018499374389648,
    "rank_mae_eos_standings_vs_playoff_final_results": 3.1333333333333333,
    "rank_rmse_eos_standings_vs_playoff_final_results": 4.449719092257398,
    "playoff_metrics": {
      "spearman_pred_vs_playoff_final_results": 0.44471635150166855,
      "ndcg_at_4_final_four": 0.4643812234227066,
      "ndcg10_pred_vs_playoff_final_results": 0.47850528849541524,
      "brier_championship_odds": 0.03222232684493065,
      "rank_mae_pred_vs_playoff_final_results": 7.066666603088379,
      "rank_rmse_pred_vs_playoff_final_results": 9.018499374389648,
      "rank_mae_eos_standings_vs_playoff_final_results": 3.1333333333333333,
      "rank_rmse_eos_standings_vs_playoff_final_results": 4.449719092257398
    }
  },
  "test_metrics_model_a": {
    "ndcg": 0.4785186582904549,
    "spearman": 0.439377085650723,
    "mrr_top2": 0.5,
    "mrr_top4": 0.5,
    "ndcg10": 0.4785186582904549,
    "ndcg_at_4": 0.4643944167678145,
    "ndcg_at_12": 0.5291785389882376,
    "ndcg_at_16": 0.5291596440009724,
    "ndcg_at_20": 0.5326849033060773,
    "roc_auc_upset": 0.7991071428571428
  },
  "test_metrics_model_b": {
    "ndcg": 0.19710003553644426,
    "spearman": 0.6538375973303671,
    "mrr_top2": 0.14285714285714285,
    "mrr_top4": 0.14285714285714285,
    "ndcg10": 0.19710003553644426,
    "ndcg_at_4": 0.04166423104576856,
    "ndcg_at_12": 0.21907981997726161,
    "ndcg_at_16": 0.38971556401309426,
    "ndcg_at_20": 0.38971480688191706,
    "roc_auc_upset": 0.7037037037037037
  },
  "test_metrics_model_c": {
    "ndcg": 0.05124995751403931,
    "spearman": 0.30189098998887653,
    "mrr_top2": 0.0625,
    "mrr_top4": 0.2,
    "ndcg10": 0.05124995751403931,
    "ndcg_at_4": 0.00711064040423231,
    "ndcg_at_12": 0.056899138174850025,
    "ndcg_at_16": 0.1769467286075223,
    "ndcg_at_20": 0.17934445367388585,
    "roc_auc_upset": 0.8258928571428571
  },
  "test_metrics_by_conference": {
    "E": {
      "ndcg": 0.263116429299493,
      "spearman": 0.21428571428571427
    },
    "W": {
      "ndcg": 0.7510775020335729,
      "spearman": 0.6892857142857142
    }
  },
  "notes": {
    "eos_rank_source": "eos_final_rank"
  }
}