{
  "test_metrics_ensemble": {
    "ndcg": 0.3999205158639072,
    "spearman": 0.41579532814238046,
    "mrr_top2": 1.0,
    "mrr_top4": 1.0,
    "ndcg10": 0.3999205158639072,
    "ndcg_at_4": 0.35315119534797357,
    "ndcg_at_12": 0.5753656417559826,
    "ndcg_at_16": 0.5766217046150015,
    "ndcg_at_20": 0.5772368836190668,
    "roc_auc_upset": 0.8125,
    "rank_mae_pred_vs_playoff_final_results": 7.400000095367432,
    "rank_rmse_pred_vs_playoff_final_results": 9.355924606323242,
    "rank_mae_eos_standings_vs_playoff_final_results": 3.7333333333333334,
    "rank_rmse_eos_standings_vs_playoff_final_results": 6.093712606722878,
    "playoff_metrics": {
      "spearman_pred_vs_playoff_final_results": 0.457174638487208,
      "ndcg_at_4_final_four": 0.35315119534797357,
      "ndcg10_pred_vs_playoff_final_results": 0.39992576516319395,
      "brier_championship_odds": 0.03222232684493065,
      "rank_mae_pred_vs_playoff_final_results": 7.400000095367432,
      "rank_rmse_pred_vs_playoff_final_results": 9.355924606323242,
      "rank_mae_eos_standings_vs_playoff_final_results": 3.7333333333333334,
      "rank_rmse_eos_standings_vs_playoff_final_results": 6.093712606722878
    }
  },
  "test_metrics_model_a": {
    "ndcg": 0.3999205158639072,
    "spearman": 0.41579532814238046,
    "mrr_top2": 1.0,
    "mrr_top4": 1.0,
    "ndcg10": 0.3999205158639072,
    "ndcg_at_4": 0.35315119534797357,
    "ndcg_at_12": 0.5753656417559826,
    "ndcg_at_16": 0.5766217046150015,
    "ndcg_at_20": 0.5772368836190668,
    "roc_auc_upset": 0.8125
  },
  "test_metrics_model_b": {
    "ndcg": 0.7951627414977881,
    "spearman": 0.4091212458286986,
    "mrr_top2": 1.0,
    "mrr_top4": 1.0,
    "ndcg10": 0.7951627414977881,
    "ndcg_at_4": 0.6879025204137522,
    "ndcg_at_12": 0.7949786756555216,
    "ndcg_at_16": 0.7999655021182188,
    "ndcg_at_20": 0.8375355902795832,
    "roc_auc_upset": 0.8169642857142857
  },
  "test_metrics_model_c": {
    "ndcg": 0.3335099094849099,
    "spearman": 0.23559510567296996,
    "mrr_top2": 0.16666666666666666,
    "mrr_top4": 0.16666666666666666,
    "ndcg10": 0.3335099094849099,
    "ndcg_at_4": 0.0011069724610271625,
    "ndcg_at_12": 0.3389081203242068,
    "ndcg_at_16": 0.3596647393089661,
    "ndcg_at_20": 0.3700007332224158,
    "roc_auc_upset": 0.7633928571428571
  },
  "test_metrics_by_conference": {
    "E": {
      "ndcg": 0.3851402749883562,
      "spearman": 0.2642857142857143
    },
    "W": {
      "ndcg": 0.922273612311482,
      "spearman": 0.6071428571428571
    }
  },
  "notes": {
    "eos_rank_source": "eos_final_rank"
  }
}