{
  "test_metrics_ensemble": {
    "ndcg": 0.570317247646098,
    "spearman": 0.28409343715239155,
    "mrr_top2": 1.0,
    "mrr_top4": 1.0,
    "ndcg10": 0.570317247646098,
    "ndcg_at_4": 0.35315119534797357,
    "ndcg_at_12": 0.614059134067409,
    "ndcg_at_16": 0.6140158616659489,
    "ndcg_at_20": 0.6140134636767594,
    "roc_auc_upset": 0.8687782805429864,
    "rank_mae_pred_vs_playoff_final_results": 8.399999618530273,
    "rank_rmse_pred_vs_playoff_final_results": 10.356962203979492,
    "rank_mae_eos_standings_vs_playoff_final_results": 3.7333333333333334,
    "rank_rmse_eos_standings_vs_playoff_final_results": 6.093712606722878,
    "spearman_standings": -0.4064516129032258,
    "ndcg10_standings": 0.4294715028864152,
    "ndcg_at_4_standings": 0.16635214014080835,
    "ndcg_at_16_standings": 0.4512694965301312,
    "rank_rmse_standings": 9.430447578430176,
    "playoff_metrics": {
      "spearman_pred_vs_playoff_final_results": 0.3388209121245828,
      "ndcg_at_4_final_four": 0.35315119534797357,
      "ndcg10_pred_vs_playoff_final_results": 0.5703225539151932,
      "brier_championship_odds": 0.0314764678478241,
      "rank_mae_pred_vs_playoff_final_results": 8.399999618530273,
      "rank_rmse_pred_vs_playoff_final_results": 10.356962203979492,
      "rank_mae_eos_standings_vs_playoff_final_results": 3.7333333333333334,
      "rank_rmse_eos_standings_vs_playoff_final_results": 6.093712606722878
    }
  },
  "test_metrics_model_a": {
    "ndcg": 0.570317247646098,
    "spearman": 0.28409343715239155,
    "mrr_top2": 1.0,
    "mrr_top4": 1.0,
    "ndcg10": 0.570317247646098,
    "ndcg_at_4": 0.35315119534797357,
    "ndcg_at_12": 0.614059134067409,
    "ndcg_at_16": 0.6140158616659489,
    "ndcg_at_20": 0.6140134636767594,
    "roc_auc_upset": 0.8687782805429864
  },
  "test_metrics_model_b": {
    "ndcg": 0.8065914185819337,
    "spearman": 0.4829810901001112,
    "mrr_top2": 1.0,
    "mrr_top4": 1.0,
    "ndcg10": 0.8065914185819337,
    "ndcg_at_4": 0.6907114070725182,
    "ndcg_at_12": 0.8063802234833427,
    "ndcg_at_16": 0.8470005139050484,
    "ndcg_at_20": 0.8518649618435864,
    "roc_auc_upset": 0.7555555555555555
  },
  "test_metrics_model_c": {
    "ndcg": 0.33348743391404295,
    "spearman": 0.23337041156840932,
    "mrr_top2": 0.16666666666666666,
    "mrr_top4": 0.16666666666666666,
    "ndcg10": 0.33348743391404295,
    "ndcg_at_4": 0.001111095381373398,
    "ndcg_at_12": 0.3389077264996702,
    "ndcg_at_16": 0.3596643455146382,
    "ndcg_at_20": 0.37000033942981986,
    "roc_auc_upset": 0.7633928571428571
  },
  "test_metrics_by_conference": {
    "E": {
      "ndcg": 0.3571653635709547,
      "spearman": 0.05714285714285713
    },
    "W": {
      "ndcg": 0.9048924174493659,
      "spearman": 0.42857142857142855
    }
  },
  "notes": {
    "eos_rank_source": "eos_final_rank"
  }
}