{
  "notes": {
    "eval_on": "test",
    "eos_rank_source": "eos_final_rank",
    "upset_definition": "sleeper = EOS_global_rank > predicted_strength",
    "mrr_top2": "1/rank of first team in top 2 (champion+runner-up) in predicted order.",
    "mrr_top4": "1/rank of first team in top 4 (conference finals) in predicted order.",
    "per_conference_relevance": "Within E/W: actual rank derived from EOS_global_rank (1=best in conf); NDCG/Spearman use this relevance.",
    "playoff_metrics": "Spearman (pred global vs playoff_final_results), NDCG@4 (final four), Brier (champion vs odds). rank_mae/rank_rmse: pred vs playoff_final_results; eos_standings vs playoff_final_results (baseline)."
  },
  "split_info": {
    "train_frac": 0.75,
    "n_train_dates": 141,
    "n_test_dates": 36,
    "split_mode": "seasons"
  },
  "test_metrics_ensemble": {
    "ndcg": 0.4832662240336409,
    "spearman": 0.4914349276974415,
    "mrr_top2": 0.5,
    "mrr_top4": 0.5,
    "ndcg10": 0.4832662240336409,
    "ndcg_at_4": 0.4732201012417847,
    "ndcg_at_12": 0.5284391085515239,
    "ndcg_at_16": 0.5287165359149376,
    "ndcg_at_20": 0.5305287263902798,
    "roc_auc_upset": 0.8044444444444445,
    "rank_mae_pred_vs_playoff_final_results": 6.933333396911621,
    "rank_rmse_pred_vs_playoff_final_results": 8.72926139831543,
    "rank_mae_eos_standings_vs_playoff_final_results": 3.1333333333333333,
    "rank_rmse_eos_standings_vs_playoff_final_results": 4.449719092257398,
    "spearman_standings": -0.5408231368186874,
    "ndcg10_standings": 0.5032787334417954,
    "ndcg_at_4_standings": 0.5178046098648476,
    "ndcg_at_16_standings": 0.517010096301237,
    "rank_rmse_standings": 8.294576644897461,
    "playoff_metrics": {
      "spearman_pred_vs_playoff_final_results": 0.49766407119021133,
      "ndcg_at_4_final_four": 0.4732201012417847,
      "ndcg10_pred_vs_playoff_final_results": 0.48325354467423537,
      "brier_championship_odds": 0.030076470226049423,
      "rank_mae_pred_vs_playoff_final_results": 6.933333396911621,
      "rank_rmse_pred_vs_playoff_final_results": 8.72926139831543,
      "rank_mae_eos_standings_vs_playoff_final_results": 3.1333333333333333,
      "rank_rmse_eos_standings_vs_playoff_final_results": 4.449719092257398
    }
  },
  "test_metrics_model_a": {
    "ndcg": 0.4832662240336409,
    "spearman": 0.4758620689655172,
    "mrr_top2": 0.5,
    "mrr_top4": 0.5,
    "ndcg10": 0.4832662240336409,
    "ndcg_at_4": 0.4732201012417847,
    "ndcg_at_12": 0.5284391085515239,
    "ndcg_at_16": 0.5287165359149376,
    "ndcg_at_20": 0.5305184995162199,
    "roc_auc_upset": 0.8133333333333334
  },
  "test_metrics_model_b": {
    "ndcg": 0.20234794654321717,
    "spearman": 0.5911012235817574,
    "mrr_top2": 0.16666666666666666,
    "mrr_top4": 0.16666666666666666,
    "ndcg10": 0.20234794654321717,
    "ndcg_at_4": 0.04029517653159447,
    "ndcg_at_12": 0.20300327510450827,
    "ndcg_at_16": 0.3735997581437313,
    "ndcg_at_20": 0.39314249958632913,
    "roc_auc_upset": 0.7955555555555556
  },
  "test_metrics_model_c": {
    "ndcg": 0.05139534647930671,
    "spearman": 0.3125695216907675,
    "mrr_top2": 0.07142857142857142,
    "mrr_top4": 0.2,
    "ndcg10": 0.05139534647930671,
    "ndcg_at_4": 0.0072603807417201014,
    "ndcg_at_12": 0.05704448895120833,
    "ndcg_at_16": 0.17989573678693135,
    "ndcg_at_20": 0.18229344888290439,
    "roc_auc_upset": 0.8214285714285714
  },
  "test_metrics_by_conference": {
    "E": {
      "ndcg": 0.3386844559185178,
      "spearman": 0.37857142857142856
    },
    "W": {
      "ndcg": 0.7346666807940231,
      "spearman": 0.5392857142857141
    }
  },
  "by_season": {
    "2023-24": {
      "test_metrics_ensemble": {
        "ndcg": 0.570317247646098,
        "spearman": 0.28409343715239155,
        "mrr_top2": 1.0,
        "mrr_top4": 1.0,
        "ndcg10": 0.570317247646098,
        "ndcg_at_4": 0.35315119534797357,
        "ndcg_at_12": 0.614059134067409,
        "ndcg_at_16": 0.6140158616659489,
        "ndcg_at_20": 0.6140134636767594,
        "roc_auc_upset": 0.8687782805429864,
        "rank_mae_pred_vs_playoff_final_results": 8.399999618530273,
        "rank_rmse_pred_vs_playoff_final_results": 10.356962203979492,
        "rank_mae_eos_standings_vs_playoff_final_results": 3.7333333333333334,
        "rank_rmse_eos_standings_vs_playoff_final_results": 6.093712606722878,
        "spearman_standings": -0.4064516129032258,
        "ndcg10_standings": 0.4294715028864152,
        "ndcg_at_4_standings": 0.16635214014080835,
        "ndcg_at_16_standings": 0.4512694965301312,
        "rank_rmse_standings": 9.430447578430176,
        "playoff_metrics": {
          "spearman_pred_vs_playoff_final_results": 0.3388209121245828,
          "ndcg_at_4_final_four": 0.35315119534797357,
          "ndcg10_pred_vs_playoff_final_results": 0.5703225539151932,
          "brier_championship_odds": 0.0314764678478241,
          "rank_mae_pred_vs_playoff_final_results": 8.399999618530273,
          "rank_rmse_pred_vs_playoff_final_results": 10.356962203979492,
          "rank_mae_eos_standings_vs_playoff_final_results": 3.7333333333333334,
          "rank_rmse_eos_standings_vs_playoff_final_results": 6.093712606722878
        }
      },
      "test_metrics_model_a": {
        "ndcg": 0.570317247646098,
        "spearman": 0.28409343715239155,
        "mrr_top2": 1.0,
        "mrr_top4": 1.0,
        "ndcg10": 0.570317247646098,
        "ndcg_at_4": 0.35315119534797357,
        "ndcg_at_12": 0.614059134067409,
        "ndcg_at_16": 0.6140158616659489,
        "ndcg_at_20": 0.6140134636767594,
        "roc_auc_upset": 0.8687782805429864
      },
      "test_metrics_model_b": {
        "ndcg": 0.8065914185819337,
        "spearman": 0.4829810901001112,
        "mrr_top2": 1.0,
        "mrr_top4": 1.0,
        "ndcg10": 0.8065914185819337,
        "ndcg_at_4": 0.6907114070725182,
        "ndcg_at_12": 0.8063802234833427,
        "ndcg_at_16": 0.8470005139050484,
        "ndcg_at_20": 0.8518649618435864,
        "roc_auc_upset": 0.7555555555555555
      },
      "test_metrics_model_c": {
        "ndcg": 0.33348743391404295,
        "spearman": 0.23337041156840932,
        "mrr_top2": 0.16666666666666666,
        "mrr_top4": 0.16666666666666666,
        "ndcg10": 0.33348743391404295,
        "ndcg_at_4": 0.001111095381373398,
        "ndcg_at_12": 0.3389077264996702,
        "ndcg_at_16": 0.3596643455146382,
        "ndcg_at_20": 0.37000033942981986,
        "roc_auc_upset": 0.7633928571428571
      },
      "test_metrics_by_conference": {
        "E": {
          "ndcg": 0.3571653635709547,
          "spearman": 0.05714285714285713
        },
        "W": {
          "ndcg": 0.9048924174493659,
          "spearman": 0.42857142857142855
        }
      },
      "notes": {
        "eos_rank_source": "eos_final_rank"
      }
    },
    "2024-25": {
      "test_metrics_ensemble": {
        "ndcg": 0.4832662240336409,
        "spearman": 0.4914349276974415,
        "mrr_top2": 0.5,
        "mrr_top4": 0.5,
        "ndcg10": 0.4832662240336409,
        "ndcg_at_4": 0.4732201012417847,
        "ndcg_at_12": 0.5284391085515239,
        "ndcg_at_16": 0.5287165359149376,
        "ndcg_at_20": 0.5305287263902798,
        "roc_auc_upset": 0.8044444444444445,
        "rank_mae_pred_vs_playoff_final_results": 6.933333396911621,
        "rank_rmse_pred_vs_playoff_final_results": 8.72926139831543,
        "rank_mae_eos_standings_vs_playoff_final_results": 3.1333333333333333,
        "rank_rmse_eos_standings_vs_playoff_final_results": 4.449719092257398,
        "spearman_standings": -0.5408231368186874,
        "ndcg10_standings": 0.5032787334417954,
        "ndcg_at_4_standings": 0.5178046098648476,
        "ndcg_at_16_standings": 0.517010096301237,
        "rank_rmse_standings": 8.294576644897461,
        "playoff_metrics": {
          "spearman_pred_vs_playoff_final_results": 0.49766407119021133,
          "ndcg_at_4_final_four": 0.4732201012417847,