{
  "notes": {
    "eval_on": "test",
    "eos_rank_source": "eos_final_rank",
    "upset_definition": "sleeper = EOS_global_rank > predicted_strength",
    "mrr_top2": "1/rank of first team in top 2 (champion+runner-up) in predicted order.",
    "mrr_top4": "1/rank of first team in top 4 (conference finals) in predicted order.",
    "per_conference_relevance": "Within E/W: actual rank derived from EOS_global_rank (1=best in conf); NDCG/Spearman use this relevance.",
    "playoff_metrics": "Spearman (pred global vs playoff_final_results), NDCG@4 (final four), Brier (champion vs odds). rank_mae/rank_rmse: pred vs playoff_final_results; eos_standings vs playoff_final_results (baseline)."
  },
  "split_info": {
    "train_frac": 0.75,
    "n_train_dates": 141,
    "n_test_dates": 36,
    "split_mode": "seasons"
  },
  "test_metrics_ensemble": {
    "ndcg": 0.5297148306449868,
    "spearman": 0.4767519466073415,
    "mrr_top2": 0.5,
    "mrr_top4": 0.5,
    "ndcg10": 0.5297148306449868,
    "ndcg_at_4": 0.4642134786724244,
    "ndcg_at_12": 0.5295765502460233,
    "ndcg_at_16": 0.5298906691512734,
    "ndcg_at_20": 0.5340815239864114,
    "roc_auc_upset": 0.7647058823529411,
    "rank_mae_pred_vs_playoff_final_results": 7.0,
    "rank_rmse_pred_vs_playoff_final_results": 8.854377746582031,
    "rank_mae_eos_standings_vs_playoff_final_results": 3.1333333333333333,
    "rank_rmse_eos_standings_vs_playoff_final_results": 4.449719092257398,
    "playoff_metrics": {
      "spearman_pred_vs_playoff_final_results": 0.4838709677419355,
      "ndcg_at_4_final_four": 0.4642134529041722,
      "ndcg10_pred_vs_playoff_final_results": 0.5297048910283982,
      "brier_championship_odds": 0.03222232684493065,
      "rank_mae_pred_vs_playoff_final_results": 7.0,
      "rank_rmse_pred_vs_playoff_final_results": 8.854377746582031,
      "rank_mae_eos_standings_vs_playoff_final_results": 3.1333333333333333,
      "rank_rmse_eos_standings_vs_playoff_final_results": 4.449719092257398
    }
  },
  "test_metrics_model_a": {
    "ndcg": 0.529729414915926,
    "spearman": 0.4776418242491657,
    "mrr_top2": 0.5,
    "mrr_top4": 0.5,
    "ndcg10": 0.529729414915926,
    "ndcg_at_4": 0.4642134786724244,
    "ndcg_at_12": 0.5295911306861532,
    "ndcg_at_16": 0.5299052484729965,
    "ndcg_at_20": 0.5340961032440115,
    "roc_auc_upset": 0.7647058823529411
  },
  "test_metrics_model_b": {
    "ndcg": 0.17869879898724592,
    "spearman": 0.6022246941045606,
    "mrr_top2": 0.25,
    "mrr_top4": 0.25,
    "ndcg10": 0.17869879898724592,
    "ndcg_at_4": 0.16775742802418675,
    "ndcg_at_12": 0.22395166506018552,
    "ndcg_at_16": 0.40371129488893903,
    "ndcg_at_20": 0.4037524167506556,
    "roc_auc_upset": 0.7455357142857143
  },
  "test_metrics_model_c": {
    "ndcg": 0.05124995751403931,
    "spearman": 0.30233592880978866,
    "mrr_top2": 0.06666666666666667,
    "mrr_top4": 0.2,
    "ndcg10": 0.05124995751403931,
    "ndcg_at_4": 0.00711064040423231,
    "ndcg_at_12": 0.056899138174850025,
    "ndcg_at_16": 0.17781540372208415,
    "ndcg_at_20": 0.18021312496782235,
    "roc_auc_upset": 0.8258928571428571
  },
  "test_metrics_by_conference": {
    "E": {
      "ndcg": 0.24200950614311126,
      "spearman": 0.19999999999999998
    },
    "W": {
      "ndcg": 0.7617310144590109,
      "spearman": 0.6678571428571428
    }
  },
  "by_season": {
    "2023-24": {
      "test_metrics_ensemble": {
        "ndcg": 0.5413804598624418,
        "spearman": 0.39888765294771966,
        "mrr_top2": 1.0,
        "mrr_top4": 1.0,
        "ndcg10": 0.5413804598624418,
        "ndcg_at_4": 0.35315119534797357,
        "ndcg_at_12": 0.5865434159488356,
        "ndcg_at_16": 0.5878325446558905,
        "ndcg_at_20": 0.5884296199156065,
        "roc_auc_upset": 0.7013574660633484,
        "rank_mae_pred_vs_playoff_final_results": 7.400000095367432,
        "rank_rmse_pred_vs_playoff_final_results": 9.49034595489502,
        "rank_mae_eos_standings_vs_playoff_final_results": 3.7333333333333334,
        "rank_rmse_eos_standings_vs_playoff_final_results": 6.093712606722878,
        "playoff_metrics": {
          "spearman_pred_vs_playoff_final_results": 0.43670745272525024,
          "ndcg_at_4_final_four": 0.35315119534797357,
          "ndcg10_pred_vs_playoff_final_results": 0.5413857091617285,
          "brier_championship_odds": 0.03222232684493065,
          "rank_mae_pred_vs_playoff_final_results": 7.400000095367432,
          "rank_rmse_pred_vs_playoff_final_results": 9.49034595489502,
          "rank_mae_eos_standings_vs_playoff_final_results": 3.7333333333333334,
          "rank_rmse_eos_standings_vs_playoff_final_results": 6.093712606722878
        }
      },
      "test_metrics_model_a": {
        "ndcg": 0.5413804598624418,
        "spearman": 0.39888765294771966,
        "mrr_top2": 1.0,
        "mrr_top4": 1.0,
        "ndcg10": 0.5413804598624418,
        "ndcg_at_4": 0.35315119534797357,
        "ndcg_at_12": 0.5865434159488356,
        "ndcg_at_16": 0.5878325446558905,
        "ndcg_at_20": 0.5884296199156065,
        "roc_auc_upset": 0.7013574660633484
      },
      "test_metrics_model_b": {
        "ndcg": 0.8062669745834677,
        "spearman": 0.37842046718576194,
        "mrr_top2": 1.0,
        "mrr_top4": 1.0,
        "ndcg10": 0.8062669745834677,
        "ndcg_at_4": 0.7116242168324007,
        "ndcg_at_12": 0.8061416007585529,
        "ndcg_at_16": 0.8061032805515603,
        "ndcg_at_20": 0.8109720711772954,
        "roc_auc_upset": 0.7828054298642534
      },
      "test_metrics_model_c": {
        "ndcg": 0.333487026575135,
        "spearman": 0.23159065628476083,
        "mrr_top2": 0.16666666666666666,
        "mrr_top4": 0.16666666666666666,
        "ndcg10": 0.333487026575135,
        "ndcg_at_4": 0.0011069724610271625,
        "ndcg_at_12": 0.33890731926775686,
        "ndcg_at_16": 0.35966393831396193,
        "ndcg_at_20": 0.3699999322309346,
        "roc_auc_upset": 0.7633928571428571
      },
      "test_metrics_by_conference": {
        "E": {
          "ndcg": 0.3870089925370491,
          "spearman": 0.30357142857142855
        },
        "W": {
          "ndcg": 0.9200723557147134,
          "spearman": 0.5142857142857142
        }
      },
      "notes": {
        "eos_rank_source": "eos_final_rank"
      }
    },
    "2024-25": {
      "test_metrics_ensemble": {
        "ndcg": 0.5297148306449868,
        "spearman": 0.4767519466073415,
        "mrr_top2": 0.5,
        "mrr_top4": 0.5,
        "ndcg10": 0.5297148306449868,
        "ndcg_at_4": 0.4642134786724244,
        "ndcg_at_12": 0.5295765502460233,
        "ndcg_at_16": 0.5298906691512734,
        "ndcg_at_20": 0.5340815239864114,
        "roc_auc_upset": 0.7647058823529411,
        "rank_mae_pred_vs_playoff_final_results": 7.0,
        "rank_rmse_pred_vs_playoff_final_results": 8.854377746582031,
        "rank_mae_eos_standings_vs_playoff_final_results": 3.1333333333333333,
        "rank_rmse_eos_standings_vs_playoff_final_results": 4.449719092257398,
        "playoff_metrics": {
          "spearman_pred_vs_playoff_final_results": 0.4838709677419355,
          "ndcg_at_4_final_four": 0.4642134529041722,
          "ndcg10_pred_vs_playoff_final_results": 0.5297048910283982,
          "brier_championship_odds": 0.03222232684493065,
          "rank_mae_pred_vs_playoff_final_results": 7.0,
          "rank_rmse_pred_vs_playoff_final_results": 8.854377746582031,
          "rank_mae_eos_standings_vs_playoff_final_results": 3.1333333333333333,
          "rank_rmse_eos_standings_vs_playoff_final_results": 4.449719092257398
        }
      },
      "test_metrics_model_a": {
        "ndcg": 0.529729414915926,
        "spearman": 0.4776418242491657,
        "mrr_top2": 0.5,
        "mrr_top4": 0.5,
        "ndcg10": 0.529729414915926,
        "ndcg_at_4": 0.4642134786724244,
        "ndcg_at_12": 0.5295911306861532,
        "ndcg_at_16": 0.5299052484729965,
        "ndcg_at_20": 0.5340961032440115,