{
  "test_metrics_ensemble": {
    "ndcg": 0.4885575354383822,
    "spearman": 0.5047830923248053,
    "mrr_top2": 0.5,
    "mrr_top4": 0.5,
    "ndcg10": 0.4885575354383822,
    "ndcg_at_4": 0.4643519436832566,
    "ndcg_at_12": 0.5340718698056804,
    "ndcg_at_16": 0.5352946172740264,
    "ndcg_at_20": 0.537681454556288,
    "roc_auc_upset": 0.7544642857142856,
    "rank_mae_pred_vs_playoff_final_results": 6.800000190734863,
    "rank_rmse_pred_vs_playoff_final_results": 8.61394214630127,
    "rank_mae_eos_standings_vs_playoff_final_results": 3.1333333333333333,
    "rank_rmse_eos_standings_vs_playoff_final_results": 4.449719092257398,
    "playoff_metrics": {
      "spearman_pred_vs_playoff_final_results": 0.4967741935483871,
      "ndcg_at_4_final_four": 0.46433662668392073,
      "ndcg10_pred_vs_playoff_final_results": 0.48854210784850716,
      "brier_championship_odds": 0.03222232684493065,
      "rank_mae_pred_vs_playoff_final_results": 6.800000190734863,
      "rank_rmse_pred_vs_playoff_final_results": 8.61394214630127,
      "rank_mae_eos_standings_vs_playoff_final_results": 3.1333333333333333,
      "rank_rmse_eos_standings_vs_playoff_final_results": 4.449719092257398
    }
  },
  "test_metrics_model_a": {
    "ndcg": 0.4885575354383822,
    "spearman": 0.5047830923248053,
    "mrr_top2": 0.5,
    "mrr_top4": 0.5,
    "ndcg10": 0.4885575354383822,
    "ndcg_at_4": 0.4643519436832566,
    "ndcg_at_12": 0.5340718698056804,
    "ndcg_at_16": 0.5352946172740264,
    "ndcg_at_20": 0.537681454556288,
    "roc_auc_upset": 0.7544642857142856
  },
  "test_metrics_model_b": {
    "ndcg": 0.19191732086704172,
    "spearman": 0.5657397107897664,
    "mrr_top2": 0.2,
    "mrr_top4": 0.2,
    "ndcg10": 0.19191732086704172,
    "ndcg_at_4": 0.04174492448450587,
    "ndcg_at_12": 0.191952970921391,
    "ndcg_at_16": 0.23254540905171153,
    "ndcg_at_20": 0.38548794115405943,
    "roc_auc_upset": 0.7946428571428572
  },
  "test_metrics_model_c": {
    "ndcg": 0.05139534647930671,
    "spearman": 0.2645161290322581,
    "mrr_top2": 0.058823529411764705,
    "mrr_top4": 0.2,
    "ndcg10": 0.05139534647930671,
    "ndcg_at_4": 0.0072603807417201014,
    "ndcg_at_12": 0.05704448895120833,
    "ndcg_at_16": 0.09676823561965986,
    "ndcg_at_20": 0.17697163960443327,
    "roc_auc_upset": 0.8348214285714286
  },
  "test_metrics_by_conference": {
    "E": {
      "ndcg": 0.24737794491293497,
      "spearman": 0.24642857142857136
    },
    "W": {
      "ndcg": 0.7723141400583361,
      "spearman": 0.6928571428571427
    }
  },
  "notes": {
    "eos_rank_source": "eos_final_rank"
  }
}