{
  "test_metrics_ensemble": {
    "ndcg": 0.5935104983038167,
    "spearman": 0.4082313681868743,
    "mrr_top2": 1.0,
    "mrr_top4": 1.0,
    "ndcg10": 0.5935104983038167,
    "ndcg_at_4": 0.33513898093933947,
    "ndcg_at_12": 0.5947260454385827,
    "ndcg_at_16": 0.5946869243658661,
    "ndcg_at_20": 0.5953018836680966,
    "roc_auc_upset": 0.65625,
    "rank_mae_pred_vs_playoff_final_results": 7.4666666984558105,
    "rank_rmse_pred_vs_playoff_final_results": 9.416297912597656,
    "rank_mae_eos_standings_vs_playoff_final_results": 3.7333333333333334,
    "rank_rmse_eos_standings_vs_playoff_final_results": 6.093712606722878,
    "playoff_metrics": {
      "spearman_pred_vs_playoff_final_results": 0.44293659621801995,
      "ndcg_at_4_final_four": 0.33513815635527017,
      "ndcg10_pred_vs_playoff_final_results": 0.593509697681709,
      "brier_championship_odds": 0.03222232684493065,
      "rank_mae_pred_vs_playoff_final_results": 7.4666666984558105,
      "rank_rmse_pred_vs_playoff_final_results": 9.416297912597656,
      "rank_mae_eos_standings_vs_playoff_final_results": 3.7333333333333334,
      "rank_rmse_eos_standings_vs_playoff_final_results": 6.093712606722878
    }
  },
  "test_metrics_model_a": {
    "ndcg": 0.5935104983038167,
    "spearman": 0.40867630700778645,
    "mrr_top2": 1.0,
    "mrr_top4": 1.0,
    "ndcg10": 0.5935104983038167,
    "ndcg_at_4": 0.33513898093933947,
    "ndcg_at_12": 0.5947260454385827,
    "ndcg_at_16": 0.5946869243658661,
    "ndcg_at_20": 0.5953018836680966,
    "roc_auc_upset": 0.65625
  },
  "test_metrics_model_b": {
    "ndcg": 0.5679890474642659,
    "spearman": 0.36284760845383757,
    "mrr_top2": 0.5,
    "mrr_top4": 0.5,
    "ndcg10": 0.5679890474642659,
    "ndcg_at_4": 0.4821042221741278,
    "ndcg_at_12": 0.5681025225616676,
    "ndcg_at_16": 0.5680804150286288,
    "ndcg_at_20": 0.6070245461893152,
    "roc_auc_upset": 0.7767857142857142
  },
  "test_metrics_model_c": {
    "ndcg": 0.333487026575135,
    "spearman": 0.21735261401557288,
    "mrr_top2": 0.16666666666666666,
    "mrr_top4": 0.16666666666666666,
    "ndcg10": 0.333487026575135,
    "ndcg_at_4": 0.0011069724610271625,
    "ndcg_at_12": 0.33342221884066475,
    "ndcg_at_16": 0.35859183582960236,
    "ndcg_at_20": 0.3700684187652646,
    "roc_auc_upset": 0.7767857142857143
  },
  "test_metrics_by_conference": {
    "E": {
      "ndcg": 0.3870089925370491,
      "spearman": 0.28928571428571426
    },
    "W": {
      "ndcg": 0.9251158870882034,
      "spearman": 0.5357142857142856
    }
  },
  "notes": {
    "eos_rank_source": "eos_final_rank"
  }
}