{
  "test_metrics_ensemble": {
    "ndcg": 0.48328411047416214,
    "spearman": 0.4709677419354839,
    "mrr_top2": 0.5,
    "mrr_top4": 0.5,
    "ndcg10": 0.48328411047416214,
    "ndcg_at_4": 0.4732201012417847,
    "ndcg_at_12": 0.48315787941553434,
    "ndcg_at_16": 0.5260961993910845,
    "ndcg_at_20": 0.5272933666265961,
    "roc_auc_upset": 0.746606334841629,
    "rank_mae_pred_vs_playoff_final_results": 7.133333206176758,
    "rank_rmse_pred_vs_playoff_final_results": 8.903182983398438,
    "rank_mae_eos_standings_vs_playoff_final_results": 3.1333333333333333,
    "rank_rmse_eos_standings_vs_playoff_final_results": 4.449719092257398,
    "spearman_standings": -0.5052280311457175,
    "ndcg10_standings": 0.5032761327214269,
    "ndcg_at_4_standings": 0.5178046098648476,
    "ndcg_at_16_standings": 0.5164055763802462,
    "rank_rmse_standings": 8.610071182250977,
    "playoff_metrics": {
      "spearman_pred_vs_playoff_final_results": 0.47274749721913245,
      "ndcg_at_4_final_four": 0.4732201012417847,
      "ndcg10_pred_vs_playoff_final_results": 0.483272396300202,
      "brier_championship_odds": 0.030076470226049423,
      "rank_mae_pred_vs_playoff_final_results": 7.133333206176758,
      "rank_rmse_pred_vs_playoff_final_results": 8.903182983398438,
      "rank_mae_eos_standings_vs_playoff_final_results": 3.1333333333333333,
      "rank_rmse_eos_standings_vs_playoff_final_results": 4.449719092257398
    }
  },
  "test_metrics_model_a": {
    "ndcg": 0.4842558667583181,
    "spearman": 0.4771968854282535,
    "mrr_top2": 0.5,
    "mrr_top4": 0.5,
    "ndcg10": 0.4842558667583181,
    "ndcg_at_4": 0.4732201012417847,
    "ndcg_at_12": 0.48412938045121023,
    "ndcg_at_16": 0.5270676259068382,
    "ndcg_at_20": 0.5282647888698009,
    "roc_auc_upset": 0.7420814479638009
  },
  "test_metrics_model_b": {
    "ndcg": 0.20234794654321717,
    "spearman": 0.5911012235817574,
    "mrr_top2": 0.16666666666666666,
    "mrr_top4": 0.16666666666666666,
    "ndcg10": 0.20234794654321717,
    "ndcg_at_4": 0.04029517653159447,
    "ndcg_at_12": 0.20300327510450827,
    "ndcg_at_16": 0.3735997581437313,
    "ndcg_at_20": 0.39314249958632913,
    "roc_auc_upset": 0.7955555555555556
  },
  "test_metrics_model_c": {
    "ndcg": 0.05139534647930671,
    "spearman": 0.3125695216907675,
    "mrr_top2": 0.07142857142857142,
    "mrr_top4": 0.2,
    "ndcg10": 0.05139534647930671,
    "ndcg_at_4": 0.0072603807417201014,
    "ndcg_at_12": 0.05704448895120833,
    "ndcg_at_16": 0.17989573678693135,
    "ndcg_at_20": 0.18229344888290439,
    "roc_auc_upset": 0.8214285714285714
  },
  "test_metrics_by_conference": {
    "E": {
      "ndcg": 0.33757348741737325,
      "spearman": 0.4035714285714285
    },
    "W": {
      "ndcg": 0.7117321931774673,
      "spearman": 0.5035714285714286
    }
  },
  "notes": {
    "eos_rank_source": "eos_final_rank"
  }
}