{
  "test_metrics_ensemble": {
    "ndcg": 0.5704345366970816,
    "spearman": 0.2916573971078976,
    "mrr_top2": 1.0,
    "mrr_top4": 1.0,
    "ndcg10": 0.5704345366970816,
    "ndcg_at_4": 0.35315119534797357,
    "ndcg_at_12": 0.6141763923104085,
    "ndcg_at_16": 0.6141330846595487,
    "ndcg_at_20": 0.6141306814282105,
    "roc_auc_upset": 0.8518518518518519,
    "rank_mae_pred_vs_playoff_final_results": 8.333333015441895,
    "rank_rmse_pred_vs_playoff_final_results": 10.302103042602539,
    "rank_mae_eos_standings_vs_playoff_final_results": 3.7333333333333334,
    "rank_rmse_eos_standings_vs_playoff_final_results": 6.093712606722878,
    "spearman_standings": -0.4126807563959955,
    "ndcg10_standings": 0.4314250770688721,
    "ndcg_at_4_standings": 0.16635214014080835,
    "ndcg_at_16_standings": 0.4532224011975962,
    "rank_rmse_standings": 9.380831718444824,
    "playoff_metrics": {
      "spearman_pred_vs_playoff_final_results": 0.3521690767519466,
      "ndcg_at_4_final_four": 0.35315119534797357,
      "ndcg10_pred_vs_playoff_final_results": 0.5704401291632986,
      "brier_championship_odds": 0.0314764641225338,
      "rank_mae_pred_vs_playoff_final_results": 8.333333015441895,
      "rank_rmse_pred_vs_playoff_final_results": 10.302103042602539,
      "rank_mae_eos_standings_vs_playoff_final_results": 3.7333333333333334,
      "rank_rmse_eos_standings_vs_playoff_final_results": 6.093712606722878
    }
  },
  "test_metrics_model_a": {
    "ndcg": 0.5704345366970816,
    "spearman": 0.2912124582869855,
    "mrr_top2": 1.0,
    "mrr_top4": 1.0,
    "ndcg10": 0.5704345366970816,
    "ndcg_at_4": 0.35315119534797357,
    "ndcg_at_12": 0.6141763923104085,
    "ndcg_at_16": 0.6141330846595487,
    "ndcg_at_20": 0.6141306803264123,
    "roc_auc_upset": 0.8518518518518519
  },
  "test_metrics_model_b": {
    "ndcg": 0.8065914185819337,
    "spearman": 0.4829810901001112,
    "mrr_top2": 1.0,
    "mrr_top4": 1.0,
    "ndcg10": 0.8065914185819337,
    "ndcg_at_4": 0.6907114070725182,
    "ndcg_at_12": 0.8063802234833427,
    "ndcg_at_16": 0.8470005139050484,
    "ndcg_at_20": 0.8518649618435864,
    "roc_auc_upset": 0.7555555555555555
  },
  "test_metrics_model_c": {
    "ndcg": 0.33348743391404295,
    "spearman": 0.23337041156840932,
    "mrr_top2": 0.16666666666666666,
    "mrr_top4": 0.16666666666666666,
    "ndcg10": 0.33348743391404295,
    "ndcg_at_4": 0.001111095381373398,
    "ndcg_at_12": 0.3389077264996702,
    "ndcg_at_16": 0.3596643455146382,
    "ndcg_at_20": 0.37000033942981986,
    "roc_auc_upset": 0.7633928571428571
  },
  "test_metrics_by_conference": {
    "E": {
      "ndcg": 0.35722781210573246,
      "spearman": 0.10714285714285714
    },
    "W": {
      "ndcg": 0.9061297847205664,
      "spearman": 0.38214285714285706
    }
  },
  "notes": {
    "eos_rank_source": "eos_final_rank"
  }
}