{
  "test_metrics_ensemble": {
    "ndcg": 0.5410553332647274,
    "spearman": 0.26585094549499444,
    "mrr_top2": 1.0,
    "mrr_top4": 1.0,
    "ndcg10": 0.5410553332647274,
    "ndcg_at_4": 0.35315119534797357,
    "ndcg_at_12": 0.5409214238150802,
    "ndcg_at_16": 0.5835316844713196,
    "ndcg_at_20": 0.5835294111894715,
    "roc_auc_upset": 0.8144796380090498,
    "rank_mae_pred_vs_playoff_final_results": 8.533333778381348,
    "rank_rmse_pred_vs_playoff_final_results": 10.488088607788086,
    "rank_mae_eos_standings_vs_playoff_final_results": 3.7333333333333334,
    "rank_rmse_eos_standings_vs_playoff_final_results": 6.093712606722878,
    "spearman_standings": -0.3975528364849833,
    "ndcg10_standings": 0.4023639702506911,
    "ndcg_at_4_standings": 0.16635214014080835,
    "ndcg_at_16_standings": 0.42355504398940413,
    "rank_rmse_standings": 9.500877380371094,
    "playoff_metrics": {
      "spearman_pred_vs_playoff_final_results": 0.32547274749721916,
      "ndcg_at_4_final_four": 0.35315119534797357,
      "ndcg10_pred_vs_playoff_final_results": 0.541060868761136,
      "brier_championship_odds": 0.03207646682858467,
      "rank_mae_pred_vs_playoff_final_results": 8.533333778381348,
      "rank_rmse_pred_vs_playoff_final_results": 10.488088607788086,
      "rank_mae_eos_standings_vs_playoff_final_results": 3.7333333333333334,
      "rank_rmse_eos_standings_vs_playoff_final_results": 6.093712606722878
    }
  },
  "test_metrics_model_a": {
    "ndcg": 0.5410553332647274,
    "spearman": 0.26852057842046717,
    "mrr_top2": 1.0,
    "mrr_top4": 1.0,
    "ndcg10": 0.5410553332647274,
    "ndcg_at_4": 0.35315119534797357,
    "ndcg_at_12": 0.5409214238150802,
    "ndcg_at_16": 0.5835316844713196,
    "ndcg_at_20": 0.5835294111894715,
    "roc_auc_upset": 0.8144796380090498
  },
  "test_metrics_model_b": {
    "ndcg": 0.806568491591211,
    "spearman": 0.4700778642936596,
    "mrr_top2": 1.0,
    "mrr_top4": 1.0,
    "ndcg10": 0.806568491591211,
    "ndcg_at_4": 0.6907114070725182,
    "ndcg_at_12": 0.8063794208837617,
    "ndcg_at_16": 0.8461310892721908,
    "ndcg_at_20": 0.8509955410346508,
    "roc_auc_upset": 0.76
  },
  "test_metrics_model_c": {
    "ndcg": 0.33348743391404295,
    "spearman": 0.23337041156840932,
    "mrr_top2": 0.16666666666666666,
    "mrr_top4": 0.16666666666666666,
    "ndcg10": 0.33348743391404295,
    "ndcg_at_4": 0.001111095381373398,
    "ndcg_at_12": 0.3389077264996702,
    "ndcg_at_16": 0.3596643455146382,
    "ndcg_at_20": 0.37000033942981986,
    "roc_auc_upset": 0.7633928571428571
  },
  "test_metrics_by_conference": {
    "E": {
      "ndcg": 0.3695224345250537,
      "spearman": 0.0964285714285714
    },
    "W": {
      "ndcg": 0.8991321197674527,
      "spearman": 0.4035714285714285
    }
  },
  "notes": {
    "eos_rank_source": "eos_final_rank"
  }
}