{
  "test_metrics_ensemble": {
    "ndcg": 0.4818961841168785,
    "spearman": 0.47986651835372635,
    "mrr_top2": 0.5,
    "mrr_top4": 0.5,
    "ndcg10": 0.4818961841168785,
    "ndcg_at_4": 0.46423103544156546,
    "ndcg_at_12": 0.525656457308474,
    "ndcg_at_16": 0.5259410295217167,
    "ndcg_at_20": 0.5277532280053149,
    "roc_auc_upset": 0.72,
    "rank_mae_pred_vs_playoff_final_results": 7.133333206176758,
    "rank_rmse_pred_vs_playoff_final_results": 8.827985763549805,
    "rank_mae_eos_standings_vs_playoff_final_results": 3.1333333333333333,
    "rank_rmse_eos_standings_vs_playoff_final_results": 4.449719092257398,
    "spearman_standings": -0.5292547274749722,
    "ndcg10_standings": 0.4845884950181423,
    "ndcg_at_4_standings": 0.44576015001201386,
    "ndcg_at_16_standings": 0.4980315034431593,
    "rank_rmse_standings": 8.398412704467773,
    "playoff_metrics": {
      "spearman_pred_vs_playoff_final_results": 0.5083426028921022,
      "ndcg_at_4_final_four": 0.46421784209645756,
      "ndcg10_pred_vs_playoff_final_results": 0.4818822994276672,
      "brier_championship_odds": 0.030076470226049423,
      "rank_mae_pred_vs_playoff_final_results": 7.133333206176758,
      "rank_rmse_pred_vs_playoff_final_results": 8.827985763549805,
      "rank_mae_eos_standings_vs_playoff_final_results": 3.1333333333333333,
      "rank_rmse_eos_standings_vs_playoff_final_results": 4.449719092257398
    }
  },
  "test_metrics_model_a": {
    "ndcg": 0.48190706979905734,
    "spearman": 0.47141268075639603,
    "mrr_top2": 0.5,
    "mrr_top4": 0.5,
    "ndcg10": 0.48190706979905734,
    "ndcg_at_4": 0.46423103544156546,
    "ndcg_at_12": 0.5256673401313414,
    "ndcg_at_16": 0.5259519115098068,
    "ndcg_at_20": 0.5277538829983347,
    "roc_auc_upset": 0.7244444444444444
  },
  "test_metrics_model_b": {
    "ndcg": 0.20234794654321717,
    "spearman": 0.5697441601779756,
    "mrr_top2": 0.16666666666666666,
    "mrr_top4": 0.16666666666666666,
    "ndcg10": 0.20234794654321717,
    "ndcg_at_4": 0.04029517653159447,
    "ndcg_at_12": 0.20300327510450827,
    "ndcg_at_16": 0.3653833544198708,
    "ndcg_at_20": 0.3849261320000304,
    "roc_auc_upset": 0.8044444444444444
  },
  "test_metrics_model_c": {
    "ndcg": 0.05139534647930671,
    "spearman": 0.3125695216907675,
    "mrr_top2": 0.07142857142857142,
    "mrr_top4": 0.2,
    "ndcg10": 0.05139534647930671,
    "ndcg_at_4": 0.0072603807417201014,
    "ndcg_at_12": 0.05704448895120833,
    "ndcg_at_16": 0.17989573678693135,
    "ndcg_at_20": 0.18229344888290439,
    "roc_auc_upset": 0.8214285714285714
  },
  "test_metrics_by_conference": {
    "E": {
      "ndcg": 0.24198200081250545,
      "spearman": 0.3214285714285714
    },
    "W": {
      "ndcg": 0.7491604019672018,
      "spearman": 0.6071428571428571
    }
  },
  "notes": {
    "eos_rank_source": "eos_final_rank"
  }
}