{
  "test_metrics_ensemble": {
    "ndcg": 0.4844527049640489,
    "spearman": 0.4901001112347052,
    "mrr_top2": 0.5,
    "mrr_top4": 0.5,
    "ndcg10": 0.4844527049640489,
    "ndcg_at_4": 0.46414085016152934,
    "ndcg_at_12": 0.48469043448111915,
    "ndcg_at_16": 0.5285466558610443,
    "ndcg_at_20": 0.5309335228941116,
    "roc_auc_upset": 0.8044444444444445,
    "rank_mae_pred_vs_playoff_final_results": 6.933333396911621,
    "rank_rmse_pred_vs_playoff_final_results": 8.74070930480957,
    "rank_mae_eos_standings_vs_playoff_final_results": 3.1333333333333333,
    "rank_rmse_eos_standings_vs_playoff_final_results": 4.449719092257398,
    "playoff_metrics": {
      "spearman_pred_vs_playoff_final_results": 0.48209121245828696,
      "ndcg_at_4_final_four": 0.4641255331621935,
      "ndcg10_pred_vs_playoff_final_results": 0.4844372763361355,
      "brier_championship_odds": 0.03222232684493065,
      "rank_mae_pred_vs_playoff_final_results": 6.933333396911621,
      "rank_rmse_pred_vs_playoff_final_results": 8.74070930480957,
      "rank_mae_eos_standings_vs_playoff_final_results": 3.1333333333333333,
      "rank_rmse_eos_standings_vs_playoff_final_results": 4.449719092257398
    }
  },
  "test_metrics_model_a": {
    "ndcg": 0.4844527049640489,
    "spearman": 0.48698553948832035,
    "mrr_top2": 0.5,
    "mrr_top4": 0.5,
    "ndcg10": 0.4844527049640489,
    "ndcg_at_4": 0.46414085016152934,
    "ndcg_at_12": 0.48469043448111915,
    "ndcg_at_16": 0.5285466558610443,
    "ndcg_at_20": 0.5309335228941116,
    "roc_auc_upset": 0.8044444444444445
  },
  "test_metrics_model_b": {
    "ndcg": 0.2115844018148426,
    "spearman": 0.6351501668520578,
    "mrr_top2": 0.2,
    "mrr_top4": 0.2,
    "ndcg10": 0.2115844018148426,
    "ndcg_at_4": 0.024776749307587553,
    "ndcg_at_12": 0.2334829650340799,
    "ndcg_at_16": 0.3998442332705769,
    "ndcg_at_20": 0.39984283251515434,
    "roc_auc_upset": 0.6785714285714286
  },
  "test_metrics_model_c": {
    "ndcg": 0.05124995751403931,
    "spearman": 0.30189098998887653,
    "mrr_top2": 0.0625,
    "mrr_top4": 0.2,
    "ndcg10": 0.05124995751403931,
    "ndcg_at_4": 0.00711064040423231,
    "ndcg_at_12": 0.056899138174850025,
    "ndcg_at_16": 0.1769467286075223,
    "ndcg_at_20": 0.17934445367388585,
    "roc_auc_upset": 0.8258928571428571
  },
  "test_metrics_by_conference": {
    "E": {
      "ndcg": 0.253071426262191,
      "spearman": 0.2642857142857143
    },
    "W": {
      "ndcg": 0.7723141400583361,
      "spearman": 0.7035714285714285
    }
  },
  "notes": {
    "eos_rank_source": "eos_final_rank"
  }
}