{
  "test_metrics_ensemble": {
    "ndcg": 0.58417751786789,
    "spearman": 0.40511679644048937,
    "mrr_top2": 1.0,
    "mrr_top4": 1.0,
    "ndcg10": 0.58417751786789,
    "ndcg_at_4": 0.35315119534797357,
    "ndcg_at_12": 0.6279157636511472,
    "ndcg_at_16": 0.6292017188524381,
    "ndcg_at_20": 0.6298165196325081,
    "roc_auc_upset": 0.7276785714285715,
    "rank_mae_pred_vs_playoff_final_results": 7.333333492279053,
    "rank_rmse_pred_vs_playoff_final_results": 9.441044807434082,
    "rank_mae_eos_standings_vs_playoff_final_results": 3.7333333333333334,
    "rank_rmse_eos_standings_vs_playoff_final_results": 6.093712606722878,
    "playoff_metrics": {
      "spearman_pred_vs_playoff_final_results": 0.44293659621801995,
      "ndcg_at_4_final_four": 0.35315119534797357,
      "ndcg10_pred_vs_playoff_final_results": 0.5841825299364714,
      "brier_championship_odds": 0.03222232684493065,
      "rank_mae_pred_vs_playoff_final_results": 7.333333492279053,
      "rank_rmse_pred_vs_playoff_final_results": 9.441044807434082,
      "rank_mae_eos_standings_vs_playoff_final_results": 3.7333333333333334,
      "rank_rmse_eos_standings_vs_playoff_final_results": 6.093712606722878
    }
  },
  "test_metrics_model_a": {
    "ndcg": 0.58417751786789,
    "spearman": 0.40511679644048937,
    "mrr_top2": 1.0,
    "mrr_top4": 1.0,
    "ndcg10": 0.58417751786789,
    "ndcg_at_4": 0.35315119534797357,
    "ndcg_at_12": 0.6279157636511472,
    "ndcg_at_16": 0.6292017188524381,
    "ndcg_at_20": 0.6298165196325081,
    "roc_auc_upset": 0.7276785714285715
  },
  "test_metrics_model_b": {
    "ndcg": 0.8062669745834677,
    "spearman": 0.40600667408231367,
    "mrr_top2": 1.0,
    "mrr_top4": 1.0,
    "ndcg10": 0.8062669745834677,
    "ndcg_at_4": 0.7116242168324007,
    "ndcg_at_12": 0.8060793880508403,
    "ndcg_at_16": 0.8060976584571701,
    "ndcg_at_20": 0.8498189848214855,
    "roc_auc_upset": 0.7410714285714286
  },
  "test_metrics_model_c": {
    "ndcg": 0.333487026575135,
    "spearman": 0.23159065628476083,
    "mrr_top2": 0.16666666666666666,
    "mrr_top4": 0.16666666666666666,
    "ndcg10": 0.333487026575135,
    "ndcg_at_4": 0.0011069724610271625,
    "ndcg_at_12": 0.33890731926775686,
    "ndcg_at_16": 0.35966393831396193,
    "ndcg_at_20": 0.3699999322309346,
    "roc_auc_upset": 0.7633928571428571
  },
  "test_metrics_by_conference": {
    "E": {
      "ndcg": 0.4082984176139838,
      "spearman": 0.30357142857142855
    },
    "W": {
      "ndcg": 0.9149577747861424,
      "spearman": 0.475
    }
  },
  "notes": {
    "eos_rank_source": "eos_final_rank"
  }
}