{
  "test_metrics_ensemble": {
    "ndcg": 0.5333984697153169,
    "spearman": 0.4923248053392658,
    "mrr_top2": 0.5,
    "mrr_top4": 0.5,
    "ndcg10": 0.5333984697153169,
    "ndcg_at_4": 0.4641493447784409,
    "ndcg_at_12": 0.5336129374662972,
    "ndcg_at_16": 0.5335942022546836,
    "ndcg_at_20": 0.5348133165662831,
    "roc_auc_upset": 0.7633928571428571,
    "rank_mae_pred_vs_playoff_final_results": 6.933333396911621,
    "rank_rmse_pred_vs_playoff_final_results": 8.721620559692383,
    "rank_mae_eos_standings_vs_playoff_final_results": 3.1333333333333333,
    "rank_rmse_eos_standings_vs_playoff_final_results": 4.449719092257398,
    "playoff_metrics": {
      "spearman_pred_vs_playoff_final_results": 0.5065628476084539,
      "ndcg_at_4_final_four": 0.464136151433333,
      "ndcg10_pred_vs_playoff_final_results": 0.533385642968852,
      "brier_championship_odds": 0.03222232684493065,
      "rank_mae_pred_vs_playoff_final_results": 6.933333396911621,
      "rank_rmse_pred_vs_playoff_final_results": 8.721620559692383,
      "rank_mae_eos_standings_vs_playoff_final_results": 3.1333333333333333,
      "rank_rmse_eos_standings_vs_playoff_final_results": 4.449719092257398
    }
  },
  "test_metrics_model_a": {
    "ndcg": 0.5333902219473218,
    "spearman": 0.4914349276974415,
    "mrr_top2": 0.5,
    "mrr_top4": 0.5,
    "ndcg10": 0.5333902219473218,
    "ndcg_at_4": 0.46414085016152934,
    "ndcg_at_12": 0.53360469186472,
    "ndcg_at_16": 0.5335859572855932,
    "ndcg_at_20": 0.5348050716334558,
    "roc_auc_upset": 0.7633928571428571
  },
  "test_metrics_model_b": {
    "ndcg": 0.17990443205154372,
    "spearman": 0.6222469410456063,
    "mrr_top2": 0.25,
    "mrr_top4": 0.25,
    "ndcg10": 0.17990443205154372,
    "ndcg_at_4": 0.16775742802418675,
    "ndcg_at_12": 0.22524269398588,
    "ndcg_at_16": 0.4044751470263975,
    "ndcg_at_20": 0.4044787624558285,
    "roc_auc_upset": 0.7410714285714286
  },
  "test_metrics_model_c": {
    "ndcg": 0.05124995751403931,
    "spearman": 0.30189098998887653,
    "mrr_top2": 0.0625,
    "mrr_top4": 0.2,
    "ndcg10": 0.05124995751403931,
    "ndcg_at_4": 0.00711064040423231,
    "ndcg_at_12": 0.056899138174850025,
    "ndcg_at_16": 0.1769467286075223,
    "ndcg_at_20": 0.17934445367388585,
    "roc_auc_upset": 0.8258928571428571
  },
  "test_metrics_by_conference": {
    "E": {
      "ndcg": 0.26642303925337324,
      "spearman": 0.32499999999999996
    },
    "W": {
      "ndcg": 0.7510775020335729,
      "spearman": 0.6535714285714285
    }
  },
  "notes": {
    "eos_rank_source": "eos_final_rank"
  }
}