{
  "notes": {
    "eval_on": "test",
    "eos_rank_source": "eos_final_rank",
    "upset_definition": "sleeper = EOS_global_rank > predicted_strength",
    "mrr_top2": "1/rank of first team in top 2 (champion+runner-up) in predicted order.",
    "mrr_top4": "1/rank of first team in top 4 (conference finals) in predicted order.",
    "per_conference_relevance": "Within E/W: actual rank derived from EOS_global_rank (1=best in conf); NDCG/Spearman use this relevance.",
    "playoff_metrics": "Spearman (pred global vs playoff_final_results), NDCG@4 (final four), Brier (champion vs odds). rank_mae/rank_rmse: pred vs playoff_final_results; eos_standings vs playoff_final_results (baseline)."
  },
  "split_info": {
    "train_frac": 0.75,
    "n_train_dates": 141,
    "n_test_dates": 36,
    "split_mode": "seasons"
  },
  "test_metrics_ensemble": {
    "ndcg": 0.5333984697153169,
    "spearman": 0.4923248053392658,
    "mrr_top2": 0.5,
    "mrr_top4": 0.5,
    "ndcg10": 0.5333984697153169,
    "ndcg_at_4": 0.4641493447784409,
    "ndcg_at_12": 0.5336129374662972,
    "ndcg_at_16": 0.5335942022546836,
    "ndcg_at_20": 0.5348133165662831,
    "roc_auc_upset": 0.7633928571428571,
    "rank_mae_pred_vs_playoff_final_results": 6.933333396911621,
    "rank_rmse_pred_vs_playoff_final_results": 8.721620559692383,
    "rank_mae_eos_standings_vs_playoff_final_results": 3.1333333333333333,
    "rank_rmse_eos_standings_vs_playoff_final_results": 4.449719092257398,
    "playoff_metrics": {
      "spearman_pred_vs_playoff_final_results": 0.5065628476084539,
      "ndcg_at_4_final_four": 0.464136151433333,
      "ndcg10_pred_vs_playoff_final_results": 0.533385642968852,
      "brier_championship_odds": 0.03222232684493065,
      "rank_mae_pred_vs_playoff_final_results": 6.933333396911621,
      "rank_rmse_pred_vs_playoff_final_results": 8.721620559692383,
      "rank_mae_eos_standings_vs_playoff_final_results": 3.1333333333333333,
      "rank_rmse_eos_standings_vs_playoff_final_results": 4.449719092257398
    }
  },
  "test_metrics_model_a": {
    "ndcg": 0.5333902219473218,
    "spearman": 0.4914349276974415,
    "mrr_top2": 0.5,
    "mrr_top4": 0.5,
    "ndcg10": 0.5333902219473218,
    "ndcg_at_4": 0.46414085016152934,
    "ndcg_at_12": 0.53360469186472,
    "ndcg_at_16": 0.5335859572855932,
    "ndcg_at_20": 0.5348050716334558,
    "roc_auc_upset": 0.7633928571428571
  },
  "test_metrics_model_b": {
    "ndcg": 0.17990443205154372,
    "spearman": 0.6222469410456063,
    "mrr_top2": 0.25,
    "mrr_top4": 0.25,
    "ndcg10": 0.17990443205154372,
    "ndcg_at_4": 0.16775742802418675,
    "ndcg_at_12": 0.22524269398588,
    "ndcg_at_16": 0.4044751470263975,
    "ndcg_at_20": 0.4044787624558285,
    "roc_auc_upset": 0.7410714285714286
  },
  "test_metrics_model_c": {
    "ndcg": 0.05124995751403931,
    "spearman": 0.30189098998887653,
    "mrr_top2": 0.0625,
    "mrr_top4": 0.2,
    "ndcg10": 0.05124995751403931,
    "ndcg_at_4": 0.00711064040423231,
    "ndcg_at_12": 0.056899138174850025,
    "ndcg_at_16": 0.1769467286075223,
    "ndcg_at_20": 0.17934445367388585,
    "roc_auc_upset": 0.8258928571428571
  },
  "test_metrics_by_conference": {
    "E": {
      "ndcg": 0.26642303925337324,
      "spearman": 0.32499999999999996
    },
    "W": {
      "ndcg": 0.7510775020335729,
      "spearman": 0.6535714285714285
    }
  },
  "by_season": {
    "2023-24": {
      "test_metrics_ensemble": {
        "ndcg": 0.5491549846260626,
        "spearman": 0.40867630700778645,
        "mrr_top2": 1.0,
        "mrr_top4": 1.0,
        "ndcg10": 0.5491549846260626,
        "ndcg_at_4": 0.35315119534797357,
        "ndcg_at_12": 0.5943118807019777,
        "ndcg_at_16": 0.5961608877505304,
        "ndcg_at_20": 0.5961583686955446,
        "roc_auc_upset": 0.7455357142857143,
        "rank_mae_pred_vs_playoff_final_results": 7.599999904632568,
        "rank_rmse_pred_vs_playoff_final_results": 9.41275691986084,
        "rank_mae_eos_standings_vs_playoff_final_results": 3.7333333333333334,
        "rank_rmse_eos_standings_vs_playoff_final_results": 6.093712606722878,
        "playoff_metrics": {
          "spearman_pred_vs_playoff_final_results": 0.4518353726362625,
          "ndcg_at_4_final_four": 0.35315119534797357,
          "ndcg10_pred_vs_playoff_final_results": 0.549159996694644,
          "brier_championship_odds": 0.03222232684493065,
          "rank_mae_pred_vs_playoff_final_results": 7.599999904632568,
          "rank_rmse_pred_vs_playoff_final_results": 9.41275691986084,
          "rank_mae_eos_standings_vs_playoff_final_results": 3.7333333333333334,
          "rank_rmse_eos_standings_vs_playoff_final_results": 6.093712606722878
        }
      },
      "test_metrics_model_a": {
        "ndcg": 0.5491549846260626,
        "spearman": 0.40867630700778645,
        "mrr_top2": 1.0,
        "mrr_top4": 1.0,
        "ndcg10": 0.5491549846260626,
        "ndcg_at_4": 0.35315119534797357,
        "ndcg_at_12": 0.5943118807019777,
        "ndcg_at_16": 0.5961608877505304,
        "ndcg_at_20": 0.5961583686955446,
        "roc_auc_upset": 0.7455357142857143
      },
      "test_metrics_model_b": {
        "ndcg": 0.8080962694100556,
        "spearman": 0.3864293659621802,
        "mrr_top2": 1.0,
        "mrr_top4": 1.0,
        "ndcg10": 0.8080962694100556,
        "ndcg_at_4": 0.729074614628521,
        "ndcg_at_12": 0.8079067974055193,
        "ndcg_at_16": 0.8079308284984601,
        "ndcg_at_20": 0.8127067808012892,
        "roc_auc_upset": 0.8666666666666667
      },
      "test_metrics_model_c": {
        "ndcg": 0.3335099094849099,
        "spearman": 0.23559510567296996,
        "mrr_top2": 0.16666666666666666,
        "mrr_top4": 0.16666666666666666,
        "ndcg10": 0.3335099094849099,
        "ndcg_at_4": 0.0011069724610271625,
        "ndcg_at_12": 0.3389081203242068,
        "ndcg_at_16": 0.3596647393089661,
        "ndcg_at_20": 0.3700007332224158,
        "roc_auc_upset": 0.7633928571428571
      },
      "test_metrics_by_conference": {
        "E": {
          "ndcg": 0.38369169619137905,
          "spearman": 0.2321428571428571
        },
        "W": {
          "ndcg": 0.919389043153856,
          "spearman": 0.4964285714285714
        }
      },
      "notes": {
        "eos_rank_source": "eos_final_rank"
      }
    },
    "2024-25": {
      "test_metrics_ensemble": {
        "ndcg": 0.5333984697153169,
        "spearman": 0.4923248053392658,
        "mrr_top2": 0.5,
        "mrr_top4": 0.5,
        "ndcg10": 0.5333984697153169,
        "ndcg_at_4": 0.4641493447784409,
        "ndcg_at_12": 0.5336129374662972,
        "ndcg_at_16": 0.5335942022546836,
        "ndcg_at_20": 0.5348133165662831,
        "roc_auc_upset": 0.7633928571428571,
        "rank_mae_pred_vs_playoff_final_results": 6.933333396911621,
        "rank_rmse_pred_vs_playoff_final_results": 8.721620559692383,
        "rank_mae_eos_standings_vs_playoff_final_results": 3.1333333333333333,
        "rank_rmse_eos_standings_vs_playoff_final_results": 4.449719092257398,
        "playoff_metrics": {
          "spearman_pred_vs_playoff_final_results": 0.5065628476084539,
          "ndcg_at_4_final_four": 0.464136151433333,
          "ndcg10_pred_vs_playoff_final_results": 0.533385642968852,
          "brier_championship_odds": 0.03222232684493065,
          "rank_mae_pred_vs_playoff_final_results": 6.933333396911621,
          "rank_rmse_pred_vs_playoff_final_results": 8.721620559692383,
          "rank_mae_eos_standings_vs_playoff_final_results": 3.1333333333333333,
          "rank_rmse_eos_standings_vs_playoff_final_results": 4.449719092257398
        }
      },
      "test_metrics_model_a": {
        "ndcg": 0.5333902219473218,
        "spearman": 0.4914349276974415,
        "mrr_top2": 0.5,
        "mrr_top4": 0.5,
        "ndcg10": 0.5333902219473218,
        "ndcg_at_4": 0.46414085016152934,
        "ndcg_at_12": 0.53360469186472,
        "ndcg_at_16": 0.5335859572855932,