{
  "test_metrics_ensemble": {
    "ndcg": 0.5487055466139048,
    "spearman": 0.3917686318131257,
    "mrr_top2": 1.0,
    "mrr_top4": 1.0,
    "ndcg10": 0.5487055466139048,
    "ndcg_at_4": 0.35315119534797357,
    "ndcg_at_12": 0.5952326639622887,
    "ndcg_at_16": 0.5951935040289105,
    "ndcg_at_20": 0.5957882920958936,
    "roc_auc_upset": 0.7104072398190044,
    "rank_mae_pred_vs_playoff_final_results": 7.5333333015441895,
    "rank_rmse_pred_vs_playoff_final_results": 9.546378135681152,
    "rank_mae_eos_standings_vs_playoff_final_results": 3.7333333333333334,
    "rank_rmse_eos_standings_vs_playoff_final_results": 6.093712606722878,
    "playoff_metrics": {
      "spearman_pred_vs_playoff_final_results": 0.44471635150166855,
      "ndcg_at_4_final_four": 0.35315119534797357,
      "ndcg10_pred_vs_playoff_final_results": 0.5487114363841586,
      "brier_championship_odds": 0.03222232684493065,
      "rank_mae_pred_vs_playoff_final_results": 7.5333333015441895,
      "rank_rmse_pred_vs_playoff_final_results": 9.546378135681152,
      "rank_mae_eos_standings_vs_playoff_final_results": 3.7333333333333334,
      "rank_rmse_eos_standings_vs_playoff_final_results": 6.093712606722878
    }
  },
  "test_metrics_model_a": {
    "ndcg": 0.5487055466139048,
    "spearman": 0.37842046718576194,
    "mrr_top2": 1.0,
    "mrr_top4": 1.0,
    "ndcg10": 0.5487055466139048,
    "ndcg_at_4": 0.35315119534797357,
    "ndcg_at_12": 0.5952326639622887,
    "ndcg_at_16": 0.5951935040289105,
    "ndcg_at_20": 0.5957882920958936,
    "roc_auc_upset": 0.7194570135746605
  },
  "test_metrics_model_b": {
    "ndcg": 0.8007244744907076,
    "spearman": 0.36774193548387096,
    "mrr_top2": 1.0,
    "mrr_top4": 1.0,
    "ndcg10": 0.8007244744907076,
    "ndcg_at_4": 0.705915834267812,
    "ndcg_at_12": 0.8005175846512391,
    "ndcg_at_16": 0.8005542400498123,
    "ndcg_at_20": 0.8394972688459857,
    "roc_auc_upset": 0.7129629629629629
  },
  "test_metrics_model_c": {
    "ndcg": 0.333487026575135,
    "spearman": 0.23159065628476083,
    "mrr_top2": 0.16666666666666666,
    "mrr_top4": 0.16666666666666666,
    "ndcg10": 0.333487026575135,
    "ndcg_at_4": 0.0011069724610271625,
    "ndcg_at_12": 0.33890731926775686,
    "ndcg_at_16": 0.35966393831396193,
    "ndcg_at_20": 0.3699999322309346,
    "roc_auc_upset": 0.7633928571428571
  },
  "test_metrics_by_conference": {
    "E": {
      "ndcg": 0.3869402032684001,
      "spearman": 0.2964285714285714
    },
    "W": {
      "ndcg": 0.9130919016064589,
      "spearman": 0.48571428571428565
    }
  },
  "notes": {
    "eos_rank_source": "eos_final_rank"
  }
}