{
  "test_metrics_ensemble": {
    "ndcg": 0.4887811171595096,
    "spearman": 0.4545050055617353,
    "mrr_top2": 0.5,
    "mrr_top4": 0.5,
    "ndcg10": 0.4887811171595096,
    "ndcg_at_4": 0.46412046738376733,
    "ndcg_at_12": 0.5342953927992283,
    "ndcg_at_16": 0.534276105318765,
    "ndcg_at_20": 0.5378798820520053,
    "roc_auc_upset": 0.7601809954751131,
    "rank_mae_pred_vs_playoff_final_results": 6.933333396911621,
    "rank_rmse_pred_vs_playoff_final_results": 9.040648460388184,
    "rank_mae_eos_standings_vs_playoff_final_results": 3.1333333333333333,
    "rank_rmse_eos_standings_vs_playoff_final_results": 4.449719092257398,
    "playoff_metrics": {
      "spearman_pred_vs_playoff_final_results": 0.4634037819799778,
      "ndcg_at_4_final_four": 0.464120437467753,
      "ndcg10_pred_vs_playoff_final_results": 0.48876995579281013,
      "brier_championship_odds": 0.03222232684493065,
      "rank_mae_pred_vs_playoff_final_results": 6.933333396911621,
      "rank_rmse_pred_vs_playoff_final_results": 9.040648460388184,
      "rank_mae_eos_standings_vs_playoff_final_results": 3.1333333333333333,
      "rank_rmse_eos_standings_vs_playoff_final_results": 4.449719092257398
    }
  },
  "test_metrics_model_a": {
    "ndcg": 0.4887811171595096,
    "spearman": 0.4545050055617353,
    "mrr_top2": 0.5,
    "mrr_top4": 0.5,
    "ndcg10": 0.4887811171595096,
    "ndcg_at_4": 0.46412046738376733,
    "ndcg_at_12": 0.5342953927992283,
    "ndcg_at_16": 0.534276105318765,
    "ndcg_at_20": 0.5378798820520053,
    "roc_auc_upset": 0.7601809954751131
  },
  "test_metrics_model_b": {
    "ndcg": 0.2143905751708314,
    "spearman": 0.5937708565072302,
    "mrr_top2": 0.2,
    "mrr_top4": 0.2,
    "ndcg10": 0.2143905751708314,
    "ndcg_at_4": 0.04166423104576856,
    "ndcg_at_12": 0.23706987767807625,
    "ndcg_at_16": 0.3959731913498764,
    "ndcg_at_20": 0.3960095503681827,
    "roc_auc_upset": 0.7644444444444445
  },
  "test_metrics_model_c": {
    "ndcg": 0.05124995751403931,
    "spearman": 0.307230255839822,
    "mrr_top2": 0.0625,
    "mrr_top4": 0.2,
    "ndcg10": 0.05124995751403931,
    "ndcg_at_4": 0.00711064040423231,
    "ndcg_at_12": 0.056899138174850025,
    "ndcg_at_16": 0.1769467286075223,
    "ndcg_at_20": 0.17934460063934335,
    "roc_auc_upset": 0.8214285714285714
  },
  "test_metrics_by_conference": {
    "E": {
      "ndcg": 0.23954595082101016,
      "spearman": 0.18928571428571428
    },
    "W": {
      "ndcg": 0.7723141400583361,
      "spearman": 0.6321428571428571
    }
  },
  "notes": {
    "eos_rank_source": "eos_final_rank"
  }
}