{
  "notes": {
    "eval_on": "test",
    "eos_rank_source": "eos_final_rank",
    "upset_definition": "sleeper = EOS_global_rank > predicted_strength",
    "mrr_top2": "1/rank of first team in top 2 (champion+runner-up) in predicted order.",
    "mrr_top4": "1/rank of first team in top 4 (conference finals) in predicted order.",
    "per_conference_relevance": "Within E/W: actual rank derived from EOS_global_rank (1=best in conf); NDCG/Spearman use this relevance.",
    "playoff_metrics": "Spearman (pred global vs playoff_final_results), NDCG@4 (final four), Brier (champion vs odds). rank_mae/rank_rmse: pred vs playoff_final_results; eos_standings vs playoff_final_results (baseline)."
  },
  "split_info": {
    "train_frac": 0.75,
    "n_train_dates": 141,
    "n_test_dates": 36,
    "split_mode": "seasons"
  },
  "test_metrics_ensemble": {
    "ndcg": 0.4887811171595096,
    "spearman": 0.4545050055617353,
    "mrr_top2": 0.5,
    "mrr_top4": 0.5,
    "ndcg10": 0.4887811171595096,
    "ndcg_at_4": 0.46412046738376733,
    "ndcg_at_12": 0.5342953927992283,
    "ndcg_at_16": 0.534276105318765,
    "ndcg_at_20": 0.5378798820520053,
    "roc_auc_upset": 0.7601809954751131,
    "rank_mae_pred_vs_playoff_final_results": 6.933333396911621,
    "rank_rmse_pred_vs_playoff_final_results": 9.040648460388184,
    "rank_mae_eos_standings_vs_playoff_final_results": 3.1333333333333333,
    "rank_rmse_eos_standings_vs_playoff_final_results": 4.449719092257398,
    "playoff_metrics": {
      "spearman_pred_vs_playoff_final_results": 0.4634037819799778,
      "ndcg_at_4_final_four": 0.464120437467753,
      "ndcg10_pred_vs_playoff_final_results": 0.48876995579281013,
      "brier_championship_odds": 0.03222232684493065,
      "rank_mae_pred_vs_playoff_final_results": 6.933333396911621,
      "rank_rmse_pred_vs_playoff_final_results": 9.040648460388184,
      "rank_mae_eos_standings_vs_playoff_final_results": 3.1333333333333333,
      "rank_rmse_eos_standings_vs_playoff_final_results": 4.449719092257398
    }
  },
  "test_metrics_model_a": {
    "ndcg": 0.4887811171595096,
    "spearman": 0.4545050055617353,
    "mrr_top2": 0.5,
    "mrr_top4": 0.5,
    "ndcg10": 0.4887811171595096,
    "ndcg_at_4": 0.46412046738376733,
    "ndcg_at_12": 0.5342953927992283,
    "ndcg_at_16": 0.534276105318765,
    "ndcg_at_20": 0.5378798820520053,
    "roc_auc_upset": 0.7601809954751131
  },
  "test_metrics_model_b": {
    "ndcg": 0.2143905751708314,
    "spearman": 0.5937708565072302,
    "mrr_top2": 0.2,
    "mrr_top4": 0.2,
    "ndcg10": 0.2143905751708314,
    "ndcg_at_4": 0.04166423104576856,
    "ndcg_at_12": 0.23706987767807625,
    "ndcg_at_16": 0.3959731913498764,
    "ndcg_at_20": 0.3960095503681827,
    "roc_auc_upset": 0.7644444444444445
  },
  "test_metrics_model_c": {
    "ndcg": 0.05124995751403931,
    "spearman": 0.307230255839822,
    "mrr_top2": 0.0625,
    "mrr_top4": 0.2,
    "ndcg10": 0.05124995751403931,
    "ndcg_at_4": 0.00711064040423231,
    "ndcg_at_12": 0.056899138174850025,
    "ndcg_at_16": 0.1769467286075223,
    "ndcg_at_20": 0.17934460063934335,
    "roc_auc_upset": 0.8214285714285714
  },
  "test_metrics_by_conference": {
    "E": {
      "ndcg": 0.23954595082101016,
      "spearman": 0.18928571428571428
    },
    "W": {
      "ndcg": 0.7723141400583361,
      "spearman": 0.6321428571428571
    }
  },
  "by_season": {
    "2023-24": {
      "test_metrics_ensemble": {
        "ndcg": 0.5487055466139048,
        "spearman": 0.3917686318131257,
        "mrr_top2": 1.0,
        "mrr_top4": 1.0,
        "ndcg10": 0.5487055466139048,
        "ndcg_at_4": 0.35315119534797357,
        "ndcg_at_12": 0.5952326639622887,
        "ndcg_at_16": 0.5951935040289105,
        "ndcg_at_20": 0.5957882920958936,
        "roc_auc_upset": 0.7104072398190044,
        "rank_mae_pred_vs_playoff_final_results": 7.5333333015441895,
        "rank_rmse_pred_vs_playoff_final_results": 9.546378135681152,
        "rank_mae_eos_standings_vs_playoff_final_results": 3.7333333333333334,
        "rank_rmse_eos_standings_vs_playoff_final_results": 6.093712606722878,
        "playoff_metrics": {
          "spearman_pred_vs_playoff_final_results": 0.44471635150166855,
          "ndcg_at_4_final_four": 0.35315119534797357,
          "ndcg10_pred_vs_playoff_final_results": 0.5487114363841586,
          "brier_championship_odds": 0.03222232684493065,
          "rank_mae_pred_vs_playoff_final_results": 7.5333333015441895,
          "rank_rmse_pred_vs_playoff_final_results": 9.546378135681152,
          "rank_mae_eos_standings_vs_playoff_final_results": 3.7333333333333334,
          "rank_rmse_eos_standings_vs_playoff_final_results": 6.093712606722878
        }
      },
      "test_metrics_model_a": {
        "ndcg": 0.5487055466139048,
        "spearman": 0.37842046718576194,
        "mrr_top2": 1.0,
        "mrr_top4": 1.0,
        "ndcg10": 0.5487055466139048,
        "ndcg_at_4": 0.35315119534797357,
        "ndcg_at_12": 0.5952326639622887,
        "ndcg_at_16": 0.5951935040289105,
        "ndcg_at_20": 0.5957882920958936,
        "roc_auc_upset": 0.7194570135746605
      },
      "test_metrics_model_b": {
        "ndcg": 0.8007244744907076,
        "spearman": 0.36774193548387096,
        "mrr_top2": 1.0,
        "mrr_top4": 1.0,
        "ndcg10": 0.8007244744907076,
        "ndcg_at_4": 0.705915834267812,
        "ndcg_at_12": 0.8005175846512391,
        "ndcg_at_16": 0.8005542400498123,
        "ndcg_at_20": 0.8394972688459857,
        "roc_auc_upset": 0.7129629629629629
      },
      "test_metrics_model_c": {
        "ndcg": 0.333487026575135,
        "spearman": 0.23159065628476083,
        "mrr_top2": 0.16666666666666666,
        "mrr_top4": 0.16666666666666666,
        "ndcg10": 0.333487026575135,
        "ndcg_at_4": 0.0011069724610271625,
        "ndcg_at_12": 0.33890731926775686,
        "ndcg_at_16": 0.35966393831396193,
        "ndcg_at_20": 0.3699999322309346,
        "roc_auc_upset": 0.7633928571428571
      },
      "test_metrics_by_conference": {
        "E": {
          "ndcg": 0.3869402032684001,
          "spearman": 0.2964285714285714
        },
        "W": {
          "ndcg": 0.9130919016064589,
          "spearman": 0.48571428571428565
        }
      },
      "notes": {
        "eos_rank_source": "eos_final_rank"
      }
    },
    "2024-25": {
      "test_metrics_ensemble": {
        "ndcg": 0.4887811171595096,
        "spearman": 0.4545050055617353,
        "mrr_top2": 0.5,
        "mrr_top4": 0.5,
        "ndcg10": 0.4887811171595096,
        "ndcg_at_4": 0.46412046738376733,
        "ndcg_at_12": 0.5342953927992283,
        "ndcg_at_16": 0.534276105318765,
        "ndcg_at_20": 0.5378798820520053,
        "roc_auc_upset": 0.7601809954751131,
        "rank_mae_pred_vs_playoff_final_results": 6.933333396911621,
        "rank_rmse_pred_vs_playoff_final_results": 9.040648460388184,
        "rank_mae_eos_standings_vs_playoff_final_results": 3.1333333333333333,
        "rank_rmse_eos_standings_vs_playoff_final_results": 4.449719092257398,
        "playoff_metrics": {
          "spearman_pred_vs_playoff_final_results": 0.4634037819799778,
          "ndcg_at_4_final_four": 0.464120437467753,
          "ndcg10_pred_vs_playoff_final_results": 0.48876995579281013,
          "brier_championship_odds": 0.03222232684493065,
          "rank_mae_pred_vs_playoff_final_results": 6.933333396911621,
          "rank_rmse_pred_vs_playoff_final_results": 9.040648460388184,
          "rank_mae_eos_standings_vs_playoff_final_results": 3.1333333333333333,
          "rank_rmse_eos_standings_vs_playoff_final_results": 4.449719092257398
        }
      },
      "test_metrics_model_a": {
        "ndcg": 0.4887811171595096,
        "spearman": 0.4545050055617353,
        "mrr_top2": 0.5,
        "mrr_top4": 0.5,
        "ndcg10": 0.4887811171595096,
        "ndcg_at_4": 0.46412046738376733,
        "ndcg_at_12": 0.5342953927992283,
        "ndcg_at_16": 0.534276105318765,