{
  "notes": {
    "eval_on": "test",
    "eos_rank_source": "eos_final_rank",
    "upset_definition": "sleeper = EOS_global_rank > predicted_strength",
    "mrr_top2": "1/rank of first team in top 2 (champion+runner-up) in predicted order.",
    "mrr_top4": "1/rank of first team in top 4 (conference finals) in predicted order.",
    "per_conference_relevance": "Within E/W: actual rank derived from EOS_global_rank (1=best in conf); NDCG/Spearman use this relevance.",
    "playoff_metrics": "Spearman (pred global vs playoff_final_results), NDCG@4 (final four), Brier (champion vs odds). rank_mae/rank_rmse: pred vs playoff_final_results; eos_standings vs playoff_final_results (baseline)."
  },
  "split_info": {
    "train_frac": 0.75,
    "n_train_dates": 141,
    "n_test_dates": 36,
    "split_mode": "seasons"
  },
  "test_metrics_ensemble": {
    "ndcg": 0.489615805832097,
    "spearman": 0.52880978865406,
    "mrr_top2": 0.5,
    "mrr_top4": 0.5,
    "ndcg10": 0.489615805832097,
    "ndcg_at_4": 0.46444719014824637,
    "ndcg_at_12": 0.5347876712463684,
    "ndcg_at_16": 0.5347688982640318,
    "ndcg_at_20": 0.5383364224998225,
    "roc_auc_upset": 0.7321428571428572,
    "rank_mae_pred_vs_playoff_final_results": 6.4666666984558105,
    "rank_rmse_pred_vs_playoff_final_results": 8.40238094329834,
    "rank_mae_eos_standings_vs_playoff_final_results": 3.1333333333333333,
    "rank_rmse_eos_standings_vs_playoff_final_results": 4.449719092257398,
    "playoff_metrics": {
      "spearman_pred_vs_playoff_final_results": 0.5314794215795328,
      "ndcg_at_4_final_four": 0.46444719014824637,
      "ndcg10_pred_vs_playoff_final_results": 0.4896051925534039,
      "brier_championship_odds": 0.03222232684493065,
      "rank_mae_pred_vs_playoff_final_results": 6.4666666984558105,
      "rank_rmse_pred_vs_playoff_final_results": 8.40238094329834,
      "rank_mae_eos_standings_vs_playoff_final_results": 3.1333333333333333,
      "rank_rmse_eos_standings_vs_playoff_final_results": 4.449719092257398
    }
  },
  "test_metrics_model_a": {
    "ndcg": 0.489615805832097,
    "spearman": 0.52880978865406,
    "mrr_top2": 0.5,
    "mrr_top4": 0.5,
    "ndcg10": 0.489615805832097,
    "ndcg_at_4": 0.46444719014824637,
    "ndcg_at_12": 0.5347876712463684,
    "ndcg_at_16": 0.5347688982640318,
    "ndcg_at_20": 0.5383364224998225,
    "roc_auc_upset": 0.7321428571428572
  },
  "test_metrics_model_b": {
    "ndcg": 0.2044732083189892,
    "spearman": 0.6400444938820912,
    "mrr_top2": 0.16666666666666666,
    "mrr_top4": 0.16666666666666666,
    "ndcg10": 0.2044732083189892,
    "ndcg_at_4": 0.04166423104576856,
    "ndcg_at_12": 0.22715511579298983,
    "ndcg_at_16": 0.3860996303755704,
    "ndcg_at_20": 0.38609888914806945,
    "roc_auc_upset": 0.7285067873303167
  },
  "test_metrics_model_c": {
    "ndcg": 0.05124995751403931,
    "spearman": 0.30233592880978866,
    "mrr_top2": 0.06666666666666667,
    "mrr_top4": 0.2,
    "ndcg10": 0.05124995751403931,
    "ndcg_at_4": 0.00711064040423231,
    "ndcg_at_12": 0.056899138174850025,
    "ndcg_at_16": 0.17781540372208415,
    "ndcg_at_20": 0.18021312496782235,
    "roc_auc_upset": 0.8258928571428571
  },
  "test_metrics_by_conference": {
    "E": {
      "ndcg": 0.26959322289269383,
      "spearman": 0.33571428571428563
    },
    "W": {
      "ndcg": 0.7743588954336382,
      "spearman": 0.7357142857142855
    }
  },
  "by_season": {
    "2023-24": {
      "test_metrics_ensemble": {
        "ndcg": 0.6001629223399547,
        "spearman": 0.4064516129032258,
        "mrr_top2": 1.0,
        "mrr_top4": 1.0,
        "ndcg10": 0.6001629223399547,
        "ndcg_at_4": 0.35315119534797357,
        "ndcg_at_12": 0.6000066620012726,
        "ndcg_at_16": 0.60126473951806,
        "ndcg_at_20": 0.601879807814651,
        "roc_auc_upset": 0.7782805429864253,
        "rank_mae_pred_vs_playoff_final_results": 7.4666666984558105,
        "rank_rmse_pred_vs_playoff_final_results": 9.430447578430176,
        "rank_mae_eos_standings_vs_playoff_final_results": 3.7333333333333334,
        "rank_rmse_eos_standings_vs_playoff_final_results": 6.093712606722878,
        "playoff_metrics": {
          "spearman_pred_vs_playoff_final_results": 0.4318131256952169,
          "ndcg_at_4_final_four": 0.35315119534797357,
          "ndcg10_pred_vs_playoff_final_results": 0.6001622031856287,
          "brier_championship_odds": 0.03222232684493065,
          "rank_mae_pred_vs_playoff_final_results": 7.4666666984558105,
          "rank_rmse_pred_vs_playoff_final_results": 9.430447578430176,
          "rank_mae_eos_standings_vs_playoff_final_results": 3.7333333333333334,
          "rank_rmse_eos_standings_vs_playoff_final_results": 6.093712606722878
        }
      },
      "test_metrics_model_a": {
        "ndcg": 0.6001629223399547,
        "spearman": 0.396662958843159,
        "mrr_top2": 1.0,
        "mrr_top4": 1.0,
        "ndcg10": 0.6001629223399547,
        "ndcg_at_4": 0.35315119534797357,
        "ndcg_at_12": 0.6000066620012726,
        "ndcg_at_16": 0.60126473951806,
        "ndcg_at_20": 0.601870636305737,
        "roc_auc_upset": 0.7873303167420814
      },
      "test_metrics_model_b": {
        "ndcg": 0.8014953694985414,
        "spearman": 0.41401557285873186,
        "mrr_top2": 1.0,
        "mrr_top4": 1.0,
        "ndcg10": 0.8014953694985414,
        "ndcg_at_4": 0.7261751187226982,
        "ndcg_at_12": 0.8012882771702573,
        "ndcg_at_16": 0.8410546717971994,
        "ndcg_at_20": 0.8457487907649268,
        "roc_auc_upset": 0.8169642857142857
      },
      "test_metrics_model_c": {
        "ndcg": 0.333487026575135,
        "spearman": 0.23515016685205786,
        "mrr_top2": 0.16666666666666666,
        "mrr_top4": 0.16666666666666666,
        "ndcg10": 0.333487026575135,
        "ndcg_at_4": 0.0011069724610271625,
        "ndcg_at_12": 0.33890731926775686,
        "ndcg_at_16": 0.35966393831396193,
        "ndcg_at_20": 0.3711507384927367,
        "roc_auc_upset": 0.7633928571428571
      },
      "test_metrics_by_conference": {
        "E": {
          "ndcg": 0.3851402749883562,
          "spearman": 0.27499999999999997
        },
        "W": {
          "ndcg": 0.9456910529340604,
          "spearman": 0.5642857142857142
        }
      },
      "notes": {
        "eos_rank_source": "eos_final_rank"
      }
    },
    "2024-25": {
      "test_metrics_ensemble": {
        "ndcg": 0.489615805832097,
        "spearman": 0.52880978865406,
        "mrr_top2": 0.5,
        "mrr_top4": 0.5,
        "ndcg10": 0.489615805832097,
        "ndcg_at_4": 0.46444719014824637,
        "ndcg_at_12": 0.5347876712463684,
        "ndcg_at_16": 0.5347688982640318,
        "ndcg_at_20": 0.5383364224998225,
        "roc_auc_upset": 0.7321428571428572,
        "rank_mae_pred_vs_playoff_final_results": 6.4666666984558105,
        "rank_rmse_pred_vs_playoff_final_results": 8.40238094329834,
        "rank_mae_eos_standings_vs_playoff_final_results": 3.1333333333333333,
        "rank_rmse_eos_standings_vs_playoff_final_results": 4.449719092257398,
        "playoff_metrics": {
          "spearman_pred_vs_playoff_final_results": 0.5314794215795328,
          "ndcg_at_4_final_four": 0.46444719014824637,
          "ndcg10_pred_vs_playoff_final_results": 0.4896051925534039,
          "brier_championship_odds": 0.03222232684493065,
          "rank_mae_pred_vs_playoff_final_results": 6.4666666984558105,
          "rank_rmse_pred_vs_playoff_final_results": 8.40238094329834,
          "rank_mae_eos_standings_vs_playoff_final_results": 3.1333333333333333,
          "rank_rmse_eos_standings_vs_playoff_final_results": 4.449719092257398
        }
      },
      "test_metrics_model_a": {
        "ndcg": 0.489615805832097,
        "spearman": 0.52880978865406,
        "mrr_top2": 0.5,
        "mrr_top4": 0.5,
        "ndcg10": 0.489615805832097,
        "ndcg_at_4": 0.46444719014824637,
        "ndcg_at_12": 0.5347876712463684,