{
  "test_metrics_ensemble": {
    "ndcg": 0.489615805832097,
    "spearman": 0.52880978865406,
    "mrr_top2": 0.5,
    "mrr_top4": 0.5,
    "ndcg10": 0.489615805832097,
    "ndcg_at_4": 0.46444719014824637,
    "ndcg_at_12": 0.5347876712463684,
    "ndcg_at_16": 0.5347688982640318,
    "ndcg_at_20": 0.5383364224998225,
    "roc_auc_upset": 0.7321428571428572,
    "rank_mae_pred_vs_playoff_final_results": 6.4666666984558105,
    "rank_rmse_pred_vs_playoff_final_results": 8.40238094329834,
    "rank_mae_eos_standings_vs_playoff_final_results": 3.1333333333333333,
    "rank_rmse_eos_standings_vs_playoff_final_results": 4.449719092257398,
    "playoff_metrics": {
      "spearman_pred_vs_playoff_final_results": 0.5314794215795328,
      "ndcg_at_4_final_four": 0.46444719014824637,
      "ndcg10_pred_vs_playoff_final_results": 0.4896051925534039,
      "brier_championship_odds": 0.03222232684493065,
      "rank_mae_pred_vs_playoff_final_results": 6.4666666984558105,
      "rank_rmse_pred_vs_playoff_final_results": 8.40238094329834,
      "rank_mae_eos_standings_vs_playoff_final_results": 3.1333333333333333,
      "rank_rmse_eos_standings_vs_playoff_final_results": 4.449719092257398
    }
  },
  "test_metrics_model_a": {
    "ndcg": 0.489615805832097,
    "spearman": 0.52880978865406,
    "mrr_top2": 0.5,
    "mrr_top4": 0.5,
    "ndcg10": 0.489615805832097,
    "ndcg_at_4": 0.46444719014824637,
    "ndcg_at_12": 0.5347876712463684,
    "ndcg_at_16": 0.5347688982640318,
    "ndcg_at_20": 0.5383364224998225,
    "roc_auc_upset": 0.7321428571428572
  },
  "test_metrics_model_b": {
    "ndcg": 0.2044732083189892,
    "spearman": 0.6400444938820912,
    "mrr_top2": 0.16666666666666666,
    "mrr_top4": 0.16666666666666666,
    "ndcg10": 0.2044732083189892,
    "ndcg_at_4": 0.04166423104576856,
    "ndcg_at_12": 0.22715511579298983,
    "ndcg_at_16": 0.3860996303755704,
    "ndcg_at_20": 0.38609888914806945,
    "roc_auc_upset": 0.7285067873303167
  },
  "test_metrics_model_c": {
    "ndcg": 0.05124995751403931,
    "spearman": 0.30233592880978866,
    "mrr_top2": 0.06666666666666667,
    "mrr_top4": 0.2,
    "ndcg10": 0.05124995751403931,
    "ndcg_at_4": 0.00711064040423231,
    "ndcg_at_12": 0.056899138174850025,
    "ndcg_at_16": 0.17781540372208415,
    "ndcg_at_20": 0.18021312496782235,
    "roc_auc_upset": 0.8258928571428571
  },
  "test_metrics_by_conference": {
    "E": {
      "ndcg": 0.26959322289269383,
      "spearman": 0.33571428571428563
    },
    "W": {
      "ndcg": 0.7743588954336382,
      "spearman": 0.7357142857142855
    }
  },
  "notes": {
    "eos_rank_source": "eos_final_rank"
  }
}