{
  "test_metrics_ensemble": {
    "ndcg": 0.4830633926237072,
    "spearman": 0.47497219132369295,
    "mrr_top2": 0.5,
    "mrr_top4": 0.5,
    "ndcg10": 0.4830633926237072,
    "ndcg_at_4": 0.4643519436832566,
    "ndcg_at_12": 0.526823359227939,
    "ndcg_at_16": 0.526805197155824,
    "ndcg_at_20": 0.5303680991672585,
    "roc_auc_upset": 0.7678571428571428,
    "rank_mae_pred_vs_playoff_final_results": 7.0,
    "rank_rmse_pred_vs_playoff_final_results": 8.869422912597656,
    "rank_mae_eos_standings_vs_playoff_final_results": 3.1333333333333333,
    "rank_rmse_eos_standings_vs_playoff_final_results": 4.449719092257398,
    "playoff_metrics": {
      "spearman_pred_vs_playoff_final_results": 0.4785317018909899,
      "ndcg_at_4_final_four": 0.46433662668392073,
      "ndcg10_pred_vs_playoff_final_results": 0.4830484982544129,
      "brier_championship_odds": 0.03222232684493065,
      "rank_mae_pred_vs_playoff_final_results": 7.0,
      "rank_rmse_pred_vs_playoff_final_results": 8.869422912597656,
      "rank_mae_eos_standings_vs_playoff_final_results": 3.1333333333333333,
      "rank_rmse_eos_standings_vs_playoff_final_results": 4.449719092257398
    }
  },
  "test_metrics_model_a": {
    "ndcg": 0.4830633926237072,
    "spearman": 0.47497219132369295,
    "mrr_top2": 0.5,
    "mrr_top4": 0.5,
    "ndcg10": 0.4830633926237072,
    "ndcg_at_4": 0.4643519436832566,
    "ndcg_at_12": 0.526823359227939,
    "ndcg_at_16": 0.526805197155824,
    "ndcg_at_20": 0.5303680991672585,
    "roc_auc_upset": 0.7678571428571428
  },
  "test_metrics_model_b": {
    "ndcg": 0.20223274290235657,
    "spearman": 0.6493882091212457,
    "mrr_top2": 0.25,
    "mrr_top4": 0.25,
    "ndcg10": 0.20223274290235657,
    "ndcg_at_4": 0.16775742802418675,
    "ndcg_at_12": 0.24756513992231108,
    "ndcg_at_16": 0.4181985941769646,
    "ndcg_at_20": 0.41819682965310334,
    "roc_auc_upset": 0.6933333333333334
  },
  "test_metrics_model_c": {
    "ndcg": 0.05124995751403931,
    "spearman": 0.30189098998887653,
    "mrr_top2": 0.0625,
    "mrr_top4": 0.2,
    "ndcg10": 0.05124995751403931,
    "ndcg_at_4": 0.00711064040423231,
    "ndcg_at_12": 0.056899138174850025,
    "ndcg_at_16": 0.1769467286075223,
    "ndcg_at_20": 0.17934445367388585,
    "roc_auc_upset": 0.8258928571428571
  },
  "test_metrics_by_conference": {
    "E": {
      "ndcg": 0.25222167422838165,
      "spearman": 0.2678571428571428
    },
    "W": {
      "ndcg": 0.751117189123901,
      "spearman": 0.6642857142857141
    }
  },
  "notes": {
    "eos_rank_source": "eos_final_rank"
  }
}