{
  "test_metrics_ensemble": {
    "ndcg": 0.5674767670233781,
    "spearman": 0.43893214682981085,
    "mrr_top2": 1.0,
    "mrr_top4": 1.0,
    "ndcg10": 0.5674767670233781,
    "ndcg_at_4": 0.33513898093933947,
    "ndcg_at_12": 0.6126328684664359,
    "ndcg_at_16": 0.6145407228509632,
    "ndcg_at_20": 0.6145471378421629,
    "roc_auc_upset": 0.6832579185520362,
    "rank_mae_pred_vs_playoff_final_results": 7.266666889190674,
    "rank_rmse_pred_vs_playoff_final_results": 9.168787956237793,
    "rank_mae_eos_standings_vs_playoff_final_results": 3.7333333333333334,
    "rank_rmse_eos_standings_vs_playoff_final_results": 6.093712606722878,
    "playoff_metrics": {
      "spearman_pred_vs_playoff_final_results": 0.46785317018909905,
      "ndcg_at_4_final_four": 0.33513815635527017,
      "ndcg10_pred_vs_playoff_final_results": 0.5674816976241779,
      "brier_championship_odds": 0.03222232684493065,
      "rank_mae_pred_vs_playoff_final_results": 7.266666889190674,
      "rank_rmse_pred_vs_playoff_final_results": 9.168787956237793,
      "rank_mae_eos_standings_vs_playoff_final_results": 3.7333333333333334,
      "rank_rmse_eos_standings_vs_playoff_final_results": 6.093712606722878
    }
  },
  "test_metrics_model_a": {
    "ndcg": 0.5558693389373406,
    "spearman": 0.4211345939933259,
    "mrr_top2": 1.0,
    "mrr_top4": 1.0,
    "ndcg10": 0.5558693389373406,
    "ndcg_at_4": 0.33513898093933947,
    "ndcg_at_12": 0.6010284892707678,
    "ndcg_at_16": 0.6029372337803739,
    "ndcg_at_20": 0.6029347091323659,
    "roc_auc_upset": 0.6968325791855203
  },
  "test_metrics_model_b": {
    "ndcg": 0.8062814887710054,
    "spearman": 0.3882091212458286,
    "mrr_top2": 1.0,
    "mrr_top4": 1.0,
    "ndcg10": 0.8062814887710054,
    "ndcg_at_4": 0.7116242168324007,
    "ndcg_at_12": 0.8060724800998909,
    "ndcg_at_16": 0.8467061105386922,
    "ndcg_at_20": 0.8467071565331121,
    "roc_auc_upset": 0.75
  },
  "test_metrics_model_c": {
    "ndcg": 0.333487026575135,
    "spearman": 0.23159065628476083,
    "mrr_top2": 0.16666666666666666,
    "mrr_top4": 0.16666666666666666,
    "ndcg10": 0.333487026575135,
    "ndcg_at_4": 0.0011069724610271625,
    "ndcg_at_12": 0.33890731926775686,
    "ndcg_at_16": 0.35966393831396193,
    "ndcg_at_20": 0.3699999322309346,
    "roc_auc_upset": 0.7633928571428571
  },
  "test_metrics_by_conference": {
    "E": {
      "ndcg": 0.4082984176139838,
      "spearman": 0.3107142857142856
    },
    "W": {
      "ndcg": 0.922273612311482,
      "spearman": 0.5928571428571427
    }
  },
  "notes": {
    "eos_rank_source": "eos_final_rank"
  }
}