{
  "test_metrics_ensemble": {
    "ndcg": 0.5585319469901482,
    "spearman": 0.36106785317018913,
    "mrr_top2": 1.0,
    "mrr_top4": 1.0,
    "ndcg10": 0.5585319469901482,
    "ndcg_at_4": 0.35315119534797357,
    "ndcg_at_12": 0.5583907736406752,
    "ndcg_at_16": 0.6012459338274326,
    "ndcg_at_20": 0.6018496839888605,
    "roc_auc_upset": 0.7544642857142857,
    "rank_mae_pred_vs_playoff_final_results": 7.733333110809326,
    "rank_rmse_pred_vs_playoff_final_results": 9.784340858459473,
    "rank_mae_eos_standings_vs_playoff_final_results": 3.7333333333333334,
    "rank_rmse_eos_standings_vs_playoff_final_results": 6.093712606722878,
    "playoff_metrics": {
      "spearman_pred_vs_playoff_final_results": 0.4122358175750834,
      "ndcg_at_4_final_four": 0.35315119534797357,
      "ndcg10_pred_vs_playoff_final_results": 0.5585369590587295,
      "brier_championship_odds": 0.03222232684493065,
      "rank_mae_pred_vs_playoff_final_results": 7.733333110809326,
      "rank_rmse_pred_vs_playoff_final_results": 9.784340858459473,
      "rank_mae_eos_standings_vs_playoff_final_results": 3.7333333333333334,
      "rank_rmse_eos_standings_vs_playoff_final_results": 6.093712606722878
    }
  },
  "test_metrics_model_a": {
    "ndcg": 0.5585319469901482,
    "spearman": 0.35572858731924356,
    "mrr_top2": 1.0,
    "mrr_top4": 1.0,
    "ndcg10": 0.5585319469901482,
    "ndcg_at_4": 0.35315119534797357,
    "ndcg_at_12": 0.5583907736406752,
    "ndcg_at_16": 0.6012459338274326,
    "ndcg_at_20": 0.6018406602609919,
    "roc_auc_upset": 0.7589285714285714
  },
  "test_metrics_model_b": {
    "ndcg": 0.46246989003058536,
    "spearman": 0.335706340378198,
    "mrr_top2": 0.5,
    "mrr_top4": 0.5,
    "ndcg10": 0.46246989003058536,
    "ndcg_at_4": 0.4437410146181249,
    "ndcg_at_12": 0.46378546164274825,
    "ndcg_at_16": 0.546957677201345,
    "ndcg_at_20": 0.5845324089854406,
    "roc_auc_upset": 0.7777777777777778
  },
  "test_metrics_model_c": {
    "ndcg": 0.3335103168238178,
    "spearman": 0.24582869855394882,
    "mrr_top2": 0.16666666666666666,
    "mrr_top4": 0.16666666666666666,
    "ndcg10": 0.3335103168238178,
    "ndcg_at_4": 0.001111095381373398,
    "ndcg_at_12": 0.33342342712902806,
    "ndcg_at_16": 0.359511130120896,
    "ndcg_at_20": 0.36984719361683405,
    "roc_auc_upset": 0.7777777777777778
  },
  "test_metrics_by_conference": {
    "E": {
      "ndcg": 0.38504331979094114,
      "spearman": 0.24642857142857136
    },
    "W": {
      "ndcg": 0.9120342308685592,
      "spearman": 0.4642857142857142
    }
  },
  "notes": {
    "eos_rank_source": "eos_final_rank"
  }
}