{
  "test_metrics_ensemble": {
    "ndcg": 0.4822886771311598,
    "spearman": 0.49543937708565067,
    "mrr_top2": 0.5,
    "mrr_top4": 0.5,
    "ndcg10": 0.4822886771311598,
    "ndcg_at_4": 0.4643944167678145,
    "ndcg_at_12": 0.5260488472277232,
    "ndcg_at_16": 0.5272716836858957,
    "ndcg_at_20": 0.5296221527557399,
    "roc_auc_upset": 0.755656108597285,
    "rank_mae_pred_vs_playoff_final_results": 6.866666793823242,
    "rank_rmse_pred_vs_playoff_final_results": 8.694826126098633,
    "rank_mae_eos_standings_vs_playoff_final_results": 3.1333333333333333,
    "rank_rmse_eos_standings_vs_playoff_final_results": 4.449719092257398,
    "playoff_metrics": {
      "spearman_pred_vs_playoff_final_results": 0.47230255839822033,
      "ndcg_at_4_final_four": 0.4643812234227066,
      "ndcg10_pred_vs_playoff_final_results": 0.4822758464841708,
      "brier_championship_odds": 0.03222232684493065,
      "rank_mae_pred_vs_playoff_final_results": 6.866666793823242,
      "rank_rmse_pred_vs_playoff_final_results": 8.694826126098633,
      "rank_mae_eos_standings_vs_playoff_final_results": 3.1333333333333333,
      "rank_rmse_eos_standings_vs_playoff_final_results": 4.449719092257398
    }
  },
  "test_metrics_model_a": {
    "ndcg": 0.4822886771311598,
    "spearman": 0.48654060066740823,
    "mrr_top2": 0.5,
    "mrr_top4": 0.5,
    "ndcg10": 0.4822886771311598,
    "ndcg_at_4": 0.4643944167678145,
    "ndcg_at_12": 0.5260488472277232,
    "ndcg_at_16": 0.5272716836858957,
    "ndcg_at_20": 0.5296221527557399,
    "roc_auc_upset": 0.755656108597285
  },
  "test_metrics_model_b": {
    "ndcg": 0.1820442834089358,
    "spearman": 0.5119021134593993,
    "mrr_top2": 0.16666666666666666,
    "mrr_top4": 0.16666666666666666,
    "ndcg10": 0.1820442834089358,
    "ndcg_at_4": 0.04174492448450587,
    "ndcg_at_12": 0.18199784976681146,
    "ndcg_at_16": 0.2227037341532057,
    "ndcg_at_20": 0.2227074299229981,
    "roc_auc_upset": 0.7466063348416289
  },
  "test_metrics_model_c": {
    "ndcg": 0.05784506519871672,
    "spearman": 0.3228031145717464,
    "mrr_top2": 0.06666666666666667,
    "mrr_top4": 0.2,
    "ndcg10": 0.05784506519871672,
    "ndcg_at_4": 0.00711064040423231,
    "ndcg_at_12": 0.05783006459806845,
    "ndcg_at_16": 0.178746258737695,
    "ndcg_at_20": 0.18110337484256867,
    "roc_auc_upset": 0.8125
  },
  "test_metrics_by_conference": {
    "E": {
      "ndcg": 0.2595253503723662,
      "spearman": 0.2714285714285714
    },
    "W": {
      "ndcg": 0.7524991469189859,
      "spearman": 0.7071428571428571
    }
  },
  "notes": {
    "eos_rank_source": "eos_final_rank"
  }
}