{
  "test_metrics_ensemble": {
    "ndcg": 0.5402665448830613,
    "spearman": 0.4255839822024471,
    "mrr_top2": 1.0,
    "mrr_top4": 1.0,
    "ndcg10": 0.5402665448830613,
    "ndcg_at_4": 0.35315119534797357,
    "ndcg_at_12": 0.5854297935583583,
    "ndcg_at_16": 0.5866850844369235,
    "ndcg_at_20": 0.5873003777277366,
    "roc_auc_upset": 0.6968325791855203,
    "rank_mae_pred_vs_playoff_final_results": 7.333333492279053,
    "rank_rmse_pred_vs_playoff_final_results": 9.277212142944336,
    "rank_mae_eos_standings_vs_playoff_final_results": 3.7333333333333334,
    "rank_rmse_eos_standings_vs_playoff_final_results": 6.093712606722878,
    "playoff_metrics": {
      "spearman_pred_vs_playoff_final_results": 0.4509454949944383,
      "ndcg_at_4_final_four": 0.35315119534797357,
      "ndcg10_pred_vs_playoff_final_results": 0.5402720803794699,
      "brier_championship_odds": 0.03222232684493065,
      "rank_mae_pred_vs_playoff_final_results": 7.333333492279053,
      "rank_rmse_pred_vs_playoff_final_results": 9.277212142944336,
      "rank_mae_eos_standings_vs_playoff_final_results": 3.7333333333333334,
      "rank_rmse_eos_standings_vs_playoff_final_results": 6.093712606722878
    }
  },
  "test_metrics_model_a": {
    "ndcg": 0.5402665448830613,
    "spearman": 0.4255839822024471,
    "mrr_top2": 1.0,
    "mrr_top4": 1.0,
    "ndcg10": 0.5402665448830613,
    "ndcg_at_4": 0.35315119534797357,
    "ndcg_at_12": 0.5854297935583583,
    "ndcg_at_16": 0.5866850844369235,
    "ndcg_at_20": 0.5873003777277366,
    "roc_auc_upset": 0.6968325791855203
  },
  "test_metrics_model_b": {
    "ndcg": 0.799050002967284,
    "spearman": 0.43448275862068964,
    "mrr_top2": 1.0,
    "mrr_top4": 1.0,
    "ndcg10": 0.799050002967284,
    "ndcg_at_4": 0.6879025204137522,
    "ndcg_at_12": 0.7989285984643055,
    "ndcg_at_16": 0.7988889392587867,
    "ndcg_at_20": 0.842606839108158,
    "roc_auc_upset": 0.7991071428571428
  },
  "test_metrics_model_c": {
    "ndcg": 0.333487026575135,
    "spearman": 0.23515016685205786,
    "mrr_top2": 0.16666666666666666,
    "mrr_top4": 0.16666666666666666,
    "ndcg10": 0.333487026575135,
    "ndcg_at_4": 0.0011069724610271625,
    "ndcg_at_12": 0.33890731926775686,
    "ndcg_at_16": 0.35966393831396193,
    "ndcg_at_20": 0.3711507384927367,
    "roc_auc_upset": 0.7633928571428571
  },
  "test_metrics_by_conference": {
    "E": {
      "ndcg": 0.3851402749883562,
      "spearman": 0.28571428571428564
    },
    "W": {
      "ndcg": 0.9181642695180297,
      "spearman": 0.6285714285714286
    }
  },
  "notes": {
    "eos_rank_source": "eos_final_rank"
  }
}