{
  "test_metrics_ensemble": {
    "ndcg": 0.4831156378831374,
    "spearman": 0.4362625139043382,
    "mrr_top2": 0.5,
    "mrr_top4": 0.5,
    "ndcg10": 0.4831156378831374,
    "ndcg_at_4": 0.46419083189100974,
    "ndcg_at_12": 0.5282887084409242,
    "ndcg_at_16": 0.5295106225831465,
    "ndcg_at_20": 0.5318201335744591,
    "roc_auc_upset": 0.7737556561085973,
    "rank_mae_pred_vs_playoff_final_results": 7.133333206176758,
    "rank_rmse_pred_vs_playoff_final_results": 9.190574645996094,
    "rank_mae_eos_standings_vs_playoff_final_results": 3.1333333333333333,
    "rank_rmse_eos_standings_vs_playoff_final_results": 4.449719092257398,
    "playoff_metrics": {
      "spearman_pred_vs_playoff_final_results": 0.45317018909899887,
      "ndcg_at_4_final_four": 0.4641908019749954,
      "ndcg10_pred_vs_playoff_final_results": 0.4831050138841821,
      "brier_championship_odds": 0.03222232684493065,
      "rank_mae_pred_vs_playoff_final_results": 7.133333206176758,
      "rank_rmse_pred_vs_playoff_final_results": 9.190574645996094,
      "rank_mae_eos_standings_vs_playoff_final_results": 3.1333333333333333,
      "rank_rmse_eos_standings_vs_playoff_final_results": 4.449719092257398
    }
  },
  "test_metrics_model_a": {
    "ndcg": 0.4831156378831374,
    "spearman": 0.4362625139043382,
    "mrr_top2": 0.5,
    "mrr_top4": 0.5,
    "ndcg10": 0.4831156378831374,
    "ndcg_at_4": 0.46419083189100974,
    "ndcg_at_12": 0.5282887084409242,
    "ndcg_at_16": 0.5295106225831465,
    "ndcg_at_20": 0.5318201335744591,
    "roc_auc_upset": 0.7737556561085973
  },
  "test_metrics_model_b": {
    "ndcg": 0.20447327093225284,
    "spearman": 0.6338153503893215,
    "mrr_top2": 0.16666666666666666,
    "mrr_top4": 0.16666666666666666,
    "ndcg10": 0.20447327093225284,
    "ndcg_at_4": 0.04166423104576856,
    "ndcg_at_12": 0.38566162815567406,
    "ndcg_at_16": 0.4055893634409165,
    "ndcg_at_20": 0.4055884830497583,
    "roc_auc_upset": 0.7782805429864253
  },
  "test_metrics_model_c": {
    "ndcg": 0.05124995751403931,
    "spearman": 0.30233592880978866,
    "mrr_top2": 0.06666666666666667,
    "mrr_top4": 0.2,
    "ndcg10": 0.05124995751403931,
    "ndcg_at_4": 0.00711064040423231,
    "ndcg_at_12": 0.056899138174850025,
    "ndcg_at_16": 0.17781540372208415,
    "ndcg_at_20": 0.18021312496782235,
    "roc_auc_upset": 0.8258928571428571
  },
  "test_metrics_by_conference": {
    "E": {
      "ndcg": 0.24264247242260595,
      "spearman": 0.1714285714285714
    },
    "W": {
      "ndcg": 0.7521915998645172,
      "spearman": 0.6392857142857141
    }
  },
  "notes": {
    "eos_rank_source": "eos_final_rank"
  }
}