{
  "test_metrics_ensemble": {
    "ndcg": 0.48383297420449994,
    "spearman": 0.47319243604004446,
    "mrr_top2": 0.5,
    "mrr_top4": 0.5,
    "ndcg10": 0.48383297420449994,
    "ndcg_at_4": 0.46444719014824637,
    "ndcg_at_12": 0.5290063585788308,
    "ndcg_at_16": 0.5302294946020925,
    "ndcg_at_20": 0.5325378142304201,
    "roc_auc_upset": 0.7589285714285714,
    "rank_mae_pred_vs_playoff_final_results": 6.866666793823242,
    "rank_rmse_pred_vs_playoff_final_results": 8.884443283081055,
    "rank_mae_eos_standings_vs_playoff_final_results": 3.1333333333333333,
    "rank_rmse_eos_standings_vs_playoff_final_results": 4.449719092257398,
    "playoff_metrics": {
      "spearman_pred_vs_playoff_final_results": 0.46696329254727476,
      "ndcg_at_4_final_four": 0.46444719014824637,
      "ndcg10_pred_vs_playoff_final_results": 0.48382399795751807,
      "brier_championship_odds": 0.03222232684493065,
      "rank_mae_pred_vs_playoff_final_results": 6.866666793823242,
      "rank_rmse_pred_vs_playoff_final_results": 8.884443283081055,
      "rank_mae_eos_standings_vs_playoff_final_results": 3.1333333333333333,
      "rank_rmse_eos_standings_vs_playoff_final_results": 4.449719092257398
    }
  },
  "test_metrics_model_a": {
    "ndcg": 0.48383297420449994,
    "spearman": 0.4634037819799778,
    "mrr_top2": 0.5,
    "mrr_top4": 0.5,
    "ndcg10": 0.48383297420449994,
    "ndcg_at_4": 0.46444719014824637,
    "ndcg_at_12": 0.5290063585788308,
    "ndcg_at_16": 0.5289880032226745,
    "ndcg_at_20": 0.5325132632826935,
    "roc_auc_upset": 0.7633928571428571
  },
  "test_metrics_model_b": {
    "ndcg": 0.20314400039266522,
    "spearman": 0.5942157953281423,
    "mrr_top2": 0.16666666666666666,
    "mrr_top4": 0.16666666666666666,
    "ndcg10": 0.20314400039266522,
    "ndcg_at_4": 0.04029517653159447,
    "ndcg_at_12": 0.225122197282295,
    "ndcg_at_16": 0.22515623644758795,
    "ndcg_at_20": 0.22515815767191272,
    "roc_auc_upset": 0.7873303167420814
  },
  "test_metrics_model_c": {
    "ndcg": 0.05124995751403931,
    "spearman": 0.30189098998887653,
    "mrr_top2": 0.0625,
    "mrr_top4": 0.2,
    "ndcg10": 0.05124995751403931,
    "ndcg_at_4": 0.00711064040423231,
    "ndcg_at_12": 0.056899138174850025,
    "ndcg_at_16": 0.1769467286075223,
    "ndcg_at_20": 0.17934445367388585,
    "roc_auc_upset": 0.8258928571428571
  },
  "test_metrics_by_conference": {
    "E": {
      "ndcg": 0.2680847012240272,
      "spearman": 0.24285714285714283
    },
    "W": {
      "ndcg": 0.7510775020335729,
      "spearman": 0.6892857142857142
    }
  },
  "notes": {
    "eos_rank_source": "eos_final_rank"
  }
}