{
  "test_metrics_ensemble": {
    "ndcg": 0.6052556283845895,
    "spearman": 0.4100111234705228,
    "mrr_top2": 1.0,
    "mrr_top4": 1.0,
    "ndcg10": 0.6052556283845895,
    "ndcg_at_4": 0.35315119534797357,
    "ndcg_at_12": 0.6051020051373424,
    "ndcg_at_16": 0.6063557870399778,
    "ndcg_at_20": 0.6069308915877453,
    "roc_auc_upset": 0.8009049773755657,
    "rank_mae_pred_vs_playoff_final_results": 7.666666507720947,
    "rank_rmse_pred_vs_playoff_final_results": 9.402127265930176,
    "rank_mae_eos_standings_vs_playoff_final_results": 3.7333333333333334,
    "rank_rmse_eos_standings_vs_playoff_final_results": 6.093712606722878,
    "playoff_metrics": {
      "spearman_pred_vs_playoff_final_results": 0.4362625139043382,
      "ndcg_at_4_final_four": 0.35315119534797357,
      "ndcg10_pred_vs_playoff_final_results": 0.6052549092302633,
      "brier_championship_odds": 0.03222232684493065,
      "rank_mae_pred_vs_playoff_final_results": 7.666666507720947,
      "rank_rmse_pred_vs_playoff_final_results": 9.402127265930176,
      "rank_mae_eos_standings_vs_playoff_final_results": 3.7333333333333334,
      "rank_rmse_eos_standings_vs_playoff_final_results": 6.093712606722878
    }
  },
  "test_metrics_model_a": {
    "ndcg": 0.6052556283845895,
    "spearman": 0.4100111234705228,
    "mrr_top2": 1.0,
    "mrr_top4": 1.0,
    "ndcg10": 0.6052556283845895,
    "ndcg_at_4": 0.35315119534797357,
    "ndcg_at_12": 0.6051020051373424,
    "ndcg_at_16": 0.6063557870399778,
    "ndcg_at_20": 0.6069308915877453,
    "roc_auc_upset": 0.8009049773755657
  },
  "test_metrics_model_b": {
    "ndcg": 0.5770772661268245,
    "spearman": 0.48476084538375974,
    "mrr_top2": 0.5,
    "mrr_top4": 0.5,
    "ndcg10": 0.5770772661268245,
    "ndcg_at_4": 0.44093212795935904,
    "ndcg_at_12": 0.5769498802079498,
    "ndcg_at_16": 0.6185477841720786,
    "ndcg_at_20": 0.6232475478539928,
    "roc_auc_upset": 0.746606334841629
  },
  "test_metrics_model_c": {
    "ndcg": 0.333487026575135,
    "spearman": 0.24048943270300333,
    "mrr_top2": 0.16666666666666666,
    "mrr_top4": 0.16666666666666666,
    "ndcg10": 0.333487026575135,
    "ndcg_at_4": 0.0011069724610271625,
    "ndcg_at_12": 0.33890731926775686,
    "ndcg_at_16": 0.35966393831396193,
    "ndcg_at_20": 0.37116955007129654,
    "roc_auc_upset": 0.7777777777777778
  },
  "test_metrics_by_conference": {
    "E": {
      "ndcg": 0.37300695637456927,
      "spearman": 0.2285714285714285
    },
    "W": {
      "ndcg": 0.9322282740664924,
      "spearman": 0.6
    }
  },
  "notes": {
    "eos_rank_source": "eos_final_rank"
  }
}