{
  "notes": {
    "eval_on": "test",
    "eos_rank_source": "eos_final_rank",
    "upset_definition": "sleeper = EOS_global_rank > predicted_strength",
    "mrr_top2": "1/rank of first team in top 2 (champion+runner-up) in predicted order.",
    "mrr_top4": "1/rank of first team in top 4 (conference finals) in predicted order.",
    "per_conference_relevance": "Within E/W: actual rank derived from EOS_global_rank (1=best in conf); NDCG/Spearman use this relevance.",
    "playoff_metrics": "Spearman (pred global vs playoff_final_results), NDCG@4 (final four), Brier (champion vs odds). rank_mae/rank_rmse: pred vs playoff_final_results; eos_standings vs playoff_final_results (baseline)."
  },
  "split_info": {
    "train_frac": 0.75,
    "n_train_dates": 141,
    "n_test_dates": 36,
    "split_mode": "seasons"
  },
  "test_metrics_ensemble": {
    "ndcg": 0.48373697981909186,
    "spearman": 0.4518353726362625,
    "mrr_top2": 0.5,
    "mrr_top4": 0.5,
    "ndcg10": 0.48373697981909186,
    "ndcg_at_4": 0.4643944167678145,
    "ndcg_at_12": 0.4836327063535356,
    "ndcg_at_16": 0.5262474909847086,
    "ndcg_at_20": 0.5274667027024001,
    "roc_auc_upset": 0.8177777777777777,
    "rank_mae_pred_vs_playoff_final_results": 7.133333206176758,
    "rank_rmse_pred_vs_playoff_final_results": 9.062744140625,
    "rank_mae_eos_standings_vs_playoff_final_results": 3.1333333333333333,
    "rank_rmse_eos_standings_vs_playoff_final_results": 4.449719092257398,
    "playoff_metrics": {
      "spearman_pred_vs_playoff_final_results": 0.4767519466073415,
      "ndcg_at_4_final_four": 0.4643812234227066,
      "ndcg10_pred_vs_playoff_final_results": 0.48372415153895987,
      "brier_championship_odds": 0.03222232684493065,
      "rank_mae_pred_vs_playoff_final_results": 7.133333206176758,
      "rank_rmse_pred_vs_playoff_final_results": 9.062744140625,
      "rank_mae_eos_standings_vs_playoff_final_results": 3.1333333333333333,
      "rank_rmse_eos_standings_vs_playoff_final_results": 4.449719092257398
    }
  },
  "test_metrics_model_a": {
    "ndcg": 0.4837341466663698,
    "spearman": 0.44694104560622916,
    "mrr_top2": 0.5,
    "mrr_top4": 0.5,
    "ndcg10": 0.4837341466663698,
    "ndcg_at_4": 0.4643944167678145,
    "ndcg_at_12": 0.4836298739449898,
    "ndcg_at_16": 0.5262446587934255,
    "ndcg_at_20": 0.5274638705235737,
    "roc_auc_upset": 0.8177777777777777
  },
  "test_metrics_model_b": {
    "ndcg": 0.16744612903542058,
    "spearman": 0.6195773081201335,
    "mrr_top2": 0.2,
    "mrr_top4": 0.2,
    "ndcg10": 0.16744612903542058,
    "ndcg_at_4": 0.04166423104576856,
    "ndcg_at_12": 0.21278766335704224,
    "ndcg_at_16": 0.4032769009003375,
    "ndcg_at_20": 0.4032760089096371,
    "roc_auc_upset": 0.7723214285714285
  },
  "test_metrics_model_c": {
    "ndcg": 0.05124995751403931,
    "spearman": 0.30189098998887653,
    "mrr_top2": 0.0625,
    "mrr_top4": 0.2,
    "ndcg10": 0.05124995751403931,
    "ndcg_at_4": 0.00711064040423231,
    "ndcg_at_12": 0.056899138174850025,
    "ndcg_at_16": 0.1769467286075223,
    "ndcg_at_20": 0.17934445367388585,
    "roc_auc_upset": 0.8258928571428571
  },
  "test_metrics_by_conference": {
    "E": {
      "ndcg": 0.26928364068787947,
      "spearman": 0.2571428571428571
    },
    "W": {
      "ndcg": 0.7524991469189859,
      "spearman": 0.6642857142857141
    }
  },
  "by_season": {
    "2023-24": {
      "test_metrics_ensemble": {
        "ndcg": 0.548555748205931,
        "spearman": 0.36106785317018913,
        "mrr_top2": 1.0,
        "mrr_top4": 1.0,
        "ndcg10": 0.548555748205931,
        "ndcg_at_4": 0.35315119534797357,
        "ndcg_at_12": 0.5923033506588705,
        "ndcg_at_16": 0.5941486070027031,
        "ndcg_at_20": 0.5941460860269252,
        "roc_auc_upset": 0.8054298642533937,
        "rank_mae_pred_vs_playoff_final_results": 7.866666793823242,
        "rank_rmse_pred_vs_playoff_final_results": 9.784340858459473,
        "rank_mae_eos_standings_vs_playoff_final_results": 3.7333333333333334,
        "rank_rmse_eos_standings_vs_playoff_final_results": 6.093712606722878,
        "playoff_metrics": {
          "spearman_pred_vs_playoff_final_results": 0.4273637374860957,
          "ndcg_at_4_final_four": 0.35315119534797357,
          "ndcg10_pred_vs_playoff_final_results": 0.5485616379761847,
          "brier_championship_odds": 0.03222232684493065,
          "rank_mae_pred_vs_playoff_final_results": 7.866666793823242,
          "rank_rmse_pred_vs_playoff_final_results": 9.784340858459473,
          "rank_mae_eos_standings_vs_playoff_final_results": 3.7333333333333334,
          "rank_rmse_eos_standings_vs_playoff_final_results": 6.093712606722878
        }
      },
      "test_metrics_model_a": {
        "ndcg": 0.548555748205931,
        "spearman": 0.34949944382647385,
        "mrr_top2": 1.0,
        "mrr_top4": 1.0,
        "ndcg10": 0.548555748205931,
        "ndcg_at_4": 0.35315119534797357,
        "ndcg_at_12": 0.5923033506588705,
        "ndcg_at_16": 0.5941486070027031,
        "ndcg_at_20": 0.5941460860269252,
        "roc_auc_upset": 0.787037037037037
      },
      "test_metrics_model_b": {
        "ndcg": 0.8156118081046849,
        "spearman": 0.4024471635150167,
        "mrr_top2": 1.0,
        "mrr_top4": 1.0,
        "ndcg10": 0.8156118081046849,
        "ndcg_at_4": 0.7261751187226982,
        "ndcg_at_12": 0.8154203620148149,
        "ndcg_at_16": 0.8154398748648842,
        "ndcg_at_20": 0.8572742466660157,
        "roc_auc_upset": 0.7918552036199095
      },
      "test_metrics_model_c": {
        "ndcg": 0.333487026575135,
        "spearman": 0.23159065628476083,
        "mrr_top2": 0.16666666666666666,
        "mrr_top4": 0.16666666666666666,
        "ndcg10": 0.333487026575135,
        "ndcg_at_4": 0.0011069724610271625,
        "ndcg_at_12": 0.33890731926775686,
        "ndcg_at_16": 0.35966393831396193,
        "ndcg_at_20": 0.3699999322309346,
        "roc_auc_upset": 0.7633928571428571
      },
      "test_metrics_by_conference": {
        "E": {
          "ndcg": 0.38369169619137905,
          "spearman": 0.2321428571428571
        },
        "W": {
          "ndcg": 0.9111477815426928,
          "spearman": 0.42857142857142855
        }
      },
      "notes": {
        "eos_rank_source": "eos_final_rank"
      }
    },
    "2024-25": {
      "test_metrics_ensemble": {
        "ndcg": 0.48373697981909186,
        "spearman": 0.4518353726362625,
        "mrr_top2": 0.5,
        "mrr_top4": 0.5,
        "ndcg10": 0.48373697981909186,
        "ndcg_at_4": 0.4643944167678145,
        "ndcg_at_12": 0.4836327063535356,
        "ndcg_at_16": 0.5262474909847086,
        "ndcg_at_20": 0.5274667027024001,
        "roc_auc_upset": 0.8177777777777777,
        "rank_mae_pred_vs_playoff_final_results": 7.133333206176758,
        "rank_rmse_pred_vs_playoff_final_results": 9.062744140625,
        "rank_mae_eos_standings_vs_playoff_final_results": 3.1333333333333333,
        "rank_rmse_eos_standings_vs_playoff_final_results": 4.449719092257398,
        "playoff_metrics": {
          "spearman_pred_vs_playoff_final_results": 0.4767519466073415,
          "ndcg_at_4_final_four": 0.4643812234227066,
          "ndcg10_pred_vs_playoff_final_results": 0.48372415153895987,
          "brier_championship_odds": 0.03222232684493065,
          "rank_mae_pred_vs_playoff_final_results": 7.133333206176758,
          "rank_rmse_pred_vs_playoff_final_results": 9.062744140625,
          "rank_mae_eos_standings_vs_playoff_final_results": 3.1333333333333333,
          "rank_rmse_eos_standings_vs_playoff_final_results": 4.449719092257398
        }
      },
      "test_metrics_model_a": {
        "ndcg": 0.4837341466663698,
        "spearman": 0.44694104560622916,
        "mrr_top2": 0.5,
        "mrr_top4": 0.5,
        "ndcg10": 0.4837341466663698,
        "ndcg_at_4": 0.4643944167678145,
        "ndcg_at_12": 0.4836298739449898,
        "ndcg_at_16": 0.5262446587934255,