{
  "test_metrics_ensemble": {
    "ndcg": 0.5571773679615205,
    "spearman": 0.3868743047830923,
    "mrr_top2": 1.0,
    "mrr_top4": 1.0,
    "ndcg10": 0.5571773679615205,
    "ndcg_at_4": 0.35315119534797357,
    "ndcg_at_12": 0.6009227057979363,
    "ndcg_at_16": 0.6022107315277189,
    "ndcg_at_20": 0.6028146263707602,
    "roc_auc_upset": 0.7633928571428572,
    "rank_mae_pred_vs_playoff_final_results": 7.866666793823242,
    "rank_rmse_pred_vs_playoff_final_results": 9.584710121154785,
    "rank_mae_eos_standings_vs_playoff_final_results": 3.7333333333333334,
    "rank_rmse_eos_standings_vs_playoff_final_results": 6.093712606722878,
    "playoff_metrics": {
      "spearman_pred_vs_playoff_final_results": 0.4255839822024471,
      "ndcg_at_4_final_four": 0.35315119534797357,
      "ndcg10_pred_vs_playoff_final_results": 0.5571826172608073,
      "brier_championship_odds": 0.03222232684493065,
      "rank_mae_pred_vs_playoff_final_results": 7.866666793823242,
      "rank_rmse_pred_vs_playoff_final_results": 9.584710121154785,
      "rank_mae_eos_standings_vs_playoff_final_results": 3.7333333333333334,
      "rank_rmse_eos_standings_vs_playoff_final_results": 6.093712606722878
    }
  },
  "test_metrics_model_a": {
    "ndcg": 0.5571773679615205,
    "spearman": 0.3793103448275862,
    "mrr_top2": 1.0,
    "mrr_top4": 1.0,
    "ndcg10": 0.5571773679615205,
    "ndcg_at_4": 0.35315119534797357,
    "ndcg_at_12": 0.6009227057979363,
    "ndcg_at_16": 0.6022107315277189,
    "ndcg_at_20": 0.602814625268962,
    "roc_auc_upset": 0.7633928571428572
  },
  "test_metrics_model_b": {
    "ndcg": 0.8037396290426359,
    "spearman": 0.4113459399332592,
    "mrr_top2": 1.0,
    "mrr_top4": 1.0,
    "ndcg10": 0.8037396290426359,
    "ndcg_at_4": 0.6879025204137522,
    "ndcg_at_12": 0.8035533103335293,
    "ndcg_at_16": 0.8085377383015686,
    "ndcg_at_20": 0.8455044085332343,
    "roc_auc_upset": 0.8214285714285714
  },
  "test_metrics_model_c": {
    "ndcg": 0.333487026575135,
    "spearman": 0.23159065628476083,
    "mrr_top2": 0.16666666666666666,
    "mrr_top4": 0.16666666666666666,
    "ndcg10": 0.333487026575135,
    "ndcg_at_4": 0.0011069724610271625,
    "ndcg_at_12": 0.33890731926775686,
    "ndcg_at_16": 0.35966393831396193,
    "ndcg_at_20": 0.3699999322309346,
    "roc_auc_upset": 0.7633928571428571
  },
  "test_metrics_by_conference": {
    "E": {
      "ndcg": 0.4082984176139838,
      "spearman": 0.2785714285714285
    },
    "W": {
      "ndcg": 0.910734537091112,
      "spearman": 0.48571428571428565
    }
  },
  "notes": {
    "eos_rank_source": "eos_final_rank"
  }
}