{
  "notes": {
    "eval_on": "test",
    "eos_rank_source": "eos_final_rank",
    "upset_definition": "sleeper = EOS_global_rank > predicted_strength",
    "mrr_top2": "1/rank of first team in top 2 (champion+runner-up) in predicted order.",
    "mrr_top4": "1/rank of first team in top 4 (conference finals) in predicted order.",
    "per_conference_relevance": "Within E/W: actual rank derived from EOS_global_rank (1=best in conf); NDCG/Spearman use this relevance.",
    "playoff_metrics": "Spearman (pred global vs playoff_final_results), NDCG@4 (final four), Brier (champion vs odds). rank_mae/rank_rmse: pred vs playoff_final_results; eos_standings vs playoff_final_results (baseline)."
  },
  "split_info": {
    "train_frac": 0.75,
    "n_train_dates": 141,
    "n_test_dates": 36,
    "split_mode": "seasons"
  },
  "test_metrics_ensemble": {
    "ndcg": 0.4817780379572652,
    "spearman": 0.4625139043381535,
    "mrr_top2": 0.5,
    "mrr_top4": 0.5,
    "ndcg10": 0.4817780379572652,
    "ndcg_at_4": 0.4643944167678145,
    "ndcg_at_12": 0.48200556246408816,
    "ndcg_at_16": 0.5258821261121432,
    "ndcg_at_20": 0.5282280887988202,
    "roc_auc_upset": 0.7782805429864253,
    "rank_mae_pred_vs_playoff_final_results": 7.199999809265137,
    "rank_rmse_pred_vs_playoff_final_results": 8.97403621673584,
    "rank_mae_eos_standings_vs_playoff_final_results": 3.1333333333333333,
    "rank_rmse_eos_standings_vs_playoff_final_results": 4.449719092257398,
    "playoff_metrics": {
      "spearman_pred_vs_playoff_final_results": 0.47319243604004446,
      "ndcg_at_4_final_four": 0.4643812234227066,
      "ndcg10_pred_vs_playoff_final_results": 0.48176465006629515,
      "brier_championship_odds": 0.03222232684493065,
      "rank_mae_pred_vs_playoff_final_results": 7.199999809265137,
      "rank_rmse_pred_vs_playoff_final_results": 8.97403621673584,
      "rank_mae_eos_standings_vs_playoff_final_results": 3.1333333333333333,
      "rank_rmse_eos_standings_vs_playoff_final_results": 4.449719092257398
    }
  },
  "test_metrics_model_a": {
    "ndcg": 0.4817780379572652,
    "spearman": 0.45272525027808674,
    "mrr_top2": 0.5,
    "mrr_top4": 0.5,
    "ndcg10": 0.4817780379572652,
    "ndcg_at_4": 0.4643944167678145,
    "ndcg_at_12": 0.48200556246408816,
    "ndcg_at_16": 0.5246406347327253,
    "ndcg_at_20": 0.5282035378510936,
    "roc_auc_upset": 0.7828054298642534
  },
  "test_metrics_model_b": {
    "ndcg": 0.21634548367724132,
    "spearman": 0.6124582869855395,
    "mrr_top2": 0.2,
    "mrr_top4": 0.2,
    "ndcg10": 0.21634548367724132,
    "ndcg_at_4": 0.04166423104576856,
    "ndcg_at_12": 0.21628883190836062,
    "ndcg_at_16": 0.40251267368714366,
    "ndcg_at_20": 0.40251176917425335,
    "roc_auc_upset": 0.7866666666666666
  },
  "test_metrics_model_c": {
    "ndcg": 0.05124995751403931,
    "spearman": 0.307230255839822,
    "mrr_top2": 0.0625,
    "mrr_top4": 0.2,
    "ndcg10": 0.05124995751403931,
    "ndcg_at_4": 0.00711064040423231,
    "ndcg_at_12": 0.056899138174850025,
    "ndcg_at_16": 0.1769467286075223,
    "ndcg_at_20": 0.17934460063934335,
    "roc_auc_upset": 0.8214285714285714
  },
  "test_metrics_by_conference": {
    "E": {
      "ndcg": 0.2666291325196506,
      "spearman": 0.28928571428571426
    },
    "W": {
      "ndcg": 0.7362764947858234,
      "spearman": 0.5785714285714285
    }
  },
  "by_season": {
    "2023-24": {
      "test_metrics_ensemble": {
        "ndcg": 0.5571773679615205,
        "spearman": 0.3868743047830923,
        "mrr_top2": 1.0,
        "mrr_top4": 1.0,
        "ndcg10": 0.5571773679615205,
        "ndcg_at_4": 0.35315119534797357,
        "ndcg_at_12": 0.6009227057979363,
        "ndcg_at_16": 0.6022107315277189,
        "ndcg_at_20": 0.6028146263707602,
        "roc_auc_upset": 0.7633928571428572,
        "rank_mae_pred_vs_playoff_final_results": 7.866666793823242,
        "rank_rmse_pred_vs_playoff_final_results": 9.584710121154785,
        "rank_mae_eos_standings_vs_playoff_final_results": 3.7333333333333334,
        "rank_rmse_eos_standings_vs_playoff_final_results": 6.093712606722878,
        "playoff_metrics": {
          "spearman_pred_vs_playoff_final_results": 0.4255839822024471,
          "ndcg_at_4_final_four": 0.35315119534797357,
          "ndcg10_pred_vs_playoff_final_results": 0.5571826172608073,
          "brier_championship_odds": 0.03222232684493065,
          "rank_mae_pred_vs_playoff_final_results": 7.866666793823242,
          "rank_rmse_pred_vs_playoff_final_results": 9.584710121154785,
          "rank_mae_eos_standings_vs_playoff_final_results": 3.7333333333333334,
          "rank_rmse_eos_standings_vs_playoff_final_results": 6.093712606722878
        }
      },
      "test_metrics_model_a": {
        "ndcg": 0.5571773679615205,
        "spearman": 0.3793103448275862,
        "mrr_top2": 1.0,
        "mrr_top4": 1.0,
        "ndcg10": 0.5571773679615205,
        "ndcg_at_4": 0.35315119534797357,
        "ndcg_at_12": 0.6009227057979363,
        "ndcg_at_16": 0.6022107315277189,
        "ndcg_at_20": 0.602814625268962,
        "roc_auc_upset": 0.7633928571428572
      },
      "test_metrics_model_b": {
        "ndcg": 0.8037396290426359,
        "spearman": 0.4113459399332592,
        "mrr_top2": 1.0,
        "mrr_top4": 1.0,
        "ndcg10": 0.8037396290426359,
        "ndcg_at_4": 0.6879025204137522,
        "ndcg_at_12": 0.8035533103335293,
        "ndcg_at_16": 0.8085377383015686,
        "ndcg_at_20": 0.8455044085332343,
        "roc_auc_upset": 0.8214285714285714
      },
      "test_metrics_model_c": {
        "ndcg": 0.333487026575135,
        "spearman": 0.23159065628476083,
        "mrr_top2": 0.16666666666666666,
        "mrr_top4": 0.16666666666666666,
        "ndcg10": 0.333487026575135,
        "ndcg_at_4": 0.0011069724610271625,
        "ndcg_at_12": 0.33890731926775686,
        "ndcg_at_16": 0.35966393831396193,
        "ndcg_at_20": 0.3699999322309346,
        "roc_auc_upset": 0.7633928571428571
      },
      "test_metrics_by_conference": {
        "E": {
          "ndcg": 0.4082984176139838,
          "spearman": 0.2785714285714285
        },
        "W": {
          "ndcg": 0.910734537091112,
          "spearman": 0.48571428571428565
        }
      },
      "notes": {
        "eos_rank_source": "eos_final_rank"
      }
    },
    "2024-25": {
      "test_metrics_ensemble": {
        "ndcg": 0.4817780379572652,
        "spearman": 0.4625139043381535,
        "mrr_top2": 0.5,
        "mrr_top4": 0.5,
        "ndcg10": 0.4817780379572652,
        "ndcg_at_4": 0.4643944167678145,
        "ndcg_at_12": 0.48200556246408816,
        "ndcg_at_16": 0.5258821261121432,
        "ndcg_at_20": 0.5282280887988202,
        "roc_auc_upset": 0.7782805429864253,
        "rank_mae_pred_vs_playoff_final_results": 7.199999809265137,
        "rank_rmse_pred_vs_playoff_final_results": 8.97403621673584,
        "rank_mae_eos_standings_vs_playoff_final_results": 3.1333333333333333,
        "rank_rmse_eos_standings_vs_playoff_final_results": 4.449719092257398,
        "playoff_metrics": {
          "spearman_pred_vs_playoff_final_results": 0.47319243604004446,
          "ndcg_at_4_final_four": 0.4643812234227066,
          "ndcg10_pred_vs_playoff_final_results": 0.48176465006629515,
          "brier_championship_odds": 0.03222232684493065,
          "rank_mae_pred_vs_playoff_final_results": 7.199999809265137,
          "rank_rmse_pred_vs_playoff_final_results": 8.97403621673584,
          "rank_mae_eos_standings_vs_playoff_final_results": 3.1333333333333333,
          "rank_rmse_eos_standings_vs_playoff_final_results": 4.449719092257398
        }
      },
      "test_metrics_model_a": {
        "ndcg": 0.4817780379572652,
        "spearman": 0.45272525027808674,
        "mrr_top2": 0.5,
        "mrr_top4": 0.5,
        "ndcg10": 0.4817780379572652,
        "ndcg_at_4": 0.4643944167678145,
        "ndcg_at_12": 0.48200556246408816,
        "ndcg_at_16": 0.5246406347327253,