{
  "test_metrics_ensemble": {
    "ndcg": 0.48429356980277766,
    "spearman": 0.5043381535038932,
    "mrr_top2": 0.5,
    "mrr_top4": 0.5,
    "ndcg10": 0.48429356980277766,
    "ndcg_at_4": 0.46444719014824637,
    "ndcg_at_12": 0.5280532132798424,
    "ndcg_at_16": 0.5293023299042817,
    "ndcg_at_20": 0.531694885816497,
    "roc_auc_upset": 0.7410714285714286,
    "rank_mae_pred_vs_playoff_final_results": 6.599999904632568,
    "rank_rmse_pred_vs_playoff_final_results": 8.61781120300293,
    "rank_mae_eos_standings_vs_playoff_final_results": 3.1333333333333333,
    "rank_rmse_eos_standings_vs_playoff_final_results": 4.449719092257398,
    "playoff_metrics": {
      "spearman_pred_vs_playoff_final_results": 0.507007786429366,
      "ndcg_at_4_final_four": 0.46444719014824637,
      "ndcg10_pred_vs_playoff_final_results": 0.4842820458457213,
      "brier_championship_odds": 0.03222232684493065,
      "rank_mae_pred_vs_playoff_final_results": 6.599999904632568,
      "rank_rmse_pred_vs_playoff_final_results": 8.61781120300293,
      "rank_mae_eos_standings_vs_playoff_final_results": 3.1333333333333333,
      "rank_rmse_eos_standings_vs_playoff_final_results": 4.449719092257398
    }
  },
  "test_metrics_model_a": {
    "ndcg": 0.48429356980277766,
    "spearman": 0.5043381535038932,
    "mrr_top2": 0.5,
    "mrr_top4": 0.5,
    "ndcg10": 0.48429356980277766,
    "ndcg_at_4": 0.46444719014824637,
    "ndcg_at_12": 0.5280532132798424,
    "ndcg_at_16": 0.5293023299042817,
    "ndcg_at_20": 0.531694885816497,
    "roc_auc_upset": 0.7410714285714286
  },
  "test_metrics_model_b": {
    "ndcg": 0.2143905751708314,
    "spearman": 0.5919911012235817,
    "mrr_top2": 0.2,
    "mrr_top4": 0.2,
    "ndcg10": 0.2143905751708314,
    "ndcg_at_4": 0.04166423104576856,
    "ndcg_at_12": 0.21443345204205422,
    "ndcg_at_16": 0.2352392099590398,
    "ndcg_at_20": 0.3910061717084393,
    "roc_auc_upset": 0.8214285714285714
  },
  "test_metrics_model_c": {
    "ndcg": 0.05124995751403931,
    "spearman": 0.30189098998887653,
    "mrr_top2": 0.0625,
    "mrr_top4": 0.2,
    "ndcg10": 0.05124995751403931,
    "ndcg_at_4": 0.00711064040423231,
    "ndcg_at_12": 0.056899138174850025,
    "ndcg_at_16": 0.1769467286075223,
    "ndcg_at_20": 0.17934445367388585,
    "roc_auc_upset": 0.8258928571428571
  },
  "test_metrics_by_conference": {
    "E": {
      "ndcg": 0.26959322289269383,
      "spearman": 0.30357142857142855
    },
    "W": {
      "ndcg": 0.7536350180758984,
      "spearman": 0.7249999999999999
    }
  },
  "notes": {
    "eos_rank_source": "eos_final_rank"
  }
}