{
  "test_metrics_ensemble": {
    "ndcg": 0.5695512314247472,
    "spearman": 0.39532814238042263,
    "mrr_top2": 1.0,
    "mrr_top4": 1.0,
    "ndcg10": 0.5695512314247472,
    "ndcg_at_4": 0.35315119534797357,
    "ndcg_at_12": 0.613287789967398,
    "ndcg_at_16": 0.6145409439715267,
    "ndcg_at_20": 0.6151254806316727,
    "roc_auc_upset": 0.7918552036199095,
    "rank_mae_pred_vs_playoff_final_results": 7.666666507720947,
    "rank_rmse_pred_vs_playoff_final_results": 9.518403053283691,
    "rank_mae_eos_standings_vs_playoff_final_results": 3.7333333333333334,
    "rank_rmse_eos_standings_vs_playoff_final_results": 6.093712606722878,
    "playoff_metrics": {
      "spearman_pred_vs_playoff_final_results": 0.4398220244716351,
      "ndcg_at_4_final_four": 0.35315119534797357,
      "ndcg10_pred_vs_playoff_final_results": 0.5695460353837164,
      "brier_championship_odds": 0.03222232684493065,
      "rank_mae_pred_vs_playoff_final_results": 7.666666507720947,
      "rank_rmse_pred_vs_playoff_final_results": 9.518403053283691,
      "rank_mae_eos_standings_vs_playoff_final_results": 3.7333333333333334,
      "rank_rmse_eos_standings_vs_playoff_final_results": 6.093712606722878
    }
  },
  "test_metrics_model_a": {
    "ndcg": 0.5583037895088994,
    "spearman": 0.3899888765294772,
    "mrr_top2": 1.0,
    "mrr_top4": 1.0,
    "ndcg10": 0.5583037895088994,
    "ndcg_at_4": 0.35315119534797357,
    "ndcg_at_12": 0.6020433023853684,
    "ndcg_at_16": 0.6032973189087434,
    "ndcg_at_20": 0.603881731806937,
    "roc_auc_upset": 0.7963800904977376
  },
  "test_metrics_model_b": {
    "ndcg": 0.8110618199798463,
    "spearman": 0.4362625139043382,
    "mrr_top2": 1.0,
    "mrr_top4": 1.0,
    "ndcg10": 0.8110618199798463,
    "ndcg_at_4": 0.7116242168324007,
    "ndcg_at_12": 0.8109399351034957,
    "ndcg_at_16": 0.8158647977980201,
    "ndcg_at_20": 0.8158624089211971,
    "roc_auc_upset": 0.7955555555555556
  },
  "test_metrics_model_c": {
    "ndcg": 0.333487026575135,
    "spearman": 0.23159065628476083,
    "mrr_top2": 0.16666666666666666,
    "mrr_top4": 0.16666666666666666,
    "ndcg10": 0.333487026575135,
    "ndcg_at_4": 0.0011069724610271625,
    "ndcg_at_12": 0.33890731926775686,
    "ndcg_at_16": 0.35966393831396193,
    "ndcg_at_20": 0.3699999322309346,
    "roc_auc_upset": 0.7633928571428571
  },
  "test_metrics_by_conference": {
    "E": {
      "ndcg": 0.40649848933393984,
      "spearman": 0.2607142857142857
    },
    "W": {
      "ndcg": 0.9145573741318057,
      "spearman": 0.5357142857142856
    }
  },
  "notes": {
    "eos_rank_source": "eos_final_rank"
  }
}