{
  "notes": {
    "eval_on": "test",
    "eos_rank_source": "eos_final_rank",
    "upset_definition": "sleeper = EOS_global_rank > predicted_strength",
    "mrr_top2": "1/rank of first team in top 2 (champion+runner-up) in predicted order.",
    "mrr_top4": "1/rank of first team in top 4 (conference finals) in predicted order.",
    "per_conference_relevance": "Within E/W: actual rank derived from EOS_global_rank (1=best in conf); NDCG/Spearman use this relevance.",
    "playoff_metrics": "Spearman (pred global vs playoff_final_results), NDCG@4 (final four), Brier (champion vs odds). rank_mae/rank_rmse: pred vs playoff_final_results; eos_standings vs playoff_final_results (baseline)."
  },
  "split_info": {
    "train_frac": 0.75,
    "n_train_dates": 141,
    "n_test_dates": 36,
    "split_mode": "seasons"
  },
  "test_metrics_ensemble": {
    "ndcg": 0.48895481233233967,
    "spearman": 0.46562847608453833,
    "mrr_top2": 0.5,
    "mrr_top4": 0.5,
    "ndcg10": 0.48895481233233967,
    "ndcg_at_4": 0.4643944167678145,
    "ndcg_at_12": 0.5327346592778558,
    "ndcg_at_16": 0.5326958432888919,
    "ndcg_at_20": 0.5362587193919611,
    "roc_auc_upset": 0.7633928571428571,
    "rank_mae_pred_vs_playoff_final_results": 6.933333396911621,
    "rank_rmse_pred_vs_playoff_final_results": 8.947998046875,
    "rank_mae_eos_standings_vs_playoff_final_results": 3.1333333333333333,
    "rank_rmse_eos_standings_vs_playoff_final_results": 4.449719092257398,
    "playoff_metrics": {
      "spearman_pred_vs_playoff_final_results": 0.4700778642936596,
      "ndcg_at_4_final_four": 0.4643812234227066,
      "ndcg10_pred_vs_playoff_final_results": 0.4889419816853507,
      "brier_championship_odds": 0.03222232684493065,
      "rank_mae_pred_vs_playoff_final_results": 6.933333396911621,
      "rank_rmse_pred_vs_playoff_final_results": 8.947998046875,
      "rank_mae_eos_standings_vs_playoff_final_results": 3.1333333333333333,
      "rank_rmse_eos_standings_vs_playoff_final_results": 4.449719092257398
    }
  },
  "test_metrics_model_a": {
    "ndcg": 0.48895481233233967,
    "spearman": 0.46562847608453833,
    "mrr_top2": 0.5,
    "mrr_top4": 0.5,
    "ndcg10": 0.48895481233233967,
    "ndcg_at_4": 0.4643944167678145,
    "ndcg_at_12": 0.5327346592778558,
    "ndcg_at_16": 0.5326958432888919,
    "ndcg_at_20": 0.5362587193919611,
    "roc_auc_upset": 0.7633928571428571
  },
  "test_metrics_model_b": {
    "ndcg": 0.20447327093225284,
    "spearman": 0.6489432703003337,
    "mrr_top2": 0.16666666666666666,
    "mrr_top4": 0.16666666666666666,
    "ndcg10": 0.20447327093225284,
    "ndcg_at_4": 0.04166423104576856,
    "ndcg_at_12": 0.20451875275378498,
    "ndcg_at_16": 0.39592731466959435,
    "ndcg_at_20": 0.39593038078285536,
    "roc_auc_upset": 0.7407407407407407
  },
  "test_metrics_model_c": {
    "ndcg": 0.05124995751403931,
    "spearman": 0.307230255839822,
    "mrr_top2": 0.0625,
    "mrr_top4": 0.2,
    "ndcg10": 0.05124995751403931,
    "ndcg_at_4": 0.00711064040423231,
    "ndcg_at_12": 0.056899138174850025,
    "ndcg_at_16": 0.1769467286075223,
    "ndcg_at_20": 0.17934460063934335,
    "roc_auc_upset": 0.8214285714285714
  },
  "test_metrics_by_conference": {
    "E": {
      "ndcg": 0.2519081747481702,
      "spearman": 0.22499999999999998
    },
    "W": {
      "ndcg": 0.7728975634578972,
      "spearman": 0.6714285714285713
    }
  },
  "by_season": {
    "2023-24": {
      "test_metrics_ensemble": {
        "ndcg": 0.5949300405734533,
        "spearman": 0.4460511679644049,
        "mrr_top2": 1.0,
        "mrr_top4": 1.0,
        "ndcg10": 0.5949300405734533,
        "ndcg_at_4": 0.35315119534797357,
        "ndcg_at_12": 0.594779129519209,
        "ndcg_at_16": 0.5966544301420044,
        "ndcg_at_20": 0.5966610719759294,
        "roc_auc_upset": 0.7647058823529411,
        "rank_mae_pred_vs_playoff_final_results": 7.266666889190674,
        "rank_rmse_pred_vs_playoff_final_results": 9.110433578491211,
        "rank_mae_eos_standings_vs_playoff_final_results": 3.7333333333333334,
        "rank_rmse_eos_standings_vs_playoff_final_results": 6.093712606722878,
        "playoff_metrics": {
          "spearman_pred_vs_playoff_final_results": 0.44560622914349274,
          "ndcg_at_4_final_four": 0.35315119534797357,
          "ndcg10_pred_vs_playoff_final_results": 0.5949293214191272,
          "brier_championship_odds": 0.03222232684493065,
          "rank_mae_pred_vs_playoff_final_results": 7.266666889190674,
          "rank_rmse_pred_vs_playoff_final_results": 9.110433578491211,
          "rank_mae_eos_standings_vs_playoff_final_results": 3.7333333333333334,
          "rank_rmse_eos_standings_vs_playoff_final_results": 6.093712606722878
        }
      },
      "test_metrics_model_a": {
        "ndcg": 0.5949300405734533,
        "spearman": 0.4407119021134594,
        "mrr_top2": 1.0,
        "mrr_top4": 1.0,
        "ndcg10": 0.5949300405734533,
        "ndcg_at_4": 0.35315119534797357,
        "ndcg_at_12": 0.594779129519209,
        "ndcg_at_16": 0.5966544301420044,
        "ndcg_at_20": 0.596660925010472,
        "roc_auc_upset": 0.7692307692307692
      },
      "test_metrics_model_b": {
        "ndcg": 0.8016865597842008,
        "spearman": 0.4295884315906563,
        "mrr_top2": 1.0,
        "mrr_top4": 1.0,
        "ndcg10": 0.8016865597842008,
        "ndcg_at_4": 0.6907114070725182,
        "ndcg_at_12": 0.8015001763761989,
        "ndcg_at_16": 0.8015227931439101,
        "ndcg_at_20": 0.8438711460055226,
        "roc_auc_upset": 0.7544642857142857
      },
      "test_metrics_model_c": {
        "ndcg": 0.333487026575135,
        "spearman": 0.23159065628476083,
        "mrr_top2": 0.16666666666666666,
        "mrr_top4": 0.16666666666666666,
        "ndcg10": 0.333487026575135,
        "ndcg_at_4": 0.0011069724610271625,
        "ndcg_at_12": 0.33890731926775686,
        "ndcg_at_16": 0.35966393831396193,
        "ndcg_at_20": 0.3699999322309346,
        "roc_auc_upset": 0.7633928571428571
      },
      "test_metrics_by_conference": {
        "E": {
          "ndcg": 0.3851402749883562,
          "spearman": 0.25357142857142856
        },
        "W": {
          "ndcg": 0.9455771580324823,
          "spearman": 0.6499999999999999
        }
      },
      "notes": {
        "eos_rank_source": "eos_final_rank"
      }
    },
    "2024-25": {
      "test_metrics_ensemble": {
        "ndcg": 0.48895481233233967,
        "spearman": 0.46562847608453833,
        "mrr_top2": 0.5,
        "mrr_top4": 0.5,
        "ndcg10": 0.48895481233233967,
        "ndcg_at_4": 0.4643944167678145,
        "ndcg_at_12": 0.5327346592778558,
        "ndcg_at_16": 0.5326958432888919,
        "ndcg_at_20": 0.5362587193919611,
        "roc_auc_upset": 0.7633928571428571,
        "rank_mae_pred_vs_playoff_final_results": 6.933333396911621,
        "rank_rmse_pred_vs_playoff_final_results": 8.947998046875,
        "rank_mae_eos_standings_vs_playoff_final_results": 3.1333333333333333,
        "rank_rmse_eos_standings_vs_playoff_final_results": 4.449719092257398,
        "playoff_metrics": {
          "spearman_pred_vs_playoff_final_results": 0.4700778642936596,
          "ndcg_at_4_final_four": 0.4643812234227066,
          "ndcg10_pred_vs_playoff_final_results": 0.4889419816853507,
          "brier_championship_odds": 0.03222232684493065,
          "rank_mae_pred_vs_playoff_final_results": 6.933333396911621,
          "rank_rmse_pred_vs_playoff_final_results": 8.947998046875,
          "rank_mae_eos_standings_vs_playoff_final_results": 3.1333333333333333,
          "rank_rmse_eos_standings_vs_playoff_final_results": 4.449719092257398
        }
      },
      "test_metrics_model_a": {
        "ndcg": 0.48895481233233967,
        "spearman": 0.46562847608453833,
        "mrr_top2": 0.5,
        "mrr_top4": 0.5,
        "ndcg10": 0.48895481233233967,
        "ndcg_at_4": 0.4643944167678145,
        "ndcg_at_12": 0.5327346592778558,