{
  "notes": {
    "eval_on": "test",
    "eos_rank_source": "eos_final_rank",
    "upset_definition": "sleeper = EOS_global_rank > predicted_strength",
    "mrr_top2": "1/rank of first team in top 2 (champion+runner-up) in predicted order.",
    "mrr_top4": "1/rank of first team in top 4 (conference finals) in predicted order.",
    "per_conference_relevance": "Within E/W: actual rank derived from EOS_global_rank (1=best in conf); NDCG/Spearman use this relevance.",
    "playoff_metrics": "Spearman (pred global vs playoff_final_results), NDCG@4 (final four), Brier (champion vs odds). rank_mae/rank_rmse: pred vs playoff_final_results; eos_standings vs playoff_final_results (baseline)."
  },
  "split_info": {
    "train_frac": 0.75,
    "n_train_dates": 141,
    "n_test_dates": 36,
    "split_mode": "seasons"
  },
  "test_metrics_ensemble": {
    "ndcg": 0.48640927268616113,
    "spearman": 0.5119021134593993,
    "mrr_top2": 0.5,
    "mrr_top4": 0.5,
    "ndcg10": 0.48640927268616113,
    "ndcg_at_4": 0.46444719014824637,
    "ndcg_at_12": 0.5319241713315723,
    "ndcg_at_16": 0.5331471093761717,
    "ndcg_at_20": 0.53553853368389,
    "roc_auc_upset": 0.7410714285714286,
    "rank_mae_pred_vs_playoff_final_results": 6.599999904632568,
    "rank_rmse_pred_vs_playoff_final_results": 8.551802635192871,
    "rank_mae_eos_standings_vs_playoff_final_results": 3.1333333333333333,
    "rank_rmse_eos_standings_vs_playoff_final_results": 4.449719092257398,
    "playoff_metrics": {
      "spearman_pred_vs_playoff_final_results": 0.49855394883203563,
      "ndcg_at_4_final_four": 0.46444719014824637,
      "ndcg10_pred_vs_playoff_final_results": 0.48639721136136055,
      "brier_championship_odds": 0.03222232684493065,
      "rank_mae_pred_vs_playoff_final_results": 6.599999904632568,
      "rank_rmse_pred_vs_playoff_final_results": 8.551802635192871,
      "rank_mae_eos_standings_vs_playoff_final_results": 3.1333333333333333,
      "rank_rmse_eos_standings_vs_playoff_final_results": 4.449719092257398
    }
  },
  "test_metrics_model_a": {
    "ndcg": 0.48640927268616113,
    "spearman": 0.5119021134593993,
    "mrr_top2": 0.5,
    "mrr_top4": 0.5,
    "ndcg10": 0.48640927268616113,
    "ndcg_at_4": 0.46444719014824637,
    "ndcg_at_12": 0.5319241713315723,
    "ndcg_at_16": 0.5331471093761717,
    "ndcg_at_20": 0.53553853368389,
    "roc_auc_upset": 0.7410714285714286
  },
  "test_metrics_model_b": {
    "ndcg": 0.16755540443770164,
    "spearman": 0.5879866518353727,
    "mrr_top2": 0.2,
    "mrr_top4": 0.2,
    "ndcg10": 0.16755540443770164,
    "ndcg_at_4": 0.04166423104576856,
    "ndcg_at_12": 0.234754275205851,
    "ndcg_at_16": 0.23478867448525828,
    "ndcg_at_20": 0.38266857807237387,
    "roc_auc_upset": 0.7873303167420814
  },
  "test_metrics_model_c": {
    "ndcg": 0.05124995751403931,
    "spearman": 0.30233592880978866,
    "mrr_top2": 0.06666666666666667,
    "mrr_top4": 0.2,
    "ndcg10": 0.05124995751403931,
    "ndcg_at_4": 0.00711064040423231,
    "ndcg_at_12": 0.056899138174850025,
    "ndcg_at_16": 0.17781540372208415,
    "ndcg_at_20": 0.18021312496782235,
    "roc_auc_upset": 0.8258928571428571
  },
  "test_metrics_by_conference": {
    "E": {
      "ndcg": 0.26959322289269383,
      "spearman": 0.2964285714285714
    },
    "W": {
      "ndcg": 0.7737754720340771,
      "spearman": 0.7214285714285712
    }
  },
  "by_season": {
    "2023-24": {
      "test_metrics_ensemble": {
        "ndcg": 0.558299719103666,
        "spearman": 0.41401557285873186,
        "mrr_top2": 1.0,
        "mrr_top4": 1.0,
        "ndcg10": 0.558299719103666,
        "ndcg_at_4": 0.35315119534797357,
        "ndcg_at_12": 0.6034582310559956,
        "ndcg_at_16": 0.6047461191268507,
        "ndcg_at_20": 0.6053609725110123,
        "roc_auc_upset": 0.7828054298642534,
        "rank_mae_pred_vs_playoff_final_results": 7.5333333015441895,
        "rank_rmse_pred_vs_playoff_final_results": 9.370165824890137,
        "rank_mae_eos_standings_vs_playoff_final_results": 3.7333333333333334,
        "rank_rmse_eos_standings_vs_playoff_final_results": 6.093712606722878,
        "playoff_metrics": {
          "spearman_pred_vs_playoff_final_results": 0.4318131256952169,
          "ndcg_at_4_final_four": 0.35315119534797357,
          "ndcg10_pred_vs_playoff_final_results": 0.5583047311722473,
          "brier_championship_odds": 0.03222232684493065,
          "rank_mae_pred_vs_playoff_final_results": 7.5333333015441895,
          "rank_rmse_pred_vs_playoff_final_results": 9.370165824890137,
          "rank_mae_eos_standings_vs_playoff_final_results": 3.7333333333333334,
          "rank_rmse_eos_standings_vs_playoff_final_results": 6.093712606722878
        }
      },
      "test_metrics_model_a": {
        "ndcg": 0.558299719103666,
        "spearman": 0.4082313681868743,
        "mrr_top2": 1.0,
        "mrr_top4": 1.0,
        "ndcg10": 0.558299719103666,
        "ndcg_at_4": 0.35315119534797357,
        "ndcg_at_12": 0.6034582310559956,
        "ndcg_at_16": 0.6047461191268507,
        "ndcg_at_20": 0.6053609725110123,
        "roc_auc_upset": 0.7828054298642534
      },
      "test_metrics_model_b": {
        "ndcg": 0.8167029707414781,
        "spearman": 0.43893214682981085,
        "mrr_top2": 1.0,
        "mrr_top4": 1.0,
        "ndcg10": 0.8167029707414781,
        "ndcg_at_4": 0.7116242168324007,
        "ndcg_at_12": 0.816512643015199,
        "ndcg_at_16": 0.816534100271695,
        "ndcg_at_20": 0.8600983803306878,
        "roc_auc_upset": 0.7321428571428571
      },
      "test_metrics_model_c": {
        "ndcg": 0.3335099094849099,
        "spearman": 0.23559510567296996,
        "mrr_top2": 0.16666666666666666,
        "mrr_top4": 0.16666666666666666,
        "ndcg10": 0.3335099094849099,
        "ndcg_at_4": 0.0011069724610271625,
        "ndcg_at_12": 0.3389081203242068,
        "ndcg_at_16": 0.3596647393089661,
        "ndcg_at_20": 0.3700007332224158,
        "roc_auc_upset": 0.7633928571428571
      },
      "test_metrics_by_conference": {
        "E": {
          "ndcg": 0.3869402032684001,
          "spearman": 0.27499999999999997
        },
        "W": {
          "ndcg": 0.9222781924371147,
          "spearman": 0.5464285714285714
        }
      },
      "notes": {
        "eos_rank_source": "eos_final_rank"
      }
    },
    "2024-25": {
      "test_metrics_ensemble": {
        "ndcg": 0.48640927268616113,
        "spearman": 0.5119021134593993,
        "mrr_top2": 0.5,
        "mrr_top4": 0.5,
        "ndcg10": 0.48640927268616113,
        "ndcg_at_4": 0.46444719014824637,
        "ndcg_at_12": 0.5319241713315723,
        "ndcg_at_16": 0.5331471093761717,
        "ndcg_at_20": 0.53553853368389,
        "roc_auc_upset": 0.7410714285714286,
        "rank_mae_pred_vs_playoff_final_results": 6.599999904632568,
        "rank_rmse_pred_vs_playoff_final_results": 8.551802635192871,
        "rank_mae_eos_standings_vs_playoff_final_results": 3.1333333333333333,
        "rank_rmse_eos_standings_vs_playoff_final_results": 4.449719092257398,
        "playoff_metrics": {
          "spearman_pred_vs_playoff_final_results": 0.49855394883203563,
          "ndcg_at_4_final_four": 0.46444719014824637,
          "ndcg10_pred_vs_playoff_final_results": 0.48639721136136055,
          "brier_championship_odds": 0.03222232684493065,
          "rank_mae_pred_vs_playoff_final_results": 6.599999904632568,
          "rank_rmse_pred_vs_playoff_final_results": 8.551802635192871,
          "rank_mae_eos_standings_vs_playoff_final_results": 3.1333333333333333,
          "rank_rmse_eos_standings_vs_playoff_final_results": 4.449719092257398
        }
      },
      "test_metrics_model_a": {
        "ndcg": 0.48640927268616113,
        "spearman": 0.5119021134593993,
        "mrr_top2": 0.5,
        "mrr_top4": 0.5,
        "ndcg10": 0.48640927268616113,
        "ndcg_at_4": 0.46444719014824637,
        "ndcg_at_12": 0.5319241713315723,