{
  "test_metrics_ensemble": {
    "ndcg": 0.5480267151016321,
    "spearman": 0.37842046718576194,
    "mrr_top2": 1.0,
    "mrr_top4": 1.0,
    "ndcg10": 0.5480267151016321,
    "ndcg_at_4": 0.35315119534797357,
    "ndcg_at_12": 0.5931879254349237,
    "ndcg_at_16": 0.5950972713625279,
    "ndcg_at_20": 0.5950947811964095,
    "roc_auc_upset": 0.7731481481481481,
    "rank_mae_pred_vs_playoff_final_results": 7.800000190734863,
    "rank_rmse_pred_vs_playoff_final_results": 9.650561332702637,
    "rank_mae_eos_standings_vs_playoff_final_results": 3.7333333333333334,
    "rank_rmse_eos_standings_vs_playoff_final_results": 6.093712606722878,
    "playoff_metrics": {
      "spearman_pred_vs_playoff_final_results": 0.4331479421579533,
      "ndcg_at_4_final_four": 0.35315119534797357,
      "ndcg10_pred_vs_playoff_final_results": 0.5480322505980408,
      "brier_championship_odds": 0.03222232684493065,
      "rank_mae_pred_vs_playoff_final_results": 7.800000190734863,
      "rank_rmse_pred_vs_playoff_final_results": 9.650561332702637,
      "rank_mae_eos_standings_vs_playoff_final_results": 3.7333333333333334,
      "rank_rmse_eos_standings_vs_playoff_final_results": 6.093712606722878
    }
  },
  "test_metrics_model_a": {
    "ndcg": 0.5480267151016321,
    "spearman": 0.37842046718576194,
    "mrr_top2": 1.0,
    "mrr_top4": 1.0,
    "ndcg10": 0.5480267151016321,
    "ndcg_at_4": 0.35315119534797357,
    "ndcg_at_12": 0.5931879254349237,
    "ndcg_at_16": 0.5950972713625279,
    "ndcg_at_20": 0.5950947811964095,
    "roc_auc_upset": 0.7731481481481481
  },
  "test_metrics_model_b": {
    "ndcg": 0.8108978394733244,
    "spearman": 0.3521690767519466,
    "mrr_top2": 1.0,
    "mrr_top4": 1.0,
    "ndcg10": 0.8108978394733244,
    "ndcg_at_4": 0.7116242168324007,
    "ndcg_at_12": 0.8107069629041141,
    "ndcg_at_16": 0.8107268307333348,
    "ndcg_at_20": 0.8153491303573415,
    "roc_auc_upset": 0.8099547511312217
  },
  "test_metrics_model_c": {
    "ndcg": 0.333487026575135,
    "spearman": 0.23159065628476083,
    "mrr_top2": 0.16666666666666666,
    "mrr_top4": 0.16666666666666666,
    "ndcg10": 0.333487026575135,
    "ndcg_at_4": 0.0011069724610271625,
    "ndcg_at_12": 0.33890731926775686,
    "ndcg_at_16": 0.35966393831396193,
    "ndcg_at_20": 0.3699999322309346,
    "roc_auc_upset": 0.7633928571428571
  },
  "test_metrics_by_conference": {
    "E": {
      "ndcg": 0.4082984176139838,
      "spearman": 0.28928571428571426
    },
    "W": {
      "ndcg": 0.9193500683938988,
      "spearman": 0.47857142857142854
    }
  },
  "notes": {
    "eos_rank_source": "eos_final_rank"
  }
}