{
  "test_metrics_ensemble": {
    "ndcg": 0.4863984823546479,
    "spearman": 0.4834260289210234,
    "mrr_top2": 0.5,
    "mrr_top4": 0.5,
    "ndcg10": 0.4863984823546479,
    "ndcg_at_4": 0.46437685999867345,
    "ndcg_at_12": 0.531913383834325,
    "ndcg_at_16": 0.5318948313269718,
    "ndcg_at_20": 0.5360986152903829,
    "roc_auc_upset": 0.7589285714285714,
    "rank_mae_pred_vs_playoff_final_results": 6.866666793823242,
    "rank_rmse_pred_vs_playoff_final_results": 8.79772663116455,
    "rank_mae_eos_standings_vs_playoff_final_results": 3.1333333333333333,
    "rank_rmse_eos_standings_vs_playoff_final_results": 4.449719092257398,
    "playoff_metrics": {
      "spearman_pred_vs_playoff_final_results": 0.4923248053392658,
      "ndcg_at_4_final_four": 0.4643768342304213,
      "ndcg10_pred_vs_playoff_final_results": 0.48638929984046136,
      "brier_championship_odds": 0.03222232684493065,
      "rank_mae_pred_vs_playoff_final_results": 6.866666793823242,
      "rank_rmse_pred_vs_playoff_final_results": 8.79772663116455,
      "rank_mae_eos_standings_vs_playoff_final_results": 3.1333333333333333,
      "rank_rmse_eos_standings_vs_playoff_final_results": 4.449719092257398
    }
  },
  "test_metrics_model_a": {
    "ndcg": 0.4885896039850533,
    "spearman": 0.4816462736373748,
    "mrr_top2": 0.5,
    "mrr_top4": 0.5,
    "ndcg10": 0.4885896039850533,
    "ndcg_at_4": 0.46437685999867345,
    "ndcg_at_12": 0.5341039299289969,
    "ndcg_at_16": 0.5340852093936965,
    "ndcg_at_20": 0.5382889837233402,
    "roc_auc_upset": 0.7589285714285714
  },
  "test_metrics_model_b": {
    "ndcg": 0.17990396494657288,
    "spearman": 0.5635150166852058,
    "mrr_top2": 0.25,
    "mrr_top4": 0.25,
    "ndcg10": 0.17990396494657288,
    "ndcg_at_4": 0.16775742802418675,
    "ndcg_at_12": 0.17994242760522614,
    "ndcg_at_16": 0.24189148476535452,
    "ndcg_at_20": 0.3947981497258164,
    "roc_auc_upset": 0.7422222222222222
  },
  "test_metrics_model_c": {
    "ndcg": 0.05124995751403931,
    "spearman": 0.307230255839822,
    "mrr_top2": 0.0625,
    "mrr_top4": 0.2,
    "ndcg10": 0.05124995751403931,
    "ndcg_at_4": 0.00711064040423231,
    "ndcg_at_12": 0.056899138174850025,
    "ndcg_at_16": 0.1769467286075223,
    "ndcg_at_20": 0.17934460063934335,
    "roc_auc_upset": 0.8214285714285714
  },
  "test_metrics_by_conference": {
    "E": {
      "ndcg": 0.2664374689678847,
      "spearman": 0.24642857142857136
    },
    "W": {
      "ndcg": 0.7840480028189971,
      "spearman": 0.7178571428571427
    }
  },
  "notes": {
    "eos_rank_source": "eos_final_rank"
  }
}