{
  "test_metrics_ensemble": {
    "ndcg": 0.4896604076422054,
    "spearman": 0.5150166852057843,
    "mrr_top2": 0.5,
    "mrr_top4": 0.5,
    "ndcg10": 0.4896604076422054,
    "ndcg_at_4": 0.4643519436832566,
    "ndcg_at_12": 0.5337718549108942,
    "ndcg_at_16": 0.5337531340127535,
    "ndcg_at_20": 0.5373614171974835,
    "roc_auc_upset": 0.7366071428571428,
    "rank_mae_pred_vs_playoff_final_results": 6.5333333015441895,
    "rank_rmse_pred_vs_playoff_final_results": 8.524474143981934,
    "rank_mae_eos_standings_vs_playoff_final_results": 3.1333333333333333,
    "rank_rmse_eos_standings_vs_playoff_final_results": 4.449719092257398,
    "playoff_metrics": {
      "spearman_pred_vs_playoff_final_results": 0.5141268075639599,
      "ndcg_at_4_final_four": 0.46433662668392073,
      "ndcg10_pred_vs_playoff_final_results": 0.48964498005233037,
      "brier_championship_odds": 0.03222232684493065,
      "rank_mae_pred_vs_playoff_final_results": 6.5333333015441895,
      "rank_rmse_pred_vs_playoff_final_results": 8.524474143981934,
      "rank_mae_eos_standings_vs_playoff_final_results": 3.1333333333333333,
      "rank_rmse_eos_standings_vs_playoff_final_results": 4.449719092257398
    }
  },
  "test_metrics_model_a": {
    "ndcg": 0.4896604076422054,
    "spearman": 0.5065628476084539,
    "mrr_top2": 0.5,
    "mrr_top4": 0.5,
    "ndcg10": 0.4896604076422054,
    "ndcg_at_4": 0.4643519436832566,
    "ndcg_at_12": 0.5337718549108942,
    "ndcg_at_16": 0.5337531340127535,
    "ndcg_at_20": 0.5373614171974835,
    "roc_auc_upset": 0.7410714285714286
  },
  "test_metrics_model_b": {
    "ndcg": 0.2143905751708314,
    "spearman": 0.6164627363737486,
    "mrr_top2": 0.2,
    "mrr_top4": 0.2,
    "ndcg10": 0.2143905751708314,
    "ndcg_at_4": 0.04166423104576856,
    "ndcg_at_12": 0.21442274026319205,
    "ndcg_at_16": 0.39414923743790764,
    "ndcg_at_20": 0.39415290325709657,
    "roc_auc_upset": 0.7828054298642534
  },
  "test_metrics_model_c": {
    "ndcg": 0.05124995751403931,
    "spearman": 0.30233592880978866,
    "mrr_top2": 0.06666666666666667,
    "mrr_top4": 0.2,
    "ndcg10": 0.05124995751403931,
    "ndcg_at_4": 0.00711064040423231,
    "ndcg_at_12": 0.056899138174850025,
    "ndcg_at_16": 0.17781540372208415,
    "ndcg_at_20": 0.18021312496782235,
    "roc_auc_upset": 0.8258928571428571
  },
  "test_metrics_by_conference": {
    "E": {
      "ndcg": 0.26433766589573604,
      "spearman": 0.2964285714285714
    },
    "W": {
      "ndcg": 0.7737357849437491,
      "spearman": 0.7392857142857142
    }
  },
  "notes": {
    "eos_rank_source": "eos_final_rank"
  }
}