{
  "test_metrics_ensemble": {
    "ndcg": 0.6045519533944028,
    "spearman": 0.4006674082313682,
    "mrr_top2": 1.0,
    "mrr_top4": 1.0,
    "ndcg10": 0.6045519533944028,
    "ndcg_at_4": 0.35315119534797357,
    "ndcg_at_12": 0.6044427523924462,
    "ndcg_at_16": 0.6057305649446443,
    "ndcg_at_20": 0.6066038252617012,
    "roc_auc_upset": 0.7918552036199095,
    "rank_mae_pred_vs_playoff_final_results": 7.666666507720947,
    "rank_rmse_pred_vs_playoff_final_results": 9.476285934448242,
    "rank_mae_eos_standings_vs_playoff_final_results": 3.7333333333333334,
    "rank_rmse_eos_standings_vs_playoff_final_results": 6.093712606722878,
    "playoff_metrics": {
      "spearman_pred_vs_playoff_final_results": 0.4545050055617353,
      "ndcg_at_4_final_four": 0.35315119534797357,
      "ndcg10_pred_vs_playoff_final_results": 0.6045578431646565,
      "brier_championship_odds": 0.03222232684493065,
      "rank_mae_pred_vs_playoff_final_results": 7.666666507720947,
      "rank_rmse_pred_vs_playoff_final_results": 9.476285934448242,
      "rank_mae_eos_standings_vs_playoff_final_results": 3.7333333333333334,
      "rank_rmse_eos_standings_vs_playoff_final_results": 6.093712606722878
    }
  },
  "test_metrics_model_a": {
    "ndcg": 0.6045519533944028,
    "spearman": 0.40734149054505003,
    "mrr_top2": 1.0,
    "mrr_top4": 1.0,
    "ndcg10": 0.6045519533944028,
    "ndcg_at_4": 0.35315119534797357,
    "ndcg_at_12": 0.6044427523924462,
    "ndcg_at_16": 0.6057305649446443,
    "ndcg_at_20": 0.6066140519016849,
    "roc_auc_upset": 0.7873303167420814
  },
  "test_metrics_model_b": {
    "ndcg": 0.8042090079405596,
    "spearman": 0.32725250278086765,
    "mrr_top2": 1.0,
    "mrr_top4": 1.0,
    "ndcg10": 0.8042090079405596,
    "ndcg_at_4": 0.729074614628521,
    "ndcg_at_12": 0.804022565941023,
    "ndcg_at_16": 0.8040392912005901,
    "ndcg_at_20": 0.8040414804356445,
    "roc_auc_upset": 0.8933333333333334
  },
  "test_metrics_model_c": {
    "ndcg": 0.333487026575135,
    "spearman": 0.23515016685205786,
    "mrr_top2": 0.16666666666666666,
    "mrr_top4": 0.16666666666666666,
    "ndcg10": 0.333487026575135,
    "ndcg_at_4": 0.0011069724610271625,
    "ndcg_at_12": 0.33890731926775686,
    "ndcg_at_16": 0.35966393831396193,
    "ndcg_at_20": 0.3711507384927367,
    "roc_auc_upset": 0.7633928571428571
  },
  "test_metrics_by_conference": {
    "E": {
      "ndcg": 0.4082984176139838,
      "spearman": 0.2821428571428571
    },
    "W": {
      "ndcg": 0.9278354699726068,
      "spearman": 0.5142857142857142
    }
  },
  "notes": {
    "eos_rank_source": "eos_final_rank"
  }
}