{
  "test_metrics_ensemble": {
    "ndcg": 0.6025401433425465,
    "spearman": 0.3650723025583982,
    "mrr_top2": 1.0,
    "mrr_top4": 1.0,
    "ndcg10": 0.6025401433425465,
    "ndcg_at_4": 0.33513898093933947,
    "ndcg_at_12": 0.602431470777057,
    "ndcg_at_16": 0.6036551903086141,
    "ndcg_at_20": 0.6042611133123844,
    "roc_auc_upset": 0.711111111111111,
    "rank_mae_pred_vs_playoff_final_results": 7.666666507720947,
    "rank_rmse_pred_vs_playoff_final_results": 9.753631591796875,
    "rank_mae_eos_standings_vs_playoff_final_results": 3.7333333333333334,
    "rank_rmse_eos_standings_vs_playoff_final_results": 6.093712606722878,
    "playoff_metrics": {
      "spearman_pred_vs_playoff_final_results": 0.4211345939933259,
      "ndcg_at_4_final_four": 0.33513815635527017,
      "ndcg10_pred_vs_playoff_final_results": 0.6025464051597419,
      "brier_championship_odds": 0.03222232684493065,
      "rank_mae_pred_vs_playoff_final_results": 7.666666507720947,
      "rank_rmse_pred_vs_playoff_final_results": 9.753631591796875,
      "rank_mae_eos_standings_vs_playoff_final_results": 3.7333333333333334,
      "rank_rmse_eos_standings_vs_playoff_final_results": 6.093712606722878
    }
  },
  "test_metrics_model_a": {
    "ndcg": 0.6025401433425465,
    "spearman": 0.3650723025583982,
    "mrr_top2": 1.0,
    "mrr_top4": 1.0,
    "ndcg10": 0.6025401433425465,
    "ndcg_at_4": 0.33513898093933947,
    "ndcg_at_12": 0.602431470777057,
    "ndcg_at_16": 0.6042759172026608,
    "ndcg_at_20": 0.6042733884145565,
    "roc_auc_upset": 0.7111111111111111
  },
  "test_metrics_model_b": {
    "ndcg": 0.8007618939783429,
    "spearman": 0.385539488320356,
    "mrr_top2": 1.0,
    "mrr_top4": 1.0,
    "ndcg10": 0.8007618939783429,
    "ndcg_at_4": 0.705915834267812,
    "ndcg_at_12": 0.8006372965379145,
    "ndcg_at_16": 0.8005792840006273,
    "ndcg_at_20": 0.8423243373375737,
    "roc_auc_upset": 0.7453703703703705
  },
  "test_metrics_model_c": {
    "ndcg": 0.333487026575135,
    "spearman": 0.23159065628476083,
    "mrr_top2": 0.16666666666666666,
    "mrr_top4": 0.16666666666666666,
    "ndcg10": 0.333487026575135,
    "ndcg_at_4": 0.0011069724610271625,
    "ndcg_at_12": 0.33890731926775686,
    "ndcg_at_16": 0.35966393831396193,
    "ndcg_at_20": 0.3699999322309346,
    "roc_auc_upset": 0.7633928571428571
  },
  "test_metrics_by_conference": {
    "E": {
      "ndcg": 0.40506426649069116,
      "spearman": 0.2321428571428571
    },
    "W": {
      "ndcg": 0.9250964527926339,
      "spearman": 0.5071428571428571
    }
  },
  "notes": {
    "eos_rank_source": "eos_final_rank"
  }
}