{
  "notes": {
    "eval_on": "test",
    "eos_rank_source": "eos_final_rank",
    "upset_definition": "sleeper = EOS_global_rank > predicted_strength",
    "mrr_top2": "1/rank of first team in top 2 (champion+runner-up) in predicted order.",
    "mrr_top4": "1/rank of first team in top 4 (conference finals) in predicted order.",
    "per_conference_relevance": "Within E/W: actual rank derived from EOS_global_rank (1=best in conf); NDCG/Spearman use this relevance.",
    "playoff_metrics": "Spearman (pred global vs playoff_final_results), NDCG@4 (final four), Brier (champion vs odds). rank_mae/rank_rmse: pred vs playoff_final_results; eos_standings vs playoff_final_results (baseline)."
  },
  "split_info": {
    "train_frac": 0.75,
    "n_train_dates": 141,
    "n_test_dates": 36,
    "split_mode": "seasons"
  },
  "test_metrics_ensemble": {
    "ndcg": 0.4822886771311598,
    "spearman": 0.4558398220244716,
    "mrr_top2": 0.5,
    "mrr_top4": 0.5,
    "ndcg10": 0.4822886771311598,
    "ndcg_at_4": 0.4643944167678145,
    "ndcg_at_12": 0.5274624671416437,
    "ndcg_at_16": 0.5274437586377835,
    "ndcg_at_20": 0.5286629733575122,
    "roc_auc_upset": 0.7692307692307692,
    "rank_mae_pred_vs_playoff_final_results": 7.066666603088379,
    "rank_rmse_pred_vs_playoff_final_results": 9.029581069946289,
    "rank_mae_eos_standings_vs_playoff_final_results": 3.1333333333333333,
    "rank_rmse_eos_standings_vs_playoff_final_results": 4.449719092257398,
    "playoff_metrics": {
      "spearman_pred_vs_playoff_final_results": 0.4576195773081201,
      "ndcg_at_4_final_four": 0.4643812234227066,
      "ndcg10_pred_vs_playoff_final_results": 0.4822758464841708,
      "brier_championship_odds": 0.03222232684493065,
      "rank_mae_pred_vs_playoff_final_results": 7.066666603088379,
      "rank_rmse_pred_vs_playoff_final_results": 9.029581069946289,
      "rank_mae_eos_standings_vs_playoff_final_results": 3.1333333333333333,
      "rank_rmse_eos_standings_vs_playoff_final_results": 4.449719092257398
    }
  },
  "test_metrics_model_a": {
    "ndcg": 0.4822886771311598,
    "spearman": 0.4576195773081201,
    "mrr_top2": 0.5,
    "mrr_top4": 0.5,
    "ndcg10": 0.4822886771311598,
    "ndcg_at_4": 0.4643944167678145,
    "ndcg_at_12": 0.5274624671416437,
    "ndcg_at_16": 0.5274442560461408,
    "ndcg_at_20": 0.5286634707636818,
    "roc_auc_upset": 0.7723214285714286
  },
  "test_metrics_model_b": {
    "ndcg": 0.21439051255756775,
    "spearman": 0.5986651835372636,
    "mrr_top2": 0.2,
    "mrr_top4": 0.2,
    "ndcg10": 0.21439051255756775,
    "ndcg_at_4": 0.04166423104576856,
    "ndcg_at_12": 0.21434526101239795,
    "ndcg_at_16": 0.3941446531879838,
    "ndcg_at_20": 0.3941437904731284,
    "roc_auc_upset": 0.7723214285714285
  },
  "test_metrics_model_c": {
    "ndcg": 0.05124995751403931,
    "spearman": 0.30189098998887653,
    "mrr_top2": 0.0625,
    "mrr_top4": 0.2,
    "ndcg10": 0.05124995751403931,
    "ndcg_at_4": 0.00711064040423231,
    "ndcg_at_12": 0.056899138174850025,
    "ndcg_at_16": 0.1769467286075223,
    "ndcg_at_20": 0.17934445367388585,
    "roc_auc_upset": 0.8258928571428571
  },
  "test_metrics_by_conference": {
    "E": {
      "ndcg": 0.2595236328252539,
      "spearman": 0.22499999999999998
    },
    "W": {
      "ndcg": 0.752538834009314,
      "spearman": 0.682142857142857
    }
  },
  "by_season": {
    "2023-24": {
      "test_metrics_ensemble": {
        "ndcg": 0.547143174518839,
        "spearman": 0.3668520578420467,
        "mrr_top2": 1.0,
        "mrr_top4": 1.0,
        "ndcg10": 0.547143174518839,
        "ndcg_at_4": 0.33513898093933947,
        "ndcg_at_12": 0.5908870006877727,
        "ndcg_at_16": 0.5921156003819763,
        "ndcg_at_20": 0.5927000905938234,
        "roc_auc_upset": 0.7589285714285714,
        "rank_mae_pred_vs_playoff_final_results": 7.933333396911621,
        "rank_rmse_pred_vs_playoff_final_results": 9.739952087402344,
        "rank_mae_eos_standings_vs_playoff_final_results": 3.7333333333333334,
        "rank_rmse_eos_standings_vs_playoff_final_results": 6.093712606722878,
        "playoff_metrics": {
          "spearman_pred_vs_playoff_final_results": 0.4331479421579533,
          "ndcg_at_4_final_four": 0.33513815635527017,
          "ndcg10_pred_vs_playoff_final_results": 0.5471481051196387,
          "brier_championship_odds": 0.03222232684493065,
          "rank_mae_pred_vs_playoff_final_results": 7.933333396911621,
          "rank_rmse_pred_vs_playoff_final_results": 9.739952087402344,
          "rank_mae_eos_standings_vs_playoff_final_results": 3.7333333333333334,
          "rank_rmse_eos_standings_vs_playoff_final_results": 6.093712606722878
        }
      },
      "test_metrics_model_a": {
        "ndcg": 0.547143174518839,
        "spearman": 0.3668520578420467,
        "mrr_top2": 1.0,
        "mrr_top4": 1.0,
        "ndcg10": 0.547143174518839,
        "ndcg_at_4": 0.33513898093933947,
        "ndcg_at_12": 0.5908870006877727,
        "ndcg_at_16": 0.5921156003819763,
        "ndcg_at_20": 0.5927000905938234,
        "roc_auc_upset": 0.7589285714285714
      },
      "test_metrics_model_b": {
        "ndcg": 0.8024849324349984,
        "spearman": 0.3103448275862069,
        "mrr_top2": 1.0,
        "mrr_top4": 1.0,
        "ndcg10": 0.8024849324349984,
        "ndcg_at_4": 0.7116242168324007,
        "ndcg_at_12": 0.8022964321072545,
        "ndcg_at_16": 0.8023156404330647,
        "ndcg_at_20": 0.802317837376981,
        "roc_auc_upset": 0.8482142857142857
      },
      "test_metrics_model_c": {
        "ndcg": 0.333487026575135,
        "spearman": 0.23159065628476083,
        "mrr_top2": 0.16666666666666666,
        "mrr_top4": 0.16666666666666666,
        "ndcg10": 0.333487026575135,
        "ndcg_at_4": 0.0011069724610271625,
        "ndcg_at_12": 0.33890731926775686,
        "ndcg_at_16": 0.35966393831396193,
        "ndcg_at_20": 0.3699999322309346,
        "roc_auc_upset": 0.7633928571428571
      },
      "test_metrics_by_conference": {
        "E": {
          "ndcg": 0.38369169619137905,
          "spearman": 0.24285714285714283
        },
        "W": {
          "ndcg": 0.919351326584902,
          "spearman": 0.457142857142857
        }
      },
      "notes": {
        "eos_rank_source": "eos_final_rank"
      }
    },
    "2024-25": {
      "test_metrics_ensemble": {
        "ndcg": 0.4822886771311598,
        "spearman": 0.4558398220244716,
        "mrr_top2": 0.5,
        "mrr_top4": 0.5,
        "ndcg10": 0.4822886771311598,
        "ndcg_at_4": 0.4643944167678145,
        "ndcg_at_12": 0.5274624671416437,
        "ndcg_at_16": 0.5274437586377835,
        "ndcg_at_20": 0.5286629733575122,
        "roc_auc_upset": 0.7692307692307692,
        "rank_mae_pred_vs_playoff_final_results": 7.066666603088379,
        "rank_rmse_pred_vs_playoff_final_results": 9.029581069946289,
        "rank_mae_eos_standings_vs_playoff_final_results": 3.1333333333333333,
        "rank_rmse_eos_standings_vs_playoff_final_results": 4.449719092257398,
        "playoff_metrics": {
          "spearman_pred_vs_playoff_final_results": 0.4576195773081201,
          "ndcg_at_4_final_four": 0.4643812234227066,
          "ndcg10_pred_vs_playoff_final_results": 0.4822758464841708,
          "brier_championship_odds": 0.03222232684493065,
          "rank_mae_pred_vs_playoff_final_results": 7.066666603088379,
          "rank_rmse_pred_vs_playoff_final_results": 9.029581069946289,
          "rank_mae_eos_standings_vs_playoff_final_results": 3.1333333333333333,
          "rank_rmse_eos_standings_vs_playoff_final_results": 4.449719092257398
        }
      },
      "test_metrics_model_a": {
        "ndcg": 0.4822886771311598,
        "spearman": 0.4576195773081201,
        "mrr_top2": 0.5,
        "mrr_top4": 0.5,
        "ndcg10": 0.4822886771311598,
        "ndcg_at_4": 0.4643944167678145,
        "ndcg_at_12": 0.5274624671416437,
        "ndcg_at_16": 0.5274442560461408,