{
  "test_metrics_ensemble": {
    "ndcg": 0.6143840729258081,
    "spearman": 0.40600667408231367,
    "mrr_top2": 1.0,
    "mrr_top4": 1.0,
    "ndcg10": 0.6143840729258081,
    "ndcg_at_4": 0.35315119534797357,
    "ndcg_at_12": 0.6198905265230888,
    "ndcg_at_16": 0.621112939871989,
    "ndcg_at_20": 0.6217280798133283,
    "roc_auc_upset": 0.8080357142857143,
    "rank_mae_pred_vs_playoff_final_results": 7.333333492279053,
    "rank_rmse_pred_vs_playoff_final_results": 9.433980941772461,
    "rank_mae_eos_standings_vs_playoff_final_results": 3.7333333333333334,
    "rank_rmse_eos_standings_vs_playoff_final_results": 6.093712606722878,
    "playoff_metrics": {
      "spearman_pred_vs_playoff_final_results": 0.4589543937708565,
      "ndcg_at_4_final_four": 0.35315119534797357,
      "ndcg10_pred_vs_playoff_final_results": 0.6143893222250948,
      "brier_championship_odds": 0.03222232684493065,
      "rank_mae_pred_vs_playoff_final_results": 7.333333492279053,
      "rank_rmse_pred_vs_playoff_final_results": 9.433980941772461,
      "rank_mae_eos_standings_vs_playoff_final_results": 3.7333333333333334,
      "rank_rmse_eos_standings_vs_playoff_final_results": 6.093712606722878
    }
  },
  "test_metrics_model_a": {
    "ndcg": 0.6143840729258081,
    "spearman": 0.40289210233592887,
    "mrr_top2": 1.0,
    "mrr_top4": 1.0,
    "ndcg10": 0.6143840729258081,
    "ndcg_at_4": 0.35315119534797357,
    "ndcg_at_12": 0.6198905265230888,
    "ndcg_at_16": 0.621112939871989,
    "ndcg_at_20": 0.6217279212656093,
    "roc_auc_upset": 0.8125
  },
  "test_metrics_model_b": {
    "ndcg": 0.5639460618676359,
    "spearman": 0.4295884315906563,
    "mrr_top2": 0.5,
    "mrr_top4": 0.5,
    "ndcg10": 0.5639460618676359,
    "ndcg_at_4": 0.44093212795935904,
    "ndcg_at_12": 0.5638207201089159,
    "ndcg_at_16": 0.6065117914529418,
    "ndcg_at_20": 0.6065137577251531,
    "roc_auc_upset": 0.7777777777777778
  },
  "test_metrics_model_c": {
    "ndcg": 0.333487026575135,
    "spearman": 0.23159065628476083,
    "mrr_top2": 0.16666666666666666,
    "mrr_top4": 0.16666666666666666,
    "ndcg10": 0.333487026575135,
    "ndcg_at_4": 0.0011069724610271625,
    "ndcg_at_12": 0.33890731926775686,
    "ndcg_at_16": 0.35966393831396193,
    "ndcg_at_20": 0.3699999322309346,
    "roc_auc_upset": 0.7633928571428571
  },
  "test_metrics_by_conference": {
    "E": {
      "ndcg": 0.4050499105369627,
      "spearman": 0.2571428571428571
    },
    "W": {
      "ndcg": 0.9450711655720268,
      "spearman": 0.6
    }
  },
  "notes": {
    "eos_rank_source": "eos_final_rank"
  }
}