{
  "test_metrics_ensemble": {
    "ndcg": 0.4988391787305287,
    "spearman": 0.48609566184649605,
    "mrr_top2": 0.5,
    "mrr_top4": 0.5,
    "ndcg10": 0.4988391787305287,
    "ndcg_at_4": 0.5061571405372405,
    "ndcg_at_12": 0.4990834832126112,
    "ndcg_at_16": 0.5429657201473451,
    "ndcg_at_20": 0.5453161201114286,
    "roc_auc_upset": 0.7410714285714285,
    "rank_mae_pred_vs_playoff_final_results": 6.666666507720947,
    "rank_rmse_pred_vs_playoff_final_results": 8.774964332580566,
    "rank_mae_eos_standings_vs_playoff_final_results": 3.1333333333333333,
    "rank_rmse_eos_standings_vs_playoff_final_results": 4.449719092257398,
    "playoff_metrics": {
      "spearman_pred_vs_playoff_final_results": 0.4834260289210234,
      "ndcg_at_4_final_four": 0.5061571405372405,
      "ndcg10_pred_vs_playoff_final_results": 0.49882709328602537,
      "brier_championship_odds": 0.03222232684493065,
      "rank_mae_pred_vs_playoff_final_results": 6.666666507720947,
      "rank_rmse_pred_vs_playoff_final_results": 8.774964332580566,
      "rank_mae_eos_standings_vs_playoff_final_results": 3.1333333333333333,
      "rank_rmse_eos_standings_vs_playoff_final_results": 4.449719092257398
    }
  },
  "test_metrics_model_a": {
    "ndcg": 0.4988391787305287,
    "spearman": 0.48609566184649605,
    "mrr_top2": 0.5,
    "mrr_top4": 0.5,
    "ndcg10": 0.4988391787305287,
    "ndcg_at_4": 0.5061571405372405,
    "ndcg_at_12": 0.4990834832126112,
    "ndcg_at_16": 0.5429657201473451,
    "ndcg_at_20": 0.5453161201114286,
    "roc_auc_upset": 0.7410714285714285
  },
  "test_metrics_model_b": {
    "ndcg": 0.15450987028732346,
    "spearman": 0.5884315906562848,
    "mrr_top2": 0.16666666666666666,
    "mrr_top4": 0.16666666666666666,
    "ndcg10": 0.15450987028732346,
    "ndcg_at_4": 0.022844778735474098,
    "ndcg_at_12": 0.22100534694691365,
    "ndcg_at_16": 0.22108246494439648,
    "ndcg_at_20": 0.2210863661901526,
    "roc_auc_upset": 0.7410714285714286
  },
  "test_metrics_model_c": {
    "ndcg": 0.05124995751403931,
    "spearman": 0.3076751946607342,
    "mrr_top2": 0.06666666666666667,
    "mrr_top4": 0.2,
    "ndcg10": 0.05124995751403931,
    "ndcg_at_4": 0.00711064040423231,
    "ndcg_at_12": 0.056899138174850025,
    "ndcg_at_16": 0.17781540372208415,
    "ndcg_at_20": 0.18021327193327982,
    "roc_auc_upset": 0.8214285714285714
  },
  "test_metrics_by_conference": {
    "E": {
      "ndcg": 0.2684076201776114,
      "spearman": 0.2607142857142857
    },
    "W": {
      "ndcg": 0.7744823136516537,
      "spearman": 0.682142857142857
    }
  },
  "notes": {
    "eos_rank_source": "eos_final_rank"
  }
}