{
  "test_metrics_ensemble": {
    "ndcg": 0.555776508166923,
    "spearman": 0.2783092324805339,
    "mrr_top2": 1.0,
    "mrr_top4": 1.0,
    "ndcg10": 0.555776508166923,
    "ndcg_at_4": 0.35315119534797357,
    "ndcg_at_12": 0.5583789383875294,
    "ndcg_at_16": 0.60098916956098,
    "ndcg_at_20": 0.6009868334239682,
    "roc_auc_upset": 0.875,
    "rank_mae_pred_vs_playoff_final_results": 8.666666984558105,
    "rank_rmse_pred_vs_playoff_final_results": 10.398717880249023,
    "rank_mae_eos_standings_vs_playoff_final_results": 3.7333333333333334,
    "rank_rmse_eos_standings_vs_playoff_final_results": 6.093712606722878,
    "spearman_standings": -0.3939933259176863,
    "ndcg10_standings": 0.3709113576016927,
    "ndcg_at_4_standings": 0.16635214014080835,
    "ndcg_at_16_standings": 0.43599555696734926,
    "rank_rmse_standings": 9.52890396118164,
    "playoff_metrics": {
      "spearman_pred_vs_playoff_final_results": 0.33125695216907675,
      "ndcg_at_4_final_four": 0.35315119534797357,
      "ndcg10_pred_vs_playoff_final_results": 0.5557807397005295,
      "brier_championship_odds": 0.03167646750807762,
      "rank_mae_pred_vs_playoff_final_results": 8.666666984558105,
      "rank_rmse_pred_vs_playoff_final_results": 10.398717880249023,
      "rank_mae_eos_standings_vs_playoff_final_results": 3.7333333333333334,
      "rank_rmse_eos_standings_vs_playoff_final_results": 6.093712606722878
    }
  },
  "test_metrics_model_a": {
    "ndcg": 0.555776508166923,
    "spearman": 0.27208008898776415,
    "mrr_top2": 1.0,
    "mrr_top4": 1.0,
    "ndcg10": 0.555776508166923,
    "ndcg_at_4": 0.35315119534797357,
    "ndcg_at_12": 0.5583789383875294,
    "ndcg_at_16": 0.60098916956098,
    "ndcg_at_20": 0.6009868334239682,
    "roc_auc_upset": 0.875
  },
  "test_metrics_model_b": {
    "ndcg": 0.7076064772277197,
    "spearman": 0.32858731924360396,
    "mrr_top2": 1.0,
    "mrr_top4": 1.0,
    "ndcg10": 0.7076064772277197,
    "ndcg_at_4": 0.7261751187226982,
    "ndcg_at_12": 0.7951929439280361,
    "ndcg_at_16": 0.8002119824751833,
    "ndcg_at_20": 0.8002859264462563,
    "roc_auc_upset": 0.7991071428571428
  },
  "test_metrics_model_c": {
    "ndcg": 0.33348743391404295,
    "spearman": 0.23337041156840932,
    "mrr_top2": 0.16666666666666666,
    "mrr_top4": 0.16666666666666666,
    "ndcg10": 0.33348743391404295,
    "ndcg_at_4": 0.001111095381373398,
    "ndcg_at_12": 0.3389077264996702,
    "ndcg_at_16": 0.3596643455146382,
    "ndcg_at_20": 0.37000033942981986,
    "roc_auc_upset": 0.7633928571428571
  },
  "test_metrics_by_conference": {
    "E": {
      "ndcg": 0.35722781210573246,
      "spearman": 0.10357142857142855
    },
    "W": {
      "ndcg": 0.9025587238511216,
      "spearman": 0.4142857142857142
    }
  },
  "notes": {
    "eos_rank_source": "eos_final_rank"
  }
}