{
  "test_metrics_ensemble": {
    "ndcg": 0.4824269200445061,
    "spearman": 0.44382647385984425,
    "mrr_top2": 0.5,
    "mrr_top4": 0.5,
    "ndcg10": 0.4824269200445061,
    "ndcg_at_4": 0.46449490234372454,
    "ndcg_at_12": 0.4823009141416687,
    "ndcg_at_16": 0.5252317412906575,
    "ndcg_at_20": 0.5264535754030252,
    "roc_auc_upset": 0.7991071428571428,
    "rank_mae_pred_vs_playoff_final_results": 7.133333206176758,
    "rank_rmse_pred_vs_playoff_final_results": 9.12870979309082,
    "rank_mae_eos_standings_vs_playoff_final_results": 3.1333333333333333,
    "rank_rmse_eos_standings_vs_playoff_final_results": 4.449719092257398,
    "spearman_standings": -0.4767519466073415,
    "ndcg10_standings": 0.4961729636101175,
    "ndcg_at_4_standings": 0.44578653670222973,
    "ndcg_at_16_standings": 0.5092452939699442,
    "rank_rmse_standings": 8.854377746582031,
    "playoff_metrics": {
      "spearman_pred_vs_playoff_final_results": 0.4580645161290322,
      "ndcg_at_4_final_four": 0.46449490234372454,
      "ndcg10_pred_vs_playoff_final_results": 0.4824164177013271,
      "brier_championship_odds": 0.030076472088694572,
      "rank_mae_pred_vs_playoff_final_results": 7.133333206176758,
      "rank_rmse_pred_vs_playoff_final_results": 9.12870979309082,
      "rank_mae_eos_standings_vs_playoff_final_results": 3.1333333333333333,
      "rank_rmse_eos_standings_vs_playoff_final_results": 4.449719092257398
    }
  },
  "test_metrics_model_a": {
    "ndcg": 0.4824251057641429,
    "spearman": 0.44338153503893213,
    "mrr_top2": 0.5,
    "mrr_top4": 0.5,
    "ndcg10": 0.4824251057641429,
    "ndcg_at_4": 0.46449490234372454,
    "ndcg_at_12": 0.48229910033785744,
    "ndcg_at_16": 0.5252299276259759,
    "ndcg_at_20": 0.5264517617463204,
    "roc_auc_upset": 0.7991071428571428
  },
  "test_metrics_model_b": {
    "ndcg": 0.4376962231760793,
    "spearman": 0.607119021134594,
    "mrr_top2": 0.2,
    "mrr_top4": 0.2,
    "ndcg10": 0.4376962231760793,
    "ndcg_at_4": 0.047452952934463374,
    "ndcg_at_12": 0.43762445760123064,
    "ndcg_at_16": 0.4595511069090464,
    "ndcg_at_20": 0.45955370713600147,
    "roc_auc_upset": 0.7285067873303168
  },
  "test_metrics_model_c": {
    "ndcg": 0.05139534647930671,
    "spearman": 0.3125695216907675,
    "mrr_top2": 0.07142857142857142,
    "mrr_top4": 0.2,
    "ndcg10": 0.05139534647930671,
    "ndcg_at_4": 0.0072603807417201014,
    "ndcg_at_12": 0.05704448895120833,
    "ndcg_at_16": 0.17989573678693135,
    "ndcg_at_20": 0.18229344888290439,
    "roc_auc_upset": 0.8214285714285714
  },
  "test_metrics_by_conference": {
    "E": {
      "ndcg": 0.2687871407487724,
      "spearman": 0.3214285714285714
    },
    "W": {
      "ndcg": 0.7346666807940231,
      "spearman": 0.5071428571428571
    }
  },
  "notes": {
    "eos_rank_source": "eos_final_rank"
  }
}