{
  "test_metrics_ensemble": {
    "ndcg": 0.4858211274625601,
    "spearman": 0.44382647385984425,
    "mrr_top2": 0.5,
    "mrr_top4": 0.5,
    "ndcg10": 0.4858211274625601,
    "ndcg_at_4": 0.4643519436832566,
    "ndcg_at_12": 0.48606885135942124,
    "ndcg_at_16": 0.5275969294858794,
    "ndcg_at_20": 0.5310998497919717,
    "roc_auc_upset": 0.78125,
    "rank_mae_pred_vs_playoff_final_results": 7.199999809265137,
    "rank_rmse_pred_vs_playoff_final_results": 9.12870979309082,
    "rank_mae_eos_standings_vs_playoff_final_results": 3.1333333333333333,
    "rank_rmse_eos_standings_vs_playoff_final_results": 4.449719092257398,
    "playoff_metrics": {
      "spearman_pred_vs_playoff_final_results": 0.42246941045606223,
      "ndcg_at_4_final_four": 0.46433662668392073,
      "ndcg10_pred_vs_playoff_final_results": 0.4858056765915529,
      "brier_championship_odds": 0.03222232684493065,
      "rank_mae_pred_vs_playoff_final_results": 7.199999809265137,
      "rank_rmse_pred_vs_playoff_final_results": 9.12870979309082,
      "rank_mae_eos_standings_vs_playoff_final_results": 3.1333333333333333,
      "rank_rmse_eos_standings_vs_playoff_final_results": 4.449719092257398
    }
  },
  "test_metrics_model_a": {
    "ndcg": 0.4858211274625601,
    "spearman": 0.44382647385984425,
    "mrr_top2": 0.5,
    "mrr_top4": 0.5,
    "ndcg10": 0.4858211274625601,
    "ndcg_at_4": 0.4643519436832566,
    "ndcg_at_12": 0.48606885135942124,
    "ndcg_at_16": 0.5275969294858794,
    "ndcg_at_20": 0.5310998497919717,
    "roc_auc_upset": 0.78125
  },
  "test_metrics_model_b": {
    "ndcg": 0.19904365932022547,
    "spearman": 0.6342602892102336,
    "mrr_top2": 0.14285714285714285,
    "mrr_top4": 0.14285714285714285,
    "ndcg10": 0.19904365932022547,
    "ndcg_at_4": 0.04166423104576856,
    "ndcg_at_12": 0.3746244953841397,
    "ndcg_at_16": 0.3945114263931354,
    "ndcg_at_20": 0.39451508479077774,
    "roc_auc_upset": 0.7453703703703703
  },
  "test_metrics_model_c": {
    "ndcg": 0.05124995751403931,
    "spearman": 0.3076751946607342,
    "mrr_top2": 0.06666666666666667,
    "mrr_top4": 0.2,
    "ndcg10": 0.05124995751403931,
    "ndcg_at_4": 0.00711064040423231,
    "ndcg_at_12": 0.056899138174850025,
    "ndcg_at_16": 0.17781540372208415,
    "ndcg_at_20": 0.18021327193327982,
    "roc_auc_upset": 0.8214285714285714
  },
  "test_metrics_by_conference": {
    "E": {
      "ndcg": 0.2392082268809857,
      "spearman": 0.20357142857142854
    },
    "W": {
      "ndcg": 0.7723538271486643,
      "spearman": 0.7142857142857142
    }
  },
  "notes": {
    "eos_rank_source": "eos_final_rank"
  }
}