{
  "test_metrics_ensemble": {
    "ndcg": 0.40213627623560194,
    "spearman": 0.39488320355951056,
    "mrr_top2": 1.0,
    "mrr_top4": 1.0,
    "ndcg10": 0.40213627623560194,
    "ndcg_at_4": 0.33513898093933947,
    "ndcg_at_12": 0.5832352134940084,
    "ndcg_at_16": 0.5851113371626232,
    "ndcg_at_20": 0.5851088644392309,
    "roc_auc_upset": 0.7410714285714286,
    "rank_mae_pred_vs_playoff_final_results": 7.666666507720947,
    "rank_rmse_pred_vs_playoff_final_results": 9.521903991699219,
    "rank_mae_eos_standings_vs_playoff_final_results": 3.7333333333333334,
    "rank_rmse_eos_standings_vs_playoff_final_results": 6.093712606722878,
    "playoff_metrics": {
      "spearman_pred_vs_playoff_final_results": 0.46073414905450494,
      "ndcg_at_4_final_four": 0.33513815635527017,
      "ndcg10_pred_vs_playoff_final_results": 0.4021412068364016,
      "brier_championship_odds": 0.03222232684493065,
      "rank_mae_pred_vs_playoff_final_results": 7.666666507720947,
      "rank_rmse_pred_vs_playoff_final_results": 9.521903991699219,
      "rank_mae_eos_standings_vs_playoff_final_results": 3.7333333333333334,
      "rank_rmse_eos_standings_vs_playoff_final_results": 6.093712606722878
    }
  },
  "test_metrics_model_a": {
    "ndcg": 0.40213627623560194,
    "spearman": 0.3939933259176863,
    "mrr_top2": 1.0,
    "mrr_top4": 1.0,
    "ndcg10": 0.40213627623560194,
    "ndcg_at_4": 0.33513898093933947,
    "ndcg_at_12": 0.5832352134940084,
    "ndcg_at_16": 0.5851113371626232,
    "ndcg_at_20": 0.5851088644392309,
    "roc_auc_upset": 0.7410714285714286
  },
  "test_metrics_model_b": {
    "ndcg": 0.8065684906933778,
    "spearman": 0.47897664071190205,
    "mrr_top2": 1.0,
    "mrr_top4": 1.0,
    "ndcg10": 0.8065684906933778,
    "ndcg_at_4": 0.6907114070725182,
    "ndcg_at_12": 0.8063814289351668,
    "ndcg_at_16": 0.8461292928343191,
    "ndcg_at_20": 0.8509944678572348,
    "roc_auc_upset": 0.7901785714285714
  },
  "test_metrics_model_c": {
    "ndcg": 0.333487026575135,
    "spearman": 0.23159065628476083,
    "mrr_top2": 0.16666666666666666,
    "mrr_top4": 0.16666666666666666,
    "ndcg10": 0.333487026575135,
    "ndcg_at_4": 0.0011069724610271625,
    "ndcg_at_12": 0.33890731926775686,
    "ndcg_at_16": 0.35966393831396193,
    "ndcg_at_20": 0.3699999322309346,
    "roc_auc_upset": 0.7633928571428571
  },
  "test_metrics_by_conference": {
    "E": {
      "ndcg": 0.38504331979094114,
      "spearman": 0.23571428571428568
    },
    "W": {
      "ndcg": 0.9293059883399126,
      "spearman": 0.5214285714285714
    }
  },
  "notes": {
    "eos_rank_source": "eos_final_rank"
  }
}