{
  "notes": {
    "eval_on": "test",
    "eos_rank_source": "eos_final_rank",
    "upset_definition": "sleeper = EOS_global_rank > predicted_strength",
    "mrr_top2": "1/rank of first team in top 2 (champion+runner-up) in predicted order.",
    "mrr_top4": "1/rank of first team in top 4 (conference finals) in predicted order.",
    "per_conference_relevance": "Within E/W: actual rank derived from EOS_global_rank (1=best in conf); NDCG/Spearman use this relevance.",
    "playoff_metrics": "Spearman (pred global vs playoff_final_results), NDCG@4 (final four), Brier (champion vs odds). rank_mae/rank_rmse: pred vs playoff_final_results; eos_standings vs playoff_final_results (baseline)."
  },
  "split_info": {
    "train_frac": 0.75,
    "n_train_dates": 141,
    "n_test_dates": 36,
    "split_mode": "seasons"
  },
  "test_metrics_ensemble": {
    "ndcg": 0.4858211274625601,
    "spearman": 0.44382647385984425,
    "mrr_top2": 0.5,
    "mrr_top4": 0.5,
    "ndcg10": 0.4858211274625601,
    "ndcg_at_4": 0.4643519436832566,
    "ndcg_at_12": 0.48606885135942124,
    "ndcg_at_16": 0.5275969294858794,
    "ndcg_at_20": 0.5310998497919717,
    "roc_auc_upset": 0.78125,
    "rank_mae_pred_vs_playoff_final_results": 7.199999809265137,
    "rank_rmse_pred_vs_playoff_final_results": 9.12870979309082,
    "rank_mae_eos_standings_vs_playoff_final_results": 3.1333333333333333,
    "rank_rmse_eos_standings_vs_playoff_final_results": 4.449719092257398,
    "playoff_metrics": {
      "spearman_pred_vs_playoff_final_results": 0.42246941045606223,
      "ndcg_at_4_final_four": 0.46433662668392073,
      "ndcg10_pred_vs_playoff_final_results": 0.4858056765915529,
      "brier_championship_odds": 0.03222232684493065,
      "rank_mae_pred_vs_playoff_final_results": 7.199999809265137,
      "rank_rmse_pred_vs_playoff_final_results": 9.12870979309082,
      "rank_mae_eos_standings_vs_playoff_final_results": 3.1333333333333333,
      "rank_rmse_eos_standings_vs_playoff_final_results": 4.449719092257398
    }
  },
  "test_metrics_model_a": {
    "ndcg": 0.4858211274625601,
    "spearman": 0.44382647385984425,
    "mrr_top2": 0.5,
    "mrr_top4": 0.5,
    "ndcg10": 0.4858211274625601,
    "ndcg_at_4": 0.4643519436832566,
    "ndcg_at_12": 0.48606885135942124,
    "ndcg_at_16": 0.5275969294858794,
    "ndcg_at_20": 0.5310998497919717,
    "roc_auc_upset": 0.78125
  },
  "test_metrics_model_b": {
    "ndcg": 0.19904365932022547,
    "spearman": 0.6342602892102336,
    "mrr_top2": 0.14285714285714285,
    "mrr_top4": 0.14285714285714285,
    "ndcg10": 0.19904365932022547,
    "ndcg_at_4": 0.04166423104576856,
    "ndcg_at_12": 0.3746244953841397,
    "ndcg_at_16": 0.3945114263931354,
    "ndcg_at_20": 0.39451508479077774,
    "roc_auc_upset": 0.7453703703703703
  },
  "test_metrics_model_c": {
    "ndcg": 0.05124995751403931,
    "spearman": 0.3076751946607342,
    "mrr_top2": 0.06666666666666667,
    "mrr_top4": 0.2,
    "ndcg10": 0.05124995751403931,
    "ndcg_at_4": 0.00711064040423231,
    "ndcg_at_12": 0.056899138174850025,
    "ndcg_at_16": 0.17781540372208415,
    "ndcg_at_20": 0.18021327193327982,
    "roc_auc_upset": 0.8214285714285714
  },
  "test_metrics_by_conference": {
    "E": {
      "ndcg": 0.2392082268809857,
      "spearman": 0.20357142857142854
    },
    "W": {
      "ndcg": 0.7723538271486643,
      "spearman": 0.7142857142857142
    }
  },
  "by_season": {
    "2023-24": {
      "test_metrics_ensemble": {
        "ndcg": 0.40213627623560194,
        "spearman": 0.39488320355951056,
        "mrr_top2": 1.0,
        "mrr_top4": 1.0,
        "ndcg10": 0.40213627623560194,
        "ndcg_at_4": 0.33513898093933947,
        "ndcg_at_12": 0.5832352134940084,
        "ndcg_at_16": 0.5851113371626232,
        "ndcg_at_20": 0.5851088644392309,
        "roc_auc_upset": 0.7410714285714286,
        "rank_mae_pred_vs_playoff_final_results": 7.666666507720947,
        "rank_rmse_pred_vs_playoff_final_results": 9.521903991699219,
        "rank_mae_eos_standings_vs_playoff_final_results": 3.7333333333333334,
        "rank_rmse_eos_standings_vs_playoff_final_results": 6.093712606722878,
        "playoff_metrics": {
          "spearman_pred_vs_playoff_final_results": 0.46073414905450494,
          "ndcg_at_4_final_four": 0.33513815635527017,
          "ndcg10_pred_vs_playoff_final_results": 0.4021412068364016,
          "brier_championship_odds": 0.03222232684493065,
          "rank_mae_pred_vs_playoff_final_results": 7.666666507720947,
          "rank_rmse_pred_vs_playoff_final_results": 9.521903991699219,
          "rank_mae_eos_standings_vs_playoff_final_results": 3.7333333333333334,
          "rank_rmse_eos_standings_vs_playoff_final_results": 6.093712606722878
        }
      },
      "test_metrics_model_a": {
        "ndcg": 0.40213627623560194,
        "spearman": 0.3939933259176863,
        "mrr_top2": 1.0,
        "mrr_top4": 1.0,
        "ndcg10": 0.40213627623560194,
        "ndcg_at_4": 0.33513898093933947,
        "ndcg_at_12": 0.5832352134940084,
        "ndcg_at_16": 0.5851113371626232,
        "ndcg_at_20": 0.5851088644392309,
        "roc_auc_upset": 0.7410714285714286
      },
      "test_metrics_model_b": {
        "ndcg": 0.8065684906933778,
        "spearman": 0.47897664071190205,
        "mrr_top2": 1.0,
        "mrr_top4": 1.0,
        "ndcg10": 0.8065684906933778,
        "ndcg_at_4": 0.6907114070725182,
        "ndcg_at_12": 0.8063814289351668,
        "ndcg_at_16": 0.8461292928343191,
        "ndcg_at_20": 0.8509944678572348,
        "roc_auc_upset": 0.7901785714285714
      },
      "test_metrics_model_c": {
        "ndcg": 0.333487026575135,
        "spearman": 0.23159065628476083,
        "mrr_top2": 0.16666666666666666,
        "mrr_top4": 0.16666666666666666,
        "ndcg10": 0.333487026575135,
        "ndcg_at_4": 0.0011069724610271625,
        "ndcg_at_12": 0.33890731926775686,
        "ndcg_at_16": 0.35966393831396193,
        "ndcg_at_20": 0.3699999322309346,
        "roc_auc_upset": 0.7633928571428571
      },
      "test_metrics_by_conference": {
        "E": {
          "ndcg": 0.38504331979094114,
          "spearman": 0.23571428571428568
        },
        "W": {
          "ndcg": 0.9293059883399126,
          "spearman": 0.5214285714285714
        }
      },
      "notes": {
        "eos_rank_source": "eos_final_rank"
      }
    },
    "2024-25": {
      "test_metrics_ensemble": {
        "ndcg": 0.4858211274625601,
        "spearman": 0.44382647385984425,
        "mrr_top2": 0.5,
        "mrr_top4": 0.5,
        "ndcg10": 0.4858211274625601,
        "ndcg_at_4": 0.4643519436832566,
        "ndcg_at_12": 0.48606885135942124,
        "ndcg_at_16": 0.5275969294858794,
        "ndcg_at_20": 0.5310998497919717,
        "roc_auc_upset": 0.78125,
        "rank_mae_pred_vs_playoff_final_results": 7.199999809265137,
        "rank_rmse_pred_vs_playoff_final_results": 9.12870979309082,
        "rank_mae_eos_standings_vs_playoff_final_results": 3.1333333333333333,
        "rank_rmse_eos_standings_vs_playoff_final_results": 4.449719092257398,
        "playoff_metrics": {
          "spearman_pred_vs_playoff_final_results": 0.42246941045606223,
          "ndcg_at_4_final_four": 0.46433662668392073,
          "ndcg10_pred_vs_playoff_final_results": 0.4858056765915529,
          "brier_championship_odds": 0.03222232684493065,
          "rank_mae_pred_vs_playoff_final_results": 7.199999809265137,
          "rank_rmse_pred_vs_playoff_final_results": 9.12870979309082,
          "rank_mae_eos_standings_vs_playoff_final_results": 3.1333333333333333,
          "rank_rmse_eos_standings_vs_playoff_final_results": 4.449719092257398
        }
      },
      "test_metrics_model_a": {
        "ndcg": 0.4858211274625601,
        "spearman": 0.44382647385984425,
        "mrr_top2": 0.5,
        "mrr_top4": 0.5,
        "ndcg10": 0.4858211274625601,
        "ndcg_at_4": 0.4643519436832566,
        "ndcg_at_12": 0.48606885135942124,