{
  "notes": {
    "eval_on": "test",
    "eos_rank_source": "eos_final_rank",
    "upset_definition": "sleeper = EOS_global_rank > predicted_strength",
    "mrr_top2": "1/rank of first team in top 2 (champion+runner-up) in predicted order.",
    "mrr_top4": "1/rank of first team in top 4 (conference finals) in predicted order.",
    "per_conference_relevance": "Within E/W: actual rank derived from EOS_global_rank (1=best in conf); NDCG/Spearman use this relevance.",
    "playoff_metrics": "Spearman (pred global vs playoff_final_results), NDCG@4 (final four), Brier (champion vs odds). rank_mae/rank_rmse: pred vs playoff_final_results; eos_standings vs playoff_final_results (baseline)."
  },
  "split_info": {
    "train_frac": 0.75,
    "n_train_dates": 141,
    "n_test_dates": 36,
    "split_mode": "seasons"
  },
  "test_metrics_ensemble": {
    "ndcg": 0.4863984823546479,
    "spearman": 0.4834260289210234,
    "mrr_top2": 0.5,
    "mrr_top4": 0.5,
    "ndcg10": 0.4863984823546479,
    "ndcg_at_4": 0.46437685999867345,
    "ndcg_at_12": 0.531913383834325,
    "ndcg_at_16": 0.5318948313269718,
    "ndcg_at_20": 0.5360986152903829,
    "roc_auc_upset": 0.7589285714285714,
    "rank_mae_pred_vs_playoff_final_results": 6.866666793823242,
    "rank_rmse_pred_vs_playoff_final_results": 8.79772663116455,
    "rank_mae_eos_standings_vs_playoff_final_results": 3.1333333333333333,
    "rank_rmse_eos_standings_vs_playoff_final_results": 4.449719092257398,
    "playoff_metrics": {
      "spearman_pred_vs_playoff_final_results": 0.4923248053392658,
      "ndcg_at_4_final_four": 0.4643768342304213,
      "ndcg10_pred_vs_playoff_final_results": 0.48638929984046136,
      "brier_championship_odds": 0.03222232684493065,
      "rank_mae_pred_vs_playoff_final_results": 6.866666793823242,
      "rank_rmse_pred_vs_playoff_final_results": 8.79772663116455,
      "rank_mae_eos_standings_vs_playoff_final_results": 3.1333333333333333,
      "rank_rmse_eos_standings_vs_playoff_final_results": 4.449719092257398
    }
  },
  "test_metrics_model_a": {
    "ndcg": 0.4885896039850533,
    "spearman": 0.4816462736373748,
    "mrr_top2": 0.5,
    "mrr_top4": 0.5,
    "ndcg10": 0.4885896039850533,
    "ndcg_at_4": 0.46437685999867345,
    "ndcg_at_12": 0.5341039299289969,
    "ndcg_at_16": 0.5340852093936965,
    "ndcg_at_20": 0.5382889837233402,
    "roc_auc_upset": 0.7589285714285714
  },
  "test_metrics_model_b": {
    "ndcg": 0.17990396494657288,
    "spearman": 0.5635150166852058,
    "mrr_top2": 0.25,
    "mrr_top4": 0.25,
    "ndcg10": 0.17990396494657288,
    "ndcg_at_4": 0.16775742802418675,
    "ndcg_at_12": 0.17994242760522614,
    "ndcg_at_16": 0.24189148476535452,
    "ndcg_at_20": 0.3947981497258164,
    "roc_auc_upset": 0.7422222222222222
  },
  "test_metrics_model_c": {
    "ndcg": 0.05124995751403931,
    "spearman": 0.307230255839822,
    "mrr_top2": 0.0625,
    "mrr_top4": 0.2,
    "ndcg10": 0.05124995751403931,
    "ndcg_at_4": 0.00711064040423231,
    "ndcg_at_12": 0.056899138174850025,
    "ndcg_at_16": 0.1769467286075223,
    "ndcg_at_20": 0.17934460063934335,
    "roc_auc_upset": 0.8214285714285714
  },
  "test_metrics_by_conference": {
    "E": {
      "ndcg": 0.2664374689678847,
      "spearman": 0.24642857142857136
    },
    "W": {
      "ndcg": 0.7840480028189971,
      "spearman": 0.7178571428571427
    }
  },
  "by_season": {
    "2023-24": {
      "test_metrics_ensemble": {
        "ndcg": 0.5480267151016321,
        "spearman": 0.37842046718576194,
        "mrr_top2": 1.0,
        "mrr_top4": 1.0,
        "ndcg10": 0.5480267151016321,
        "ndcg_at_4": 0.35315119534797357,
        "ndcg_at_12": 0.5931879254349237,
        "ndcg_at_16": 0.5950972713625279,
        "ndcg_at_20": 0.5950947811964095,
        "roc_auc_upset": 0.7731481481481481,
        "rank_mae_pred_vs_playoff_final_results": 7.800000190734863,
        "rank_rmse_pred_vs_playoff_final_results": 9.650561332702637,
        "rank_mae_eos_standings_vs_playoff_final_results": 3.7333333333333334,
        "rank_rmse_eos_standings_vs_playoff_final_results": 6.093712606722878,
        "playoff_metrics": {
          "spearman_pred_vs_playoff_final_results": 0.4331479421579533,
          "ndcg_at_4_final_four": 0.35315119534797357,
          "ndcg10_pred_vs_playoff_final_results": 0.5480322505980408,
          "brier_championship_odds": 0.03222232684493065,
          "rank_mae_pred_vs_playoff_final_results": 7.800000190734863,
          "rank_rmse_pred_vs_playoff_final_results": 9.650561332702637,
          "rank_mae_eos_standings_vs_playoff_final_results": 3.7333333333333334,
          "rank_rmse_eos_standings_vs_playoff_final_results": 6.093712606722878
        }
      },
      "test_metrics_model_a": {
        "ndcg": 0.5480267151016321,
        "spearman": 0.37842046718576194,
        "mrr_top2": 1.0,
        "mrr_top4": 1.0,
        "ndcg10": 0.5480267151016321,
        "ndcg_at_4": 0.35315119534797357,
        "ndcg_at_12": 0.5931879254349237,
        "ndcg_at_16": 0.5950972713625279,
        "ndcg_at_20": 0.5950947811964095,
        "roc_auc_upset": 0.7731481481481481
      },
      "test_metrics_model_b": {
        "ndcg": 0.8108978394733244,
        "spearman": 0.3521690767519466,
        "mrr_top2": 1.0,
        "mrr_top4": 1.0,
        "ndcg10": 0.8108978394733244,
        "ndcg_at_4": 0.7116242168324007,
        "ndcg_at_12": 0.8107069629041141,
        "ndcg_at_16": 0.8107268307333348,
        "ndcg_at_20": 0.8153491303573415,
        "roc_auc_upset": 0.8099547511312217
      },
      "test_metrics_model_c": {
        "ndcg": 0.333487026575135,
        "spearman": 0.23159065628476083,
        "mrr_top2": 0.16666666666666666,
        "mrr_top4": 0.16666666666666666,
        "ndcg10": 0.333487026575135,
        "ndcg_at_4": 0.0011069724610271625,
        "ndcg_at_12": 0.33890731926775686,
        "ndcg_at_16": 0.35966393831396193,
        "ndcg_at_20": 0.3699999322309346,
        "roc_auc_upset": 0.7633928571428571
      },
      "test_metrics_by_conference": {
        "E": {
          "ndcg": 0.4082984176139838,
          "spearman": 0.28928571428571426
        },
        "W": {
          "ndcg": 0.9193500683938988,
          "spearman": 0.47857142857142854
        }
      },
      "notes": {
        "eos_rank_source": "eos_final_rank"
      }
    },
    "2024-25": {
      "test_metrics_ensemble": {
        "ndcg": 0.4863984823546479,
        "spearman": 0.4834260289210234,
        "mrr_top2": 0.5,
        "mrr_top4": 0.5,
        "ndcg10": 0.4863984823546479,
        "ndcg_at_4": 0.46437685999867345,
        "ndcg_at_12": 0.531913383834325,
        "ndcg_at_16": 0.5318948313269718,
        "ndcg_at_20": 0.5360986152903829,
        "roc_auc_upset": 0.7589285714285714,
        "rank_mae_pred_vs_playoff_final_results": 6.866666793823242,
        "rank_rmse_pred_vs_playoff_final_results": 8.79772663116455,
        "rank_mae_eos_standings_vs_playoff_final_results": 3.1333333333333333,
        "rank_rmse_eos_standings_vs_playoff_final_results": 4.449719092257398,
        "playoff_metrics": {
          "spearman_pred_vs_playoff_final_results": 0.4923248053392658,
          "ndcg_at_4_final_four": 0.4643768342304213,
          "ndcg10_pred_vs_playoff_final_results": 0.48638929984046136,
          "brier_championship_odds": 0.03222232684493065,
          "rank_mae_pred_vs_playoff_final_results": 6.866666793823242,
          "rank_rmse_pred_vs_playoff_final_results": 8.79772663116455,
          "rank_mae_eos_standings_vs_playoff_final_results": 3.1333333333333333,
          "rank_rmse_eos_standings_vs_playoff_final_results": 4.449719092257398
        }
      },
      "test_metrics_model_a": {
        "ndcg": 0.4885896039850533,
        "spearman": 0.4816462736373748,
        "mrr_top2": 0.5,
        "mrr_top4": 0.5,
        "ndcg10": 0.4885896039850533,
        "ndcg_at_4": 0.46437685999867345,
        "ndcg_at_12": 0.5341039299289969,
        "ndcg_at_16": 0.5340852093936965,