{
  "notes": {
    "eval_on": "test",
    "eos_rank_source": "eos_final_rank",
    "upset_definition": "sleeper = EOS_global_rank > predicted_strength",
    "mrr_top2": "1/rank of first team in top 2 (champion+runner-up) in predicted order.",
    "mrr_top4": "1/rank of first team in top 4 (conference finals) in predicted order.",
    "per_conference_relevance": "Within E/W: actual rank derived from EOS_global_rank (1=best in conf); NDCG/Spearman use this relevance.",
    "playoff_metrics": "Spearman (pred global vs playoff_final_results), NDCG@4 (final four), Brier (champion vs odds). rank_mae/rank_rmse: pred vs playoff_final_results; eos_standings vs playoff_final_results (baseline)."
  },
  "split_info": {
    "train_frac": 0.75,
    "n_train_dates": 141,
    "n_test_dates": 36,
    "split_mode": "seasons"
  },
  "test_metrics_ensemble": {
    "ndcg": 0.48643043210041337,
    "spearman": 0.4838709677419355,
    "mrr_top2": 0.5,
    "mrr_top4": 0.5,
    "ndcg10": 0.48643043210041337,
    "ndcg_at_4": 0.46421121466877174,
    "ndcg_at_12": 0.5301895142938905,
    "ndcg_at_16": 0.5314125595620539,
    "ndcg_at_20": 0.5314148218547804,
    "roc_auc_upset": 0.7589285714285715,
    "rank_mae_pred_vs_playoff_final_results": 6.866666793823242,
    "rank_rmse_pred_vs_playoff_final_results": 8.793937683105469,
    "rank_mae_eos_standings_vs_playoff_final_results": 3.1333333333333333,
    "rank_rmse_eos_standings_vs_playoff_final_results": 4.449719092257398,
    "playoff_metrics": {
      "spearman_pred_vs_playoff_final_results": 0.47408231368186876,
      "ndcg_at_4_final_four": 0.46419589766943586,
      "ndcg10_pred_vs_playoff_final_results": 0.48641554187828256,
      "brier_championship_odds": 0.03222232684493065,
      "rank_mae_pred_vs_playoff_final_results": 6.866666793823242,
      "rank_rmse_pred_vs_playoff_final_results": 8.793937683105469,
      "rank_mae_eos_standings_vs_playoff_final_results": 3.1333333333333333,
      "rank_rmse_eos_standings_vs_playoff_final_results": 4.449719092257398
    }
  },
  "test_metrics_model_a": {
    "ndcg": 0.48643043210041337,
    "spearman": 0.4838709677419355,
    "mrr_top2": 0.5,
    "mrr_top4": 0.5,
    "ndcg10": 0.48643043210041337,
    "ndcg_at_4": 0.46421121466877174,
    "ndcg_at_12": 0.5301895142938905,
    "ndcg_at_16": 0.5314125595620539,
    "ndcg_at_20": 0.5314148218547804,
    "roc_auc_upset": 0.7589285714285715
  },
  "test_metrics_model_b": {
    "ndcg": 0.17990396494657288,
    "spearman": 0.6155728587319244,
    "mrr_top2": 0.25,
    "mrr_top4": 0.25,
    "ndcg10": 0.17990396494657288,
    "ndcg_at_4": 0.16775742802418675,
    "ndcg_at_12": 0.22515651446197193,
    "ndcg_at_16": 0.4117769808203611,
    "ndcg_at_20": 0.4118180672074061,
    "roc_auc_upset": 0.7366071428571428
  },
  "test_metrics_model_c": {
    "ndcg": 0.05124995751403931,
    "spearman": 0.30189098998887653,
    "mrr_top2": 0.0625,
    "mrr_top4": 0.2,
    "ndcg10": 0.05124995751403931,
    "ndcg_at_4": 0.00711064040423231,
    "ndcg_at_12": 0.056899138174850025,
    "ndcg_at_16": 0.1769467286075223,
    "ndcg_at_20": 0.17934445367388585,
    "roc_auc_upset": 0.8258928571428571
  },
  "test_metrics_by_conference": {
    "E": {
      "ndcg": 0.24640794000116126,
      "spearman": 0.21428571428571427
    },
    "W": {
      "ndcg": 0.7524991469189859,
      "spearman": 0.7071428571428571
    }
  },
  "by_season": {
    "2023-24": {
      "test_metrics_ensemble": {
        "ndcg": 0.5389708157711669,
        "spearman": 0.4162402669632926,
        "mrr_top2": 1.0,
        "mrr_top4": 1.0,
        "ndcg10": 0.5389708157711669,
        "ndcg_at_4": 0.3350938532869966,
        "ndcg_at_12": 0.5841290482485865,
        "ndcg_at_16": 0.5853542047161089,
        "ndcg_at_20": 0.5859693433845594,
        "roc_auc_upset": 0.7321428571428571,
        "rank_mae_pred_vs_playoff_final_results": 7.5333333015441895,
        "rank_rmse_pred_vs_playoff_final_results": 9.352361679077148,
        "rank_mae_eos_standings_vs_playoff_final_results": 3.7333333333333334,
        "rank_rmse_eos_standings_vs_playoff_final_results": 6.093712606722878,
        "playoff_metrics": {
          "spearman_pred_vs_playoff_final_results": 0.450055617352614,
          "ndcg_at_4_final_four": 0.3350928959745381,
          "ndcg10_pred_vs_playoff_final_results": 0.5389654093909797,
          "brier_championship_odds": 0.03222232684493065,
          "rank_mae_pred_vs_playoff_final_results": 7.5333333015441895,
          "rank_rmse_pred_vs_playoff_final_results": 9.352361679077148,
          "rank_mae_eos_standings_vs_playoff_final_results": 3.7333333333333334,
          "rank_rmse_eos_standings_vs_playoff_final_results": 6.093712606722878
        }
      },
      "test_metrics_model_a": {
        "ndcg": 0.5389708157711669,
        "spearman": 0.40155728587319245,
        "mrr_top2": 1.0,
        "mrr_top4": 1.0,
        "ndcg10": 0.5389708157711669,
        "ndcg_at_4": 0.3350938532869966,
        "ndcg_at_12": 0.5841290482485865,
        "ndcg_at_16": 0.5853542047161089,
        "ndcg_at_20": 0.5859691963876991,
        "roc_auc_upset": 0.7410714285714286
      },
      "test_metrics_model_b": {
        "ndcg": 0.824193024239035,
        "spearman": 0.4189098998887653,
        "mrr_top2": 1.0,
        "mrr_top4": 1.0,
        "ndcg10": 0.824193024239035,
        "ndcg_at_4": 0.7116242168324007,
        "ndcg_at_12": 0.824084369653128,
        "ndcg_at_16": 0.8240244984788592,
        "ndcg_at_20": 0.8288932102831121,
        "roc_auc_upset": 0.7692307692307693
      },
      "test_metrics_model_c": {
        "ndcg": 0.333487026575135,
        "spearman": 0.23159065628476083,
        "mrr_top2": 0.16666666666666666,
        "mrr_top4": 0.16666666666666666,
        "ndcg10": 0.333487026575135,
        "ndcg_at_4": 0.0011069724610271625,
        "ndcg_at_12": 0.33890731926775686,
        "ndcg_at_16": 0.35966393831396193,
        "ndcg_at_20": 0.3699999322309346,
        "roc_auc_upset": 0.7633928571428571
      },
      "test_metrics_by_conference": {
        "E": {
          "ndcg": 0.38119908936479224,
          "spearman": 0.25357142857142856
        },
        "W": {
          "ndcg": 0.9225410709152001,
          "spearman": 0.6
        }
      },
      "notes": {
        "eos_rank_source": "eos_final_rank"
      }
    },
    "2024-25": {
      "test_metrics_ensemble": {
        "ndcg": 0.48643043210041337,
        "spearman": 0.4838709677419355,
        "mrr_top2": 0.5,
        "mrr_top4": 0.5,
        "ndcg10": 0.48643043210041337,
        "ndcg_at_4": 0.46421121466877174,
        "ndcg_at_12": 0.5301895142938905,
        "ndcg_at_16": 0.5314125595620539,
        "ndcg_at_20": 0.5314148218547804,
        "roc_auc_upset": 0.7589285714285715,
        "rank_mae_pred_vs_playoff_final_results": 6.866666793823242,
        "rank_rmse_pred_vs_playoff_final_results": 8.793937683105469,
        "rank_mae_eos_standings_vs_playoff_final_results": 3.1333333333333333,
        "rank_rmse_eos_standings_vs_playoff_final_results": 4.449719092257398,
        "playoff_metrics": {
          "spearman_pred_vs_playoff_final_results": 0.47408231368186876,
          "ndcg_at_4_final_four": 0.46419589766943586,
          "ndcg10_pred_vs_playoff_final_results": 0.48641554187828256,
          "brier_championship_odds": 0.03222232684493065,
          "rank_mae_pred_vs_playoff_final_results": 6.866666793823242,
          "rank_rmse_pred_vs_playoff_final_results": 8.793937683105469,
          "rank_mae_eos_standings_vs_playoff_final_results": 3.1333333333333333,
          "rank_rmse_eos_standings_vs_playoff_final_results": 4.449719092257398
        }
      },
      "test_metrics_model_a": {
        "ndcg": 0.48643043210041337,
        "spearman": 0.4838709677419355,
        "mrr_top2": 0.5,
        "mrr_top4": 0.5,
        "ndcg10": 0.48643043210041337,
        "ndcg_at_4": 0.46421121466877174,
        "ndcg_at_12": 0.5301895142938905,
        "ndcg_at_16": 0.5314125595620539,