{
  "test_metrics_ensemble": {
    "ndcg": 0.48643043210041337,
    "spearman": 0.4838709677419355,
    "mrr_top2": 0.5,
    "mrr_top4": 0.5,
    "ndcg10": 0.48643043210041337,
    "ndcg_at_4": 0.46421121466877174,
    "ndcg_at_12": 0.5301895142938905,
    "ndcg_at_16": 0.5314125595620539,
    "ndcg_at_20": 0.5314148218547804,
    "roc_auc_upset": 0.7589285714285715,
    "rank_mae_pred_vs_playoff_final_results": 6.866666793823242,
    "rank_rmse_pred_vs_playoff_final_results": 8.793937683105469,
    "rank_mae_eos_standings_vs_playoff_final_results": 3.1333333333333333,
    "rank_rmse_eos_standings_vs_playoff_final_results": 4.449719092257398,
    "playoff_metrics": {
      "spearman_pred_vs_playoff_final_results": 0.47408231368186876,
      "ndcg_at_4_final_four": 0.46419589766943586,
      "ndcg10_pred_vs_playoff_final_results": 0.48641554187828256,
      "brier_championship_odds": 0.03222232684493065,
      "rank_mae_pred_vs_playoff_final_results": 6.866666793823242,
      "rank_rmse_pred_vs_playoff_final_results": 8.793937683105469,
      "rank_mae_eos_standings_vs_playoff_final_results": 3.1333333333333333,
      "rank_rmse_eos_standings_vs_playoff_final_results": 4.449719092257398
    }
  },
  "test_metrics_model_a": {
    "ndcg": 0.48643043210041337,
    "spearman": 0.4838709677419355,
    "mrr_top2": 0.5,
    "mrr_top4": 0.5,
    "ndcg10": 0.48643043210041337,
    "ndcg_at_4": 0.46421121466877174,
    "ndcg_at_12": 0.5301895142938905,
    "ndcg_at_16": 0.5314125595620539,
    "ndcg_at_20": 0.5314148218547804,
    "roc_auc_upset": 0.7589285714285715
  },
  "test_metrics_model_b": {
    "ndcg": 0.17990396494657288,
    "spearman": 0.6155728587319244,
    "mrr_top2": 0.25,
    "mrr_top4": 0.25,
    "ndcg10": 0.17990396494657288,
    "ndcg_at_4": 0.16775742802418675,
    "ndcg_at_12": 0.22515651446197193,
    "ndcg_at_16": 0.4117769808203611,
    "ndcg_at_20": 0.4118180672074061,
    "roc_auc_upset": 0.7366071428571428
  },
  "test_metrics_model_c": {
    "ndcg": 0.05124995751403931,
    "spearman": 0.30189098998887653,
    "mrr_top2": 0.0625,
    "mrr_top4": 0.2,
    "ndcg10": 0.05124995751403931,
    "ndcg_at_4": 0.00711064040423231,
    "ndcg_at_12": 0.056899138174850025,
    "ndcg_at_16": 0.1769467286075223,
    "ndcg_at_20": 0.17934445367388585,
    "roc_auc_upset": 0.8258928571428571
  },
  "test_metrics_by_conference": {
    "E": {
      "ndcg": 0.24640794000116126,
      "spearman": 0.21428571428571427
    },
    "W": {
      "ndcg": 0.7524991469189859,
      "spearman": 0.7071428571428571
    }
  },
  "notes": {
    "eos_rank_source": "eos_final_rank"
  }
}