{
  "test_metrics_ensemble": {
    "ndcg": 0.5389708157711669,
    "spearman": 0.4162402669632926,
    "mrr_top2": 1.0,
    "mrr_top4": 1.0,
    "ndcg10": 0.5389708157711669,
    "ndcg_at_4": 0.3350938532869966,
    "ndcg_at_12": 0.5841290482485865,
    "ndcg_at_16": 0.5853542047161089,
    "ndcg_at_20": 0.5859693433845594,
    "roc_auc_upset": 0.7321428571428571,
    "rank_mae_pred_vs_playoff_final_results": 7.5333333015441895,
    "rank_rmse_pred_vs_playoff_final_results": 9.352361679077148,
    "rank_mae_eos_standings_vs_playoff_final_results": 3.7333333333333334,
    "rank_rmse_eos_standings_vs_playoff_final_results": 6.093712606722878,
    "playoff_metrics": {
      "spearman_pred_vs_playoff_final_results": 0.450055617352614,
      "ndcg_at_4_final_four": 0.3350928959745381,
      "ndcg10_pred_vs_playoff_final_results": 0.5389654093909797,
      "brier_championship_odds": 0.03222232684493065,
      "rank_mae_pred_vs_playoff_final_results": 7.5333333015441895,
      "rank_rmse_pred_vs_playoff_final_results": 9.352361679077148,
      "rank_mae_eos_standings_vs_playoff_final_results": 3.7333333333333334,
      "rank_rmse_eos_standings_vs_playoff_final_results": 6.093712606722878
    }
  },
  "test_metrics_model_a": {
    "ndcg": 0.5389708157711669,
    "spearman": 0.40155728587319245,
    "mrr_top2": 1.0,
    "mrr_top4": 1.0,
    "ndcg10": 0.5389708157711669,
    "ndcg_at_4": 0.3350938532869966,
    "ndcg_at_12": 0.5841290482485865,
    "ndcg_at_16": 0.5853542047161089,
    "ndcg_at_20": 0.5859691963876991,
    "roc_auc_upset": 0.7410714285714286
  },
  "test_metrics_model_b": {
    "ndcg": 0.824193024239035,
    "spearman": 0.4189098998887653,
    "mrr_top2": 1.0,
    "mrr_top4": 1.0,
    "ndcg10": 0.824193024239035,
    "ndcg_at_4": 0.7116242168324007,
    "ndcg_at_12": 0.824084369653128,
    "ndcg_at_16": 0.8240244984788592,
    "ndcg_at_20": 0.8288932102831121,
    "roc_auc_upset": 0.7692307692307693
  },
  "test_metrics_model_c": {
    "ndcg": 0.333487026575135,
    "spearman": 0.23159065628476083,
    "mrr_top2": 0.16666666666666666,
    "mrr_top4": 0.16666666666666666,
    "ndcg10": 0.333487026575135,
    "ndcg_at_4": 0.0011069724610271625,
    "ndcg_at_12": 0.33890731926775686,
    "ndcg_at_16": 0.35966393831396193,
    "ndcg_at_20": 0.3699999322309346,
    "roc_auc_upset": 0.7633928571428571
  },
  "test_metrics_by_conference": {
    "E": {
      "ndcg": 0.38119908936479224,
      "spearman": 0.25357142857142856
    },
    "W": {
      "ndcg": 0.9225410709152001,
      "spearman": 0.6
    }
  },
  "notes": {
    "eos_rank_source": "eos_final_rank"
  }
}