{
  "test_metrics_ensemble": {
    "ndcg": 0.5610690711016665,
    "spearman": 0.4273637374860957,
    "mrr_top2": 1.0,
    "mrr_top4": 1.0,
    "ndcg10": 0.5610690711016665,
    "ndcg_at_4": 0.3560053866302678,
    "ndcg_at_12": 0.6075929409579734,
    "ndcg_at_16": 0.6075528329176478,
    "ndcg_at_20": 0.6081475401824089,
    "roc_auc_upset": 0.736111111111111,
    "rank_mae_pred_vs_playoff_final_results": 7.266666889190674,
    "rank_rmse_pred_vs_playoff_final_results": 9.262828826904297,
    "rank_mae_eos_standings_vs_playoff_final_results": 3.7333333333333334,
    "rank_rmse_eos_standings_vs_playoff_final_results": 6.093712606722878,
    "playoff_metrics": {
      "spearman_pred_vs_playoff_final_results": 0.4460511679644049,
      "ndcg_at_4_final_four": 0.3560053866302678,
      "ndcg10_pred_vs_playoff_final_results": 0.5610743204009532,
      "brier_championship_odds": 0.03222232684493065,
      "rank_mae_pred_vs_playoff_final_results": 7.266666889190674,
      "rank_rmse_pred_vs_playoff_final_results": 9.262828826904297,
      "rank_mae_eos_standings_vs_playoff_final_results": 3.7333333333333334,
      "rank_rmse_eos_standings_vs_playoff_final_results": 6.093712606722878
    }
  },
  "test_metrics_model_a": {
    "ndcg": 0.5610690711016665,
    "spearman": 0.42380422691879865,
    "mrr_top2": 1.0,
    "mrr_top4": 1.0,
    "ndcg10": 0.5610690711016665,
    "ndcg_at_4": 0.3560053866302678,
    "ndcg_at_12": 0.6075929409579734,
    "ndcg_at_16": 0.6075528329176478,
    "ndcg_at_20": 0.6081475401824089,
    "roc_auc_upset": 0.7407407407407407
  },
  "test_metrics_model_b": {
    "ndcg": 0.824193024239035,
    "spearman": 0.4576195773081201,
    "mrr_top2": 1.0,
    "mrr_top4": 1.0,
    "ndcg10": 0.824193024239035,
    "ndcg_at_4": 0.7116242168324007,
    "ndcg_at_12": 0.824000729121547,
    "ndcg_at_16": 0.8240194834139323,
    "ndcg_at_20": 0.8676589952354751,
    "roc_auc_upset": 0.71875
  },
  "test_metrics_model_c": {
    "ndcg": 0.333487026575135,
    "spearman": 0.23159065628476083,
    "mrr_top2": 0.16666666666666666,
    "mrr_top4": 0.16666666666666666,
    "ndcg10": 0.333487026575135,
    "ndcg_at_4": 0.0011069724610271625,
    "ndcg_at_12": 0.33890731926775686,
    "ndcg_at_16": 0.35966393831396193,
    "ndcg_at_20": 0.3699999322309346,
    "roc_auc_upset": 0.7633928571428571
  },
  "test_metrics_by_conference": {
    "E": {
      "ndcg": 0.3869402032684001,
      "spearman": 0.2964285714285714
    },
    "W": {
      "ndcg": 0.9184980137023568,
      "spearman": 0.5214285714285714
    }
  },
  "notes": {
    "eos_rank_source": "eos_final_rank"
  }
}