{
  "notes": {
    "eval_on": "test",
    "eos_rank_source": "eos_final_rank",
    "upset_definition": "sleeper = EOS_global_rank > predicted_strength",
    "mrr_top2": "1/rank of first team in top 2 (champion+runner-up) in predicted order.",
    "mrr_top4": "1/rank of first team in top 4 (conference finals) in predicted order.",
    "per_conference_relevance": "Within E/W: actual rank derived from EOS_global_rank (1=best in conf); NDCG/Spearman use this relevance.",
    "playoff_metrics": "Spearman (pred global vs playoff_final_results), NDCG@4 (final four), Brier (champion vs odds). rank_mae/rank_rmse: pred vs playoff_final_results; eos_standings vs playoff_final_results (baseline)."
  },
  "split_info": {
    "train_frac": 0.75,
    "n_train_dates": 141,
    "n_test_dates": 36,
    "split_mode": "seasons"
  },
  "test_metrics_ensemble": {
    "ndcg": 0.48959581442253935,
    "spearman": 0.4687430478309232,
    "mrr_top2": 0.5,
    "mrr_top4": 0.5,
    "ndcg10": 0.48959581442253935,
    "ndcg_at_4": 0.4640705200119564,
    "ndcg_at_12": 0.5351098760680277,
    "ndcg_at_16": 0.5350905261118412,
    "ndcg_at_20": 0.5386942992630785,
    "roc_auc_upset": 0.746606334841629,
    "rank_mae_pred_vs_playoff_final_results": 6.733333110809326,
    "rank_rmse_pred_vs_playoff_final_results": 8.921883583068848,
    "rank_mae_eos_standings_vs_playoff_final_results": 3.1333333333333333,
    "rank_rmse_eos_standings_vs_playoff_final_results": 4.449719092257398,
    "playoff_metrics": {
      "spearman_pred_vs_playoff_final_results": 0.4687430478309232,
      "ndcg_at_4_final_four": 0.4640551772443684,
      "ndcg10_pred_vs_playoff_final_results": 0.4895803801396326,
      "brier_championship_odds": 0.03222232684493065,
      "rank_mae_pred_vs_playoff_final_results": 6.733333110809326,
      "rank_rmse_pred_vs_playoff_final_results": 8.921883583068848,
      "rank_mae_eos_standings_vs_playoff_final_results": 3.1333333333333333,
      "rank_rmse_eos_standings_vs_playoff_final_results": 4.449719092257398
    }
  },
  "test_metrics_model_a": {
    "ndcg": 0.48959581442253935,
    "spearman": 0.4638487208008899,
    "mrr_top2": 0.5,
    "mrr_top4": 0.5,
    "ndcg10": 0.48959581442253935,
    "ndcg_at_4": 0.4640705200119564,
    "ndcg_at_12": 0.5347671828506472,
    "ndcg_at_16": 0.5350809036034256,
    "ndcg_at_20": 0.538684676796985,
    "roc_auc_upset": 0.751131221719457
  },
  "test_metrics_model_b": {
    "ndcg": 0.167555341824438,
    "spearman": 0.593325917686318,
    "mrr_top2": 0.2,
    "mrr_top4": 0.2,
    "ndcg10": 0.167555341824438,
    "ndcg_at_4": 0.04166423104576856,
    "ndcg_at_12": 0.23475421260903376,
    "ndcg_at_16": 0.23478711584841386,
    "ndcg_at_20": 0.39055415441516933,
    "roc_auc_upset": 0.7361111111111112
  },
  "test_metrics_model_c": {
    "ndcg": 0.05124995751403931,
    "spearman": 0.30189098998887653,
    "mrr_top2": 0.0625,
    "mrr_top4": 0.2,
    "ndcg10": 0.05124995751403931,
    "ndcg_at_4": 0.00711064040423231,
    "ndcg_at_12": 0.056899138174850025,
    "ndcg_at_16": 0.1769467286075223,
    "ndcg_at_20": 0.17934445367388585,
    "roc_auc_upset": 0.8258928571428571
  },
  "test_metrics_by_conference": {
    "E": {
      "ndcg": 0.2553921318355004,
      "spearman": 0.2178571428571428
    },
    "W": {
      "ndcg": 0.7723141400583361,
      "spearman": 0.657142857142857
    }
  },
  "by_season": {
    "2023-24": {
      "test_metrics_ensemble": {
        "ndcg": 0.5610690711016665,
        "spearman": 0.4273637374860957,
        "mrr_top2": 1.0,
        "mrr_top4": 1.0,
        "ndcg10": 0.5610690711016665,
        "ndcg_at_4": 0.3560053866302678,
        "ndcg_at_12": 0.6075929409579734,
        "ndcg_at_16": 0.6075528329176478,
        "ndcg_at_20": 0.6081475401824089,
        "roc_auc_upset": 0.736111111111111,
        "rank_mae_pred_vs_playoff_final_results": 7.266666889190674,
        "rank_rmse_pred_vs_playoff_final_results": 9.262828826904297,
        "rank_mae_eos_standings_vs_playoff_final_results": 3.7333333333333334,
        "rank_rmse_eos_standings_vs_playoff_final_results": 6.093712606722878,
        "playoff_metrics": {
          "spearman_pred_vs_playoff_final_results": 0.4460511679644049,
          "ndcg_at_4_final_four": 0.3560053866302678,
          "ndcg10_pred_vs_playoff_final_results": 0.5610743204009532,
          "brier_championship_odds": 0.03222232684493065,
          "rank_mae_pred_vs_playoff_final_results": 7.266666889190674,
          "rank_rmse_pred_vs_playoff_final_results": 9.262828826904297,
          "rank_mae_eos_standings_vs_playoff_final_results": 3.7333333333333334,
          "rank_rmse_eos_standings_vs_playoff_final_results": 6.093712606722878
        }
      },
      "test_metrics_model_a": {
        "ndcg": 0.5610690711016665,
        "spearman": 0.42380422691879865,
        "mrr_top2": 1.0,
        "mrr_top4": 1.0,
        "ndcg10": 0.5610690711016665,
        "ndcg_at_4": 0.3560053866302678,
        "ndcg_at_12": 0.6075929409579734,
        "ndcg_at_16": 0.6075528329176478,
        "ndcg_at_20": 0.6081475401824089,
        "roc_auc_upset": 0.7407407407407407
      },
      "test_metrics_model_b": {
        "ndcg": 0.824193024239035,
        "spearman": 0.4576195773081201,
        "mrr_top2": 1.0,
        "mrr_top4": 1.0,
        "ndcg10": 0.824193024239035,
        "ndcg_at_4": 0.7116242168324007,
        "ndcg_at_12": 0.824000729121547,
        "ndcg_at_16": 0.8240194834139323,
        "ndcg_at_20": 0.8676589952354751,
        "roc_auc_upset": 0.71875
      },
      "test_metrics_model_c": {
        "ndcg": 0.333487026575135,
        "spearman": 0.23159065628476083,
        "mrr_top2": 0.16666666666666666,
        "mrr_top4": 0.16666666666666666,
        "ndcg10": 0.333487026575135,
        "ndcg_at_4": 0.0011069724610271625,
        "ndcg_at_12": 0.33890731926775686,
        "ndcg_at_16": 0.35966393831396193,
        "ndcg_at_20": 0.3699999322309346,
        "roc_auc_upset": 0.7633928571428571
      },
      "test_metrics_by_conference": {
        "E": {
          "ndcg": 0.3869402032684001,
          "spearman": 0.2964285714285714
        },
        "W": {
          "ndcg": 0.9184980137023568,
          "spearman": 0.5214285714285714
        }
      },
      "notes": {
        "eos_rank_source": "eos_final_rank"
      }
    },
    "2024-25": {
      "test_metrics_ensemble": {
        "ndcg": 0.48959581442253935,
        "spearman": 0.4687430478309232,
        "mrr_top2": 0.5,
        "mrr_top4": 0.5,
        "ndcg10": 0.48959581442253935,
        "ndcg_at_4": 0.4640705200119564,
        "ndcg_at_12": 0.5351098760680277,
        "ndcg_at_16": 0.5350905261118412,
        "ndcg_at_20": 0.5386942992630785,
        "roc_auc_upset": 0.746606334841629,
        "rank_mae_pred_vs_playoff_final_results": 6.733333110809326,
        "rank_rmse_pred_vs_playoff_final_results": 8.921883583068848,
        "rank_mae_eos_standings_vs_playoff_final_results": 3.1333333333333333,
        "rank_rmse_eos_standings_vs_playoff_final_results": 4.449719092257398,
        "playoff_metrics": {
          "spearman_pred_vs_playoff_final_results": 0.4687430478309232,
          "ndcg_at_4_final_four": 0.4640551772443684,
          "ndcg10_pred_vs_playoff_final_results": 0.4895803801396326,
          "brier_championship_odds": 0.03222232684493065,
          "rank_mae_pred_vs_playoff_final_results": 6.733333110809326,
          "rank_rmse_pred_vs_playoff_final_results": 8.921883583068848,
          "rank_mae_eos_standings_vs_playoff_final_results": 3.1333333333333333,
          "rank_rmse_eos_standings_vs_playoff_final_results": 4.449719092257398
        }
      },
      "test_metrics_model_a": {
        "ndcg": 0.48959581442253935,
        "spearman": 0.4638487208008899,
        "mrr_top2": 0.5,
        "mrr_top4": 0.5,
        "ndcg10": 0.48959581442253935,
        "ndcg_at_4": 0.4640705200119564,
        "ndcg_at_12": 0.5347671828506472,
        "ndcg_at_16": 0.5350809036034256,