{
  "test_metrics_ensemble": {
    "ndcg": 0.548334171243635,
    "spearman": 0.3704115684093437,
    "mrr_top2": 1.0,
    "mrr_top4": 1.0,
    "ndcg10": 0.548334171243635,
    "ndcg_at_4": 0.35315119534797357,
    "ndcg_at_12": 0.5920818318975697,
    "ndcg_at_16": 0.5933365500837555,
    "ndcg_at_20": 0.593942446735944,
    "roc_auc_upset": 0.7767857142857142,
    "rank_mae_pred_vs_playoff_final_results": 7.933333396911621,
    "rank_rmse_pred_vs_playoff_final_results": 9.71253490447998,
    "rank_mae_eos_standings_vs_playoff_final_results": 3.7333333333333334,
    "rank_rmse_eos_standings_vs_playoff_final_results": 6.093712606722878,
    "playoff_metrics": {
      "spearman_pred_vs_playoff_final_results": 0.4042269187986652,
      "ndcg_at_4_final_four": 0.35315119534797357,
      "ndcg10_pred_vs_playoff_final_results": 0.5483391833122163,
      "brier_championship_odds": 0.03222232684493065,
      "rank_mae_pred_vs_playoff_final_results": 7.933333396911621,
      "rank_rmse_pred_vs_playoff_final_results": 9.71253490447998,
      "rank_mae_eos_standings_vs_playoff_final_results": 3.7333333333333334,
      "rank_rmse_eos_standings_vs_playoff_final_results": 6.093712606722878
    }
  },
  "test_metrics_model_a": {
    "ndcg": 0.548334171243635,
    "spearman": 0.37619577308120133,
    "mrr_top2": 1.0,
    "mrr_top4": 1.0,
    "ndcg10": 0.548334171243635,
    "ndcg_at_4": 0.35315119534797357,
    "ndcg_at_12": 0.5934953008182897,
    "ndcg_at_16": 0.594749910582981,
    "ndcg_at_20": 0.5953558010188973,
    "roc_auc_upset": 0.7723214285714286
  },
  "test_metrics_model_b": {
    "ndcg": 0.8062814887710054,
    "spearman": 0.3810901001112347,
    "mrr_top2": 1.0,
    "mrr_top4": 1.0,
    "ndcg10": 0.8062814887710054,
    "ndcg_at_4": 0.7116242168324007,
    "ndcg_at_12": 0.8060924934497766,
    "ndcg_at_16": 0.8111079738573242,
    "ndcg_at_20": 0.8111849885158116,
    "roc_auc_upset": 0.8009049773755655
  },
  "test_metrics_model_c": {
    "ndcg": 0.333487026575135,
    "spearman": 0.23159065628476083,
    "mrr_top2": 0.16666666666666666,
    "mrr_top4": 0.16666666666666666,
    "ndcg10": 0.333487026575135,
    "ndcg_at_4": 0.0011069724610271625,
    "ndcg_at_12": 0.33890731926775686,
    "ndcg_at_16": 0.35966393831396193,
    "ndcg_at_20": 0.3699999322309346,
    "roc_auc_upset": 0.7633928571428571
  },
  "test_metrics_by_conference": {
    "E": {
      "ndcg": 0.38504331979094114,
      "spearman": 0.23571428571428568
    },
    "W": {
      "ndcg": 0.9078109931735288,
      "spearman": 0.5214285714285714
    }
  },
  "notes": {
    "eos_rank_source": "eos_final_rank"
  }
}