{
  "test_metrics_ensemble": {
    "ndcg": 0.48265715328572206,
    "spearman": 0.4295884315906563,
    "mrr_top2": 0.5,
    "mrr_top4": 0.5,
    "ndcg10": 0.48265715328572206,
    "ndcg_at_4": 0.4643944167678145,
    "ndcg_at_12": 0.526417226595694,
    "ndcg_at_16": 0.5263990698413993,
    "ndcg_at_20": 0.5299019954159434,
    "roc_auc_upset": 0.7857142857142857,
    "rank_mae_pred_vs_playoff_final_results": 7.266666889190674,
    "rank_rmse_pred_vs_playoff_final_results": 9.244818687438965,
    "rank_mae_eos_standings_vs_playoff_final_results": 3.1333333333333333,
    "rank_rmse_eos_standings_vs_playoff_final_results": 4.449719092257398,
    "playoff_metrics": {
      "spearman_pred_vs_playoff_final_results": 0.43759733036707454,
      "ndcg_at_4_final_four": 0.4643812234227066,
      "ndcg10_pred_vs_playoff_final_results": 0.4826443226387331,
      "brier_championship_odds": 0.03222232684493065,
      "rank_mae_pred_vs_playoff_final_results": 7.266666889190674,
      "rank_rmse_pred_vs_playoff_final_results": 9.244818687438965,
      "rank_mae_eos_standings_vs_playoff_final_results": 3.1333333333333333,
      "rank_rmse_eos_standings_vs_playoff_final_results": 4.449719092257398
    }
  },
  "test_metrics_model_a": {
    "ndcg": 0.48265715328572206,
    "spearman": 0.4295884315906563,
    "mrr_top2": 0.5,
    "mrr_top4": 0.5,
    "ndcg10": 0.48265715328572206,
    "ndcg_at_4": 0.4643944167678145,
    "ndcg_at_12": 0.526417226595694,
    "ndcg_at_16": 0.5263990698413993,
    "ndcg_at_20": 0.5299019954159434,
    "roc_auc_upset": 0.7857142857142857
  },
  "test_metrics_model_b": {
    "ndcg": 0.2143905751708314,
    "spearman": 0.5790878754171301,
    "mrr_top2": 0.2,
    "mrr_top4": 0.2,
    "ndcg10": 0.2143905751708314,
    "ndcg_at_4": 0.04166423104576856,
    "ndcg_at_12": 0.21434532360921518,
    "ndcg_at_16": 0.23474991737447318,
    "ndcg_at_20": 0.3905174680215052,
    "roc_auc_upset": 0.8088888888888889
  },
  "test_metrics_model_c": {
    "ndcg": 0.05124995751403931,
    "spearman": 0.307230255839822,
    "mrr_top2": 0.0625,
    "mrr_top4": 0.2,
    "ndcg10": 0.05124995751403931,
    "ndcg_at_4": 0.00711064040423231,
    "ndcg_at_12": 0.056899138174850025,
    "ndcg_at_16": 0.1769467286075223,
    "ndcg_at_20": 0.17934460063934335,
    "roc_auc_upset": 0.8214285714285714
  },
  "test_metrics_by_conference": {
    "E": {
      "ndcg": 0.2643673621407006,
      "spearman": 0.22142857142857136
    },
    "W": {
      "ndcg": 0.7510775020335729,
      "spearman": 0.6285714285714286
    }
  },
  "notes": {
    "eos_rank_source": "eos_final_rank"
  }
}