{
  "notes": {
    "eval_on": "test",
    "eos_rank_source": "eos_final_rank",
    "upset_definition": "sleeper = EOS_global_rank > predicted_strength",
    "mrr_top2": "1/rank of first team in top 2 (champion+runner-up) in predicted order.",
    "mrr_top4": "1/rank of first team in top 4 (conference finals) in predicted order.",
    "per_conference_relevance": "Within E/W: actual rank derived from EOS_global_rank (1=best in conf); NDCG/Spearman use this relevance.",
    "playoff_metrics": "Spearman (pred global vs playoff_final_results), NDCG@4 (final four), Brier (champion vs odds). rank_mae/rank_rmse: pred vs playoff_final_results; eos_standings vs playoff_final_results (baseline)."
  },
  "split_info": {
    "train_frac": 0.75,
    "n_train_dates": 141,
    "n_test_dates": 36,
    "split_mode": "seasons"
  },
  "test_metrics_ensemble": {
    "ndcg": 0.48265715328572206,
    "spearman": 0.4295884315906563,
    "mrr_top2": 0.5,
    "mrr_top4": 0.5,
    "ndcg10": 0.48265715328572206,
    "ndcg_at_4": 0.4643944167678145,
    "ndcg_at_12": 0.526417226595694,
    "ndcg_at_16": 0.5263990698413993,
    "ndcg_at_20": 0.5299019954159434,
    "roc_auc_upset": 0.7857142857142857,
    "rank_mae_pred_vs_playoff_final_results": 7.266666889190674,
    "rank_rmse_pred_vs_playoff_final_results": 9.244818687438965,
    "rank_mae_eos_standings_vs_playoff_final_results": 3.1333333333333333,
    "rank_rmse_eos_standings_vs_playoff_final_results": 4.449719092257398,
    "playoff_metrics": {
      "spearman_pred_vs_playoff_final_results": 0.43759733036707454,
      "ndcg_at_4_final_four": 0.4643812234227066,
      "ndcg10_pred_vs_playoff_final_results": 0.4826443226387331,
      "brier_championship_odds": 0.03222232684493065,
      "rank_mae_pred_vs_playoff_final_results": 7.266666889190674,
      "rank_rmse_pred_vs_playoff_final_results": 9.244818687438965,
      "rank_mae_eos_standings_vs_playoff_final_results": 3.1333333333333333,
      "rank_rmse_eos_standings_vs_playoff_final_results": 4.449719092257398
    }
  },
  "test_metrics_model_a": {
    "ndcg": 0.48265715328572206,
    "spearman": 0.4295884315906563,
    "mrr_top2": 0.5,
    "mrr_top4": 0.5,
    "ndcg10": 0.48265715328572206,
    "ndcg_at_4": 0.4643944167678145,
    "ndcg_at_12": 0.526417226595694,
    "ndcg_at_16": 0.5263990698413993,
    "ndcg_at_20": 0.5299019954159434,
    "roc_auc_upset": 0.7857142857142857
  },
  "test_metrics_model_b": {
    "ndcg": 0.2143905751708314,
    "spearman": 0.5790878754171301,
    "mrr_top2": 0.2,
    "mrr_top4": 0.2,
    "ndcg10": 0.2143905751708314,
    "ndcg_at_4": 0.04166423104576856,
    "ndcg_at_12": 0.21434532360921518,
    "ndcg_at_16": 0.23474991737447318,
    "ndcg_at_20": 0.3905174680215052,
    "roc_auc_upset": 0.8088888888888889
  },
  "test_metrics_model_c": {
    "ndcg": 0.05124995751403931,
    "spearman": 0.307230255839822,
    "mrr_top2": 0.0625,
    "mrr_top4": 0.2,
    "ndcg10": 0.05124995751403931,
    "ndcg_at_4": 0.00711064040423231,
    "ndcg_at_12": 0.056899138174850025,
    "ndcg_at_16": 0.1769467286075223,
    "ndcg_at_20": 0.17934460063934335,
    "roc_auc_upset": 0.8214285714285714
  },
  "test_metrics_by_conference": {
    "E": {
      "ndcg": 0.2643673621407006,
      "spearman": 0.22142857142857136
    },
    "W": {
      "ndcg": 0.7510775020335729,
      "spearman": 0.6285714285714286
    }
  },
  "by_season": {
    "2023-24": {
      "test_metrics_ensemble": {
        "ndcg": 0.548334171243635,
        "spearman": 0.3704115684093437,
        "mrr_top2": 1.0,
        "mrr_top4": 1.0,
        "ndcg10": 0.548334171243635,
        "ndcg_at_4": 0.35315119534797357,
        "ndcg_at_12": 0.5920818318975697,
        "ndcg_at_16": 0.5933365500837555,
        "ndcg_at_20": 0.593942446735944,
        "roc_auc_upset": 0.7767857142857142,
        "rank_mae_pred_vs_playoff_final_results": 7.933333396911621,
        "rank_rmse_pred_vs_playoff_final_results": 9.71253490447998,
        "rank_mae_eos_standings_vs_playoff_final_results": 3.7333333333333334,
        "rank_rmse_eos_standings_vs_playoff_final_results": 6.093712606722878,
        "playoff_metrics": {
          "spearman_pred_vs_playoff_final_results": 0.4042269187986652,
          "ndcg_at_4_final_four": 0.35315119534797357,
          "ndcg10_pred_vs_playoff_final_results": 0.5483391833122163,
          "brier_championship_odds": 0.03222232684493065,
          "rank_mae_pred_vs_playoff_final_results": 7.933333396911621,
          "rank_rmse_pred_vs_playoff_final_results": 9.71253490447998,
          "rank_mae_eos_standings_vs_playoff_final_results": 3.7333333333333334,
          "rank_rmse_eos_standings_vs_playoff_final_results": 6.093712606722878
        }
      },
      "test_metrics_model_a": {
        "ndcg": 0.548334171243635,
        "spearman": 0.37619577308120133,
        "mrr_top2": 1.0,
        "mrr_top4": 1.0,
        "ndcg10": 0.548334171243635,
        "ndcg_at_4": 0.35315119534797357,
        "ndcg_at_12": 0.5934953008182897,
        "ndcg_at_16": 0.594749910582981,
        "ndcg_at_20": 0.5953558010188973,
        "roc_auc_upset": 0.7723214285714286
      },
      "test_metrics_model_b": {
        "ndcg": 0.8062814887710054,
        "spearman": 0.3810901001112347,
        "mrr_top2": 1.0,
        "mrr_top4": 1.0,
        "ndcg10": 0.8062814887710054,
        "ndcg_at_4": 0.7116242168324007,
        "ndcg_at_12": 0.8060924934497766,
        "ndcg_at_16": 0.8111079738573242,
        "ndcg_at_20": 0.8111849885158116,
        "roc_auc_upset": 0.8009049773755655
      },
      "test_metrics_model_c": {
        "ndcg": 0.333487026575135,
        "spearman": 0.23159065628476083,
        "mrr_top2": 0.16666666666666666,
        "mrr_top4": 0.16666666666666666,
        "ndcg10": 0.333487026575135,
        "ndcg_at_4": 0.0011069724610271625,
        "ndcg_at_12": 0.33890731926775686,
        "ndcg_at_16": 0.35966393831396193,
        "ndcg_at_20": 0.3699999322309346,
        "roc_auc_upset": 0.7633928571428571
      },
      "test_metrics_by_conference": {
        "E": {
          "ndcg": 0.38504331979094114,
          "spearman": 0.23571428571428568
        },
        "W": {
          "ndcg": 0.9078109931735288,
          "spearman": 0.5214285714285714
        }
      },
      "notes": {
        "eos_rank_source": "eos_final_rank"
      }
    },
    "2024-25": {
      "test_metrics_ensemble": {
        "ndcg": 0.48265715328572206,
        "spearman": 0.4295884315906563,
        "mrr_top2": 0.5,
        "mrr_top4": 0.5,
        "ndcg10": 0.48265715328572206,
        "ndcg_at_4": 0.4643944167678145,
        "ndcg_at_12": 0.526417226595694,
        "ndcg_at_16": 0.5263990698413993,
        "ndcg_at_20": 0.5299019954159434,
        "roc_auc_upset": 0.7857142857142857,
        "rank_mae_pred_vs_playoff_final_results": 7.266666889190674,
        "rank_rmse_pred_vs_playoff_final_results": 9.244818687438965,
        "rank_mae_eos_standings_vs_playoff_final_results": 3.1333333333333333,
        "rank_rmse_eos_standings_vs_playoff_final_results": 4.449719092257398,
        "playoff_metrics": {
          "spearman_pred_vs_playoff_final_results": 0.43759733036707454,
          "ndcg_at_4_final_four": 0.4643812234227066,
          "ndcg10_pred_vs_playoff_final_results": 0.4826443226387331,
          "brier_championship_odds": 0.03222232684493065,
          "rank_mae_pred_vs_playoff_final_results": 7.266666889190674,
          "rank_rmse_pred_vs_playoff_final_results": 9.244818687438965,
          "rank_mae_eos_standings_vs_playoff_final_results": 3.1333333333333333,
          "rank_rmse_eos_standings_vs_playoff_final_results": 4.449719092257398
        }
      },
      "test_metrics_model_a": {
        "ndcg": 0.48265715328572206,
        "spearman": 0.4295884315906563,
        "mrr_top2": 0.5,
        "mrr_top4": 0.5,
        "ndcg10": 0.48265715328572206,
        "ndcg_at_4": 0.4643944167678145,
        "ndcg_at_12": 0.526417226595694,
        "ndcg_at_16": 0.5263990698413993,