{
  "test_metrics_ensemble": {
    "ndcg": 0.5926225235111956,
    "spearman": 0.4117908787541713,
    "mrr_top2": 1.0,
    "mrr_top4": 1.0,
    "ndcg10": 0.5926225235111956,
    "ndcg_at_4": 0.35315119534797357,
    "ndcg_at_12": 0.5924722185659442,
    "ndcg_at_16": 0.5937270260794975,
    "ndcg_at_20": 0.5943021310496658,
    "roc_auc_upset": 0.7544642857142858,
    "rank_mae_pred_vs_playoff_final_results": 7.400000095367432,
    "rank_rmse_pred_vs_playoff_final_results": 9.387935638427734,
    "rank_mae_eos_standings_vs_playoff_final_results": 3.7333333333333334,
    "rank_rmse_eos_standings_vs_playoff_final_results": 6.093712606722878,
    "playoff_metrics": {
      "spearman_pred_vs_playoff_final_results": 0.4362625139043382,
      "ndcg_at_4_final_four": 0.35315119534797357,
      "ndcg10_pred_vs_playoff_final_results": 0.5926218043568695,
      "brier_championship_odds": 0.03222232684493065,
      "rank_mae_pred_vs_playoff_final_results": 7.400000095367432,
      "rank_rmse_pred_vs_playoff_final_results": 9.387935638427734,
      "rank_mae_eos_standings_vs_playoff_final_results": 3.7333333333333334,
      "rank_rmse_eos_standings_vs_playoff_final_results": 6.093712606722878
    }
  },
  "test_metrics_model_a": {
    "ndcg": 0.5926225235111956,
    "spearman": 0.403781979977753,
    "mrr_top2": 1.0,
    "mrr_top4": 1.0,
    "ndcg10": 0.5926225235111956,
    "ndcg_at_4": 0.35315119534797357,
    "ndcg_at_12": 0.5924722185659442,
    "ndcg_at_16": 0.5936967918935335,
    "ndcg_at_20": 0.5942718969966785,
    "roc_auc_upset": 0.7589285714285714
  },
  "test_metrics_model_b": {
    "ndcg": 0.80177726491769,
    "spearman": 0.4696329254727475,
    "mrr_top2": 1.0,
    "mrr_top4": 1.0,
    "ndcg10": 0.80177726491769,
    "ndcg_at_4": 0.6907114070725182,
    "ndcg_at_12": 0.8016765689799008,
    "ndcg_at_16": 0.806584433954041,
    "ndcg_at_20": 0.844813412448701,
    "roc_auc_upset": 0.8
  },
  "test_metrics_model_c": {
    "ndcg": 0.333487026575135,
    "spearman": 0.23159065628476083,
    "mrr_top2": 0.16666666666666666,
    "mrr_top4": 0.16666666666666666,
    "ndcg10": 0.333487026575135,
    "ndcg_at_4": 0.0011069724610271625,
    "ndcg_at_12": 0.33890731926775686,
    "ndcg_at_16": 0.35966393831396193,
    "ndcg_at_20": 0.3699999322309346,
    "roc_auc_upset": 0.7633928571428571
  },
  "test_metrics_by_conference": {
    "E": {
      "ndcg": 0.3730098037471087,
      "spearman": 0.2285714285714285
    },
    "W": {
      "ndcg": 0.9433804815613464,
      "spearman": 0.575
    }
  },
  "notes": {
    "eos_rank_source": "eos_final_rank"
  }
}