{
  "test_metrics_ensemble": {
    "ndcg": 0.4983190821980289,
    "spearman": 0.47452725250278077,
    "mrr_top2": 0.5,
    "mrr_top4": 0.5,
    "ndcg10": 0.4983190821980289,
    "ndcg_at_4": 0.5059460470155133,
    "ndcg_at_12": 0.5424282551171141,
    "ndcg_at_16": 0.5424083437976164,
    "ndcg_at_20": 0.5459711770331557,
    "roc_auc_upset": 0.7946428571428571,
    "rank_mae_pred_vs_playoff_final_results": 6.733333110809326,
    "rank_rmse_pred_vs_playoff_final_results": 8.873180389404297,
    "rank_mae_eos_standings_vs_playoff_final_results": 3.1333333333333333,
    "rank_rmse_eos_standings_vs_playoff_final_results": 4.449719092257398,
    "playoff_metrics": {
      "spearman_pred_vs_playoff_final_results": 0.4709677419354839,
      "ndcg_at_4_final_four": 0.5059460470155133,
      "ndcg10_pred_vs_playoff_final_results": 0.4983070176678008,
      "brier_championship_odds": 0.03222232684493065,
      "rank_mae_pred_vs_playoff_final_results": 6.733333110809326,
      "rank_rmse_pred_vs_playoff_final_results": 8.873180389404297,
      "rank_mae_eos_standings_vs_playoff_final_results": 3.1333333333333333,
      "rank_rmse_eos_standings_vs_playoff_final_results": 4.449719092257398
    }
  },
  "test_metrics_model_a": {
    "ndcg": 0.49795671662659147,
    "spearman": 0.46607341490545046,
    "mrr_top2": 0.5,
    "mrr_top4": 0.5,
    "ndcg10": 0.49795671662659147,
    "ndcg_at_4": 0.5058932736350814,
    "ndcg_at_12": 0.5420659847272185,
    "ndcg_at_16": 0.5420466276198646,
    "ndcg_at_20": 0.5455718302451638,
    "roc_auc_upset": 0.8088888888888889
  },
  "test_metrics_model_b": {
    "ndcg": 0.1575292919018129,
    "spearman": 0.6053392658509456,
    "mrr_top2": 0.16666666666666666,
    "mrr_top4": 0.16666666666666666,
    "ndcg10": 0.1575292919018129,
    "ndcg_at_4": 0.04166423104576856,
    "ndcg_at_12": 0.202830573472326,
    "ndcg_at_16": 0.38210745761933074,
    "ndcg_at_20": 0.3821066752354124,
    "roc_auc_upset": 0.8009049773755657
  },
  "test_metrics_model_c": {
    "ndcg": 0.05124995751403931,
    "spearman": 0.307230255839822,
    "mrr_top2": 0.0625,
    "mrr_top4": 0.2,
    "ndcg10": 0.05124995751403931,
    "ndcg_at_4": 0.00711064040423231,
    "ndcg_at_12": 0.056899138174850025,
    "ndcg_at_16": 0.1769467286075223,
    "ndcg_at_20": 0.17934460063934335,
    "roc_auc_upset": 0.8214285714285714
  },
  "test_metrics_by_conference": {
    "E": {
      "ndcg": 0.2519162284158312,
      "spearman": 0.2071428571428571
    },
    "W": {
      "ndcg": 0.7723141400583361,
      "spearman": 0.7035714285714285
    }
  },
  "notes": {
    "eos_rank_source": "eos_final_rank"
  }
}