{
  "notes": {
    "eval_on": "test",
    "eos_rank_source": "eos_final_rank",
    "upset_definition": "sleeper = EOS_global_rank > predicted_strength",
    "mrr_top2": "1/rank of first team in top 2 (champion+runner-up) in predicted order.",
    "mrr_top4": "1/rank of first team in top 4 (conference finals) in predicted order.",
    "per_conference_relevance": "Within E/W: actual rank derived from EOS_global_rank (1=best in conf); NDCG/Spearman use this relevance.",
    "playoff_metrics": "Spearman (pred global vs playoff_final_results), NDCG@4 (final four), Brier (champion vs odds). rank_mae/rank_rmse: pred vs playoff_final_results; eos_standings vs playoff_final_results (baseline)."
  },
  "split_info": {
    "train_frac": 0.75,
    "n_train_dates": 141,
    "n_test_dates": 36,
    "split_mode": "seasons"
  },
  "test_metrics_ensemble": {
    "ndcg": 0.4983190821980289,
    "spearman": 0.47452725250278077,
    "mrr_top2": 0.5,
    "mrr_top4": 0.5,
    "ndcg10": 0.4983190821980289,
    "ndcg_at_4": 0.5059460470155133,
    "ndcg_at_12": 0.5424282551171141,
    "ndcg_at_16": 0.5424083437976164,
    "ndcg_at_20": 0.5459711770331557,
    "roc_auc_upset": 0.7946428571428571,
    "rank_mae_pred_vs_playoff_final_results": 6.733333110809326,
    "rank_rmse_pred_vs_playoff_final_results": 8.873180389404297,
    "rank_mae_eos_standings_vs_playoff_final_results": 3.1333333333333333,
    "rank_rmse_eos_standings_vs_playoff_final_results": 4.449719092257398,
    "playoff_metrics": {
      "spearman_pred_vs_playoff_final_results": 0.4709677419354839,
      "ndcg_at_4_final_four": 0.5059460470155133,
      "ndcg10_pred_vs_playoff_final_results": 0.4983070176678008,
      "brier_championship_odds": 0.03222232684493065,
      "rank_mae_pred_vs_playoff_final_results": 6.733333110809326,
      "rank_rmse_pred_vs_playoff_final_results": 8.873180389404297,
      "rank_mae_eos_standings_vs_playoff_final_results": 3.1333333333333333,
      "rank_rmse_eos_standings_vs_playoff_final_results": 4.449719092257398
    }
  },
  "test_metrics_model_a": {
    "ndcg": 0.49795671662659147,
    "spearman": 0.46607341490545046,
    "mrr_top2": 0.5,
    "mrr_top4": 0.5,
    "ndcg10": 0.49795671662659147,
    "ndcg_at_4": 0.5058932736350814,
    "ndcg_at_12": 0.5420659847272185,
    "ndcg_at_16": 0.5420466276198646,
    "ndcg_at_20": 0.5455718302451638,
    "roc_auc_upset": 0.8088888888888889
  },
  "test_metrics_model_b": {
    "ndcg": 0.1575292919018129,
    "spearman": 0.6053392658509456,
    "mrr_top2": 0.16666666666666666,
    "mrr_top4": 0.16666666666666666,
    "ndcg10": 0.1575292919018129,
    "ndcg_at_4": 0.04166423104576856,
    "ndcg_at_12": 0.202830573472326,
    "ndcg_at_16": 0.38210745761933074,
    "ndcg_at_20": 0.3821066752354124,
    "roc_auc_upset": 0.8009049773755657
  },
  "test_metrics_model_c": {
    "ndcg": 0.05124995751403931,
    "spearman": 0.307230255839822,
    "mrr_top2": 0.0625,
    "mrr_top4": 0.2,
    "ndcg10": 0.05124995751403931,
    "ndcg_at_4": 0.00711064040423231,
    "ndcg_at_12": 0.056899138174850025,
    "ndcg_at_16": 0.1769467286075223,
    "ndcg_at_20": 0.17934460063934335,
    "roc_auc_upset": 0.8214285714285714
  },
  "test_metrics_by_conference": {
    "E": {
      "ndcg": 0.2519162284158312,
      "spearman": 0.2071428571428571
    },
    "W": {
      "ndcg": 0.7723141400583361,
      "spearman": 0.7035714285714285
    }
  },
  "by_season": {
    "2023-24": {
      "test_metrics_ensemble": {
        "ndcg": 0.5926225235111956,
        "spearman": 0.4117908787541713,
        "mrr_top2": 1.0,
        "mrr_top4": 1.0,
        "ndcg10": 0.5926225235111956,
        "ndcg_at_4": 0.35315119534797357,
        "ndcg_at_12": 0.5924722185659442,
        "ndcg_at_16": 0.5937270260794975,
        "ndcg_at_20": 0.5943021310496658,
        "roc_auc_upset": 0.7544642857142858,
        "rank_mae_pred_vs_playoff_final_results": 7.400000095367432,
        "rank_rmse_pred_vs_playoff_final_results": 9.387935638427734,
        "rank_mae_eos_standings_vs_playoff_final_results": 3.7333333333333334,
        "rank_rmse_eos_standings_vs_playoff_final_results": 6.093712606722878,
        "playoff_metrics": {
          "spearman_pred_vs_playoff_final_results": 0.4362625139043382,
          "ndcg_at_4_final_four": 0.35315119534797357,
          "ndcg10_pred_vs_playoff_final_results": 0.5926218043568695,
          "brier_championship_odds": 0.03222232684493065,
          "rank_mae_pred_vs_playoff_final_results": 7.400000095367432,
          "rank_rmse_pred_vs_playoff_final_results": 9.387935638427734,
          "rank_mae_eos_standings_vs_playoff_final_results": 3.7333333333333334,
          "rank_rmse_eos_standings_vs_playoff_final_results": 6.093712606722878
        }
      },
      "test_metrics_model_a": {
        "ndcg": 0.5926225235111956,
        "spearman": 0.403781979977753,
        "mrr_top2": 1.0,
        "mrr_top4": 1.0,
        "ndcg10": 0.5926225235111956,
        "ndcg_at_4": 0.35315119534797357,
        "ndcg_at_12": 0.5924722185659442,
        "ndcg_at_16": 0.5936967918935335,
        "ndcg_at_20": 0.5942718969966785,
        "roc_auc_upset": 0.7589285714285714
      },
      "test_metrics_model_b": {
        "ndcg": 0.80177726491769,
        "spearman": 0.4696329254727475,
        "mrr_top2": 1.0,
        "mrr_top4": 1.0,
        "ndcg10": 0.80177726491769,
        "ndcg_at_4": 0.6907114070725182,
        "ndcg_at_12": 0.8016765689799008,
        "ndcg_at_16": 0.806584433954041,
        "ndcg_at_20": 0.844813412448701,
        "roc_auc_upset": 0.8
      },
      "test_metrics_model_c": {
        "ndcg": 0.333487026575135,
        "spearman": 0.23159065628476083,
        "mrr_top2": 0.16666666666666666,
        "mrr_top4": 0.16666666666666666,
        "ndcg10": 0.333487026575135,
        "ndcg_at_4": 0.0011069724610271625,
        "ndcg_at_12": 0.33890731926775686,
        "ndcg_at_16": 0.35966393831396193,
        "ndcg_at_20": 0.3699999322309346,
        "roc_auc_upset": 0.7633928571428571
      },
      "test_metrics_by_conference": {
        "E": {
          "ndcg": 0.3730098037471087,
          "spearman": 0.2285714285714285
        },
        "W": {
          "ndcg": 0.9433804815613464,
          "spearman": 0.575
        }
      },
      "notes": {
        "eos_rank_source": "eos_final_rank"
      }
    },
    "2024-25": {
      "test_metrics_ensemble": {
        "ndcg": 0.4983190821980289,
        "spearman": 0.47452725250278077,
        "mrr_top2": 0.5,
        "mrr_top4": 0.5,
        "ndcg10": 0.4983190821980289,
        "ndcg_at_4": 0.5059460470155133,
        "ndcg_at_12": 0.5424282551171141,
        "ndcg_at_16": 0.5424083437976164,
        "ndcg_at_20": 0.5459711770331557,
        "roc_auc_upset": 0.7946428571428571,
        "rank_mae_pred_vs_playoff_final_results": 6.733333110809326,
        "rank_rmse_pred_vs_playoff_final_results": 8.873180389404297,
        "rank_mae_eos_standings_vs_playoff_final_results": 3.1333333333333333,
        "rank_rmse_eos_standings_vs_playoff_final_results": 4.449719092257398,
        "playoff_metrics": {
          "spearman_pred_vs_playoff_final_results": 0.4709677419354839,
          "ndcg_at_4_final_four": 0.5059460470155133,
          "ndcg10_pred_vs_playoff_final_results": 0.4983070176678008,
          "brier_championship_odds": 0.03222232684493065,
          "rank_mae_pred_vs_playoff_final_results": 6.733333110809326,
          "rank_rmse_pred_vs_playoff_final_results": 8.873180389404297,
          "rank_mae_eos_standings_vs_playoff_final_results": 3.1333333333333333,
          "rank_rmse_eos_standings_vs_playoff_final_results": 4.449719092257398
        }
      },
      "test_metrics_model_a": {
        "ndcg": 0.49795671662659147,
        "spearman": 0.46607341490545046,
        "mrr_top2": 0.5,
        "mrr_top4": 0.5,
        "ndcg10": 0.49795671662659147,
        "ndcg_at_4": 0.5058932736350814,
        "ndcg_at_12": 0.5420659847272185,
        "ndcg_at_16": 0.5420466276198646,