{
  "test_metrics_ensemble": {
    "ndcg": 0.5937390976295727,
    "spearman": 0.4304783092324805,
    "mrr_top2": 1.0,
    "mrr_top4": 1.0,
    "ndcg10": 0.5937390976295727,
    "ndcg_at_4": 0.33513898093933947,
    "ndcg_at_12": 0.5935844814989442,
    "ndcg_at_16": 0.594876932234545,
    "ndcg_at_20": 0.5954942305433907,
    "roc_auc_upset": 0.71875,
    "rank_mae_pred_vs_playoff_final_results": 7.333333492279053,
    "rank_rmse_pred_vs_playoff_final_results": 9.237604141235352,
    "rank_mae_eos_standings_vs_playoff_final_results": 3.7333333333333334,
    "rank_rmse_eos_standings_vs_playoff_final_results": 6.093712606722878,
    "playoff_metrics": {
      "spearman_pred_vs_playoff_final_results": 0.45850945494994433,
      "ndcg_at_4_final_four": 0.33513815635527017,
      "ndcg10_pred_vs_playoff_final_results": 0.5937382970074649,
      "brier_championship_odds": 0.03222232684493065,
      "rank_mae_pred_vs_playoff_final_results": 7.333333492279053,
      "rank_rmse_pred_vs_playoff_final_results": 9.237604141235352,
      "rank_mae_eos_standings_vs_playoff_final_results": 3.7333333333333334,
      "rank_rmse_eos_standings_vs_playoff_final_results": 6.093712606722878
    }
  },
  "test_metrics_model_a": {
    "ndcg": 0.5937390976295727,
    "spearman": 0.42469410456062295,
    "mrr_top2": 1.0,
    "mrr_top4": 1.0,
    "ndcg10": 0.5937390976295727,
    "ndcg_at_4": 0.33513898093933947,
    "ndcg_at_12": 0.5935844814989442,
    "ndcg_at_16": 0.594876932234545,
    "ndcg_at_20": 0.5954942305433907,
    "roc_auc_upset": 0.71875
  },
  "test_metrics_model_b": {
    "ndcg": 0.8167762461145109,
    "spearman": 0.4629588431590656,
    "mrr_top2": 1.0,
    "mrr_top4": 1.0,
    "ndcg10": 0.8167762461145109,
    "ndcg_at_4": 0.7116242168324007,
    "ndcg_at_12": 0.8165865031139985,
    "ndcg_at_16": 0.8563334081856544,
    "ndcg_at_20": 0.861112733786412,
    "roc_auc_upset": 0.7321428571428572
  },
  "test_metrics_model_c": {
    "ndcg": 0.333487026575135,
    "spearman": 0.23159065628476083,
    "mrr_top2": 0.16666666666666666,
    "mrr_top4": 0.16666666666666666,
    "ndcg10": 0.333487026575135,
    "ndcg_at_4": 0.0011069724610271625,
    "ndcg_at_12": 0.33890731926775686,
    "ndcg_at_16": 0.35966393831396193,
    "ndcg_at_20": 0.3699999322309346,
    "roc_auc_upset": 0.7633928571428571
  },
  "test_metrics_by_conference": {
    "E": {
      "ndcg": 0.3851402749883562,
      "spearman": 0.25357142857142856
    },
    "W": {
      "ndcg": 0.9322328541921252,
      "spearman": 0.5964285714285712
    }
  },
  "notes": {
    "eos_rank_source": "eos_final_rank"
  }
}