{
  "test_metrics_ensemble": {
    "ndcg": 0.48613161407409555,
    "spearman": 0.5065628476084539,
    "mrr_top2": 0.5,
    "mrr_top4": 0.5,
    "ndcg10": 0.48613161407409555,
    "ndcg_at_4": 0.4645175546554888,
    "ndcg_at_12": 0.5302439882410295,
    "ndcg_at_16": 0.5314670293307163,
    "ndcg_at_20": 0.5320665814789051,
    "roc_auc_upset": 0.75,
    "rank_mae_pred_vs_playoff_final_results": 6.733333110809326,
    "rank_rmse_pred_vs_playoff_final_results": 8.59844970703125,
    "rank_mae_eos_standings_vs_playoff_final_results": 3.1333333333333333,
    "rank_rmse_eos_standings_vs_playoff_final_results": 4.449719092257398,
    "playoff_metrics": {
      "spearman_pred_vs_playoff_final_results": 0.5003337041156841,
      "ndcg_at_4_final_four": 0.4645175546554888,
      "ndcg10_pred_vs_playoff_final_results": 0.4861195519107244,
      "brier_championship_odds": 0.03222232684493065,
      "rank_mae_pred_vs_playoff_final_results": 6.733333110809326,
      "rank_rmse_pred_vs_playoff_final_results": 8.59844970703125,
      "rank_mae_eos_standings_vs_playoff_final_results": 3.1333333333333333,
      "rank_rmse_eos_standings_vs_playoff_final_results": 4.449719092257398
    }
  },
  "test_metrics_model_a": {
    "ndcg": 0.48613161407409555,
    "spearman": 0.5065628476084539,
    "mrr_top2": 0.5,
    "mrr_top4": 0.5,
    "ndcg10": 0.48613161407409555,
    "ndcg_at_4": 0.4645175546554888,
    "ndcg_at_12": 0.5302439882410295,
    "ndcg_at_16": 0.5314670293307163,
    "ndcg_at_20": 0.5320665814789051,
    "roc_auc_upset": 0.75
  },
  "test_metrics_model_b": {
    "ndcg": 0.21441960365664167,
    "spearman": 0.5982202447163515,
    "mrr_top2": 0.2,
    "mrr_top4": 0.2,
    "ndcg10": 0.21441960365664167,
    "ndcg_at_4": 0.04166423104576856,
    "ndcg_at_12": 0.2370988985390561,
    "ndcg_at_16": 0.23713288182406164,
    "ndcg_at_20": 0.39289958898350946,
    "roc_auc_upset": 0.7555555555555555
  },
  "test_metrics_model_c": {
    "ndcg": 0.05124995751403931,
    "spearman": 0.307230255839822,
    "mrr_top2": 0.0625,
    "mrr_top4": 0.2,
    "ndcg10": 0.05124995751403931,
    "ndcg_at_4": 0.00711064040423231,
    "ndcg_at_12": 0.056899138174850025,
    "ndcg_at_16": 0.1769467286075223,
    "ndcg_at_20": 0.17934460063934335,
    "roc_auc_upset": 0.8214285714285714
  },
  "test_metrics_by_conference": {
    "E": {
      "ndcg": 0.2595236328252539,
      "spearman": 0.22499999999999998
    },
    "W": {
      "ndcg": 0.7621882543043447,
      "spearman": 0.7321428571428571
    }
  },
  "notes": {
    "eos_rank_source": "eos_final_rank"
  }
}