{
  "test_metrics_ensemble": {
    "ndcg": 0.535833193437327,
    "spearman": 0.511012235817575,
    "mrr_top2": 0.5,
    "mrr_top4": 0.5,
    "ndcg10": 0.535833193437327,
    "ndcg_at_4": 0.4643944167678145,
    "ndcg_at_12": 0.5360677808059949,
    "ndcg_at_16": 0.5372702263611273,
    "ndcg_at_20": 0.539657046690736,
    "roc_auc_upset": 0.7455357142857144,
    "rank_mae_pred_vs_playoff_final_results": 6.666666507720947,
    "rank_rmse_pred_vs_playoff_final_results": 8.559595108032227,
    "rank_mae_eos_standings_vs_playoff_final_results": 3.1333333333333333,
    "rank_rmse_eos_standings_vs_playoff_final_results": 4.449719092257398,
    "playoff_metrics": {
      "spearman_pred_vs_playoff_final_results": 0.5279199110122358,
      "ndcg_at_4_final_four": 0.4643812234227066,
      "ndcg10_pred_vs_playoff_final_results": 0.5358203641191567,
      "brier_championship_odds": 0.03222232684493065,
      "rank_mae_pred_vs_playoff_final_results": 6.666666507720947,
      "rank_rmse_pred_vs_playoff_final_results": 8.559595108032227,
      "rank_mae_eos_standings_vs_playoff_final_results": 3.1333333333333333,
      "rank_rmse_eos_standings_vs_playoff_final_results": 4.449719092257398
    }
  },
  "test_metrics_model_a": {
    "ndcg": 0.535833193437327,
    "spearman": 0.511012235817575,
    "mrr_top2": 0.5,
    "mrr_top4": 0.5,
    "ndcg10": 0.535833193437327,
    "ndcg_at_4": 0.4643944167678145,
    "ndcg_at_12": 0.5360677808059949,
    "ndcg_at_16": 0.5372702263611273,
    "ndcg_at_20": 0.539657046690736,
    "roc_auc_upset": 0.7455357142857144
  },
  "test_metrics_model_b": {
    "ndcg": 0.18107249158334404,
    "spearman": 0.5835372636262514,
    "mrr_top2": 0.16666666666666666,
    "mrr_top4": 0.16666666666666666,
    "ndcg10": 0.18107249158334404,
    "ndcg_at_4": 0.04174492448450587,
    "ndcg_at_12": 0.18107050683819814,
    "ndcg_at_16": 0.3850894790420101,
    "ndcg_at_20": 0.3850884245692014,
    "roc_auc_upset": 0.736111111111111
  },
  "test_metrics_model_c": {
    "ndcg": 0.05784506519871672,
    "spearman": 0.3228031145717464,
    "mrr_top2": 0.06666666666666667,
    "mrr_top4": 0.2,
    "ndcg10": 0.05784506519871672,
    "ndcg_at_4": 0.00711064040423231,
    "ndcg_at_12": 0.05783006459806845,
    "ndcg_at_16": 0.178746258737695,
    "ndcg_at_20": 0.18110337484256867,
    "roc_auc_upset": 0.8125
  },
  "test_metrics_by_conference": {
    "E": {
      "ndcg": 0.26049363773702766,
      "spearman": 0.2571428571428571
    },
    "W": {
      "ndcg": 0.7729028559139008,
      "spearman": 0.6892857142857142
    }
  },
  "notes": {
    "eos_rank_source": "eos_final_rank"
  }
}