{
  "test_metrics_ensemble": {
    "ndcg": 0.6054878562710715,
    "spearman": 0.4705228031145718,
    "mrr_top2": 1.0,
    "mrr_top4": 1.0,
    "ndcg10": 0.6054878562710715,
    "ndcg_at_4": 0.35315119534797357,
    "ndcg_at_12": 0.6067002573470304,
    "ndcg_at_16": 0.6072809152645572,
    "ndcg_at_20": 0.6075672021981121,
    "roc_auc_upset": 0.7098214285714286,
    "rank_mae_pred_vs_playoff_final_results": 6.933333396911621,
    "rank_rmse_pred_vs_playoff_final_results": 8.906926155090332,
    "rank_mae_eos_standings_vs_playoff_final_results": 3.7333333333333334,
    "rank_rmse_eos_standings_vs_playoff_final_results": 6.093712606722878,
    "playoff_metrics": {
      "spearman_pred_vs_playoff_final_results": 0.5047830923248053,
      "ndcg_at_4_final_four": 0.35315119534797357,
      "ndcg10_pred_vs_playoff_final_results": 0.6054871371167453,
      "brier_championship_odds": 0.03222232684493065,
      "rank_mae_pred_vs_playoff_final_results": 6.933333396911621,
      "rank_rmse_pred_vs_playoff_final_results": 8.906926155090332,
      "rank_mae_eos_standings_vs_playoff_final_results": 3.7333333333333334,
      "rank_rmse_eos_standings_vs_playoff_final_results": 6.093712606722878
    }
  },
  "test_metrics_model_a": {
    "ndcg": 0.6054878562710715,
    "spearman": 0.46607341490545046,
    "mrr_top2": 1.0,
    "mrr_top4": 1.0,
    "ndcg10": 0.6054878562710715,
    "ndcg_at_4": 0.35315119534797357,
    "ndcg_at_12": 0.6067002573470304,
    "ndcg_at_16": 0.6072809152645572,
    "ndcg_at_20": 0.6075672021981121,
    "roc_auc_upset": 0.7142857142857143
  },
  "test_metrics_model_b": {
    "ndcg": 0.46252227564701304,
    "spearman": 0.3192436040044494,
    "mrr_top2": 0.5,
    "mrr_top4": 0.5,
    "ndcg10": 0.46252227564701304,
    "ndcg_at_4": 0.4437410146181249,
    "ndcg_at_12": 0.46377223921375926,
    "ndcg_at_16": 0.5035477008199813,
    "ndcg_at_20": 0.5774909928663033,
    "roc_auc_upset": 0.7991071428571429
  },
  "test_metrics_model_c": {
    "ndcg": 0.3335103168238178,
    "spearman": 0.24582869855394882,
    "mrr_top2": 0.16666666666666666,
    "mrr_top4": 0.16666666666666666,
    "ndcg10": 0.3335103168238178,
    "ndcg_at_4": 0.001111095381373398,
    "ndcg_at_12": 0.33342342712902806,
    "ndcg_at_16": 0.359511130120896,
    "ndcg_at_20": 0.36984719361683405,
    "roc_auc_upset": 0.7777777777777778
  },
  "test_metrics_by_conference": {
    "E": {
      "ndcg": 0.38696647065455475,
      "spearman": 0.2714285714285714
    },
    "W": {
      "ndcg": 0.9410378805791993,
      "spearman": 0.6607142857142856
    }
  },
  "notes": {
    "eos_rank_source": "eos_final_rank"
  }
}