{
  "notes": {
    "eval_on": "test",
    "eos_rank_source": "eos_final_rank",
    "upset_definition": "sleeper = EOS_global_rank > predicted_strength",
    "mrr_top2": "1/rank of first team in top 2 (champion+runner-up) in predicted order.",
    "mrr_top4": "1/rank of first team in top 4 (conference finals) in predicted order.",
    "per_conference_relevance": "Within E/W: actual rank derived from EOS_global_rank (1=best in conf); NDCG/Spearman use this relevance.",
    "playoff_metrics": "Spearman (pred global vs playoff_final_results), NDCG@4 (final four), Brier (champion vs odds). rank_mae/rank_rmse: pred vs playoff_final_results; eos_standings vs playoff_final_results (baseline)."
  },
  "split_info": {
    "train_frac": 0.75,
    "n_train_dates": 141,
    "n_test_dates": 36,
    "split_mode": "seasons"
  },
  "test_metrics_ensemble": {
    "ndcg": 0.48383297420449994,
    "spearman": 0.47319243604004446,
    "mrr_top2": 0.5,
    "mrr_top4": 0.5,
    "ndcg10": 0.48383297420449994,
    "ndcg_at_4": 0.46444719014824637,
    "ndcg_at_12": 0.5290063585788308,
    "ndcg_at_16": 0.5302294946020925,
    "ndcg_at_20": 0.5325378142304201,
    "roc_auc_upset": 0.7589285714285714,
    "rank_mae_pred_vs_playoff_final_results": 6.866666793823242,
    "rank_rmse_pred_vs_playoff_final_results": 8.884443283081055,
    "rank_mae_eos_standings_vs_playoff_final_results": 3.1333333333333333,
    "rank_rmse_eos_standings_vs_playoff_final_results": 4.449719092257398,
    "playoff_metrics": {
      "spearman_pred_vs_playoff_final_results": 0.46696329254727476,
      "ndcg_at_4_final_four": 0.46444719014824637,
      "ndcg10_pred_vs_playoff_final_results": 0.48382399795751807,
      "brier_championship_odds": 0.03222232684493065,
      "rank_mae_pred_vs_playoff_final_results": 6.866666793823242,
      "rank_rmse_pred_vs_playoff_final_results": 8.884443283081055,
      "rank_mae_eos_standings_vs_playoff_final_results": 3.1333333333333333,
      "rank_rmse_eos_standings_vs_playoff_final_results": 4.449719092257398
    }
  },
  "test_metrics_model_a": {
    "ndcg": 0.48383297420449994,
    "spearman": 0.4634037819799778,
    "mrr_top2": 0.5,
    "mrr_top4": 0.5,
    "ndcg10": 0.48383297420449994,
    "ndcg_at_4": 0.46444719014824637,
    "ndcg_at_12": 0.5290063585788308,
    "ndcg_at_16": 0.5289880032226745,
    "ndcg_at_20": 0.5325132632826935,
    "roc_auc_upset": 0.7633928571428571
  },
  "test_metrics_model_b": {
    "ndcg": 0.20314400039266522,
    "spearman": 0.5942157953281423,
    "mrr_top2": 0.16666666666666666,
    "mrr_top4": 0.16666666666666666,
    "ndcg10": 0.20314400039266522,
    "ndcg_at_4": 0.04029517653159447,
    "ndcg_at_12": 0.225122197282295,
    "ndcg_at_16": 0.22515623644758795,
    "ndcg_at_20": 0.22515815767191272,
    "roc_auc_upset": 0.7873303167420814
  },
  "test_metrics_model_c": {
    "ndcg": 0.05124995751403931,
    "spearman": 0.30189098998887653,
    "mrr_top2": 0.0625,
    "mrr_top4": 0.2,
    "ndcg10": 0.05124995751403931,
    "ndcg_at_4": 0.00711064040423231,
    "ndcg_at_12": 0.056899138174850025,
    "ndcg_at_16": 0.1769467286075223,
    "ndcg_at_20": 0.17934445367388585,
    "roc_auc_upset": 0.8258928571428571
  },
  "test_metrics_by_conference": {
    "E": {
      "ndcg": 0.2680847012240272,
      "spearman": 0.24285714285714283
    },
    "W": {
      "ndcg": 0.7510775020335729,
      "spearman": 0.6892857142857142
    }
  },
  "by_season": {
    "2023-24": {
      "test_metrics_ensemble": {
        "ndcg": 0.6052556283845895,
        "spearman": 0.4100111234705228,
        "mrr_top2": 1.0,
        "mrr_top4": 1.0,
        "ndcg10": 0.6052556283845895,
        "ndcg_at_4": 0.35315119534797357,
        "ndcg_at_12": 0.6051020051373424,
        "ndcg_at_16": 0.6063557870399778,
        "ndcg_at_20": 0.6069308915877453,
        "roc_auc_upset": 0.8009049773755657,
        "rank_mae_pred_vs_playoff_final_results": 7.666666507720947,
        "rank_rmse_pred_vs_playoff_final_results": 9.402127265930176,
        "rank_mae_eos_standings_vs_playoff_final_results": 3.7333333333333334,
        "rank_rmse_eos_standings_vs_playoff_final_results": 6.093712606722878,
        "playoff_metrics": {
          "spearman_pred_vs_playoff_final_results": 0.4362625139043382,
          "ndcg_at_4_final_four": 0.35315119534797357,
          "ndcg10_pred_vs_playoff_final_results": 0.6052549092302633,
          "brier_championship_odds": 0.03222232684493065,
          "rank_mae_pred_vs_playoff_final_results": 7.666666507720947,
          "rank_rmse_pred_vs_playoff_final_results": 9.402127265930176,
          "rank_mae_eos_standings_vs_playoff_final_results": 3.7333333333333334,
          "rank_rmse_eos_standings_vs_playoff_final_results": 6.093712606722878
        }
      },
      "test_metrics_model_a": {
        "ndcg": 0.6052556283845895,
        "spearman": 0.4100111234705228,
        "mrr_top2": 1.0,
        "mrr_top4": 1.0,
        "ndcg10": 0.6052556283845895,
        "ndcg_at_4": 0.35315119534797357,
        "ndcg_at_12": 0.6051020051373424,
        "ndcg_at_16": 0.6063557870399778,
        "ndcg_at_20": 0.6069308915877453,
        "roc_auc_upset": 0.8009049773755657
      },
      "test_metrics_model_b": {
        "ndcg": 0.5770772661268245,
        "spearman": 0.48476084538375974,
        "mrr_top2": 0.5,
        "mrr_top4": 0.5,
        "ndcg10": 0.5770772661268245,
        "ndcg_at_4": 0.44093212795935904,
        "ndcg_at_12": 0.5769498802079498,
        "ndcg_at_16": 0.6185477841720786,
        "ndcg_at_20": 0.6232475478539928,
        "roc_auc_upset": 0.746606334841629
      },
      "test_metrics_model_c": {
        "ndcg": 0.333487026575135,
        "spearman": 0.24048943270300333,
        "mrr_top2": 0.16666666666666666,
        "mrr_top4": 0.16666666666666666,
        "ndcg10": 0.333487026575135,
        "ndcg_at_4": 0.0011069724610271625,
        "ndcg_at_12": 0.33890731926775686,
        "ndcg_at_16": 0.35966393831396193,
        "ndcg_at_20": 0.37116955007129654,
        "roc_auc_upset": 0.7777777777777778
      },
      "test_metrics_by_conference": {
        "E": {
          "ndcg": 0.37300695637456927,
          "spearman": 0.2285714285714285
        },
        "W": {
          "ndcg": 0.9322282740664924,
          "spearman": 0.6
        }
      },
      "notes": {
        "eos_rank_source": "eos_final_rank"
      }
    },
    "2024-25": {
      "test_metrics_ensemble": {
        "ndcg": 0.48383297420449994,
        "spearman": 0.47319243604004446,
        "mrr_top2": 0.5,
        "mrr_top4": 0.5,
        "ndcg10": 0.48383297420449994,
        "ndcg_at_4": 0.46444719014824637,
        "ndcg_at_12": 0.5290063585788308,
        "ndcg_at_16": 0.5302294946020925,
        "ndcg_at_20": 0.5325378142304201,
        "roc_auc_upset": 0.7589285714285714,
        "rank_mae_pred_vs_playoff_final_results": 6.866666793823242,
        "rank_rmse_pred_vs_playoff_final_results": 8.884443283081055,
        "rank_mae_eos_standings_vs_playoff_final_results": 3.1333333333333333,
        "rank_rmse_eos_standings_vs_playoff_final_results": 4.449719092257398,
        "playoff_metrics": {
          "spearman_pred_vs_playoff_final_results": 0.46696329254727476,
          "ndcg_at_4_final_four": 0.46444719014824637,
          "ndcg10_pred_vs_playoff_final_results": 0.48382399795751807,
          "brier_championship_odds": 0.03222232684493065,
          "rank_mae_pred_vs_playoff_final_results": 6.866666793823242,
          "rank_rmse_pred_vs_playoff_final_results": 8.884443283081055,
          "rank_mae_eos_standings_vs_playoff_final_results": 3.1333333333333333,
          "rank_rmse_eos_standings_vs_playoff_final_results": 4.449719092257398
        }
      },
      "test_metrics_model_a": {
        "ndcg": 0.48383297420449994,
        "spearman": 0.4634037819799778,
        "mrr_top2": 0.5,
        "mrr_top4": 0.5,
        "ndcg10": 0.48383297420449994,
        "ndcg_at_4": 0.46444719014824637,
        "ndcg_at_12": 0.5290063585788308,