{
  "notes": {
    "eval_on": "test",
    "eos_rank_source": "eos_final_rank",
    "upset_definition": "sleeper = EOS_global_rank > predicted_strength",
    "mrr_top2": "1/rank of first team in top 2 (champion+runner-up) in predicted order.",
    "mrr_top4": "1/rank of first team in top 4 (conference finals) in predicted order.",
    "per_conference_relevance": "Within E/W: actual rank derived from EOS_global_rank (1=best in conf); NDCG/Spearman use this relevance.",
    "playoff_metrics": "Spearman (pred global vs playoff_final_results), NDCG@4 (final four), Brier (champion vs odds). rank_mae/rank_rmse: pred vs playoff_final_results; eos_standings vs playoff_final_results (baseline)."
  },
  "split_info": {
    "train_frac": 0.75,
    "n_train_dates": 141,
    "n_test_dates": 36,
    "split_mode": "seasons"
  },
  "test_metrics_ensemble": {
    "ndcg": 0.4883427008503846,
    "spearman": 0.47274749721913245,
    "mrr_top2": 0.5,
    "mrr_top4": 0.5,
    "ndcg10": 0.4883427008503846,
    "ndcg_at_4": 0.46437685999867345,
    "ndcg_at_12": 0.5324544942373967,
    "ndcg_at_16": 0.5324358743886747,
    "ndcg_at_20": 0.5360396592156579,
    "roc_auc_upset": 0.7633928571428571,
    "rank_mae_pred_vs_playoff_final_results": 6.933333396911621,
    "rank_rmse_pred_vs_playoff_final_results": 8.88819408416748,
    "rank_mae_eos_standings_vs_playoff_final_results": 3.1333333333333333,
    "rank_rmse_eos_standings_vs_playoff_final_results": 4.449719092257398,
    "playoff_metrics": {
      "spearman_pred_vs_playoff_final_results": 0.4700778642936596,
      "ndcg_at_4_final_four": 0.4643768342304213,
      "ndcg10_pred_vs_playoff_final_results": 0.4883322016229579,
      "brier_championship_odds": 0.03222232684493065,
      "rank_mae_pred_vs_playoff_final_results": 6.933333396911621,
      "rank_rmse_pred_vs_playoff_final_results": 8.88819408416748,
      "rank_mae_eos_standings_vs_playoff_final_results": 3.1333333333333333,
      "rank_rmse_eos_standings_vs_playoff_final_results": 4.449719092257398
    }
  },
  "test_metrics_model_a": {
    "ndcg": 0.4883427008503846,
    "spearman": 0.47274749721913245,
    "mrr_top2": 0.5,
    "mrr_top4": 0.5,
    "ndcg10": 0.4883427008503846,
    "ndcg_at_4": 0.46437685999867345,
    "ndcg_at_12": 0.5324544942373967,
    "ndcg_at_16": 0.5324358743886747,
    "ndcg_at_20": 0.5360396592156579,
    "roc_auc_upset": 0.7633928571428571
  },
  "test_metrics_model_b": {
    "ndcg": 0.22879203486576485,
    "spearman": 0.6333704115684093,
    "mrr_top2": 0.25,
    "mrr_top4": 0.25,
    "ndcg10": 0.22879203486576485,
    "ndcg_at_4": 0.16775742802418675,
    "ndcg_at_12": 0.4042876403538728,
    "ndcg_at_16": 0.42424037743009696,
    "ndcg_at_20": 0.4242393982115103,
    "roc_auc_upset": 0.7111111111111111
  },
  "test_metrics_model_c": {
    "ndcg": 0.05124995751403931,
    "spearman": 0.30189098998887653,
    "mrr_top2": 0.0625,
    "mrr_top4": 0.2,
    "ndcg10": 0.05124995751403931,
    "ndcg_at_4": 0.00711064040423231,
    "ndcg_at_12": 0.056899138174850025,
    "ndcg_at_16": 0.1769467286075223,
    "ndcg_at_20": 0.17934445367388585,
    "roc_auc_upset": 0.8258928571428571
  },
  "test_metrics_by_conference": {
    "E": {
      "ndcg": 0.2595405455854567,
      "spearman": 0.23571428571428568
    },
    "W": {
      "ndcg": 0.7723141400583361,
      "spearman": 0.6928571428571427
    }
  },
  "by_season": {
    "2023-24": {
      "test_metrics_ensemble": {
        "ndcg": 0.39987332689163274,
        "spearman": 0.41357063403781974,
        "mrr_top2": 1.0,
        "mrr_top4": 1.0,
        "ndcg10": 0.39987332689163274,
        "ndcg_at_4": 0.35315119534797357,
        "ndcg_at_12": 0.5823389438744048,
        "ndcg_at_16": 0.5823007303155474,
        "ndcg_at_20": 0.5829046570203047,
        "roc_auc_upset": 0.7366071428571429,
        "rank_mae_pred_vs_playoff_final_results": 7.4666666984558105,
        "rank_rmse_pred_vs_playoff_final_results": 9.373722076416016,
        "rank_mae_eos_standings_vs_playoff_final_results": 3.7333333333333334,
        "rank_rmse_eos_standings_vs_playoff_final_results": 6.093712606722878,
        "playoff_metrics": {
          "spearman_pred_vs_playoff_final_results": 0.44827586206896547,
          "ndcg_at_4_final_four": 0.35315119534797357,
          "ndcg10_pred_vs_playoff_final_results": 0.39987857619091943,
          "brier_championship_odds": 0.03222232684493065,
          "rank_mae_pred_vs_playoff_final_results": 7.4666666984558105,
          "rank_rmse_pred_vs_playoff_final_results": 9.373722076416016,
          "rank_mae_eos_standings_vs_playoff_final_results": 3.7333333333333334,
          "rank_rmse_eos_standings_vs_playoff_final_results": 6.093712606722878
        }
      },
      "test_metrics_model_a": {
        "ndcg": 0.39987332689163274,
        "spearman": 0.4046718576195773,
        "mrr_top2": 1.0,
        "mrr_top4": 1.0,
        "ndcg10": 0.39987332689163274,
        "ndcg_at_4": 0.35315119534797357,
        "ndcg_at_12": 0.5823389438744048,
        "ndcg_at_16": 0.5823007303155474,
        "ndcg_at_20": 0.5829046570203047,
        "roc_auc_upset": 0.7410714285714286
      },
      "test_metrics_model_b": {
        "ndcg": 0.8008525991118319,
        "spearman": 0.3779755283648498,
        "mrr_top2": 1.0,
        "mrr_top4": 1.0,
        "ndcg10": 0.8008525991118319,
        "ndcg_at_4": 0.705915834267812,
        "ndcg_at_12": 0.8007279778461422,
        "ndcg_at_16": 0.8006699086122223,
        "ndcg_at_20": 0.8053632127521583,
        "roc_auc_upset": 0.7782805429864252
      },
      "test_metrics_model_c": {
        "ndcg": 0.333487026575135,
        "spearman": 0.23159065628476083,
        "mrr_top2": 0.16666666666666666,
        "mrr_top4": 0.16666666666666666,
        "ndcg10": 0.333487026575135,
        "ndcg_at_4": 0.0011069724610271625,
        "ndcg_at_12": 0.33890731926775686,
        "ndcg_at_16": 0.35966393831396193,
        "ndcg_at_20": 0.3699999322309346,
        "roc_auc_upset": 0.7633928571428571
      },
      "test_metrics_by_conference": {
        "E": {
          "ndcg": 0.3869402032684001,
          "spearman": 0.2821428571428571
        },
        "W": {
          "ndcg": 0.9180549547420842,
          "spearman": 0.5678571428571427
        }
      },
      "notes": {
        "eos_rank_source": "eos_final_rank"
      }
    },
    "2024-25": {
      "test_metrics_ensemble": {
        "ndcg": 0.4883427008503846,
        "spearman": 0.47274749721913245,
        "mrr_top2": 0.5,
        "mrr_top4": 0.5,
        "ndcg10": 0.4883427008503846,
        "ndcg_at_4": 0.46437685999867345,
        "ndcg_at_12": 0.5324544942373967,
        "ndcg_at_16": 0.5324358743886747,
        "ndcg_at_20": 0.5360396592156579,
        "roc_auc_upset": 0.7633928571428571,
        "rank_mae_pred_vs_playoff_final_results": 6.933333396911621,
        "rank_rmse_pred_vs_playoff_final_results": 8.88819408416748,
        "rank_mae_eos_standings_vs_playoff_final_results": 3.1333333333333333,
        "rank_rmse_eos_standings_vs_playoff_final_results": 4.449719092257398,
        "playoff_metrics": {
          "spearman_pred_vs_playoff_final_results": 0.4700778642936596,
          "ndcg_at_4_final_four": 0.4643768342304213,
          "ndcg10_pred_vs_playoff_final_results": 0.4883322016229579,
          "brier_championship_odds": 0.03222232684493065,
          "rank_mae_pred_vs_playoff_final_results": 6.933333396911621,
          "rank_rmse_pred_vs_playoff_final_results": 8.88819408416748,
          "rank_mae_eos_standings_vs_playoff_final_results": 3.1333333333333333,
          "rank_rmse_eos_standings_vs_playoff_final_results": 4.449719092257398
        }
      },
      "test_metrics_model_a": {
        "ndcg": 0.4883427008503846,
        "spearman": 0.47274749721913245,
        "mrr_top2": 0.5,
        "mrr_top4": 0.5,
        "ndcg10": 0.4883427008503846,
        "ndcg_at_4": 0.46437685999867345,
        "ndcg_at_12": 0.5324544942373967,
        "ndcg_at_16": 0.5324358743886747,