{
  "notes": {
    "eval_on": "test",
    "eos_rank_source": "eos_final_rank",
    "upset_definition": "sleeper = EOS_global_rank > predicted_strength",
    "mrr_top2": "1/rank of first team in top 2 (champion+runner-up) in predicted order.",
    "mrr_top4": "1/rank of first team in top 4 (conference finals) in predicted order.",
    "per_conference_relevance": "Within E/W: actual rank derived from EOS_global_rank (1=best in conf); NDCG/Spearman use this relevance.",
    "playoff_metrics": "Spearman (pred global vs playoff_final_results), NDCG@4 (final four), Brier (champion vs odds). rank_mae/rank_rmse: pred vs playoff_final_results; eos_standings vs playoff_final_results (baseline)."
  },
  "split_info": {
    "train_frac": 0.75,
    "n_train_dates": 141,
    "n_test_dates": 36,
    "split_mode": "seasons"
  },
  "test_metrics_ensemble": {
    "ndcg": 0.48429356980277766,
    "spearman": 0.5043381535038932,
    "mrr_top2": 0.5,
    "mrr_top4": 0.5,
    "ndcg10": 0.48429356980277766,
    "ndcg_at_4": 0.46444719014824637,
    "ndcg_at_12": 0.5280532132798424,
    "ndcg_at_16": 0.5293023299042817,
    "ndcg_at_20": 0.531694885816497,
    "roc_auc_upset": 0.7410714285714286,
    "rank_mae_pred_vs_playoff_final_results": 6.599999904632568,
    "rank_rmse_pred_vs_playoff_final_results": 8.61781120300293,
    "rank_mae_eos_standings_vs_playoff_final_results": 3.1333333333333333,
    "rank_rmse_eos_standings_vs_playoff_final_results": 4.449719092257398,
    "playoff_metrics": {
      "spearman_pred_vs_playoff_final_results": 0.507007786429366,
      "ndcg_at_4_final_four": 0.46444719014824637,
      "ndcg10_pred_vs_playoff_final_results": 0.4842820458457213,
      "brier_championship_odds": 0.03222232684493065,
      "rank_mae_pred_vs_playoff_final_results": 6.599999904632568,
      "rank_rmse_pred_vs_playoff_final_results": 8.61781120300293,
      "rank_mae_eos_standings_vs_playoff_final_results": 3.1333333333333333,
      "rank_rmse_eos_standings_vs_playoff_final_results": 4.449719092257398
    }
  },
  "test_metrics_model_a": {
    "ndcg": 0.48429356980277766,
    "spearman": 0.5043381535038932,
    "mrr_top2": 0.5,
    "mrr_top4": 0.5,
    "ndcg10": 0.48429356980277766,
    "ndcg_at_4": 0.46444719014824637,
    "ndcg_at_12": 0.5280532132798424,
    "ndcg_at_16": 0.5293023299042817,
    "ndcg_at_20": 0.531694885816497,
    "roc_auc_upset": 0.7410714285714286
  },
  "test_metrics_model_b": {
    "ndcg": 0.2143905751708314,
    "spearman": 0.5919911012235817,
    "mrr_top2": 0.2,
    "mrr_top4": 0.2,
    "ndcg10": 0.2143905751708314,
    "ndcg_at_4": 0.04166423104576856,
    "ndcg_at_12": 0.21443345204205422,
    "ndcg_at_16": 0.2352392099590398,
    "ndcg_at_20": 0.3910061717084393,
    "roc_auc_upset": 0.8214285714285714
  },
  "test_metrics_model_c": {
    "ndcg": 0.05124995751403931,
    "spearman": 0.30189098998887653,
    "mrr_top2": 0.0625,
    "mrr_top4": 0.2,
    "ndcg10": 0.05124995751403931,
    "ndcg_at_4": 0.00711064040423231,
    "ndcg_at_12": 0.056899138174850025,
    "ndcg_at_16": 0.1769467286075223,
    "ndcg_at_20": 0.17934445367388585,
    "roc_auc_upset": 0.8258928571428571
  },
  "test_metrics_by_conference": {
    "E": {
      "ndcg": 0.26959322289269383,
      "spearman": 0.30357142857142855
    },
    "W": {
      "ndcg": 0.7536350180758984,
      "spearman": 0.7249999999999999
    }
  },
  "by_season": {
    "2023-24": {
      "test_metrics_ensemble": {
        "ndcg": 0.5695512314247472,
        "spearman": 0.39532814238042263,
        "mrr_top2": 1.0,
        "mrr_top4": 1.0,
        "ndcg10": 0.5695512314247472,
        "ndcg_at_4": 0.35315119534797357,
        "ndcg_at_12": 0.613287789967398,
        "ndcg_at_16": 0.6145409439715267,
        "ndcg_at_20": 0.6151254806316727,
        "roc_auc_upset": 0.7918552036199095,
        "rank_mae_pred_vs_playoff_final_results": 7.666666507720947,
        "rank_rmse_pred_vs_playoff_final_results": 9.518403053283691,
        "rank_mae_eos_standings_vs_playoff_final_results": 3.7333333333333334,
        "rank_rmse_eos_standings_vs_playoff_final_results": 6.093712606722878,
        "playoff_metrics": {
          "spearman_pred_vs_playoff_final_results": 0.4398220244716351,
          "ndcg_at_4_final_four": 0.35315119534797357,
          "ndcg10_pred_vs_playoff_final_results": 0.5695460353837164,
          "brier_championship_odds": 0.03222232684493065,
          "rank_mae_pred_vs_playoff_final_results": 7.666666507720947,
          "rank_rmse_pred_vs_playoff_final_results": 9.518403053283691,
          "rank_mae_eos_standings_vs_playoff_final_results": 3.7333333333333334,
          "rank_rmse_eos_standings_vs_playoff_final_results": 6.093712606722878
        }
      },
      "test_metrics_model_a": {
        "ndcg": 0.5583037895088994,
        "spearman": 0.3899888765294772,
        "mrr_top2": 1.0,
        "mrr_top4": 1.0,
        "ndcg10": 0.5583037895088994,
        "ndcg_at_4": 0.35315119534797357,
        "ndcg_at_12": 0.6020433023853684,
        "ndcg_at_16": 0.6032973189087434,
        "ndcg_at_20": 0.603881731806937,
        "roc_auc_upset": 0.7963800904977376
      },
      "test_metrics_model_b": {
        "ndcg": 0.8110618199798463,
        "spearman": 0.4362625139043382,
        "mrr_top2": 1.0,
        "mrr_top4": 1.0,
        "ndcg10": 0.8110618199798463,
        "ndcg_at_4": 0.7116242168324007,
        "ndcg_at_12": 0.8109399351034957,
        "ndcg_at_16": 0.8158647977980201,
        "ndcg_at_20": 0.8158624089211971,
        "roc_auc_upset": 0.7955555555555556
      },
      "test_metrics_model_c": {
        "ndcg": 0.333487026575135,
        "spearman": 0.23159065628476083,
        "mrr_top2": 0.16666666666666666,
        "mrr_top4": 0.16666666666666666,
        "ndcg10": 0.333487026575135,
        "ndcg_at_4": 0.0011069724610271625,
        "ndcg_at_12": 0.33890731926775686,
        "ndcg_at_16": 0.35966393831396193,
        "ndcg_at_20": 0.3699999322309346,
        "roc_auc_upset": 0.7633928571428571
      },
      "test_metrics_by_conference": {
        "E": {
          "ndcg": 0.40649848933393984,
          "spearman": 0.2607142857142857
        },
        "W": {
          "ndcg": 0.9145573741318057,
          "spearman": 0.5357142857142856
        }
      },
      "notes": {
        "eos_rank_source": "eos_final_rank"
      }
    },
    "2024-25": {
      "test_metrics_ensemble": {
        "ndcg": 0.48429356980277766,
        "spearman": 0.5043381535038932,
        "mrr_top2": 0.5,
        "mrr_top4": 0.5,
        "ndcg10": 0.48429356980277766,
        "ndcg_at_4": 0.46444719014824637,
        "ndcg_at_12": 0.5280532132798424,
        "ndcg_at_16": 0.5293023299042817,
        "ndcg_at_20": 0.531694885816497,
        "roc_auc_upset": 0.7410714285714286,
        "rank_mae_pred_vs_playoff_final_results": 6.599999904632568,
        "rank_rmse_pred_vs_playoff_final_results": 8.61781120300293,
        "rank_mae_eos_standings_vs_playoff_final_results": 3.1333333333333333,
        "rank_rmse_eos_standings_vs_playoff_final_results": 4.449719092257398,
        "playoff_metrics": {
          "spearman_pred_vs_playoff_final_results": 0.507007786429366,
          "ndcg_at_4_final_four": 0.46444719014824637,
          "ndcg10_pred_vs_playoff_final_results": 0.4842820458457213,
          "brier_championship_odds": 0.03222232684493065,
          "rank_mae_pred_vs_playoff_final_results": 6.599999904632568,
          "rank_rmse_pred_vs_playoff_final_results": 8.61781120300293,
          "rank_mae_eos_standings_vs_playoff_final_results": 3.1333333333333333,
          "rank_rmse_eos_standings_vs_playoff_final_results": 4.449719092257398
        }
      },
      "test_metrics_model_a": {
        "ndcg": 0.48429356980277766,
        "spearman": 0.5043381535038932,
        "mrr_top2": 0.5,
        "mrr_top4": 0.5,
        "ndcg10": 0.48429356980277766,
        "ndcg_at_4": 0.46444719014824637,
        "ndcg_at_12": 0.5280532132798424,
        "ndcg_at_16": 0.5293023299042817,