{
  "test_metrics_ensemble": {
    "ndcg": 0.5314621945178075,
    "spearman": 0.503448275862069,
    "mrr_top2": 0.5,
    "mrr_top4": 0.5,
    "ndcg10": 0.5314621945178075,
    "ndcg_at_4": 0.4644132116806,
    "ndcg_at_12": 0.5316661483610886,
    "ndcg_at_16": 0.5329161999500835,
    "ndcg_at_20": 0.5353075479253976,
    "roc_auc_upset": 0.7410714285714286,
    "rank_mae_pred_vs_playoff_final_results": 6.599999904632568,
    "rank_rmse_pred_vs_playoff_final_results": 8.625543594360352,
    "rank_mae_eos_standings_vs_playoff_final_results": 3.1333333333333333,
    "rank_rmse_eos_standings_vs_playoff_final_results": 4.449719092257398,
    "playoff_metrics": {
      "spearman_pred_vs_playoff_final_results": 0.5265850945494994,
      "ndcg_at_4_final_four": 0.4644132116806,
      "ndcg10_pred_vs_playoff_final_results": 0.5314515770919509,
      "brier_championship_odds": 0.03222232684493065,
      "rank_mae_pred_vs_playoff_final_results": 6.599999904632568,
      "rank_rmse_pred_vs_playoff_final_results": 8.625543594360352,
      "rank_mae_eos_standings_vs_playoff_final_results": 3.1333333333333333,
      "rank_rmse_eos_standings_vs_playoff_final_results": 4.449719092257398
    }
  },
  "test_metrics_model_a": {
    "ndcg": 0.5314621945178075,
    "spearman": 0.503448275862069,
    "mrr_top2": 0.5,
    "mrr_top4": 0.5,
    "ndcg10": 0.5314621945178075,
    "ndcg_at_4": 0.4644132116806,
    "ndcg_at_12": 0.5316661483610886,
    "ndcg_at_16": 0.5329161999500835,
    "ndcg_at_20": 0.5353075479253976,
    "roc_auc_upset": 0.7410714285714286
  },
  "test_metrics_model_b": {
    "ndcg": 0.2143905751708314,
    "spearman": 0.6173526140155728,
    "mrr_top2": 0.2,
    "mrr_top4": 0.2,
    "ndcg10": 0.2143905751708314,
    "ndcg_at_4": 0.04166423104576856,
    "ndcg_at_12": 0.23636581795441156,
    "ndcg_at_16": 0.3953096260212147,
    "ndcg_at_20": 0.395308758182551,
    "roc_auc_upset": 0.7592592592592593
  },
  "test_metrics_model_c": {
    "ndcg": 0.05124995751403931,
    "spearman": 0.30189098998887653,
    "mrr_top2": 0.0625,
    "mrr_top4": 0.2,
    "ndcg10": 0.05124995751403931,
    "ndcg_at_4": 0.00711064040423231,
    "ndcg_at_12": 0.056899138174850025,
    "ndcg_at_16": 0.1769467286075223,
    "ndcg_at_20": 0.17934445367388585,
    "roc_auc_upset": 0.8258928571428571
  },
  "test_metrics_by_conference": {
    "E": {
      "ndcg": 0.2546631011396056,
      "spearman": 0.24642857142857136
    },
    "W": {
      "ndcg": 0.7734156165809242,
      "spearman": 0.6892857142857142
    }
  },
  "notes": {
    "eos_rank_source": "eos_final_rank"
  }
}