{
  "test_metrics_ensemble": {
    "ndcg": 0.5958786660205039,
    "spearman": 0.43715239154616237,
    "mrr_top2": 1.0,
    "mrr_top4": 1.0,
    "ndcg10": 0.5958786660205039,
    "ndcg_at_4": 0.35315119534797357,
    "ndcg_at_12": 0.5957275057934912,
    "ndcg_at_16": 0.5969820067761247,
    "ndcg_at_20": 0.5975861916050649,
    "roc_auc_upset": 0.7601809954751131,
    "rank_mae_pred_vs_playoff_final_results": 7.266666889190674,
    "rank_rmse_pred_vs_playoff_final_results": 9.183318138122559,
    "rank_mae_eos_standings_vs_playoff_final_results": 3.7333333333333334,
    "rank_rmse_eos_standings_vs_playoff_final_results": 6.093712606722878,
    "playoff_metrics": {
      "spearman_pred_vs_playoff_final_results": 0.4896551724137932,
      "ndcg_at_4_final_four": 0.35315119534797357,
      "ndcg10_pred_vs_playoff_final_results": 0.5958779468661778,
      "brier_championship_odds": 0.03222232684493065,
      "rank_mae_pred_vs_playoff_final_results": 7.266666889190674,
      "rank_rmse_pred_vs_playoff_final_results": 9.183318138122559,
      "rank_mae_eos_standings_vs_playoff_final_results": 3.7333333333333334,
      "rank_rmse_eos_standings_vs_playoff_final_results": 6.093712606722878
    }
  },
  "test_metrics_model_a": {
    "ndcg": 0.5958786660205039,
    "spearman": 0.43715239154616237,
    "mrr_top2": 1.0,
    "mrr_top4": 1.0,
    "ndcg10": 0.5958786660205039,
    "ndcg_at_4": 0.35315119534797357,
    "ndcg_at_12": 0.5957275057934912,
    "ndcg_at_16": 0.5969820067761247,
    "ndcg_at_20": 0.5975861916050649,
    "roc_auc_upset": 0.7601809954751131
  },
  "test_metrics_model_b": {
    "ndcg": 0.8156850834777177,
    "spearman": 0.43804226918798667,
    "mrr_top2": 1.0,
    "mrr_top4": 1.0,
    "ndcg10": 0.8156850834777177,
    "ndcg_at_4": 0.7261751187226982,
    "ndcg_at_12": 0.8154956270898149,
    "ndcg_at_16": 0.8204791390109494,
    "ndcg_at_20": 0.8580478742010661,
    "roc_auc_upset": 0.7782805429864253
  },
  "test_metrics_model_c": {
    "ndcg": 0.333487026575135,
    "spearman": 0.23159065628476083,
    "mrr_top2": 0.16666666666666666,
    "mrr_top4": 0.16666666666666666,
    "ndcg10": 0.333487026575135,
    "ndcg_at_4": 0.0011069724610271625,
    "ndcg_at_12": 0.33890731926775686,
    "ndcg_at_16": 0.35966393831396193,
    "ndcg_at_20": 0.3699999322309346,
    "roc_auc_upset": 0.7633928571428571
  },
  "test_metrics_by_conference": {
    "E": {
      "ndcg": 0.38520906425700524,
      "spearman": 0.2714285714285714
    },
    "W": {
      "ndcg": 0.932170195796448,
      "spearman": 0.5857142857142856
    }
  },
  "notes": {
    "eos_rank_source": "eos_final_rank"
  }
}