{
  "notes": {
    "eval_on": "test",
    "eos_rank_source": "eos_final_rank",
    "upset_definition": "sleeper = EOS_global_rank > predicted_strength",
    "mrr_top2": "1/rank of first team in top 2 (champion+runner-up) in predicted order.",
    "mrr_top4": "1/rank of first team in top 4 (conference finals) in predicted order.",
    "per_conference_relevance": "Within E/W: actual rank derived from EOS_global_rank (1=best in conf); NDCG/Spearman use this relevance.",
    "playoff_metrics": "Spearman (pred global vs playoff_final_results), NDCG@4 (final four), Brier (champion vs odds). rank_mae/rank_rmse: pred vs playoff_final_results; eos_standings vs playoff_final_results (baseline)."
  },
  "split_info": {
    "train_frac": 0.75,
    "n_train_dates": 141,
    "n_test_dates": 36,
    "split_mode": "seasons"
  },
  "test_metrics_ensemble": {
    "ndcg": 0.5314621945178075,
    "spearman": 0.503448275862069,
    "mrr_top2": 0.5,
    "mrr_top4": 0.5,
    "ndcg10": 0.5314621945178075,
    "ndcg_at_4": 0.4644132116806,
    "ndcg_at_12": 0.5316661483610886,
    "ndcg_at_16": 0.5329161999500835,
    "ndcg_at_20": 0.5353075479253976,
    "roc_auc_upset": 0.7410714285714286,
    "rank_mae_pred_vs_playoff_final_results": 6.599999904632568,
    "rank_rmse_pred_vs_playoff_final_results": 8.625543594360352,
    "rank_mae_eos_standings_vs_playoff_final_results": 3.1333333333333333,
    "rank_rmse_eos_standings_vs_playoff_final_results": 4.449719092257398,
    "playoff_metrics": {
      "spearman_pred_vs_playoff_final_results": 0.5265850945494994,
      "ndcg_at_4_final_four": 0.4644132116806,
      "ndcg10_pred_vs_playoff_final_results": 0.5314515770919509,
      "brier_championship_odds": 0.03222232684493065,
      "rank_mae_pred_vs_playoff_final_results": 6.599999904632568,
      "rank_rmse_pred_vs_playoff_final_results": 8.625543594360352,
      "rank_mae_eos_standings_vs_playoff_final_results": 3.1333333333333333,
      "rank_rmse_eos_standings_vs_playoff_final_results": 4.449719092257398
    }
  },
  "test_metrics_model_a": {
    "ndcg": 0.5314621945178075,
    "spearman": 0.503448275862069,
    "mrr_top2": 0.5,
    "mrr_top4": 0.5,
    "ndcg10": 0.5314621945178075,
    "ndcg_at_4": 0.4644132116806,
    "ndcg_at_12": 0.5316661483610886,
    "ndcg_at_16": 0.5329161999500835,
    "ndcg_at_20": 0.5353075479253976,
    "roc_auc_upset": 0.7410714285714286
  },
  "test_metrics_model_b": {
    "ndcg": 0.2143905751708314,
    "spearman": 0.6173526140155728,
    "mrr_top2": 0.2,
    "mrr_top4": 0.2,
    "ndcg10": 0.2143905751708314,
    "ndcg_at_4": 0.04166423104576856,
    "ndcg_at_12": 0.23636581795441156,
    "ndcg_at_16": 0.3953096260212147,
    "ndcg_at_20": 0.395308758182551,
    "roc_auc_upset": 0.7592592592592593
  },
  "test_metrics_model_c": {
    "ndcg": 0.05124995751403931,
    "spearman": 0.30189098998887653,
    "mrr_top2": 0.0625,
    "mrr_top4": 0.2,
    "ndcg10": 0.05124995751403931,
    "ndcg_at_4": 0.00711064040423231,
    "ndcg_at_12": 0.056899138174850025,
    "ndcg_at_16": 0.1769467286075223,
    "ndcg_at_20": 0.17934445367388585,
    "roc_auc_upset": 0.8258928571428571
  },
  "test_metrics_by_conference": {
    "E": {
      "ndcg": 0.2546631011396056,
      "spearman": 0.24642857142857136
    },
    "W": {
      "ndcg": 0.7734156165809242,
      "spearman": 0.6892857142857142
    }
  },
  "by_season": {
    "2023-24": {
      "test_metrics_ensemble": {
        "ndcg": 0.5958786660205039,
        "spearman": 0.43715239154616237,
        "mrr_top2": 1.0,
        "mrr_top4": 1.0,
        "ndcg10": 0.5958786660205039,
        "ndcg_at_4": 0.35315119534797357,
        "ndcg_at_12": 0.5957275057934912,
        "ndcg_at_16": 0.5969820067761247,
        "ndcg_at_20": 0.5975861916050649,
        "roc_auc_upset": 0.7601809954751131,
        "rank_mae_pred_vs_playoff_final_results": 7.266666889190674,
        "rank_rmse_pred_vs_playoff_final_results": 9.183318138122559,
        "rank_mae_eos_standings_vs_playoff_final_results": 3.7333333333333334,
        "rank_rmse_eos_standings_vs_playoff_final_results": 6.093712606722878,
        "playoff_metrics": {
          "spearman_pred_vs_playoff_final_results": 0.4896551724137932,
          "ndcg_at_4_final_four": 0.35315119534797357,
          "ndcg10_pred_vs_playoff_final_results": 0.5958779468661778,
          "brier_championship_odds": 0.03222232684493065,
          "rank_mae_pred_vs_playoff_final_results": 7.266666889190674,
          "rank_rmse_pred_vs_playoff_final_results": 9.183318138122559,
          "rank_mae_eos_standings_vs_playoff_final_results": 3.7333333333333334,
          "rank_rmse_eos_standings_vs_playoff_final_results": 6.093712606722878
        }
      },
      "test_metrics_model_a": {
        "ndcg": 0.5958786660205039,
        "spearman": 0.43715239154616237,
        "mrr_top2": 1.0,
        "mrr_top4": 1.0,
        "ndcg10": 0.5958786660205039,
        "ndcg_at_4": 0.35315119534797357,
        "ndcg_at_12": 0.5957275057934912,
        "ndcg_at_16": 0.5969820067761247,
        "ndcg_at_20": 0.5975861916050649,
        "roc_auc_upset": 0.7601809954751131
      },
      "test_metrics_model_b": {
        "ndcg": 0.8156850834777177,
        "spearman": 0.43804226918798667,
        "mrr_top2": 1.0,
        "mrr_top4": 1.0,
        "ndcg10": 0.8156850834777177,
        "ndcg_at_4": 0.7261751187226982,
        "ndcg_at_12": 0.8154956270898149,
        "ndcg_at_16": 0.8204791390109494,
        "ndcg_at_20": 0.8580478742010661,
        "roc_auc_upset": 0.7782805429864253
      },
      "test_metrics_model_c": {
        "ndcg": 0.333487026575135,
        "spearman": 0.23159065628476083,
        "mrr_top2": 0.16666666666666666,
        "mrr_top4": 0.16666666666666666,
        "ndcg10": 0.333487026575135,
        "ndcg_at_4": 0.0011069724610271625,
        "ndcg_at_12": 0.33890731926775686,
        "ndcg_at_16": 0.35966393831396193,
        "ndcg_at_20": 0.3699999322309346,
        "roc_auc_upset": 0.7633928571428571
      },
      "test_metrics_by_conference": {
        "E": {
          "ndcg": 0.38520906425700524,
          "spearman": 0.2714285714285714
        },
        "W": {
          "ndcg": 0.932170195796448,
          "spearman": 0.5857142857142856
        }
      },
      "notes": {
        "eos_rank_source": "eos_final_rank"
      }
    },
    "2024-25": {
      "test_metrics_ensemble": {
        "ndcg": 0.5314621945178075,
        "spearman": 0.503448275862069,
        "mrr_top2": 0.5,
        "mrr_top4": 0.5,
        "ndcg10": 0.5314621945178075,
        "ndcg_at_4": 0.4644132116806,
        "ndcg_at_12": 0.5316661483610886,
        "ndcg_at_16": 0.5329161999500835,
        "ndcg_at_20": 0.5353075479253976,
        "roc_auc_upset": 0.7410714285714286,
        "rank_mae_pred_vs_playoff_final_results": 6.599999904632568,
        "rank_rmse_pred_vs_playoff_final_results": 8.625543594360352,
        "rank_mae_eos_standings_vs_playoff_final_results": 3.1333333333333333,
        "rank_rmse_eos_standings_vs_playoff_final_results": 4.449719092257398,
        "playoff_metrics": {
          "spearman_pred_vs_playoff_final_results": 0.5265850945494994,
          "ndcg_at_4_final_four": 0.4644132116806,
          "ndcg10_pred_vs_playoff_final_results": 0.5314515770919509,
          "brier_championship_odds": 0.03222232684493065,
          "rank_mae_pred_vs_playoff_final_results": 6.599999904632568,
          "rank_rmse_pred_vs_playoff_final_results": 8.625543594360352,
          "rank_mae_eos_standings_vs_playoff_final_results": 3.1333333333333333,
          "rank_rmse_eos_standings_vs_playoff_final_results": 4.449719092257398
        }
      },
      "test_metrics_model_a": {
        "ndcg": 0.5314621945178075,
        "spearman": 0.503448275862069,
        "mrr_top2": 0.5,
        "mrr_top4": 0.5,
        "ndcg10": 0.5314621945178075,
        "ndcg_at_4": 0.4644132116806,
        "ndcg_at_12": 0.5316661483610886,
        "ndcg_at_16": 0.5329161999500835,