{
  "test_metrics_ensemble": {
    "ndcg": 0.5588242741175224,
    "spearman": 0.26985539488320354,
    "mrr_top2": 1.0,
    "mrr_top4": 1.0,
    "ndcg10": 0.5588242741175224,
    "ndcg_at_4": 0.35315119534797357,
    "ndcg_at_12": 0.6025691793657473,
    "ndcg_at_16": 0.6025268534972574,
    "ndcg_at_20": 0.6025242157962291,
    "roc_auc_upset": 0.8733031674208144,
    "rank_mae_pred_vs_playoff_final_results": 8.466666221618652,
    "rank_rmse_pred_vs_playoff_final_results": 10.45944595336914,
    "rank_mae_eos_standings_vs_playoff_final_results": 3.7333333333333334,
    "rank_rmse_eos_standings_vs_playoff_final_results": 6.093712606722878,
    "spearman_standings": -0.4126807563959955,
    "ndcg10_standings": 0.4198374907402466,
    "ndcg_at_4_standings": 0.16635214014080835,
    "ndcg_at_16_standings": 0.4416387700110406,
    "rank_rmse_standings": 9.380831718444824,
    "playoff_metrics": {
      "spearman_pred_vs_playoff_final_results": 0.33615127919911014,
      "ndcg_at_4_final_four": 0.35315119534797357,
      "ndcg10_pred_vs_playoff_final_results": 0.5588302208575846,
      "brier_championship_odds": 0.03167646750807762,
      "rank_mae_pred_vs_playoff_final_results": 8.466666221618652,
      "rank_rmse_pred_vs_playoff_final_results": 10.45944595336914,
      "rank_mae_eos_standings_vs_playoff_final_results": 3.7333333333333334,
      "rank_rmse_eos_standings_vs_playoff_final_results": 6.093712606722878
    }
  },
  "test_metrics_model_a": {
    "ndcg": 0.5588242741175224,
    "spearman": 0.26985539488320354,
    "mrr_top2": 1.0,
    "mrr_top4": 1.0,
    "ndcg10": 0.5588242741175224,
    "ndcg_at_4": 0.35315119534797357,
    "ndcg_at_12": 0.6025691793657473,
    "ndcg_at_16": 0.6025268534972574,
    "ndcg_at_20": 0.6025242157962291,
    "roc_auc_upset": 0.8733031674208144
  },
  "test_metrics_model_b": {
    "ndcg": 0.806568491591211,
    "spearman": 0.4700778642936596,
    "mrr_top2": 1.0,
    "mrr_top4": 1.0,
    "ndcg10": 0.806568491591211,
    "ndcg_at_4": 0.6907114070725182,
    "ndcg_at_12": 0.8063794208837617,
    "ndcg_at_16": 0.8461310892721908,
    "ndcg_at_20": 0.8509955410346508,
    "roc_auc_upset": 0.76
  },
  "test_metrics_model_c": {
    "ndcg": 0.33348743391404295,
    "spearman": 0.23337041156840932,
    "mrr_top2": 0.16666666666666666,
    "mrr_top4": 0.16666666666666666,
    "ndcg10": 0.33348743391404295,
    "ndcg_at_4": 0.001111095381373398,
    "ndcg_at_12": 0.3389077264996702,
    "ndcg_at_16": 0.3596643455146382,
    "ndcg_at_20": 0.37000033942981986,
    "roc_auc_upset": 0.7633928571428571
  },
  "test_metrics_by_conference": {
    "E": {
      "ndcg": 0.35721267845452664,
      "spearman": 0.08214285714285713
    },
    "W": {
      "ndcg": 0.9061618455999954,
      "spearman": 0.4107142857142856
    }
  },
  "notes": {
    "eos_rank_source": "eos_final_rank"
  }
}