{
  "test_metrics_ensemble": {
    "ndcg": 0.5587046952449802,
    "spearman": 0.26941045606229147,
    "mrr_top2": 1.0,
    "mrr_top4": 1.0,
    "ndcg10": 0.5587046952449802,
    "ndcg_at_4": 0.35315119534797357,
    "ndcg_at_12": 0.5585661498872432,
    "ndcg_at_16": 0.6011751124784404,
    "ndcg_at_20": 0.6011727615968916,
    "roc_auc_upset": 0.8657407407407407,
    "rank_mae_pred_vs_playoff_final_results": 8.533333778381348,
    "rank_rmse_pred_vs_playoff_final_results": 10.462632179260254,
    "rank_mae_eos_standings_vs_playoff_final_results": 3.7333333333333334,
    "rank_rmse_eos_standings_vs_playoff_final_results": 6.093712606722878,
    "spearman_standings": -0.4068965517241379,
    "ndcg10_standings": 0.4178976556967847,
    "ndcg_at_4_standings": 0.16635214014080835,
    "ndcg_at_16_standings": 0.43908347188053254,
    "rank_rmse_standings": 9.426912307739258,
    "playoff_metrics": {
      "spearman_pred_vs_playoff_final_results": 0.3348164627363737,
      "ndcg_at_4_final_four": 0.35315119534797357,
      "ndcg10_pred_vs_playoff_final_results": 0.5587106419850424,
      "brier_championship_odds": 0.03167646750807762,
      "rank_mae_pred_vs_playoff_final_results": 8.533333778381348,
      "rank_rmse_pred_vs_playoff_final_results": 10.462632179260254,
      "rank_mae_eos_standings_vs_playoff_final_results": 3.7333333333333334,
      "rank_rmse_eos_standings_vs_playoff_final_results": 6.093712606722878
    }
  },
  "test_metrics_model_a": {
    "ndcg": 0.5587046952449802,
    "spearman": 0.26273637374860953,
    "mrr_top2": 1.0,
    "mrr_top4": 1.0,
    "ndcg10": 0.5587046952449802,
    "ndcg_at_4": 0.35315119534797357,
    "ndcg_at_12": 0.5585661498872432,
    "ndcg_at_16": 0.6011750982706956,
    "ndcg_at_20": 0.6011727613159281,
    "roc_auc_upset": 0.8657407407407407
  },
  "test_metrics_model_b": {
    "ndcg": 0.806466891890875,
    "spearman": 0.46918798665183536,
    "mrr_top2": 1.0,
    "mrr_top4": 1.0,
    "ndcg10": 0.806466891890875,
    "ndcg_at_4": 0.6907114070725182,
    "ndcg_at_12": 0.8062778478703321,
    "ndcg_at_16": 0.846029524050017,
    "ndcg_at_20": 0.8508939787559978,
    "roc_auc_upset": 0.76
  },
  "test_metrics_model_c": {
    "ndcg": 0.33348743391404295,
    "spearman": 0.23337041156840932,
    "mrr_top2": 0.16666666666666666,
    "mrr_top4": 0.16666666666666666,
    "ndcg10": 0.33348743391404295,
    "ndcg_at_4": 0.001111095381373398,
    "ndcg_at_12": 0.3389077264996702,
    "ndcg_at_16": 0.3596643455146382,
    "ndcg_at_20": 0.37000033942981986,
    "roc_auc_upset": 0.7633928571428571
  },
  "test_metrics_by_conference": {
    "E": {
      "ndcg": 0.35722781210573246,
      "spearman": 0.10357142857142855
    },
    "W": {
      "ndcg": 0.8977298728765244,
      "spearman": 0.37499999999999994
    }
  },
  "notes": {
    "eos_rank_source": "eos_final_rank"
  }
}