{
  "notes": {
    "eval_on": "test",
    "eos_rank_source": "eos_final_rank",
    "upset_definition": "sleeper = EOS_global_rank > predicted_strength",
    "mrr_top2": "1/rank of first team in top 2 (champion+runner-up) in predicted order.",
    "mrr_top4": "1/rank of first team in top 4 (conference finals) in predicted order.",
    "per_conference_relevance": "Within E/W: actual rank derived from EOS_global_rank (1=best in conf); NDCG/Spearman use this relevance.",
    "playoff_metrics": "Spearman (pred global vs playoff_final_results), NDCG@4 (final four), Brier (champion vs odds). rank_mae/rank_rmse: pred vs playoff_final_results; eos_standings vs playoff_final_results (baseline)."
  },
  "split_info": {
    "train_frac": 0.75,
    "n_train_dates": 141,
    "n_test_dates": 36,
    "split_mode": "seasons"
  },
  "test_metrics_ensemble": {
    "ndcg": 0.4824218589005347,
    "spearman": 0.46607341490545046,
    "mrr_top2": 0.5,
    "mrr_top4": 0.5,
    "ndcg10": 0.4824218589005347,
    "ndcg_at_4": 0.46449490234372454,
    "ndcg_at_12": 0.5261819940146186,
    "ndcg_at_16": 0.5264665226152742,
    "ndcg_at_20": 0.5282684918404285,
    "roc_auc_upset": 0.8526785714285714,
    "rank_mae_pred_vs_playoff_final_results": 7.0,
    "rank_rmse_pred_vs_playoff_final_results": 8.9442720413208,
    "rank_mae_eos_standings_vs_playoff_final_results": 3.1333333333333333,
    "rank_rmse_eos_standings_vs_playoff_final_results": 4.449719092257398,
    "spearman_standings": -0.52880978865406,
    "ndcg10_standings": 0.49616073839188274,
    "ndcg_at_4_standings": 0.44578653670222973,
    "ndcg_at_16_standings": 0.5096006672285972,
    "rank_rmse_standings": 8.40238094329834,
    "playoff_metrics": {
      "spearman_pred_vs_playoff_final_results": 0.5078976640711901,
      "ndcg_at_4_final_four": 0.46449490234372454,
      "ndcg10_pred_vs_playoff_final_results": 0.48241166580248207,
      "brier_championship_odds": 0.030076472088694572,
      "rank_mae_pred_vs_playoff_final_results": 7.0,
      "rank_rmse_pred_vs_playoff_final_results": 8.9442720413208,
      "rank_mae_eos_standings_vs_playoff_final_results": 3.1333333333333333,
      "rank_rmse_eos_standings_vs_playoff_final_results": 4.449719092257398
    }
  },
  "test_metrics_model_a": {
    "ndcg": 0.48180030999324924,
    "spearman": 0.4518353726362625,
    "mrr_top2": 0.5,
    "mrr_top4": 0.5,
    "ndcg10": 0.48180030999324924,
    "ndcg_at_4": 0.46449490234372454,
    "ndcg_at_12": 0.5255606083678301,
    "ndcg_at_16": 0.5258451846324699,
    "ndcg_at_20": 0.527624810638314,
    "roc_auc_upset": 0.8190045248868778
  },
  "test_metrics_model_b": {
    "ndcg": 0.2023457282447336,
    "spearman": 0.5724137931034483,
    "mrr_top2": 0.16666666666666666,
    "mrr_top4": 0.16666666666666666,
    "ndcg10": 0.2023457282447336,
    "ndcg_at_4": 0.04029517653159447,
    "ndcg_at_12": 0.2030010573886989,
    "ndcg_at_16": 0.38523530452706095,
    "ndcg_at_20": 0.3853165379170404,
    "roc_auc_upset": 0.8044444444444444
  },
  "test_metrics_model_c": {
    "ndcg": 0.05139534647930671,
    "spearman": 0.3125695216907675,
    "mrr_top2": 0.07142857142857142,
    "mrr_top4": 0.2,
    "ndcg10": 0.05139534647930671,
    "ndcg_at_4": 0.0072603807417201014,
    "ndcg_at_12": 0.05704448895120833,
    "ndcg_at_16": 0.17989573678693135,
    "ndcg_at_20": 0.18229344888290439,
    "roc_auc_upset": 0.8214285714285714
  },
  "test_metrics_by_conference": {
    "E": {
      "ndcg": 0.2754719034654241,
      "spearman": 0.3321428571428571
    },
    "W": {
      "ndcg": 0.7350288254932673,
      "spearman": 0.5892857142857142
    }
  },
  "by_season": {
    "2023-24": {
      "test_metrics_ensemble": {
        "ndcg": 0.5587046952449802,
        "spearman": 0.26941045606229147,
        "mrr_top2": 1.0,
        "mrr_top4": 1.0,
        "ndcg10": 0.5587046952449802,
        "ndcg_at_4": 0.35315119534797357,
        "ndcg_at_12": 0.5585661498872432,
        "ndcg_at_16": 0.6011751124784404,
        "ndcg_at_20": 0.6011727615968916,
        "roc_auc_upset": 0.8657407407407407,
        "rank_mae_pred_vs_playoff_final_results": 8.533333778381348,
        "rank_rmse_pred_vs_playoff_final_results": 10.462632179260254,
        "rank_mae_eos_standings_vs_playoff_final_results": 3.7333333333333334,
        "rank_rmse_eos_standings_vs_playoff_final_results": 6.093712606722878,
        "spearman_standings": -0.4068965517241379,
        "ndcg10_standings": 0.4178976556967847,
        "ndcg_at_4_standings": 0.16635214014080835,
        "ndcg_at_16_standings": 0.43908347188053254,
        "rank_rmse_standings": 9.426912307739258,
        "playoff_metrics": {
          "spearman_pred_vs_playoff_final_results": 0.3348164627363737,
          "ndcg_at_4_final_four": 0.35315119534797357,
          "ndcg10_pred_vs_playoff_final_results": 0.5587106419850424,
          "brier_championship_odds": 0.03167646750807762,
          "rank_mae_pred_vs_playoff_final_results": 8.533333778381348,
          "rank_rmse_pred_vs_playoff_final_results": 10.462632179260254,
          "rank_mae_eos_standings_vs_playoff_final_results": 3.7333333333333334,
          "rank_rmse_eos_standings_vs_playoff_final_results": 6.093712606722878
        }
      },
      "test_metrics_model_a": {
        "ndcg": 0.5587046952449802,
        "spearman": 0.26273637374860953,
        "mrr_top2": 1.0,
        "mrr_top4": 1.0,
        "ndcg10": 0.5587046952449802,
        "ndcg_at_4": 0.35315119534797357,
        "ndcg_at_12": 0.5585661498872432,
        "ndcg_at_16": 0.6011750982706956,
        "ndcg_at_20": 0.6011727613159281,
        "roc_auc_upset": 0.8657407407407407
      },
      "test_metrics_model_b": {
        "ndcg": 0.806466891890875,
        "spearman": 0.46918798665183536,
        "mrr_top2": 1.0,
        "mrr_top4": 1.0,
        "ndcg10": 0.806466891890875,
        "ndcg_at_4": 0.6907114070725182,
        "ndcg_at_12": 0.8062778478703321,
        "ndcg_at_16": 0.846029524050017,
        "ndcg_at_20": 0.8508939787559978,
        "roc_auc_upset": 0.76
      },
      "test_metrics_model_c": {
        "ndcg": 0.33348743391404295,
        "spearman": 0.23337041156840932,
        "mrr_top2": 0.16666666666666666,
        "mrr_top4": 0.16666666666666666,
        "ndcg10": 0.33348743391404295,
        "ndcg_at_4": 0.001111095381373398,
        "ndcg_at_12": 0.3389077264996702,
        "ndcg_at_16": 0.3596643455146382,
        "ndcg_at_20": 0.37000033942981986,
        "roc_auc_upset": 0.7633928571428571
      },
      "test_metrics_by_conference": {
        "E": {
          "ndcg": 0.35722781210573246,
          "spearman": 0.10357142857142855
        },
        "W": {
          "ndcg": 0.8977298728765244,
          "spearman": 0.37499999999999994
        }
      },
      "notes": {
        "eos_rank_source": "eos_final_rank"
      }
    },
    "2024-25": {
      "test_metrics_ensemble": {
        "ndcg": 0.4824218589005347,
        "spearman": 0.46607341490545046,
        "mrr_top2": 0.5,
        "mrr_top4": 0.5,
        "ndcg10": 0.4824218589005347,
        "ndcg_at_4": 0.46449490234372454,
        "ndcg_at_12": 0.5261819940146186,
        "ndcg_at_16": 0.5264665226152742,
        "ndcg_at_20": 0.5282684918404285,
        "roc_auc_upset": 0.8526785714285714,
        "rank_mae_pred_vs_playoff_final_results": 7.0,
        "rank_rmse_pred_vs_playoff_final_results": 8.9442720413208,
        "rank_mae_eos_standings_vs_playoff_final_results": 3.1333333333333333,
        "rank_rmse_eos_standings_vs_playoff_final_results": 4.449719092257398,
        "spearman_standings": -0.52880978865406,
        "ndcg10_standings": 0.49616073839188274,
        "ndcg_at_4_standings": 0.44578653670222973,
        "ndcg_at_16_standings": 0.5096006672285972,
        "rank_rmse_standings": 8.40238094329834,
        "playoff_metrics": {
          "spearman_pred_vs_playoff_final_results": 0.5078976640711901,
          "ndcg_at_4_final_four": 0.46449490234372454,