{
  "test_metrics_ensemble": {
    "ndcg": 0.5564295279932508,
    "spearman": 0.3984427141268076,
    "mrr_top2": 1.0,
    "mrr_top4": 1.0,
    "ndcg10": 0.5564295279932508,
    "ndcg_at_4": 0.33513898093933947,
    "ndcg_at_12": 0.6001750622626801,
    "ndcg_at_16": 0.6013989548742247,
    "ndcg_at_20": 0.6020028532876395,
    "roc_auc_upset": 0.7410714285714286,
    "rank_mae_pred_vs_playoff_final_results": 7.599999904632568,
    "rank_rmse_pred_vs_playoff_final_results": 9.493857383728027,
    "rank_mae_eos_standings_vs_playoff_final_results": 3.7333333333333334,
    "rank_rmse_eos_standings_vs_playoff_final_results": 6.093712606722878,
    "playoff_metrics": {
      "spearman_pred_vs_playoff_final_results": 0.41446051167964404,
      "ndcg_at_4_final_four": 0.33513815635527017,
      "ndcg10_pred_vs_playoff_final_results": 0.5564344585940505,
      "brier_championship_odds": 0.03222232684493065,
      "rank_mae_pred_vs_playoff_final_results": 7.599999904632568,
      "rank_rmse_pred_vs_playoff_final_results": 9.493857383728027,
      "rank_mae_eos_standings_vs_playoff_final_results": 3.7333333333333334,
      "rank_rmse_eos_standings_vs_playoff_final_results": 6.093712606722878
    }
  },
  "test_metrics_model_a": {
    "ndcg": 0.5564295279932508,
    "spearman": 0.38954393770856505,
    "mrr_top2": 1.0,
    "mrr_top4": 1.0,
    "ndcg10": 0.5564295279932508,
    "ndcg_at_4": 0.33513898093933947,
    "ndcg_at_12": 0.6001750622626801,
    "ndcg_at_16": 0.6013989548742247,
    "ndcg_at_20": 0.6020028532876395,
    "roc_auc_upset": 0.7455357142857143
  },
  "test_metrics_model_b": {
    "ndcg": 0.6902877672550991,
    "spearman": 0.26985539488320354,
    "mrr_top2": 1.0,
    "mrr_top4": 1.0,
    "ndcg10": 0.6902877672550991,
    "ndcg_at_4": 0.6701253599651338,
    "ndcg_at_12": 0.7807060761070691,
    "ndcg_at_16": 0.7806750220163674,
    "ndcg_at_20": 0.7807465914506901,
    "roc_auc_upset": 0.7644444444444445
  },
  "test_metrics_model_c": {
    "ndcg": 0.38746596911679293,
    "spearman": 0.27608453837597335,
    "mrr_top2": 0.25,
    "mrr_top4": 0.25,
    "ndcg10": 0.38746596911679293,
    "ndcg_at_4": 0.14584631107136387,
    "ndcg_at_12": 0.3873856661828187,
    "ndcg_at_16": 0.3873641160830805,
    "ndcg_at_20": 0.3879597181986568,
    "roc_auc_upset": 0.8
  },
  "test_metrics_by_conference": {
    "E": {
      "ndcg": 0.38363726287645844,
      "spearman": 0.2071428571428571
    },
    "W": {
      "ndcg": 0.910734537091112,
      "spearman": 0.5857142857142856
    }
  },
  "notes": {
    "eos_rank_source": "eos_final_rank"
  }
}