{
  "test_metrics_ensemble": {
    "ndcg": 0.5489185688696423,
    "spearman": 0.41401557285873186,
    "mrr_top2": 1.0,
    "mrr_top4": 1.0,
    "ndcg10": 0.5489185688696423,
    "ndcg_at_4": 0.35315119534797357,
    "ndcg_at_12": 0.5940795449422221,
    "ndcg_at_16": 0.5953680955832468,
    "ndcg_at_20": 0.5962628478371028,
    "roc_auc_upset": 0.7737556561085973,
    "rank_mae_pred_vs_playoff_final_results": 7.400000095367432,
    "rank_rmse_pred_vs_playoff_final_results": 9.370165824890137,
    "rank_mae_eos_standings_vs_playoff_final_results": 3.7333333333333334,
    "rank_rmse_eos_standings_vs_playoff_final_results": 6.093712606722878,
    "playoff_metrics": {
      "spearman_pred_vs_playoff_final_results": 0.4562847608453838,
      "ndcg_at_4_final_four": 0.35315119534797357,
      "ndcg10_pred_vs_playoff_final_results": 0.548924104366051,
      "brier_championship_odds": 0.03222232684493065,
      "rank_mae_pred_vs_playoff_final_results": 7.400000095367432,
      "rank_rmse_pred_vs_playoff_final_results": 9.370165824890137,
      "rank_mae_eos_standings_vs_playoff_final_results": 3.7333333333333334,
      "rank_rmse_eos_standings_vs_playoff_final_results": 6.093712606722878
    }
  },
  "test_metrics_model_a": {
    "ndcg": 0.5489185688696423,
    "spearman": 0.40867630700778645,
    "mrr_top2": 1.0,
    "mrr_top4": 1.0,
    "ndcg10": 0.5489185688696423,
    "ndcg_at_4": 0.35315119534797357,
    "ndcg_at_12": 0.5940795449422221,
    "ndcg_at_16": 0.5953680955832468,
    "ndcg_at_20": 0.5962628478371028,
    "roc_auc_upset": 0.7782805429864252
  },
  "test_metrics_model_b": {
    "ndcg": 0.5666703142030194,
    "spearman": 0.4197997775305895,
    "mrr_top2": 0.5,
    "mrr_top4": 0.5,
    "ndcg10": 0.5666703142030194,
    "ndcg_at_4": 0.4646538243780074,
    "ndcg_at_12": 0.5665221594292641,
    "ndcg_at_16": 0.571467722810073,
    "ndcg_at_20": 0.5714708709916652,
    "roc_auc_upset": 0.8125
  },
  "test_metrics_model_c": {
    "ndcg": 0.3335099094849099,
    "spearman": 0.23559510567296996,
    "mrr_top2": 0.16666666666666666,
    "mrr_top4": 0.16666666666666666,
    "ndcg10": 0.3335099094849099,
    "ndcg_at_4": 0.0011069724610271625,
    "ndcg_at_12": 0.3389081203242068,
    "ndcg_at_16": 0.3596647393089661,
    "ndcg_at_20": 0.3700007332224158,
    "roc_auc_upset": 0.7633928571428571
  },
  "test_metrics_by_conference": {
    "E": {
      "ndcg": 0.3869402032684001,
      "spearman": 0.2821428571428571
    },
    "W": {
      "ndcg": 0.9301921893726897,
      "spearman": 0.5428571428571428
    }
  },
  "notes": {
    "eos_rank_source": "eos_final_rank"
  }
}