{
  "notes": {
    "eval_on": "test",
    "eos_rank_source": "eos_final_rank",
    "upset_definition": "sleeper = EOS_global_rank > predicted_strength",
    "mrr_top2": "1/rank of first team in top 2 (champion+runner-up) in predicted order.",
    "mrr_top4": "1/rank of first team in top 4 (conference finals) in predicted order.",
    "per_conference_relevance": "Within E/W: actual rank derived from EOS_global_rank (1=best in conf); NDCG/Spearman use this relevance.",
    "playoff_metrics": "Spearman (pred global vs playoff_final_results), NDCG@4 (final four), Brier (champion vs odds). rank_mae/rank_rmse: pred vs playoff_final_results; eos_standings vs playoff_final_results (baseline)."
  },
  "split_info": {
    "train_frac": 0.75,
    "n_train_dates": 141,
    "n_test_dates": 36,
    "split_mode": "seasons"
  },
  "test_metrics_ensemble": {
    "ndcg": 0.4759246081626695,
    "spearman": 0.5025583982202447,
    "mrr_top2": 0.5,
    "mrr_top4": 0.5,
    "ndcg10": 0.4759246081626695,
    "ndcg_at_4": 0.4643944167678145,
    "ndcg_at_12": 0.5253482339334461,
    "ndcg_at_16": 0.526571124132836,
    "ndcg_at_20": 0.5290071958438093,
    "roc_auc_upset": 0.78125,
    "rank_mae_pred_vs_playoff_final_results": 6.933333396911621,
    "rank_rmse_pred_vs_playoff_final_results": 8.633269309997559,
    "rank_mae_eos_standings_vs_playoff_final_results": 3.1333333333333333,
    "rank_rmse_eos_standings_vs_playoff_final_results": 4.449719092257398,
    "playoff_metrics": {
      "spearman_pred_vs_playoff_final_results": 0.4883203559510568,
      "ndcg_at_4_final_four": 0.4643812234227066,
      "ndcg10_pred_vs_playoff_final_results": 0.4759112414767549,
      "brier_championship_odds": 0.03222232684493065,
      "rank_mae_pred_vs_playoff_final_results": 6.933333396911621,
      "rank_rmse_pred_vs_playoff_final_results": 8.633269309997559,
      "rank_mae_eos_standings_vs_playoff_final_results": 3.1333333333333333,
      "rank_rmse_eos_standings_vs_playoff_final_results": 4.449719092257398
    }
  },
  "test_metrics_model_a": {
    "ndcg": 0.4759246081626695,
    "spearman": 0.5025583982202447,
    "mrr_top2": 0.5,
    "mrr_top4": 0.5,
    "ndcg10": 0.4759246081626695,
    "ndcg_at_4": 0.4643944167678145,
    "ndcg_at_12": 0.5253482339334461,
    "ndcg_at_16": 0.526571124132836,
    "ndcg_at_20": 0.5290071958438093,
    "roc_auc_upset": 0.78125
  },
  "test_metrics_model_b": {
    "ndcg": 0.1839189742582721,
    "spearman": 0.657397107897664,
    "mrr_top2": 0.16666666666666666,
    "mrr_top4": 0.16666666666666666,
    "ndcg10": 0.1839189742582721,
    "ndcg_at_4": 0.04367449844740414,
    "ndcg_at_12": 0.35945954499253013,
    "ndcg_at_16": 0.39925377397269357,
    "ndcg_at_20": 0.39925233490870454,
    "roc_auc_upset": 0.7647058823529412
  },
  "test_metrics_model_c": {
    "ndcg": 0.05124995751403931,
    "spearman": 0.3076751946607342,
    "mrr_top2": 0.06666666666666667,
    "mrr_top4": 0.2,
    "ndcg10": 0.05124995751403931,
    "ndcg_at_4": 0.00711064040423231,
    "ndcg_at_12": 0.056899138174850025,
    "ndcg_at_16": 0.17781540372208415,
    "ndcg_at_20": 0.18021327193327982,
    "roc_auc_upset": 0.8214285714285714
  },
  "test_metrics_by_conference": {
    "E": {
      "ndcg": 0.2616655773832978,
      "spearman": 0.30357142857142855
    },
    "W": {
      "ndcg": 0.7391502629529962,
      "spearman": 0.7214285714285712
    }
  },
  "by_season": {
    "2023-24": {
      "test_metrics_ensemble": {
        "ndcg": 0.35478967441881165,
        "spearman": 0.3592880978865406,
        "mrr_top2": 1.0,
        "mrr_top4": 1.0,
        "ndcg10": 0.35478967441881165,
        "ndcg_at_4": 0.35315119534797357,
        "ndcg_at_12": 0.5359010480754651,
        "ndcg_at_16": 0.5785117443756498,
        "ndcg_at_20": 0.5791065323653445,
        "roc_auc_upset": 0.8348214285714285,
        "rank_mae_pred_vs_playoff_final_results": 7.800000190734863,
        "rank_rmse_pred_vs_playoff_final_results": 9.797959327697754,
        "rank_mae_eos_standings_vs_playoff_final_results": 3.7333333333333334,
        "rank_rmse_eos_standings_vs_playoff_final_results": 6.093712606722878,
        "playoff_metrics": {
          "spearman_pred_vs_playoff_final_results": 0.4442714126807564,
          "ndcg_at_4_final_four": 0.35315119534797357,
          "ndcg10_pred_vs_playoff_final_results": 0.3547952099152203,
          "brier_championship_odds": 0.03222232684493065,
          "rank_mae_pred_vs_playoff_final_results": 7.800000190734863,
          "rank_rmse_pred_vs_playoff_final_results": 9.797959327697754,
          "rank_mae_eos_standings_vs_playoff_final_results": 3.7333333333333334,
          "rank_rmse_eos_standings_vs_playoff_final_results": 6.093712606722878
        }
      },
      "test_metrics_model_a": {
        "ndcg": 0.35478967441881165,
        "spearman": 0.35350389321468295,
        "mrr_top2": 1.0,
        "mrr_top4": 1.0,
        "ndcg10": 0.35478967441881165,
        "ndcg_at_4": 0.35315119534797357,
        "ndcg_at_12": 0.5359010480754651,
        "ndcg_at_16": 0.5785117443756498,
        "ndcg_at_20": 0.5791065323653445,
        "roc_auc_upset": 0.8392857142857142
      },
      "test_metrics_model_b": {
        "ndcg": 0.470365696457903,
        "spearman": 0.42380422691879865,
        "mrr_top2": 0.5,
        "mrr_top4": 0.5,
        "ndcg10": 0.470365696457903,
        "ndcg_at_4": 0.4821042221741278,
        "ndcg_at_12": 0.4703280344584218,
        "ndcg_at_16": 0.5940168386141507,
        "ndcg_at_20": 0.5940188480205184,
        "roc_auc_upset": 0.8088888888888889
      },
      "test_metrics_model_c": {
        "ndcg": 0.33348743391404295,
        "spearman": 0.23692992213570632,
        "mrr_top2": 0.16666666666666666,
        "mrr_top4": 0.16666666666666666,
        "ndcg10": 0.33348743391404295,
        "ndcg_at_4": 0.001111095381373398,
        "ndcg_at_12": 0.3389077264996702,
        "ndcg_at_16": 0.3596643455146382,
        "ndcg_at_20": 0.371151145691622,
        "roc_auc_upset": 0.7633928571428571
      },
      "test_metrics_by_conference": {
        "E": {
          "ndcg": 0.3695840803368257,
          "spearman": 0.28928571428571426
        },
        "W": {
          "ndcg": 0.9138922338573048,
          "spearman": 0.47857142857142854
        }
      },
      "notes": {
        "eos_rank_source": "eos_final_rank"
      }
    },
    "2024-25": {
      "test_metrics_ensemble": {
        "ndcg": 0.4759246081626695,
        "spearman": 0.5025583982202447,
        "mrr_top2": 0.5,
        "mrr_top4": 0.5,
        "ndcg10": 0.4759246081626695,
        "ndcg_at_4": 0.4643944167678145,
        "ndcg_at_12": 0.5253482339334461,
        "ndcg_at_16": 0.526571124132836,
        "ndcg_at_20": 0.5290071958438093,
        "roc_auc_upset": 0.78125,
        "rank_mae_pred_vs_playoff_final_results": 6.933333396911621,
        "rank_rmse_pred_vs_playoff_final_results": 8.633269309997559,
        "rank_mae_eos_standings_vs_playoff_final_results": 3.1333333333333333,
        "rank_rmse_eos_standings_vs_playoff_final_results": 4.449719092257398,
        "playoff_metrics": {
          "spearman_pred_vs_playoff_final_results": 0.4883203559510568,
          "ndcg_at_4_final_four": 0.4643812234227066,
          "ndcg10_pred_vs_playoff_final_results": 0.4759112414767549,
          "brier_championship_odds": 0.03222232684493065,
          "rank_mae_pred_vs_playoff_final_results": 6.933333396911621,
          "rank_rmse_pred_vs_playoff_final_results": 8.633269309997559,
          "rank_mae_eos_standings_vs_playoff_final_results": 3.1333333333333333,
          "rank_rmse_eos_standings_vs_playoff_final_results": 4.449719092257398
        }
      },
      "test_metrics_model_a": {
        "ndcg": 0.4759246081626695,
        "spearman": 0.5025583982202447,
        "mrr_top2": 0.5,
        "mrr_top4": 0.5,
        "ndcg10": 0.4759246081626695,
        "ndcg_at_4": 0.4643944167678145,
        "ndcg_at_12": 0.5253482339334461,
        "ndcg_at_16": 0.526571124132836,