{
  "test_metrics_ensemble": {
    "ndcg": 0.5704387245670197,
    "spearman": 0.3125695216907675,
    "mrr_top2": 1.0,
    "mrr_top4": 1.0,
    "ndcg10": 0.5704387245670197,
    "ndcg_at_4": 0.35315119534797357,
    "ndcg_at_12": 0.6141805790803307,
    "ndcg_at_16": 0.6141373236660665,
    "ndcg_at_20": 0.6141349251426602,
    "roc_auc_upset": 0.8597285067873304,
    "rank_mae_pred_vs_playoff_final_results": 8.266666412353516,
    "rank_rmse_pred_vs_playoff_final_results": 10.14889144897461,
    "rank_mae_eos_standings_vs_playoff_final_results": 3.7333333333333334,
    "rank_rmse_eos_standings_vs_playoff_final_results": 6.093712606722878,
    "spearman_standings": -0.4269187986651835,
    "ndcg10_standings": 0.4313999494658255,
    "ndcg_at_4_standings": 0.16635214014080835,
    "ndcg_at_16_standings": 0.45319729526111324,
    "rank_rmse_standings": 9.266427040100098,
    "playoff_metrics": {
      "spearman_pred_vs_playoff_final_results": 0.3632925472747497,
      "ndcg_at_4_final_four": 0.35315119534797357,
      "ndcg10_pred_vs_playoff_final_results": 0.5704437936054095,
      "brier_championship_odds": 0.0314764641225338,
      "rank_mae_pred_vs_playoff_final_results": 8.266666412353516,
      "rank_rmse_pred_vs_playoff_final_results": 10.14889144897461,
      "rank_mae_eos_standings_vs_playoff_final_results": 3.7333333333333334,
      "rank_rmse_eos_standings_vs_playoff_final_results": 6.093712606722878
    }
  },
  "test_metrics_model_a": {
    "ndcg": 0.5704387245670197,
    "spearman": 0.3125695216907675,
    "mrr_top2": 1.0,
    "mrr_top4": 1.0,
    "ndcg10": 0.5704387245670197,
    "ndcg_at_4": 0.35315119534797357,
    "ndcg_at_12": 0.6141805790803307,
    "ndcg_at_16": 0.6141373236660665,
    "ndcg_at_20": 0.6141349251426602,
    "roc_auc_upset": 0.8597285067873304
  },
  "test_metrics_model_b": {
    "ndcg": 0.7076064772277197,
    "spearman": 0.33303670745272523,
    "mrr_top2": 1.0,
    "mrr_top4": 1.0,
    "ndcg10": 0.7076064772277197,
    "ndcg_at_4": 0.7261751187226982,
    "ndcg_at_12": 0.7951929439280361,
    "ndcg_at_16": 0.8002119824751833,
    "ndcg_at_20": 0.8002856796434428,
    "roc_auc_upset": 0.8035714285714286
  },
  "test_metrics_model_c": {
    "ndcg": 0.33348743391404295,
    "spearman": 0.23337041156840932,
    "mrr_top2": 0.16666666666666666,
    "mrr_top4": 0.16666666666666666,
    "ndcg10": 0.33348743391404295,
    "ndcg_at_4": 0.001111095381373398,
    "ndcg_at_12": 0.3389077264996702,
    "ndcg_at_16": 0.3596643455146382,
    "ndcg_at_20": 0.37000033942981986,
    "roc_auc_upset": 0.7633928571428571
  },
  "test_metrics_by_conference": {
    "E": {
      "ndcg": 0.38063396905837743,
      "spearman": 0.12142857142857141
    },
    "W": {
      "ndcg": 0.9084486435684302,
      "spearman": 0.4642857142857142
    }
  },
  "notes": {
    "eos_rank_source": "eos_final_rank"
  }
}