{
  "notes": {
    "eval_on": "test",
    "eos_rank_source": "eos_final_rank",
    "upset_definition": "sleeper = EOS_global_rank > predicted_strength",
    "mrr_top2": "1/rank of first team in top 2 (champion+runner-up) in predicted order.",
    "mrr_top4": "1/rank of first team in top 4 (conference finals) in predicted order.",
    "per_conference_relevance": "Within E/W: actual rank derived from EOS_global_rank (1=best in conf); NDCG/Spearman use this relevance.",
    "playoff_metrics": "Spearman (pred global vs playoff_final_results), NDCG@4 (final four), Brier (champion vs odds). rank_mae/rank_rmse: pred vs playoff_final_results; eos_standings vs playoff_final_results (baseline)."
  },
  "split_info": {
    "train_frac": 0.75,
    "n_train_dates": 141,
    "n_test_dates": 36,
    "split_mode": "seasons"
  },
  "test_metrics_ensemble": {
    "ndcg": 0.48424188481831726,
    "spearman": 0.47630700778642937,
    "mrr_top2": 0.5,
    "mrr_top4": 0.5,
    "ndcg10": 0.48424188481831726,
    "ndcg_at_4": 0.4732201012417847,
    "ndcg_at_12": 0.5280008722518351,
    "ndcg_at_16": 0.528285891791494,
    "ndcg_at_20": 0.5295007993044543,
    "roc_auc_upset": 0.8035714285714286,
    "rank_mae_pred_vs_playoff_final_results": 7.199999809265137,
    "rank_rmse_pred_vs_playoff_final_results": 8.85814094543457,
    "rank_mae_eos_standings_vs_playoff_final_results": 3.1333333333333333,
    "rank_rmse_eos_standings_vs_playoff_final_results": 4.449719092257398,
    "spearman_standings": -0.531924360400445,
    "ndcg10_standings": 0.5032958406533328,
    "ndcg_at_4_standings": 0.5178046098648476,
    "ndcg_at_16_standings": 0.5167333383941675,
    "rank_rmse_standings": 8.374564170837402,
    "playoff_metrics": {
      "spearman_pred_vs_playoff_final_results": 0.5136818687430478,
      "ndcg_at_4_final_four": 0.4732201012417847,
      "ndcg10_pred_vs_playoff_final_results": 0.484231426961326,
      "brier_championship_odds": 0.030076470226049423,
      "rank_mae_pred_vs_playoff_final_results": 7.199999809265137,
      "rank_rmse_pred_vs_playoff_final_results": 8.85814094543457,
      "rank_mae_eos_standings_vs_playoff_final_results": 3.1333333333333333,
      "rank_rmse_eos_standings_vs_playoff_final_results": 4.449719092257398
    }
  },
  "test_metrics_model_a": {
    "ndcg": 0.4842397589157374,
    "spearman": 0.4771968854282535,
    "mrr_top2": 0.5,
    "mrr_top4": 0.5,
    "ndcg10": 0.4842397589157374,
    "ndcg_at_4": 0.4732201012417847,
    "ndcg_at_12": 0.5279987469076601,
    "ndcg_at_16": 0.5282837666103455,
    "ndcg_at_20": 0.5294986741999447,
    "roc_auc_upset": 0.8035714285714286
  },
  "test_metrics_model_b": {
    "ndcg": 0.4376962231760793,
    "spearman": 0.6004449388209121,
    "mrr_top2": 0.2,
    "mrr_top4": 0.2,
    "ndcg10": 0.4376962231760793,
    "ndcg_at_4": 0.047452952934463374,
    "ndcg_at_12": 0.43762445760123064,
    "ndcg_at_16": 0.4595511069090464,
    "ndcg_at_20": 0.45954919583553044,
    "roc_auc_upset": 0.7330316742081447
  },
  "test_metrics_model_c": {
    "ndcg": 0.05139534647930671,
    "spearman": 0.3125695216907675,
    "mrr_top2": 0.07142857142857142,
    "mrr_top4": 0.2,
    "ndcg10": 0.05139534647930671,
    "ndcg_at_4": 0.0072603807417201014,
    "ndcg_at_12": 0.05704448895120833,
    "ndcg_at_16": 0.17989573678693135,
    "ndcg_at_20": 0.18229344888290439,
    "roc_auc_upset": 0.8214285714285714
  },
  "test_metrics_by_conference": {
    "E": {
      "ndcg": 0.33174496251152114,
      "spearman": 0.3
    },
    "W": {
      "ndcg": 0.7491563943572732,
      "spearman": 0.575
    }
  },
  "by_season": {
    "2023-24": {
      "test_metrics_ensemble": {
        "ndcg": 0.5704387245670197,
        "spearman": 0.3125695216907675,
        "mrr_top2": 1.0,
        "mrr_top4": 1.0,
        "ndcg10": 0.5704387245670197,
        "ndcg_at_4": 0.35315119534797357,
        "ndcg_at_12": 0.6141805790803307,
        "ndcg_at_16": 0.6141373236660665,
        "ndcg_at_20": 0.6141349251426602,
        "roc_auc_upset": 0.8597285067873304,
        "rank_mae_pred_vs_playoff_final_results": 8.266666412353516,
        "rank_rmse_pred_vs_playoff_final_results": 10.14889144897461,
        "rank_mae_eos_standings_vs_playoff_final_results": 3.7333333333333334,
        "rank_rmse_eos_standings_vs_playoff_final_results": 6.093712606722878,
        "spearman_standings": -0.4269187986651835,
        "ndcg10_standings": 0.4313999494658255,
        "ndcg_at_4_standings": 0.16635214014080835,
        "ndcg_at_16_standings": 0.45319729526111324,
        "rank_rmse_standings": 9.266427040100098,
        "playoff_metrics": {
          "spearman_pred_vs_playoff_final_results": 0.3632925472747497,
          "ndcg_at_4_final_four": 0.35315119534797357,
          "ndcg10_pred_vs_playoff_final_results": 0.5704437936054095,
          "brier_championship_odds": 0.0314764641225338,
          "rank_mae_pred_vs_playoff_final_results": 8.266666412353516,
          "rank_rmse_pred_vs_playoff_final_results": 10.14889144897461,
          "rank_mae_eos_standings_vs_playoff_final_results": 3.7333333333333334,
          "rank_rmse_eos_standings_vs_playoff_final_results": 6.093712606722878
        }
      },
      "test_metrics_model_a": {
        "ndcg": 0.5704387245670197,
        "spearman": 0.3125695216907675,
        "mrr_top2": 1.0,
        "mrr_top4": 1.0,
        "ndcg10": 0.5704387245670197,
        "ndcg_at_4": 0.35315119534797357,
        "ndcg_at_12": 0.6141805790803307,
        "ndcg_at_16": 0.6141373236660665,
        "ndcg_at_20": 0.6141349251426602,
        "roc_auc_upset": 0.8597285067873304
      },
      "test_metrics_model_b": {
        "ndcg": 0.7076064772277197,
        "spearman": 0.33303670745272523,
        "mrr_top2": 1.0,
        "mrr_top4": 1.0,
        "ndcg10": 0.7076064772277197,
        "ndcg_at_4": 0.7261751187226982,
        "ndcg_at_12": 0.7951929439280361,
        "ndcg_at_16": 0.8002119824751833,
        "ndcg_at_20": 0.8002856796434428,
        "roc_auc_upset": 0.8035714285714286
      },
      "test_metrics_model_c": {
        "ndcg": 0.33348743391404295,
        "spearman": 0.23337041156840932,
        "mrr_top2": 0.16666666666666666,
        "mrr_top4": 0.16666666666666666,
        "ndcg10": 0.33348743391404295,
        "ndcg_at_4": 0.001111095381373398,
        "ndcg_at_12": 0.3389077264996702,
        "ndcg_at_16": 0.3596643455146382,
        "ndcg_at_20": 0.37000033942981986,
        "roc_auc_upset": 0.7633928571428571
      },
      "test_metrics_by_conference": {
        "E": {
          "ndcg": 0.38063396905837743,
          "spearman": 0.12142857142857141
        },
        "W": {
          "ndcg": 0.9084486435684302,
          "spearman": 0.4642857142857142
        }
      },
      "notes": {
        "eos_rank_source": "eos_final_rank"
      }
    },
    "2024-25": {
      "test_metrics_ensemble": {
        "ndcg": 0.48424188481831726,
        "spearman": 0.47630700778642937,
        "mrr_top2": 0.5,
        "mrr_top4": 0.5,
        "ndcg10": 0.48424188481831726,
        "ndcg_at_4": 0.4732201012417847,
        "ndcg_at_12": 0.5280008722518351,
        "ndcg_at_16": 0.528285891791494,
        "ndcg_at_20": 0.5295007993044543,
        "roc_auc_upset": 0.8035714285714286,
        "rank_mae_pred_vs_playoff_final_results": 7.199999809265137,
        "rank_rmse_pred_vs_playoff_final_results": 8.85814094543457,
        "rank_mae_eos_standings_vs_playoff_final_results": 3.1333333333333333,
        "rank_rmse_eos_standings_vs_playoff_final_results": 4.449719092257398,
        "spearman_standings": -0.531924360400445,
        "ndcg10_standings": 0.5032958406533328,
        "ndcg_at_4_standings": 0.5178046098648476,
        "ndcg_at_16_standings": 0.5167333383941675,
        "rank_rmse_standings": 8.374564170837402,
        "playoff_metrics": {
          "spearman_pred_vs_playoff_final_results": 0.5136818687430478,
          "ndcg_at_4_final_four": 0.4732201012417847,