{
  "notes": {
    "eval_on": "test",
    "eos_rank_source": "eos_final_rank",
    "upset_definition": "sleeper = EOS_global_rank > predicted_strength",
    "mrr_top2": "1/rank of first team in top 2 (champion+runner-up) in predicted order.",
    "mrr_top4": "1/rank of first team in top 4 (conference finals) in predicted order.",
    "per_conference_relevance": "Within E/W: actual rank derived from EOS_global_rank (1=best in conf); NDCG/Spearman use this relevance.",
    "playoff_metrics": "Spearman (pred global vs playoff_final_results), NDCG@4 (final four), Brier (champion vs odds). rank_mae/rank_rmse: pred vs playoff_final_results; eos_standings vs playoff_final_results (baseline)."
  },
  "split_info": {
    "train_frac": 0.75,
    "n_train_dates": 141,
    "n_test_dates": 36,
    "split_mode": "seasons"
  },
  "test_metrics_ensemble": {
    "ndcg": 0.4839017626002374,
    "spearman": 0.47319243604004446,
    "mrr_top2": 0.5,
    "mrr_top4": 0.5,
    "ndcg10": 0.4839017626002374,
    "ndcg_at_4": 0.46437685999867345,
    "ndcg_at_12": 0.4841499906512488,
    "ndcg_at_16": 0.5256781611153033,
    "ndcg_at_20": 0.5292455720852346,
    "roc_auc_upset": 0.7678571428571428,
    "rank_mae_pred_vs_playoff_final_results": 7.0,
    "rank_rmse_pred_vs_playoff_final_results": 8.884443283081055,
    "rank_mae_eos_standings_vs_playoff_final_results": 3.1333333333333333,
    "rank_rmse_eos_standings_vs_playoff_final_results": 4.449719092257398,
    "playoff_metrics": {
      "spearman_pred_vs_playoff_final_results": 0.4696329254727475,
      "ndcg_at_4_final_four": 0.4643768342304213,
      "ndcg10_pred_vs_playoff_final_results": 0.48388969374383456,
      "brier_championship_odds": 0.03222232684493065,
      "rank_mae_pred_vs_playoff_final_results": 7.0,
      "rank_rmse_pred_vs_playoff_final_results": 8.884443283081055,
      "rank_mae_eos_standings_vs_playoff_final_results": 3.1333333333333333,
      "rank_rmse_eos_standings_vs_playoff_final_results": 4.449719092257398
    }
  },
  "test_metrics_model_a": {
    "ndcg": 0.4839017626002374,
    "spearman": 0.46562847608453833,
    "mrr_top2": 0.5,
    "mrr_top4": 0.5,
    "ndcg10": 0.4839017626002374,
    "ndcg_at_4": 0.46437685999867345,
    "ndcg_at_12": 0.4841499906512488,
    "ndcg_at_16": 0.5256781611153033,
    "ndcg_at_20": 0.5292436801172288,
    "roc_auc_upset": 0.7723214285714286
  },
  "test_metrics_model_b": {
    "ndcg": 0.17990443205154372,
    "spearman": 0.6026696329254727,
    "mrr_top2": 0.25,
    "mrr_top4": 0.25,
    "ndcg10": 0.17990443205154372,
    "ndcg_at_4": 0.16775742802418675,
    "ndcg_at_12": 0.22524269398588,
    "ndcg_at_16": 0.4044751470263975,
    "ndcg_at_20": 0.40447424973745727,
    "roc_auc_upset": 0.7244444444444444
  },
  "test_metrics_model_c": {
    "ndcg": 0.05124995751403931,
    "spearman": 0.30233592880978866,
    "mrr_top2": 0.06666666666666667,
    "mrr_top4": 0.2,
    "ndcg10": 0.05124995751403931,
    "ndcg_at_4": 0.00711064040423231,
    "ndcg_at_12": 0.056899138174850025,
    "ndcg_at_16": 0.17781540372208415,
    "ndcg_at_20": 0.18021312496782235,
    "roc_auc_upset": 0.8258928571428571
  },
  "test_metrics_by_conference": {
    "E": {
      "ndcg": 0.25654449731387835,
      "spearman": 0.22142857142857136
    },
    "W": {
      "ndcg": 0.7737357849437491,
      "spearman": 0.7107142857142856
    }
  },
  "by_season": {
    "2023-24": {
      "test_metrics_ensemble": {
        "ndcg": 0.5582978210552865,
        "spearman": 0.3904338153503893,
        "mrr_top2": 1.0,
        "mrr_top4": 1.0,
        "ndcg10": 0.5582978210552865,
        "ndcg_at_4": 0.35315119534797357,
        "ndcg_at_12": 0.6048224188280203,
        "ndcg_at_16": 0.6054030882742636,
        "ndcg_at_20": 0.6054005166206886,
        "roc_auc_upset": 0.7546296296296297,
        "rank_mae_pred_vs_playoff_final_results": 7.5333333015441895,
        "rank_rmse_pred_vs_playoff_final_results": 9.55684757232666,
        "rank_mae_eos_standings_vs_playoff_final_results": 3.7333333333333334,
        "rank_rmse_eos_standings_vs_playoff_final_results": 6.093712606722878,
        "playoff_metrics": {
          "spearman_pred_vs_playoff_final_results": 0.4629588431590656,
          "ndcg_at_4_final_four": 0.35315119534797357,
          "ndcg10_pred_vs_playoff_final_results": 0.5583030703545732,
          "brier_championship_odds": 0.03222232684493065,
          "rank_mae_pred_vs_playoff_final_results": 7.5333333015441895,
          "rank_rmse_pred_vs_playoff_final_results": 9.55684757232666,
          "rank_mae_eos_standings_vs_playoff_final_results": 3.7333333333333334,
          "rank_rmse_eos_standings_vs_playoff_final_results": 6.093712606722878
        }
      },
      "test_metrics_model_a": {
        "ndcg": 0.5582978210552865,
        "spearman": 0.38954393770856505,
        "mrr_top2": 1.0,
        "mrr_top4": 1.0,
        "ndcg10": 0.5582978210552865,
        "ndcg_at_4": 0.35315119534797357,
        "ndcg_at_12": 0.6048224188280203,
        "ndcg_at_16": 0.605402999697209,
        "ndcg_at_20": 0.6054004280440236,
        "roc_auc_upset": 0.7546296296296297
      },
      "test_metrics_model_b": {
        "ndcg": 0.8062814887710054,
        "spearman": 0.3530589543937709,
        "mrr_top2": 1.0,
        "mrr_top4": 1.0,
        "ndcg10": 0.8062814887710054,
        "ndcg_at_4": 0.7116242168324007,
        "ndcg_at_12": 0.8060945023987792,
        "ndcg_at_16": 0.8061146516824389,
        "ndcg_at_20": 0.8107373448598841,
        "roc_auc_upset": 0.7723214285714286
      },
      "test_metrics_model_c": {
        "ndcg": 0.333487026575135,
        "spearman": 0.24048943270300333,
        "mrr_top2": 0.16666666666666666,
        "mrr_top4": 0.16666666666666666,
        "ndcg10": 0.333487026575135,
        "ndcg_at_4": 0.0011069724610271625,
        "ndcg_at_12": 0.33890731926775686,
        "ndcg_at_16": 0.35966393831396193,
        "ndcg_at_20": 0.37116955007129654,
        "roc_auc_upset": 0.7777777777777778
      },
      "test_metrics_by_conference": {
        "E": {
          "ndcg": 0.38689768138590575,
          "spearman": 0.28928571428571426
        },
        "W": {
          "ndcg": 0.9184565006366837,
          "spearman": 0.4357142857142856
        }
      },
      "notes": {
        "eos_rank_source": "eos_final_rank"
      }
    },
    "2024-25": {
      "test_metrics_ensemble": {
        "ndcg": 0.4839017626002374,
        "spearman": 0.47319243604004446,
        "mrr_top2": 0.5,
        "mrr_top4": 0.5,
        "ndcg10": 0.4839017626002374,
        "ndcg_at_4": 0.46437685999867345,
        "ndcg_at_12": 0.4841499906512488,
        "ndcg_at_16": 0.5256781611153033,
        "ndcg_at_20": 0.5292455720852346,
        "roc_auc_upset": 0.7678571428571428,
        "rank_mae_pred_vs_playoff_final_results": 7.0,
        "rank_rmse_pred_vs_playoff_final_results": 8.884443283081055,
        "rank_mae_eos_standings_vs_playoff_final_results": 3.1333333333333333,
        "rank_rmse_eos_standings_vs_playoff_final_results": 4.449719092257398,
        "playoff_metrics": {
          "spearman_pred_vs_playoff_final_results": 0.4696329254727475,
          "ndcg_at_4_final_four": 0.4643768342304213,
          "ndcg10_pred_vs_playoff_final_results": 0.48388969374383456,
          "brier_championship_odds": 0.03222232684493065,
          "rank_mae_pred_vs_playoff_final_results": 7.0,
          "rank_rmse_pred_vs_playoff_final_results": 8.884443283081055,
          "rank_mae_eos_standings_vs_playoff_final_results": 3.1333333333333333,
          "rank_rmse_eos_standings_vs_playoff_final_results": 4.449719092257398
        }
      },
      "test_metrics_model_a": {
        "ndcg": 0.4839017626002374,
        "spearman": 0.46562847608453833,
        "mrr_top2": 0.5,
        "mrr_top4": 0.5,
        "ndcg10": 0.4839017626002374,
        "ndcg_at_4": 0.46437685999867345,
        "ndcg_at_12": 0.4841499906512488,
        "ndcg_at_16": 0.5256781611153033,
        "ndcg_at_20": 0.5292436801172288,