{
  "test_metrics_ensemble": {
    "ndcg": 0.5582978210552865,
    "spearman": 0.3904338153503893,
    "mrr_top2": 1.0,
    "mrr_top4": 1.0,
    "ndcg10": 0.5582978210552865,
    "ndcg_at_4": 0.35315119534797357,
    "ndcg_at_12": 0.6048224188280203,
    "ndcg_at_16": 0.6054030882742636,
    "ndcg_at_20": 0.6054005166206886,
    "roc_auc_upset": 0.7546296296296297,
    "rank_mae_pred_vs_playoff_final_results": 7.5333333015441895,
    "rank_rmse_pred_vs_playoff_final_results": 9.55684757232666,
    "rank_mae_eos_standings_vs_playoff_final_results": 3.7333333333333334,
    "rank_rmse_eos_standings_vs_playoff_final_results": 6.093712606722878,
    "playoff_metrics": {
      "spearman_pred_vs_playoff_final_results": 0.4629588431590656,
      "ndcg_at_4_final_four": 0.35315119534797357,
      "ndcg10_pred_vs_playoff_final_results": 0.5583030703545732,
      "brier_championship_odds": 0.03222232684493065,
      "rank_mae_pred_vs_playoff_final_results": 7.5333333015441895,
      "rank_rmse_pred_vs_playoff_final_results": 9.55684757232666,
      "rank_mae_eos_standings_vs_playoff_final_results": 3.7333333333333334,
      "rank_rmse_eos_standings_vs_playoff_final_results": 6.093712606722878
    }
  },
  "test_metrics_model_a": {
    "ndcg": 0.5582978210552865,
    "spearman": 0.38954393770856505,
    "mrr_top2": 1.0,
    "mrr_top4": 1.0,
    "ndcg10": 0.5582978210552865,
    "ndcg_at_4": 0.35315119534797357,
    "ndcg_at_12": 0.6048224188280203,
    "ndcg_at_16": 0.605402999697209,
    "ndcg_at_20": 0.6054004280440236,
    "roc_auc_upset": 0.7546296296296297
  },
  "test_metrics_model_b": {
    "ndcg": 0.8062814887710054,
    "spearman": 0.3530589543937709,
    "mrr_top2": 1.0,
    "mrr_top4": 1.0,
    "ndcg10": 0.8062814887710054,
    "ndcg_at_4": 0.7116242168324007,
    "ndcg_at_12": 0.8060945023987792,
    "ndcg_at_16": 0.8061146516824389,
    "ndcg_at_20": 0.8107373448598841,
    "roc_auc_upset": 0.7723214285714286
  },
  "test_metrics_model_c": {
    "ndcg": 0.333487026575135,
    "spearman": 0.24048943270300333,
    "mrr_top2": 0.16666666666666666,
    "mrr_top4": 0.16666666666666666,
    "ndcg10": 0.333487026575135,
    "ndcg_at_4": 0.0011069724610271625,
    "ndcg_at_12": 0.33890731926775686,
    "ndcg_at_16": 0.35966393831396193,
    "ndcg_at_20": 0.37116955007129654,
    "roc_auc_upset": 0.7777777777777778
  },
  "test_metrics_by_conference": {
    "E": {
      "ndcg": 0.38689768138590575,
      "spearman": 0.28928571428571426
    },
    "W": {
      "ndcg": 0.9184565006366837,
      "spearman": 0.4357142857142856
    }
  },
  "notes": {
    "eos_rank_source": "eos_final_rank"
  }
}