{
  "test_metrics_ensemble": {
    "ndcg": 0.4839017626002374,
    "spearman": 0.47319243604004446,
    "mrr_top2": 0.5,
    "mrr_top4": 0.5,
    "ndcg10": 0.4839017626002374,
    "ndcg_at_4": 0.46437685999867345,
    "ndcg_at_12": 0.4841499906512488,
    "ndcg_at_16": 0.5256781611153033,
    "ndcg_at_20": 0.5292455720852346,
    "roc_auc_upset": 0.7678571428571428,
    "rank_mae_pred_vs_playoff_final_results": 7.0,
    "rank_rmse_pred_vs_playoff_final_results": 8.884443283081055,
    "rank_mae_eos_standings_vs_playoff_final_results": 3.1333333333333333,
    "rank_rmse_eos_standings_vs_playoff_final_results": 4.449719092257398,
    "playoff_metrics": {
      "spearman_pred_vs_playoff_final_results": 0.4696329254727475,
      "ndcg_at_4_final_four": 0.4643768342304213,
      "ndcg10_pred_vs_playoff_final_results": 0.48388969374383456,
      "brier_championship_odds": 0.03222232684493065,
      "rank_mae_pred_vs_playoff_final_results": 7.0,
      "rank_rmse_pred_vs_playoff_final_results": 8.884443283081055,
      "rank_mae_eos_standings_vs_playoff_final_results": 3.1333333333333333,
      "rank_rmse_eos_standings_vs_playoff_final_results": 4.449719092257398
    }
  },
  "test_metrics_model_a": {
    "ndcg": 0.4839017626002374,
    "spearman": 0.46562847608453833,
    "mrr_top2": 0.5,
    "mrr_top4": 0.5,
    "ndcg10": 0.4839017626002374,
    "ndcg_at_4": 0.46437685999867345,
    "ndcg_at_12": 0.4841499906512488,
    "ndcg_at_16": 0.5256781611153033,
    "ndcg_at_20": 0.5292436801172288,
    "roc_auc_upset": 0.7723214285714286
  },
  "test_metrics_model_b": {
    "ndcg": 0.17990443205154372,
    "spearman": 0.6026696329254727,
    "mrr_top2": 0.25,
    "mrr_top4": 0.25,
    "ndcg10": 0.17990443205154372,
    "ndcg_at_4": 0.16775742802418675,
    "ndcg_at_12": 0.22524269398588,
    "ndcg_at_16": 0.4044751470263975,
    "ndcg_at_20": 0.40447424973745727,
    "roc_auc_upset": 0.7244444444444444
  },
  "test_metrics_model_c": {
    "ndcg": 0.05124995751403931,
    "spearman": 0.30233592880978866,
    "mrr_top2": 0.06666666666666667,
    "mrr_top4": 0.2,
    "ndcg10": 0.05124995751403931,
    "ndcg_at_4": 0.00711064040423231,
    "ndcg_at_12": 0.056899138174850025,
    "ndcg_at_16": 0.17781540372208415,
    "ndcg_at_20": 0.18021312496782235,
    "roc_auc_upset": 0.8258928571428571
  },
  "test_metrics_by_conference": {
    "E": {
      "ndcg": 0.25654449731387835,
      "spearman": 0.22142857142857136
    },
    "W": {
      "ndcg": 0.7737357849437491,
      "spearman": 0.7107142857142856
    }
  },
  "notes": {
    "eos_rank_source": "eos_final_rank"
  }
}