{
  "notes": {
    "eval_on": "test",
    "eos_rank_source": "eos_final_rank",
    "upset_definition": "sleeper = EOS_global_rank > predicted_strength",
    "mrr_top2": "1/rank of first team in top 2 (champion+runner-up) in predicted order.",
    "mrr_top4": "1/rank of first team in top 4 (conference finals) in predicted order.",
    "per_conference_relevance": "Within E/W: actual rank derived from EOS_global_rank (1=best in conf); NDCG/Spearman use this relevance.",
    "playoff_metrics": "Spearman (pred global vs playoff_final_results), NDCG@4 (final four), Brier (champion vs odds). rank_mae/rank_rmse: pred vs playoff_final_results; eos_standings vs playoff_final_results (baseline)."
  },
  "split_info": {
    "train_frac": 0.75,
    "n_train_dates": 141,
    "n_test_dates": 36,
    "split_mode": "seasons"
  },
  "test_metrics_ensemble": {
    "ndcg": 0.4830633926237072,
    "spearman": 0.47497219132369295,
    "mrr_top2": 0.5,
    "mrr_top4": 0.5,
    "ndcg10": 0.4830633926237072,
    "ndcg_at_4": 0.4643519436832566,
    "ndcg_at_12": 0.526823359227939,
    "ndcg_at_16": 0.526805197155824,
    "ndcg_at_20": 0.5303680991672585,
    "roc_auc_upset": 0.7678571428571428,
    "rank_mae_pred_vs_playoff_final_results": 7.0,
    "rank_rmse_pred_vs_playoff_final_results": 8.869422912597656,
    "rank_mae_eos_standings_vs_playoff_final_results": 3.1333333333333333,
    "rank_rmse_eos_standings_vs_playoff_final_results": 4.449719092257398,
    "playoff_metrics": {
      "spearman_pred_vs_playoff_final_results": 0.4785317018909899,
      "ndcg_at_4_final_four": 0.46433662668392073,
      "ndcg10_pred_vs_playoff_final_results": 0.4830484982544129,
      "brier_championship_odds": 0.03222232684493065,
      "rank_mae_pred_vs_playoff_final_results": 7.0,
      "rank_rmse_pred_vs_playoff_final_results": 8.869422912597656,
      "rank_mae_eos_standings_vs_playoff_final_results": 3.1333333333333333,
      "rank_rmse_eos_standings_vs_playoff_final_results": 4.449719092257398
    }
  },
  "test_metrics_model_a": {
    "ndcg": 0.4830633926237072,
    "spearman": 0.47497219132369295,
    "mrr_top2": 0.5,
    "mrr_top4": 0.5,
    "ndcg10": 0.4830633926237072,
    "ndcg_at_4": 0.4643519436832566,
    "ndcg_at_12": 0.526823359227939,
    "ndcg_at_16": 0.526805197155824,
    "ndcg_at_20": 0.5303680991672585,
    "roc_auc_upset": 0.7678571428571428
  },
  "test_metrics_model_b": {
    "ndcg": 0.20223274290235657,
    "spearman": 0.6493882091212457,
    "mrr_top2": 0.25,
    "mrr_top4": 0.25,
    "ndcg10": 0.20223274290235657,
    "ndcg_at_4": 0.16775742802418675,
    "ndcg_at_12": 0.24756513992231108,
    "ndcg_at_16": 0.4181985941769646,
    "ndcg_at_20": 0.41819682965310334,
    "roc_auc_upset": 0.6933333333333334
  },
  "test_metrics_model_c": {
    "ndcg": 0.05124995751403931,
    "spearman": 0.30189098998887653,
    "mrr_top2": 0.0625,
    "mrr_top4": 0.2,
    "ndcg10": 0.05124995751403931,
    "ndcg_at_4": 0.00711064040423231,
    "ndcg_at_12": 0.056899138174850025,
    "ndcg_at_16": 0.1769467286075223,
    "ndcg_at_20": 0.17934445367388585,
    "roc_auc_upset": 0.8258928571428571
  },
  "test_metrics_by_conference": {
    "E": {
      "ndcg": 0.25222167422838165,
      "spearman": 0.2678571428571428
    },
    "W": {
      "ndcg": 0.751117189123901,
      "spearman": 0.6642857142857141
    }
  },
  "by_season": {
    "2023-24": {
      "test_metrics_ensemble": {
        "ndcg": 0.5674767670233781,
        "spearman": 0.43893214682981085,
        "mrr_top2": 1.0,
        "mrr_top4": 1.0,
        "ndcg10": 0.5674767670233781,
        "ndcg_at_4": 0.33513898093933947,
        "ndcg_at_12": 0.6126328684664359,
        "ndcg_at_16": 0.6145407228509632,
        "ndcg_at_20": 0.6145471378421629,
        "roc_auc_upset": 0.6832579185520362,
        "rank_mae_pred_vs_playoff_final_results": 7.266666889190674,
        "rank_rmse_pred_vs_playoff_final_results": 9.168787956237793,
        "rank_mae_eos_standings_vs_playoff_final_results": 3.7333333333333334,
        "rank_rmse_eos_standings_vs_playoff_final_results": 6.093712606722878,
        "playoff_metrics": {
          "spearman_pred_vs_playoff_final_results": 0.46785317018909905,
          "ndcg_at_4_final_four": 0.33513815635527017,
          "ndcg10_pred_vs_playoff_final_results": 0.5674816976241779,
          "brier_championship_odds": 0.03222232684493065,
          "rank_mae_pred_vs_playoff_final_results": 7.266666889190674,
          "rank_rmse_pred_vs_playoff_final_results": 9.168787956237793,
          "rank_mae_eos_standings_vs_playoff_final_results": 3.7333333333333334,
          "rank_rmse_eos_standings_vs_playoff_final_results": 6.093712606722878
        }
      },
      "test_metrics_model_a": {
        "ndcg": 0.5558693389373406,
        "spearman": 0.4211345939933259,
        "mrr_top2": 1.0,
        "mrr_top4": 1.0,
        "ndcg10": 0.5558693389373406,
        "ndcg_at_4": 0.33513898093933947,
        "ndcg_at_12": 0.6010284892707678,
        "ndcg_at_16": 0.6029372337803739,
        "ndcg_at_20": 0.6029347091323659,
        "roc_auc_upset": 0.6968325791855203
      },
      "test_metrics_model_b": {
        "ndcg": 0.8062814887710054,
        "spearman": 0.3882091212458286,
        "mrr_top2": 1.0,
        "mrr_top4": 1.0,
        "ndcg10": 0.8062814887710054,
        "ndcg_at_4": 0.7116242168324007,
        "ndcg_at_12": 0.8060724800998909,
        "ndcg_at_16": 0.8467061105386922,
        "ndcg_at_20": 0.8467071565331121,
        "roc_auc_upset": 0.75
      },
      "test_metrics_model_c": {
        "ndcg": 0.333487026575135,
        "spearman": 0.23159065628476083,
        "mrr_top2": 0.16666666666666666,
        "mrr_top4": 0.16666666666666666,
        "ndcg10": 0.333487026575135,
        "ndcg_at_4": 0.0011069724610271625,
        "ndcg_at_12": 0.33890731926775686,
        "ndcg_at_16": 0.35966393831396193,
        "ndcg_at_20": 0.3699999322309346,
        "roc_auc_upset": 0.7633928571428571
      },
      "test_metrics_by_conference": {
        "E": {
          "ndcg": 0.4082984176139838,
          "spearman": 0.3107142857142856
        },
        "W": {
          "ndcg": 0.922273612311482,
          "spearman": 0.5928571428571427
        }
      },
      "notes": {
        "eos_rank_source": "eos_final_rank"
      }
    },
    "2024-25": {
      "test_metrics_ensemble": {
        "ndcg": 0.4830633926237072,
        "spearman": 0.47497219132369295,
        "mrr_top2": 0.5,
        "mrr_top4": 0.5,
        "ndcg10": 0.4830633926237072,
        "ndcg_at_4": 0.4643519436832566,
        "ndcg_at_12": 0.526823359227939,
        "ndcg_at_16": 0.526805197155824,
        "ndcg_at_20": 0.5303680991672585,
        "roc_auc_upset": 0.7678571428571428,
        "rank_mae_pred_vs_playoff_final_results": 7.0,
        "rank_rmse_pred_vs_playoff_final_results": 8.869422912597656,
        "rank_mae_eos_standings_vs_playoff_final_results": 3.1333333333333333,
        "rank_rmse_eos_standings_vs_playoff_final_results": 4.449719092257398,
        "playoff_metrics": {
          "spearman_pred_vs_playoff_final_results": 0.4785317018909899,
          "ndcg_at_4_final_four": 0.46433662668392073,
          "ndcg10_pred_vs_playoff_final_results": 0.4830484982544129,
          "brier_championship_odds": 0.03222232684493065,
          "rank_mae_pred_vs_playoff_final_results": 7.0,
          "rank_rmse_pred_vs_playoff_final_results": 8.869422912597656,
          "rank_mae_eos_standings_vs_playoff_final_results": 3.1333333333333333,
          "rank_rmse_eos_standings_vs_playoff_final_results": 4.449719092257398
        }
      },
      "test_metrics_model_a": {
        "ndcg": 0.4830633926237072,
        "spearman": 0.47497219132369295,
        "mrr_top2": 0.5,
        "mrr_top4": 0.5,
        "ndcg10": 0.4830633926237072,
        "ndcg_at_4": 0.4643519436832566,
        "ndcg_at_12": 0.526823359227939,
        "ndcg_at_16": 0.526805197155824,
        "ndcg_at_20": 0.5303680991672585,