{
  "test_metrics_ensemble": {
    "ndcg": 0.4047988842884094,
    "spearman": 0.4202447163515017,
    "mrr_top2": 1.0,
    "mrr_top4": 1.0,
    "ndcg10": 0.4047988842884094,
    "ndcg_at_4": 0.35315119534797357,
    "ndcg_at_12": 0.5858971221670748,
    "ndcg_at_16": 0.5871221668127401,
    "ndcg_at_20": 0.5880169018594515,
    "roc_auc_upset": 0.7366071428571428,
    "rank_mae_pred_vs_playoff_final_results": 7.4666666984558105,
    "rank_rmse_pred_vs_playoff_final_results": 9.320228576660156,
    "rank_mae_eos_standings_vs_playoff_final_results": 3.7333333333333334,
    "rank_rmse_eos_standings_vs_playoff_final_results": 6.093712606722878,
    "playoff_metrics": {
      "spearman_pred_vs_playoff_final_results": 0.4567296996662959,
      "ndcg_at_4_final_four": 0.35315119534797357,
      "ndcg10_pred_vs_playoff_final_results": 0.4048038963569908,
      "brier_championship_odds": 0.03222232684493065,
      "rank_mae_pred_vs_playoff_final_results": 7.4666666984558105,
      "rank_rmse_pred_vs_playoff_final_results": 9.320228576660156,
      "rank_mae_eos_standings_vs_playoff_final_results": 3.7333333333333334,
      "rank_rmse_eos_standings_vs_playoff_final_results": 6.093712606722878
    }
  },
  "test_metrics_model_a": {
    "ndcg": 0.4047988842884094,
    "spearman": 0.4202447163515017,
    "mrr_top2": 1.0,
    "mrr_top4": 1.0,
    "ndcg10": 0.4047988842884094,
    "ndcg_at_4": 0.35315119534797357,
    "ndcg_at_12": 0.5858971221670748,
    "ndcg_at_16": 0.5871221668127401,
    "ndcg_at_20": 0.5880169018594515,
    "roc_auc_upset": 0.7366071428571428
  },
  "test_metrics_model_b": {
    "ndcg": 0.8017094650842984,
    "spearman": 0.36952169076751945,
    "mrr_top2": 1.0,
    "mrr_top4": 1.0,
    "ndcg10": 0.8017094650842984,
    "ndcg_at_4": 0.6907114070725182,
    "ndcg_at_12": 0.8015015821892635,
    "ndcg_at_16": 0.8015202103072648,
    "ndcg_at_20": 0.843183443928138,
    "roc_auc_upset": 0.8099547511312217
  },
  "test_metrics_model_c": {
    "ndcg": 0.3335103168238178,
    "spearman": 0.23737486095661847,
    "mrr_top2": 0.16666666666666666,
    "mrr_top4": 0.16666666666666666,
    "ndcg10": 0.3335103168238178,
    "ndcg_at_4": 0.001111095381373398,
    "ndcg_at_12": 0.33890852755612016,
    "ndcg_at_16": 0.3596651465096424,
    "ndcg_at_20": 0.37000114042130106,
    "roc_auc_upset": 0.7633928571428571
  },
  "test_metrics_by_conference": {
    "E": {
      "ndcg": 0.38363726287645844,
      "spearman": 0.21071428571428572
    },
    "W": {
      "ndcg": 0.9543867645451891,
      "spearman": 0.6607142857142856
    }
  },
  "notes": {
    "eos_rank_source": "eos_final_rank"
  }
}