{
  "test_metrics_ensemble": {
    "ndcg": 0.48895197779556654,
    "spearman": 0.4905450500556173,
    "mrr_top2": 0.5,
    "mrr_top4": 0.5,
    "ndcg10": 0.48895197779556654,
    "ndcg_at_4": 0.4643944167678145,
    "ndcg_at_12": 0.5341240175756744,
    "ndcg_at_16": 0.5353467610439754,
    "ndcg_at_20": 0.537697194517927,
    "roc_auc_upset": 0.7410714285714286,
    "rank_mae_pred_vs_playoff_final_results": 6.599999904632568,
    "rank_rmse_pred_vs_playoff_final_results": 8.736895561218262,
    "rank_mae_eos_standings_vs_playoff_final_results": 3.1333333333333333,
    "rank_rmse_eos_standings_vs_playoff_final_results": 4.449719092257398,
    "playoff_metrics": {
      "spearman_pred_vs_playoff_final_results": 0.47452725250278077,
      "ndcg_at_4_final_four": 0.4643812234227066,
      "ndcg10_pred_vs_playoff_final_results": 0.48893914714857756,
      "brier_championship_odds": 0.03222232684493065,
      "rank_mae_pred_vs_playoff_final_results": 6.599999904632568,
      "rank_rmse_pred_vs_playoff_final_results": 8.736895561218262,
      "rank_mae_eos_standings_vs_playoff_final_results": 3.1333333333333333,
      "rank_rmse_eos_standings_vs_playoff_final_results": 4.449719092257398
    }
  },
  "test_metrics_model_a": {
    "ndcg": 0.48895197779556654,
    "spearman": 0.4905450500556173,
    "mrr_top2": 0.5,
    "mrr_top4": 0.5,
    "ndcg10": 0.48895197779556654,
    "ndcg_at_4": 0.4643944167678145,
    "ndcg_at_12": 0.5341240175756744,
    "ndcg_at_16": 0.5353467610439754,
    "ndcg_at_20": 0.537697194517927,
    "roc_auc_upset": 0.7410714285714286
  },
  "test_metrics_model_b": {
    "ndcg": 0.21634548367724132,
    "spearman": 0.6373748609566184,
    "mrr_top2": 0.2,
    "mrr_top4": 0.2,
    "ndcg10": 0.21634548367724132,
    "ndcg_at_4": 0.04166423104576856,
    "ndcg_at_12": 0.3974880322937465,
    "ndcg_at_16": 0.41787499293971353,
    "ndcg_at_20": 0.4178740367433739,
    "roc_auc_upset": 0.7544642857142857
  },
  "test_metrics_model_c": {
    "ndcg": 0.05124995751403931,
    "spearman": 0.3032258064516129,
    "mrr_top2": 0.0625,
    "mrr_top4": 0.2,
    "ndcg10": 0.05124995751403931,
    "ndcg_at_4": 0.00711064040423231,
    "ndcg_at_12": 0.056899138174850025,
    "ndcg_at_16": 0.1769467286075223,
    "ndcg_at_20": 0.17934445367388585,
    "roc_auc_upset": 0.8258928571428571
  },
  "test_metrics_by_conference": {
    "E": {
      "ndcg": 0.25813788295657203,
      "spearman": 0.20357142857142854
    },
    "W": {
      "ndcg": 0.7743192083433101,
      "spearman": 0.7249999999999999
    }
  },
  "notes": {
    "eos_rank_source": "eos_final_rank"
  }
}