{
  "notes": {
    "eval_on": "test",
    "eos_rank_source": "eos_final_rank",
    "upset_definition": "sleeper = EOS_global_rank > predicted_strength",
    "mrr_top2": "1/rank of first team in top 2 (champion+runner-up) in predicted order.",
    "mrr_top4": "1/rank of first team in top 4 (conference finals) in predicted order.",
    "per_conference_relevance": "Within E/W: actual rank derived from EOS_global_rank (1=best in conf); NDCG/Spearman use this relevance.",
    "playoff_metrics": "Spearman (pred global vs playoff_final_results), NDCG@4 (final four), Brier (champion vs odds). rank_mae/rank_rmse: pred vs playoff_final_results; eos_standings vs playoff_final_results (baseline)."
  },
  "split_info": {
    "train_frac": 0.75,
    "n_train_dates": 141,
    "n_test_dates": 36,
    "split_mode": "seasons"
  },
  "test_metrics_ensemble": {
    "ndcg": 0.483305987740703,
    "spearman": 0.5030033370411569,
    "mrr_top2": 0.5,
    "mrr_top4": 0.5,
    "ndcg10": 0.483305987740703,
    "ndcg_at_4": 0.46421121466877174,
    "ndcg_at_12": 0.5288217015172106,
    "ndcg_at_16": 0.53004485170477,
    "ndcg_at_20": 0.5324317120766624,
    "roc_auc_upset": 0.8,
    "rank_mae_pred_vs_playoff_final_results": 6.866666793823242,
    "rank_rmse_pred_vs_playoff_final_results": 8.629406929016113,
    "rank_mae_eos_standings_vs_playoff_final_results": 3.1333333333333333,
    "rank_rmse_eos_standings_vs_playoff_final_results": 4.449719092257398,
    "playoff_metrics": {
      "spearman_pred_vs_playoff_final_results": 0.49499443826473855,
      "ndcg_at_4_final_four": 0.46419589766943586,
      "ndcg10_pred_vs_playoff_final_results": 0.48329056015082794,
      "brier_championship_odds": 0.03222232684493065,
      "rank_mae_pred_vs_playoff_final_results": 6.866666793823242,
      "rank_rmse_pred_vs_playoff_final_results": 8.629406929016113,
      "rank_mae_eos_standings_vs_playoff_final_results": 3.1333333333333333,
      "rank_rmse_eos_standings_vs_playoff_final_results": 4.449719092257398
    }
  },
  "test_metrics_model_a": {
    "ndcg": 0.483305987740703,
    "spearman": 0.49321468298109006,
    "mrr_top2": 0.5,
    "mrr_top4": 0.5,
    "ndcg10": 0.483305987740703,
    "ndcg_at_4": 0.46421121466877174,
    "ndcg_at_12": 0.5288217015172106,
    "ndcg_at_16": 0.528803360325352,
    "ndcg_at_20": 0.5324071611289358,
    "roc_auc_upset": 0.8044444444444445
  },
  "test_metrics_model_b": {
    "ndcg": 0.20314400039266522,
    "spearman": 0.5866518353726363,
    "mrr_top2": 0.16666666666666666,
    "mrr_top4": 0.16666666666666666,
    "ndcg10": 0.20314400039266522,
    "ndcg_at_4": 0.04029517653159447,
    "ndcg_at_12": 0.20318741547872898,
    "ndcg_at_16": 0.22453828330165165,
    "ndcg_at_20": 0.3724184547997574,
    "roc_auc_upset": 0.8133333333333334
  },
  "test_metrics_model_c": {
    "ndcg": 0.05124995751403931,
    "spearman": 0.307230255839822,
    "mrr_top2": 0.0625,
    "mrr_top4": 0.2,
    "ndcg10": 0.05124995751403931,
    "ndcg_at_4": 0.00711064040423231,
    "ndcg_at_12": 0.056899138174850025,
    "ndcg_at_16": 0.1769467286075223,
    "ndcg_at_20": 0.17934460063934335,
    "roc_auc_upset": 0.8214285714285714
  },
  "test_metrics_by_conference": {
    "E": {
      "ndcg": 0.2802903495858921,
      "spearman": 0.30357142857142855
    },
    "W": {
      "ndcg": 0.7504940786340119,
      "spearman": 0.6749999999999999
    }
  },
  "by_season": {
    "2023-24": {
      "test_metrics_ensemble": {
        "ndcg": 0.5681869482616433,
        "spearman": 0.40600667408231367,
        "mrr_top2": 1.0,
        "mrr_top4": 1.0,
        "ndcg10": 0.5681869482616433,
        "ndcg_at_4": 0.33513898093933947,
        "ndcg_at_12": 0.5694091470618142,
        "ndcg_at_16": 0.6120172730910044,
        "ndcg_at_20": 0.6126323294714752,
        "roc_auc_upset": 0.6517857142857143,
        "rank_mae_pred_vs_playoff_final_results": 7.400000095367432,
        "rank_rmse_pred_vs_playoff_final_results": 9.433980941772461,
        "rank_mae_eos_standings_vs_playoff_final_results": 3.7333333333333334,
        "rank_rmse_eos_standings_vs_playoff_final_results": 6.093712606722878,
        "playoff_metrics": {
          "spearman_pred_vs_playoff_final_results": 0.4211345939933259,
          "ndcg_at_4_final_four": 0.33513815635527017,
          "ndcg10_pred_vs_playoff_final_results": 0.5681818486975817,
          "brier_championship_odds": 0.03222232684493065,
          "rank_mae_pred_vs_playoff_final_results": 7.400000095367432,
          "rank_rmse_pred_vs_playoff_final_results": 9.433980941772461,
          "rank_mae_eos_standings_vs_playoff_final_results": 3.7333333333333334,
          "rank_rmse_eos_standings_vs_playoff_final_results": 6.093712606722878
        }
      },
      "test_metrics_model_a": {
        "ndcg": 0.5567580959923141,
        "spearman": 0.40333704115684094,
        "mrr_top2": 1.0,
        "mrr_top4": 1.0,
        "ndcg10": 0.5567580959923141,
        "ndcg_at_4": 0.33513898093933947,
        "ndcg_at_12": 0.5579832967768487,
        "ndcg_at_16": 0.6005922992368858,
        "ndcg_at_20": 0.6012074058669199,
        "roc_auc_upset": 0.6517857142857143
      },
      "test_metrics_model_b": {
        "ndcg": 0.5696604880023005,
        "spearman": 0.4513904338153503,
        "mrr_top2": 0.5,
        "mrr_top4": 0.5,
        "ndcg10": 0.5696604880023005,
        "ndcg_at_4": 0.44093212795935904,
        "ndcg_at_12": 0.5695336452513987,
        "ndcg_at_16": 0.6110614720016607,
        "ndcg_at_20": 0.6158275444671611,
        "roc_auc_upset": 0.7782805429864253
      },
      "test_metrics_model_c": {
        "ndcg": 0.333487026575135,
        "spearman": 0.23159065628476083,
        "mrr_top2": 0.16666666666666666,
        "mrr_top4": 0.16666666666666666,
        "ndcg10": 0.333487026575135,
        "ndcg_at_4": 0.0011069724610271625,
        "ndcg_at_12": 0.33890731926775686,
        "ndcg_at_16": 0.35966393831396193,
        "ndcg_at_20": 0.3699999322309346,
        "roc_auc_upset": 0.7633928571428571
      },
      "test_metrics_by_conference": {
        "E": {
          "ndcg": 0.3870089925370491,
          "spearman": 0.28928571428571426
        },
        "W": {
          "ndcg": 0.9151109234285271,
          "spearman": 0.5035714285714286
        }
      },
      "notes": {
        "eos_rank_source": "eos_final_rank"
      }
    },
    "2024-25": {
      "test_metrics_ensemble": {
        "ndcg": 0.483305987740703,
        "spearman": 0.5030033370411569,
        "mrr_top2": 0.5,
        "mrr_top4": 0.5,
        "ndcg10": 0.483305987740703,
        "ndcg_at_4": 0.46421121466877174,
        "ndcg_at_12": 0.5288217015172106,
        "ndcg_at_16": 0.53004485170477,
        "ndcg_at_20": 0.5324317120766624,
        "roc_auc_upset": 0.8,
        "rank_mae_pred_vs_playoff_final_results": 6.866666793823242,
        "rank_rmse_pred_vs_playoff_final_results": 8.629406929016113,
        "rank_mae_eos_standings_vs_playoff_final_results": 3.1333333333333333,
        "rank_rmse_eos_standings_vs_playoff_final_results": 4.449719092257398,
        "playoff_metrics": {
          "spearman_pred_vs_playoff_final_results": 0.49499443826473855,
          "ndcg_at_4_final_four": 0.46419589766943586,
          "ndcg10_pred_vs_playoff_final_results": 0.48329056015082794,
          "brier_championship_odds": 0.03222232684493065,
          "rank_mae_pred_vs_playoff_final_results": 6.866666793823242,
          "rank_rmse_pred_vs_playoff_final_results": 8.629406929016113,
          "rank_mae_eos_standings_vs_playoff_final_results": 3.1333333333333333,
          "rank_rmse_eos_standings_vs_playoff_final_results": 4.449719092257398
        }
      },
      "test_metrics_model_a": {
        "ndcg": 0.483305987740703,
        "spearman": 0.49321468298109006,
        "mrr_top2": 0.5,
        "mrr_top4": 0.5,
        "ndcg10": 0.483305987740703,
        "ndcg_at_4": 0.46421121466877174,
        "ndcg_at_12": 0.5288217015172106,
        "ndcg_at_16": 0.528803360325352,