{
  "test_metrics_ensemble": {
    "ndcg": 0.485613793029042,
    "spearman": 0.4709677419354839,
    "mrr_top2": 0.5,
    "mrr_top4": 0.5,
    "ndcg10": 0.485613793029042,
    "ndcg_at_4": 0.4746471968829319,
    "ndcg_at_12": 0.5293724201073029,
    "ndcg_at_16": 0.5296573377418512,
    "ndcg_at_20": 0.5308544114785998,
    "roc_auc_upset": 0.7857142857142858,
    "rank_mae_pred_vs_playoff_final_results": 7.133333206176758,
    "rank_rmse_pred_vs_playoff_final_results": 8.903182983398438,
    "rank_mae_eos_standings_vs_playoff_final_results": 3.1333333333333333,
    "rank_rmse_eos_standings_vs_playoff_final_results": 4.449719092257398,
    "spearman_standings": -0.49499443826473855,
    "ndcg10_standings": 0.5142089157309019,
    "ndcg_at_4_standings": 0.5290401564999109,
    "ndcg_at_16_standings": 0.5276418625999506,
    "rank_rmse_standings": 8.69865894317627,
    "playoff_metrics": {
      "spearman_pred_vs_playoff_final_results": 0.46562847608453833,
      "ndcg_at_4_final_four": 0.4746471968829319,
      "ndcg10_pred_vs_playoff_final_results": 0.4856012118243358,
      "brier_championship_odds": 0.030076470226049423,
      "rank_mae_pred_vs_playoff_final_results": 7.133333206176758,
      "rank_rmse_pred_vs_playoff_final_results": 8.903182983398438,
      "rank_mae_eos_standings_vs_playoff_final_results": 3.1333333333333333,
      "rank_rmse_eos_standings_vs_playoff_final_results": 4.449719092257398
    }
  },
  "test_metrics_model_a": {
    "ndcg": 0.485613793029042,
    "spearman": 0.4629588431590656,
    "mrr_top2": 0.5,
    "mrr_top4": 0.5,
    "ndcg10": 0.485613793029042,
    "ndcg_at_4": 0.4746471968829319,
    "ndcg_at_12": 0.5293724201073029,
    "ndcg_at_16": 0.5296573377418512,
    "ndcg_at_20": 0.5308339576524542,
    "roc_auc_upset": 0.7901785714285715
  },
  "test_metrics_model_b": {
    "ndcg": 0.4376962231760793,
    "spearman": 0.6004449388209121,
    "mrr_top2": 0.2,
    "mrr_top4": 0.2,
    "ndcg10": 0.4376962231760793,
    "ndcg_at_4": 0.047452952934463374,
    "ndcg_at_12": 0.43762445760123064,
    "ndcg_at_16": 0.4595511069090464,
    "ndcg_at_20": 0.45954919583553044,
    "roc_auc_upset": 0.7330316742081447
  },
  "test_metrics_model_c": {
    "ndcg": 0.05139534647930671,
    "spearman": 0.3125695216907675,
    "mrr_top2": 0.07142857142857142,
    "mrr_top4": 0.2,
    "ndcg10": 0.05139534647930671,
    "ndcg_at_4": 0.0072603807417201014,
    "ndcg_at_12": 0.05704448895120833,
    "ndcg_at_16": 0.17989573678693135,
    "ndcg_at_20": 0.18229344888290439,
    "roc_auc_upset": 0.8214285714285714
  },
  "test_metrics_by_conference": {
    "E": {
      "ndcg": 0.3063834003775706,
      "spearman": 0.2964285714285714
    },
    "W": {
      "ndcg": 0.7258637696514016,
      "spearman": 0.5678571428571427
    }
  },
  "notes": {
    "eos_rank_source": "eos_final_rank"
  }
}