{
  "test_metrics_ensemble": {
    "ndcg": 0.4856595343051616,
    "spearman": 0.5021134593993326,
    "mrr_top2": 0.5,
    "mrr_top4": 0.5,
    "ndcg10": 0.4856595343051616,
    "ndcg_at_4": 0.4747879258974167,
    "ndcg_at_12": 0.5308324389021071,
    "ndcg_at_16": 0.5311166107859099,
    "ndcg_at_20": 0.5329114540085832,
    "roc_auc_upset": 0.7239819004524888,
    "rank_mae_pred_vs_playoff_final_results": 6.800000190734863,
    "rank_rmse_pred_vs_playoff_final_results": 8.637128829956055,
    "rank_mae_eos_standings_vs_playoff_final_results": 3.1333333333333333,
    "rank_rmse_eos_standings_vs_playoff_final_results": 4.449719092257398,
    "spearman_standings": -0.5457174638487208,
    "ndcg10_standings": 0.5139931140781658,
    "ndcg_at_4_standings": 0.5268236745217746,
    "ndcg_at_16_standings": 0.527780369315051,
    "rank_rmse_standings": 8.250252723693848,
    "playoff_metrics": {
      "spearman_pred_vs_playoff_final_results": 0.5234705228031146,
      "ndcg_at_4_final_four": 0.4747879258974167,
      "ndcg10_pred_vs_playoff_final_results": 0.4856485449725254,
      "brier_championship_odds": 0.030076470226049423,
      "rank_mae_pred_vs_playoff_final_results": 6.800000190734863,
      "rank_rmse_pred_vs_playoff_final_results": 8.637128829956055,
      "rank_mae_eos_standings_vs_playoff_final_results": 3.1333333333333333,
      "rank_rmse_eos_standings_vs_playoff_final_results": 4.449719092257398
    }
  },
  "test_metrics_model_a": {
    "ndcg": 0.4856595343051616,
    "spearman": 0.49365962180200224,
    "mrr_top2": 0.5,
    "mrr_top4": 0.5,
    "ndcg10": 0.4856595343051616,
    "ndcg_at_4": 0.4747879258974167,
    "ndcg_at_12": 0.5308324389021071,
    "ndcg_at_16": 0.5311166107859099,
    "ndcg_at_20": 0.5329114540085832,
    "roc_auc_upset": 0.7285067873303168
  },
  "test_metrics_model_b": {
    "ndcg": 0.4376962231760793,
    "spearman": 0.6022246941045606,
    "mrr_top2": 0.2,
    "mrr_top4": 0.2,
    "ndcg10": 0.4376962231760793,
    "ndcg_at_4": 0.047452952934463374,
    "ndcg_at_12": 0.43762445760123064,
    "ndcg_at_16": 0.4595511069090464,
    "ndcg_at_20": 0.45954919637386543,
    "roc_auc_upset": 0.7330316742081447
  },
  "test_metrics_model_c": {
    "ndcg": 0.05139534647930671,
    "spearman": 0.3125695216907675,
    "mrr_top2": 0.07142857142857142,
    "mrr_top4": 0.2,
    "ndcg10": 0.05139534647930671,
    "ndcg_at_4": 0.0072603807417201014,
    "ndcg_at_12": 0.05704448895120833,
    "ndcg_at_16": 0.17989573678693135,
    "ndcg_at_20": 0.18229344888290439,
    "roc_auc_upset": 0.8214285714285714
  },
  "test_metrics_by_conference": {
    "E": {
      "ndcg": 0.3443916640402221,
      "spearman": 0.3928571428571428
    },
    "W": {
      "ndcg": 0.7491563943572732,
      "spearman": 0.5928571428571427
    }
  },
  "notes": {
    "eos_rank_source": "eos_final_rank"
  }
}