{
  "test_metrics_ensemble": {
    "ndcg": 0.570317247646098,
    "spearman": 0.2854282536151279,
    "mrr_top2": 1.0,
    "mrr_top4": 1.0,
    "ndcg10": 0.570317247646098,
    "ndcg_at_4": 0.35315119534797357,
    "ndcg_at_12": 0.614059134067409,
    "ndcg_at_16": 0.6140159023953349,
    "ndcg_at_20": 0.6140134913531906,
    "roc_auc_upset": 0.8687782805429864,
    "rank_mae_pred_vs_playoff_final_results": 8.399999618530273,
    "rank_rmse_pred_vs_playoff_final_results": 10.347302436828613,
    "rank_mae_eos_standings_vs_playoff_final_results": 3.7333333333333334,
    "rank_rmse_eos_standings_vs_playoff_final_results": 6.093712606722878,
    "spearman_standings": -0.37486095661846497,
    "ndcg10_standings": 0.4294715028864152,
    "ndcg_at_4_standings": 0.16635214014080835,
    "ndcg_at_16_standings": 0.4512695067124776,
    "rank_rmse_standings": 9.678153991699219,
    "playoff_metrics": {
      "spearman_pred_vs_playoff_final_results": 0.31657397107897667,
      "ndcg_at_4_final_four": 0.35315119534797357,
      "ndcg10_pred_vs_playoff_final_results": 0.5703225539151932,
      "brier_championship_odds": 0.0314764678478241,
      "rank_mae_pred_vs_playoff_final_results": 8.399999618530273,
      "rank_rmse_pred_vs_playoff_final_results": 10.347302436828613,
      "rank_mae_eos_standings_vs_playoff_final_results": 3.7333333333333334,
      "rank_rmse_eos_standings_vs_playoff_final_results": 6.093712606722878
    }
  },
  "test_metrics_model_a": {
    "ndcg": 0.570317247646098,
    "spearman": 0.2854282536151279,
    "mrr_top2": 1.0,
    "mrr_top4": 1.0,
    "ndcg10": 0.570317247646098,
    "ndcg_at_4": 0.35315119534797357,
    "ndcg_at_12": 0.614059134067409,
    "ndcg_at_16": 0.6140159023953349,
    "ndcg_at_20": 0.6140134913531906,
    "roc_auc_upset": 0.8687782805429864
  },
  "test_metrics_model_b": {
    "ndcg": 0.7076064772277197,
    "spearman": 0.3343715239154616,
    "mrr_top2": 1.0,
    "mrr_top4": 1.0,
    "ndcg10": 0.7076064772277197,
    "ndcg_at_4": 0.7261751187226982,
    "ndcg_at_12": 0.7951929439280361,
    "ndcg_at_16": 0.8002119824751833,
    "ndcg_at_20": 0.8002859264462563,
    "roc_auc_upset": 0.7991071428571428
  },
  "test_metrics_model_c": {
    "ndcg": 0.33348743391404295,
    "spearman": 0.23337041156840932,
    "mrr_top2": 0.16666666666666666,
    "mrr_top4": 0.16666666666666666,
    "ndcg10": 0.33348743391404295,
    "ndcg_at_4": 0.001111095381373398,
    "ndcg_at_12": 0.3389077264996702,
    "ndcg_at_16": 0.3596643455146382,
    "ndcg_at_20": 0.37000033942981986,
    "roc_auc_upset": 0.7633928571428571
  },
  "test_metrics_by_conference": {
    "E": {
      "ndcg": 0.35721267845452664,
      "spearman": 0.07857142857142857
    },
    "W": {
      "ndcg": 0.9048924174493659,
      "spearman": 0.4107142857142856
    }
  },
  "notes": {
    "eos_rank_source": "eos_final_rank"
  }
}