{
  "notes": {
    "eval_on": "test",
    "eos_rank_source": "eos_final_rank",
    "upset_definition": "sleeper = EOS_global_rank > predicted_strength",
    "mrr_top2": "1/rank of first team in top 2 (champion+runner-up) in predicted order.",
    "mrr_top4": "1/rank of first team in top 4 (conference finals) in predicted order.",
    "per_conference_relevance": "Within E/W: actual rank derived from EOS_global_rank (1=best in conf); NDCG/Spearman use this relevance.",
    "playoff_metrics": "Spearman (pred global vs playoff_final_results), NDCG@4 (final four), Brier (champion vs odds). rank_mae/rank_rmse: pred vs playoff_final_results; eos_standings vs playoff_final_results (baseline)."
  },
  "split_info": {
    "train_frac": 0.75,
    "n_train_dates": 141,
    "n_test_dates": 36,
    "split_mode": "seasons"
  },
  "test_metrics_ensemble": {
    "ndcg": 0.482287302500759,
    "spearman": 0.4580645161290322,
    "mrr_top2": 0.5,
    "mrr_top4": 0.5,
    "ndcg10": 0.482287302500759,
    "ndcg_at_4": 0.46423103544156546,
    "ndcg_at_12": 0.5274604441491977,
    "ndcg_at_16": 0.5277455084437027,
    "ndcg_at_20": 0.5289604227405817,
    "roc_auc_upset": 0.7555555555555554,
    "rank_mae_pred_vs_playoff_final_results": 7.133333206176758,
    "rank_rmse_pred_vs_playoff_final_results": 9.011103630065918,
    "rank_mae_eos_standings_vs_playoff_final_results": 3.1333333333333333,
    "rank_rmse_eos_standings_vs_playoff_final_results": 4.449719092257398,
    "spearman_standings": -0.4923248053392658,
    "ndcg10_standings": 0.4874924745357448,
    "ndcg_at_4_standings": 0.44576015001201386,
    "ndcg_at_16_standings": 0.5012878708029491,
    "rank_rmse_standings": 8.721620559692383,
    "playoff_metrics": {
      "spearman_pred_vs_playoff_final_results": 0.48120133481646277,
      "ndcg_at_4_final_four": 0.46421784209645756,
      "ndcg10_pred_vs_playoff_final_results": 0.48227341781154776,
      "brier_championship_odds": 0.030076470226049423,
      "rank_mae_pred_vs_playoff_final_results": 7.133333206176758,
      "rank_rmse_pred_vs_playoff_final_results": 9.011103630065918,
      "rank_mae_eos_standings_vs_playoff_final_results": 3.1333333333333333,
      "rank_rmse_eos_standings_vs_playoff_final_results": 4.449719092257398
    }
  },
  "test_metrics_model_a": {
    "ndcg": 0.48192589906218275,
    "spearman": 0.4545050055617353,
    "mrr_top2": 0.5,
    "mrr_top4": 0.5,
    "ndcg10": 0.48192589906218275,
    "ndcg_at_4": 0.46423103544156546,
    "ndcg_at_12": 0.5270991356394424,
    "ndcg_at_16": 0.5273842276484646,
    "ndcg_at_20": 0.5285991435343365,
    "roc_auc_upset": 0.76
  },
  "test_metrics_model_b": {
    "ndcg": 0.4376962231760793,
    "spearman": 0.6129032258064516,
    "mrr_top2": 0.2,
    "mrr_top4": 0.2,
    "ndcg10": 0.4376962231760793,
    "ndcg_at_4": 0.047452952934463374,
    "ndcg_at_12": 0.43762445760123064,
    "ndcg_at_16": 0.4595511069090464,
    "ndcg_at_20": 0.45955370713600147,
    "roc_auc_upset": 0.7239819004524888
  },
  "test_metrics_model_c": {
    "ndcg": 0.05139534647930671,
    "spearman": 0.3125695216907675,
    "mrr_top2": 0.07142857142857142,
    "mrr_top4": 0.2,
    "ndcg10": 0.05139534647930671,
    "ndcg_at_4": 0.0072603807417201014,
    "ndcg_at_12": 0.05704448895120833,
    "ndcg_at_16": 0.17989573678693135,
    "ndcg_at_20": 0.18229344888290439,
    "roc_auc_upset": 0.8214285714285714
  },
  "test_metrics_by_conference": {
    "E": {
      "ndcg": 0.25475623256555463,
      "spearman": 0.3178571428571428
    },
    "W": {
      "ndcg": 0.7491604019672018,
      "spearman": 0.5464285714285714
    }
  },
  "by_season": {
    "2023-24": {
      "test_metrics_ensemble": {
        "ndcg": 0.5704345366970816,
        "spearman": 0.2978865406006674,
        "mrr_top2": 1.0,
        "mrr_top4": 1.0,
        "ndcg10": 0.5704345366970816,
        "ndcg_at_4": 0.35315119534797357,
        "ndcg_at_12": 0.6155898612311285,
        "ndcg_at_16": 0.6155464494569115,
        "ndcg_at_20": 0.6155440354325814,
        "roc_auc_upset": 0.8472222222222222,
        "rank_mae_pred_vs_playoff_final_results": 8.266666412353516,
        "rank_rmse_pred_vs_playoff_final_results": 10.256705284118652,
        "rank_mae_eos_standings_vs_playoff_final_results": 3.7333333333333334,
        "rank_rmse_eos_standings_vs_playoff_final_results": 6.093712606722878,
        "spearman_standings": -0.4117908787541713,
        "ndcg10_standings": 0.4314250770688721,
        "ndcg_at_4_standings": 0.16635214014080835,
        "ndcg_at_16_standings": 0.4539291256593485,
        "rank_rmse_standings": 9.387935638427734,
        "playoff_metrics": {
          "spearman_pred_vs_playoff_final_results": 0.3441601779755284,
          "ndcg_at_4_final_four": 0.35315119534797357,
          "ndcg10_pred_vs_playoff_final_results": 0.5704401291632986,
          "brier_championship_odds": 0.0314764641225338,
          "rank_mae_pred_vs_playoff_final_results": 8.266666412353516,
          "rank_rmse_pred_vs_playoff_final_results": 10.256705284118652,
          "rank_mae_eos_standings_vs_playoff_final_results": 3.7333333333333334,
          "rank_rmse_eos_standings_vs_playoff_final_results": 6.093712606722878
        }
      },
      "test_metrics_model_a": {
        "ndcg": 0.5704345366970816,
        "spearman": 0.29299221357063404,
        "mrr_top2": 1.0,
        "mrr_top4": 1.0,
        "ndcg10": 0.5704345366970816,
        "ndcg_at_4": 0.35315119534797357,
        "ndcg_at_12": 0.6155898612311285,
        "ndcg_at_16": 0.6155464494569115,
        "ndcg_at_20": 0.6155440354325814,
        "roc_auc_upset": 0.8472222222222222
      },
      "test_metrics_model_b": {
        "ndcg": 0.7076064772277197,
        "spearman": 0.33036707452725245,
        "mrr_top2": 1.0,
        "mrr_top4": 1.0,
        "ndcg10": 0.7076064772277197,
        "ndcg_at_4": 0.7261751187226982,
        "ndcg_at_12": 0.7951929439280361,
        "ndcg_at_16": 0.8001035041253058,
        "ndcg_at_20": 0.8001788015513812,
        "roc_auc_upset": 0.8
      },
      "test_metrics_model_c": {
        "ndcg": 0.33348743391404295,
        "spearman": 0.23337041156840932,
        "mrr_top2": 0.16666666666666666,
        "mrr_top4": 0.16666666666666666,
        "ndcg10": 0.33348743391404295,
        "ndcg_at_4": 0.001111095381373398,
        "ndcg_at_12": 0.3389077264996702,
        "ndcg_at_16": 0.3596643455146382,
        "ndcg_at_20": 0.37000033942981986,
        "roc_auc_upset": 0.7633928571428571
      },
      "test_metrics_by_conference": {
        "E": {
          "ndcg": 0.3572197968858753,
          "spearman": 0.0964285714285714
        },
        "W": {
          "ndcg": 0.9134414339347299,
          "spearman": 0.4142857142857142
        }
      },
      "notes": {
        "eos_rank_source": "eos_final_rank"
      }
    },
    "2024-25": {
      "test_metrics_ensemble": {
        "ndcg": 0.482287302500759,
        "spearman": 0.4580645161290322,
        "mrr_top2": 0.5,
        "mrr_top4": 0.5,
        "ndcg10": 0.482287302500759,
        "ndcg_at_4": 0.46423103544156546,
        "ndcg_at_12": 0.5274604441491977,
        "ndcg_at_16": 0.5277455084437027,
        "ndcg_at_20": 0.5289604227405817,
        "roc_auc_upset": 0.7555555555555554,
        "rank_mae_pred_vs_playoff_final_results": 7.133333206176758,
        "rank_rmse_pred_vs_playoff_final_results": 9.011103630065918,
        "rank_mae_eos_standings_vs_playoff_final_results": 3.1333333333333333,
        "rank_rmse_eos_standings_vs_playoff_final_results": 4.449719092257398,
        "spearman_standings": -0.4923248053392658,
        "ndcg10_standings": 0.4874924745357448,
        "ndcg_at_4_standings": 0.44576015001201386,
        "ndcg_at_16_standings": 0.5012878708029491,
        "rank_rmse_standings": 8.721620559692383,
        "playoff_metrics": {
          "spearman_pred_vs_playoff_final_results": 0.48120133481646277,
          "ndcg_at_4_final_four": 0.46421784209645756,