{
  "test_metrics_ensemble": {
    "ndcg": 0.5704345366970816,
    "spearman": 0.2978865406006674,
    "mrr_top2": 1.0,
    "mrr_top4": 1.0,
    "ndcg10": 0.5704345366970816,
    "ndcg_at_4": 0.35315119534797357,
    "ndcg_at_12": 0.6155898612311285,
    "ndcg_at_16": 0.6155464494569115,
    "ndcg_at_20": 0.6155440354325814,
    "roc_auc_upset": 0.8472222222222222,
    "rank_mae_pred_vs_playoff_final_results": 8.266666412353516,
    "rank_rmse_pred_vs_playoff_final_results": 10.256705284118652,
    "rank_mae_eos_standings_vs_playoff_final_results": 3.7333333333333334,
    "rank_rmse_eos_standings_vs_playoff_final_results": 6.093712606722878,
    "spearman_standings": -0.4117908787541713,
    "ndcg10_standings": 0.4314250770688721,
    "ndcg_at_4_standings": 0.16635214014080835,
    "ndcg_at_16_standings": 0.4539291256593485,
    "rank_rmse_standings": 9.387935638427734,
    "playoff_metrics": {
      "spearman_pred_vs_playoff_final_results": 0.3441601779755284,
      "ndcg_at_4_final_four": 0.35315119534797357,
      "ndcg10_pred_vs_playoff_final_results": 0.5704401291632986,
      "brier_championship_odds": 0.0314764641225338,
      "rank_mae_pred_vs_playoff_final_results": 8.266666412353516,
      "rank_rmse_pred_vs_playoff_final_results": 10.256705284118652,
      "rank_mae_eos_standings_vs_playoff_final_results": 3.7333333333333334,
      "rank_rmse_eos_standings_vs_playoff_final_results": 6.093712606722878
    }
  },
  "test_metrics_model_a": {
    "ndcg": 0.5704345366970816,
    "spearman": 0.29299221357063404,
    "mrr_top2": 1.0,
    "mrr_top4": 1.0,
    "ndcg10": 0.5704345366970816,
    "ndcg_at_4": 0.35315119534797357,
    "ndcg_at_12": 0.6155898612311285,
    "ndcg_at_16": 0.6155464494569115,
    "ndcg_at_20": 0.6155440354325814,
    "roc_auc_upset": 0.8472222222222222
  },
  "test_metrics_model_b": {
    "ndcg": 0.7076064772277197,
    "spearman": 0.33036707452725245,
    "mrr_top2": 1.0,
    "mrr_top4": 1.0,
    "ndcg10": 0.7076064772277197,
    "ndcg_at_4": 0.7261751187226982,
    "ndcg_at_12": 0.7951929439280361,
    "ndcg_at_16": 0.8001035041253058,
    "ndcg_at_20": 0.8001788015513812,
    "roc_auc_upset": 0.8
  },
  "test_metrics_model_c": {
    "ndcg": 0.33348743391404295,
    "spearman": 0.23337041156840932,
    "mrr_top2": 0.16666666666666666,
    "mrr_top4": 0.16666666666666666,
    "ndcg10": 0.33348743391404295,
    "ndcg_at_4": 0.001111095381373398,
    "ndcg_at_12": 0.3389077264996702,
    "ndcg_at_16": 0.3596643455146382,
    "ndcg_at_20": 0.37000033942981986,
    "roc_auc_upset": 0.7633928571428571
  },
  "test_metrics_by_conference": {
    "E": {
      "ndcg": 0.3572197968858753,
      "spearman": 0.0964285714285714
    },
    "W": {
      "ndcg": 0.9134414339347299,
      "spearman": 0.4142857142857142
    }
  },
  "notes": {
    "eos_rank_source": "eos_final_rank"
  }
}