{
  "test_metrics_ensemble": {
    "ndcg": 0.482287302500759,
    "spearman": 0.4580645161290322,
    "mrr_top2": 0.5,
    "mrr_top4": 0.5,
    "ndcg10": 0.482287302500759,
    "ndcg_at_4": 0.46423103544156546,
    "ndcg_at_12": 0.5274604441491977,
    "ndcg_at_16": 0.5277455084437027,
    "ndcg_at_20": 0.5289604227405817,
    "roc_auc_upset": 0.7555555555555554,
    "rank_mae_pred_vs_playoff_final_results": 7.133333206176758,
    "rank_rmse_pred_vs_playoff_final_results": 9.011103630065918,
    "rank_mae_eos_standings_vs_playoff_final_results": 3.1333333333333333,
    "rank_rmse_eos_standings_vs_playoff_final_results": 4.449719092257398,
    "spearman_standings": -0.4923248053392658,
    "ndcg10_standings": 0.4874924745357448,
    "ndcg_at_4_standings": 0.44576015001201386,
    "ndcg_at_16_standings": 0.5012878708029491,
    "rank_rmse_standings": 8.721620559692383,
    "playoff_metrics": {
      "spearman_pred_vs_playoff_final_results": 0.48120133481646277,
      "ndcg_at_4_final_four": 0.46421784209645756,
      "ndcg10_pred_vs_playoff_final_results": 0.48227341781154776,
      "brier_championship_odds": 0.030076470226049423,
      "rank_mae_pred_vs_playoff_final_results": 7.133333206176758,
      "rank_rmse_pred_vs_playoff_final_results": 9.011103630065918,
      "rank_mae_eos_standings_vs_playoff_final_results": 3.1333333333333333,
      "rank_rmse_eos_standings_vs_playoff_final_results": 4.449719092257398
    }
  },
  "test_metrics_model_a": {
    "ndcg": 0.48192589906218275,
    "spearman": 0.4545050055617353,
    "mrr_top2": 0.5,
    "mrr_top4": 0.5,
    "ndcg10": 0.48192589906218275,
    "ndcg_at_4": 0.46423103544156546,
    "ndcg_at_12": 0.5270991356394424,
    "ndcg_at_16": 0.5273842276484646,
    "ndcg_at_20": 0.5285991435343365,
    "roc_auc_upset": 0.76
  },
  "test_metrics_model_b": {
    "ndcg": 0.4376962231760793,
    "spearman": 0.6129032258064516,
    "mrr_top2": 0.2,
    "mrr_top4": 0.2,
    "ndcg10": 0.4376962231760793,
    "ndcg_at_4": 0.047452952934463374,
    "ndcg_at_12": 0.43762445760123064,
    "ndcg_at_16": 0.4595511069090464,
    "ndcg_at_20": 0.45955370713600147,
    "roc_auc_upset": 0.7239819004524888
  },
  "test_metrics_model_c": {
    "ndcg": 0.05139534647930671,
    "spearman": 0.3125695216907675,
    "mrr_top2": 0.07142857142857142,
    "mrr_top4": 0.2,
    "ndcg10": 0.05139534647930671,
    "ndcg_at_4": 0.0072603807417201014,
    "ndcg_at_12": 0.05704448895120833,
    "ndcg_at_16": 0.17989573678693135,
    "ndcg_at_20": 0.18229344888290439,
    "roc_auc_upset": 0.8214285714285714
  },
  "test_metrics_by_conference": {
    "E": {
      "ndcg": 0.25475623256555463,
      "spearman": 0.3178571428571428
    },
    "W": {
      "ndcg": 0.7491604019672018,
      "spearman": 0.5464285714285714
    }
  },
  "notes": {
    "eos_rank_source": "eos_final_rank"
  }
}