{
  "notes": {
    "eval_on": "test",
    "eos_rank_source": "eos_final_rank",
    "upset_definition": "sleeper = EOS_global_rank > predicted_strength",
    "mrr_top2": "1/rank of first team in top 2 (champion+runner-up) in predicted order.",
    "mrr_top4": "1/rank of first team in top 4 (conference finals) in predicted order.",
    "per_conference_relevance": "Within E/W: actual rank derived from EOS_global_rank (1=best in conf); NDCG/Spearman use this relevance.",
    "playoff_metrics": "Spearman (pred global vs playoff_final_results), NDCG@4 (final four), Brier (champion vs odds). rank_mae/rank_rmse: pred vs playoff_final_results; eos_standings vs playoff_final_results (baseline)."
  },
  "split_info": {
    "train_frac": 0.75,
    "n_train_dates": 141,
    "n_test_dates": 36,
    "split_mode": "seasons"
  },
  "test_metrics_ensemble": {
    "ndcg": 0.48346989208049335,
    "spearman": 0.4914349276974415,
    "mrr_top2": 0.5,
    "mrr_top4": 0.5,
    "ndcg10": 0.48346989208049335,
    "ndcg_at_4": 0.4643944167678145,
    "ndcg_at_12": 0.5275829653944297,
    "ndcg_at_16": 0.5275641927971733,
    "ndcg_at_20": 0.5311725032022365,
    "roc_auc_upset": 0.751131221719457,
    "rank_mae_pred_vs_playoff_final_results": 6.800000190734863,
    "rank_rmse_pred_vs_playoff_final_results": 8.72926139831543,
    "rank_mae_eos_standings_vs_playoff_final_results": 3.1333333333333333,
    "rank_rmse_eos_standings_vs_playoff_final_results": 4.449719092257398,
    "playoff_metrics": {
      "spearman_pred_vs_playoff_final_results": 0.5047830923248053,
      "ndcg_at_4_final_four": 0.4643812234227066,
      "ndcg10_pred_vs_playoff_final_results": 0.48345652727118765,
      "brier_championship_odds": 0.03222232684493065,
      "rank_mae_pred_vs_playoff_final_results": 6.800000190734863,
      "rank_rmse_pred_vs_playoff_final_results": 8.72926139831543,
      "rank_mae_eos_standings_vs_playoff_final_results": 3.1333333333333333,
      "rank_rmse_eos_standings_vs_playoff_final_results": 4.449719092257398
    }
  },
  "test_metrics_model_a": {
    "ndcg": 0.48346989208049335,
    "spearman": 0.4914349276974415,
    "mrr_top2": 0.5,
    "mrr_top4": 0.5,
    "ndcg10": 0.48346989208049335,
    "ndcg_at_4": 0.4643944167678145,
    "ndcg_at_12": 0.5275829653944297,
    "ndcg_at_16": 0.5275641927971733,
    "ndcg_at_20": 0.5311725032022365,
    "roc_auc_upset": 0.751131221719457
  },
  "test_metrics_model_b": {
    "ndcg": 0.167555341824438,
    "spearman": 0.6369299221357063,
    "mrr_top2": 0.2,
    "mrr_top4": 0.2,
    "ndcg10": 0.167555341824438,
    "ndcg_at_4": 0.04166423104576856,
    "ndcg_at_12": 0.3883557747583034,
    "ndcg_at_16": 0.4097008041997641,
    "ndcg_at_20": 0.40969907829459434,
    "roc_auc_upset": 0.7828054298642534
  },
  "test_metrics_model_c": {
    "ndcg": 0.05124995751403931,
    "spearman": 0.307230255839822,
    "mrr_top2": 0.0625,
    "mrr_top4": 0.2,
    "ndcg10": 0.05124995751403931,
    "ndcg_at_4": 0.00711064040423231,
    "ndcg_at_12": 0.056899138174850025,
    "ndcg_at_16": 0.1769467286075223,
    "ndcg_at_20": 0.17934460063934335,
    "roc_auc_upset": 0.8214285714285714
  },
  "test_metrics_by_conference": {
    "E": {
      "ndcg": 0.26759913743142427,
      "spearman": 0.28928571428571426
    },
    "W": {
      "ndcg": 0.7519157235194247,
      "spearman": 0.6785714285714285
    }
  },
  "by_season": {
    "2023-24": {
      "test_metrics_ensemble": {
        "ndcg": 0.5695471610195139,
        "spearman": 0.40111234705228027,
        "mrr_top2": 1.0,
        "mrr_top4": 1.0,
        "ndcg10": 0.5695471610195139,
        "ndcg_at_4": 0.35315119534797357,
        "ndcg_at_12": 0.6147027186380252,
        "ndcg_at_16": 0.6159896873586553,
        "ndcg_at_20": 0.6165831463990022,
        "roc_auc_upset": 0.7918552036199095,
        "rank_mae_pred_vs_playoff_final_results": 7.666666507720947,
        "rank_rmse_pred_vs_playoff_final_results": 9.47276782989502,
        "rank_mae_eos_standings_vs_playoff_final_results": 3.7333333333333334,
        "rank_rmse_eos_standings_vs_playoff_final_results": 6.093712606722878,
        "playoff_metrics": {
          "spearman_pred_vs_playoff_final_results": 0.44249165739710794,
          "ndcg_at_4_final_four": 0.35315119534797357,
          "ndcg10_pred_vs_playoff_final_results": 0.5695521730880952,
          "brier_championship_odds": 0.03222232684493065,
          "rank_mae_pred_vs_playoff_final_results": 7.666666507720947,
          "rank_rmse_pred_vs_playoff_final_results": 9.47276782989502,
          "rank_mae_eos_standings_vs_playoff_final_results": 3.7333333333333334,
          "rank_rmse_eos_standings_vs_playoff_final_results": 6.093712606722878
        }
      },
      "test_metrics_model_a": {
        "ndcg": 0.5692563492441197,
        "spearman": 0.3913236929922136,
        "mrr_top2": 1.0,
        "mrr_top4": 1.0,
        "ndcg10": 0.5692563492441197,
        "ndcg_at_4": 0.35315119534797357,
        "ndcg_at_12": 0.6144119832493391,
        "ndcg_at_16": 0.6156989742711072,
        "ndcg_at_20": 0.6162834089340591,
        "roc_auc_upset": 0.8009049773755657
      },
      "test_metrics_model_b": {
        "ndcg": 0.8063721939044944,
        "spearman": 0.41935483870967744,
        "mrr_top2": 1.0,
        "mrr_top4": 1.0,
        "ndcg10": 0.8063721939044944,
        "ndcg_at_4": 0.7116242168324007,
        "ndcg_at_12": 0.806184579734205,
        "ndcg_at_16": 0.8062046906902847,
        "ndcg_at_20": 0.8451476958235905,
        "roc_auc_upset": 0.7777777777777778
      },
      "test_metrics_model_c": {
        "ndcg": 0.333487026575135,
        "spearman": 0.23159065628476083,
        "mrr_top2": 0.16666666666666666,
        "mrr_top4": 0.16666666666666666,
        "ndcg10": 0.333487026575135,
        "ndcg_at_4": 0.0011069724610271625,
        "ndcg_at_12": 0.33890731926775686,
        "ndcg_at_16": 0.35966393831396193,
        "ndcg_at_20": 0.3699999322309346,
        "roc_auc_upset": 0.7633928571428571
      },
      "test_metrics_by_conference": {
        "E": {
          "ndcg": 0.4078134151580969,
          "spearman": 0.24642857142857136
        },
        "W": {
          "ndcg": 0.922273612311482,
          "spearman": 0.5285714285714286
        }
      },
      "notes": {
        "eos_rank_source": "eos_final_rank"
      }
    },
    "2024-25": {
      "test_metrics_ensemble": {
        "ndcg": 0.48346989208049335,
        "spearman": 0.4914349276974415,
        "mrr_top2": 0.5,
        "mrr_top4": 0.5,
        "ndcg10": 0.48346989208049335,
        "ndcg_at_4": 0.4643944167678145,
        "ndcg_at_12": 0.5275829653944297,
        "ndcg_at_16": 0.5275641927971733,
        "ndcg_at_20": 0.5311725032022365,
        "roc_auc_upset": 0.751131221719457,
        "rank_mae_pred_vs_playoff_final_results": 6.800000190734863,
        "rank_rmse_pred_vs_playoff_final_results": 8.72926139831543,
        "rank_mae_eos_standings_vs_playoff_final_results": 3.1333333333333333,
        "rank_rmse_eos_standings_vs_playoff_final_results": 4.449719092257398,
        "playoff_metrics": {
          "spearman_pred_vs_playoff_final_results": 0.5047830923248053,
          "ndcg_at_4_final_four": 0.4643812234227066,
          "ndcg10_pred_vs_playoff_final_results": 0.48345652727118765,
          "brier_championship_odds": 0.03222232684493065,
          "rank_mae_pred_vs_playoff_final_results": 6.800000190734863,
          "rank_rmse_pred_vs_playoff_final_results": 8.72926139831543,
          "rank_mae_eos_standings_vs_playoff_final_results": 3.1333333333333333,
          "rank_rmse_eos_standings_vs_playoff_final_results": 4.449719092257398
        }
      },
      "test_metrics_model_a": {
        "ndcg": 0.48346989208049335,
        "spearman": 0.4914349276974415,
        "mrr_top2": 0.5,
        "mrr_top4": 0.5,
        "ndcg10": 0.48346989208049335,
        "ndcg_at_4": 0.4643944167678145,
        "ndcg_at_12": 0.5275829653944297,
        "ndcg_at_16": 0.5275641927971733,