{
  "test_metrics_ensemble": {
    "ndcg": 0.48724594096253404,
    "spearman": 0.49410456062291436,
    "mrr_top2": 0.5,
    "mrr_top4": 0.5,
    "ndcg10": 0.48724594096253404,
    "ndcg_at_4": 0.4733834825680338,
    "ndcg_at_12": 0.5324391880022158,
    "ndcg_at_16": 0.5324003946776605,
    "ndcg_at_20": 0.5359256397292267,
    "roc_auc_upset": 0.8,
    "rank_mae_pred_vs_playoff_final_results": 6.866666793823242,
    "rank_rmse_pred_vs_playoff_final_results": 8.706319808959961,
    "rank_mae_eos_standings_vs_playoff_final_results": 3.1333333333333333,
    "rank_rmse_eos_standings_vs_playoff_final_results": 4.449719092257398,
    "playoff_metrics": {
      "spearman_pred_vs_playoff_final_results": 0.5021134593993326,
      "ndcg_at_4_final_four": 0.4733834825680338,
      "ndcg10_pred_vs_playoff_final_results": 0.4872344170054777,
      "brier_championship_odds": 0.03222232684493065,
      "rank_mae_pred_vs_playoff_final_results": 6.866666793823242,
      "rank_rmse_pred_vs_playoff_final_results": 8.706319808959961,
      "rank_mae_eos_standings_vs_playoff_final_results": 3.1333333333333333,
      "rank_rmse_eos_standings_vs_playoff_final_results": 4.449719092257398
    }
  },
  "test_metrics_model_a": {
    "ndcg": 0.48724594096253404,
    "spearman": 0.49410456062291436,
    "mrr_top2": 0.5,
    "mrr_top4": 0.5,
    "ndcg10": 0.48724594096253404,
    "ndcg_at_4": 0.4733834825680338,
    "ndcg_at_12": 0.5324391880022158,
    "ndcg_at_16": 0.5324003946776605,
    "ndcg_at_20": 0.5359256397292267,
    "roc_auc_upset": 0.8
  },
  "test_metrics_model_b": {
    "ndcg": 0.8394321164005015,
    "spearman": 0.7561735261401556,
    "mrr_top2": 1.0,
    "mrr_top4": 1.0,
    "ndcg10": 0.8394321164005015,
    "ndcg_at_4": 0.686743398563792,
    "ndcg_at_12": 0.8619043834317837,
    "ndcg_at_16": 0.8619978038479105,
    "ndcg_at_20": 0.8620009765410098,
    "roc_auc_upset": 0.6696832579185521
  },
  "test_metrics_model_c": {
    "ndcg": 0.5498218214506672,
    "spearman": 0.8046718576195773,
    "mrr_top2": 0.3333333333333333,
    "mrr_top4": 0.3333333333333333,
    "ndcg10": 0.5498218214506672,
    "ndcg_at_4": 0.3643666855073834,
    "ndcg_at_12": 0.5498087347273443,
    "ndcg_at_16": 0.5499252443461593,
    "ndcg_at_20": 0.5499230053939899,
    "roc_auc_upset": 0.7244444444444444
  },
  "test_metrics_by_conference": {
    "E": {
      "ndcg": 0.2970889035745066,
      "spearman": 0.28571428571428564
    },
    "W": {
      "ndcg": 0.7510775020335729,
      "spearman": 0.6535714285714285
    }
  },
  "notes": {
    "eos_rank_source": "eos_final_rank"
  }
}