{
  "test_metrics_ensemble": {
    "ndcg": 0.5837081302757876,
    "spearman": 0.38954393770856505,
    "mrr_top2": 1.0,
    "mrr_top4": 1.0,
    "ndcg10": 0.5837081302757876,
    "ndcg_at_4": 0.35315119534797357,
    "ndcg_at_12": 0.628854616306776,
    "ndcg_at_16": 0.6307322539133801,
    "ndcg_at_20": 0.6307296070167229,
    "roc_auc_upset": 0.7239819004524887,
    "rank_mae_pred_vs_playoff_final_results": 7.733333110809326,
    "rank_rmse_pred_vs_playoff_final_results": 9.563820838928223,
    "rank_mae_eos_standings_vs_playoff_final_results": 3.7333333333333334,
    "rank_rmse_eos_standings_vs_playoff_final_results": 6.093712606722878,
    "playoff_metrics": {
      "spearman_pred_vs_playoff_final_results": 0.4082313681868743,
      "ndcg_at_4_final_four": 0.35315119534797357,
      "ndcg10_pred_vs_playoff_final_results": 0.5837131423443689,
      "brier_championship_odds": 0.03222232684493065,
      "rank_mae_pred_vs_playoff_final_results": 7.733333110809326,
      "rank_rmse_pred_vs_playoff_final_results": 9.563820838928223,
      "rank_mae_eos_standings_vs_playoff_final_results": 3.7333333333333334,
      "rank_rmse_eos_standings_vs_playoff_final_results": 6.093712606722878
    }
  },
  "test_metrics_model_a": {
    "ndcg": 0.5838546810917342,
    "spearman": 0.3899888765294772,
    "mrr_top2": 1.0,
    "mrr_top4": 1.0,
    "ndcg10": 0.5838546810917342,
    "ndcg_at_4": 0.35315119534797357,
    "ndcg_at_12": 0.6290011286286336,
    "ndcg_at_16": 0.630878754996869,
    "ndcg_at_20": 0.6308761074558674,
    "roc_auc_upset": 0.7239819004524887
  },
  "test_metrics_model_b": {
    "ndcg": 0.7736283822668802,
    "spearman": 0.3793103448275862,
    "mrr_top2": 1.0,
    "mrr_top4": 1.0,
    "ndcg10": 0.7736283822668802,
    "ndcg_at_4": 0.7792693516960503,
    "ndcg_at_12": 0.7960777547991988,
    "ndcg_at_16": 0.7973768575018404,
    "ndcg_at_20": 0.7975189429153244,
    "roc_auc_upset": 0.7232142857142858
  },
  "test_metrics_model_c": {
    "ndcg": 0.5131186204922601,
    "spearman": 0.4402669632925473,
    "mrr_top2": 0.5,
    "mrr_top4": 0.5,
    "ndcg10": 0.5131186204922601,
    "ndcg_at_4": 0.5238890362503497,
    "ndcg_at_12": 0.5349379805694624,
    "ndcg_at_16": 0.6214404443191287,
    "ndcg_at_20": 0.6232570910219959,
    "roc_auc_upset": 0.8516746411483255
  },
  "test_metrics_by_conference": {
    "E": {
      "ndcg": 0.40499547722204216,
      "spearman": 0.22499999999999998
    },
    "W": {
      "ndcg": 0.9151612253331928,
      "spearman": 0.5071428571428571
    }
  },
  "notes": {
    "eos_rank_source": "eos_final_rank"
  }
}