{
  "notes": {
    "eval_on": "test",
    "eos_rank_source": "eos_final_rank",
    "upset_definition": "sleeper = EOS_global_rank > predicted_strength",
    "mrr_top2": "1/rank of first team in top 2 (champion+runner-up) in predicted order.",
    "mrr_top4": "1/rank of first team in top 4 (conference finals) in predicted order.",
    "per_conference_relevance": "Within E/W: actual rank derived from EOS_global_rank (1=best in conf); NDCG/Spearman use this relevance.",
    "playoff_metrics": "Spearman (pred global vs playoff_final_results), NDCG@4 (final four), Brier (champion vs odds). rank_mae/rank_rmse: pred vs playoff_final_results; eos_standings vs playoff_final_results (baseline)."
  },
  "split_info": {
    "train_frac": 0.75,
    "n_train_dates": 141,
    "n_test_dates": 36,
    "split_mode": "seasons"
  },
  "test_metrics_ensemble": {
    "ndcg": 0.48724594096253404,
    "spearman": 0.49410456062291436,
    "mrr_top2": 0.5,
    "mrr_top4": 0.5,
    "ndcg10": 0.48724594096253404,
    "ndcg_at_4": 0.4733834825680338,
    "ndcg_at_12": 0.5324391880022158,
    "ndcg_at_16": 0.5324003946776605,
    "ndcg_at_20": 0.5359256397292267,
    "roc_auc_upset": 0.8,
    "rank_mae_pred_vs_playoff_final_results": 6.866666793823242,
    "rank_rmse_pred_vs_playoff_final_results": 8.706319808959961,
    "rank_mae_eos_standings_vs_playoff_final_results": 3.1333333333333333,
    "rank_rmse_eos_standings_vs_playoff_final_results": 4.449719092257398,
    "playoff_metrics": {
      "spearman_pred_vs_playoff_final_results": 0.5021134593993326,
      "ndcg_at_4_final_four": 0.4733834825680338,
      "ndcg10_pred_vs_playoff_final_results": 0.4872344170054777,
      "brier_championship_odds": 0.03222232684493065,
      "rank_mae_pred_vs_playoff_final_results": 6.866666793823242,
      "rank_rmse_pred_vs_playoff_final_results": 8.706319808959961,
      "rank_mae_eos_standings_vs_playoff_final_results": 3.1333333333333333,
      "rank_rmse_eos_standings_vs_playoff_final_results": 4.449719092257398
    }
  },
  "test_metrics_model_a": {
    "ndcg": 0.48724594096253404,
    "spearman": 0.49410456062291436,
    "mrr_top2": 0.5,
    "mrr_top4": 0.5,
    "ndcg10": 0.48724594096253404,
    "ndcg_at_4": 0.4733834825680338,
    "ndcg_at_12": 0.5324391880022158,
    "ndcg_at_16": 0.5324003946776605,
    "ndcg_at_20": 0.5359256397292267,
    "roc_auc_upset": 0.8
  },
  "test_metrics_model_b": {
    "ndcg": 0.8394321164005015,
    "spearman": 0.7561735261401556,
    "mrr_top2": 1.0,
    "mrr_top4": 1.0,
    "ndcg10": 0.8394321164005015,
    "ndcg_at_4": 0.686743398563792,
    "ndcg_at_12": 0.8619043834317837,
    "ndcg_at_16": 0.8619978038479105,
    "ndcg_at_20": 0.8620009765410098,
    "roc_auc_upset": 0.6696832579185521
  },
  "test_metrics_model_c": {
    "ndcg": 0.5498218214506672,
    "spearman": 0.8046718576195773,
    "mrr_top2": 0.3333333333333333,
    "mrr_top4": 0.3333333333333333,
    "ndcg10": 0.5498218214506672,
    "ndcg_at_4": 0.3643666855073834,
    "ndcg_at_12": 0.5498087347273443,
    "ndcg_at_16": 0.5499252443461593,
    "ndcg_at_20": 0.5499230053939899,
    "roc_auc_upset": 0.7244444444444444
  },
  "test_metrics_by_conference": {
    "E": {
      "ndcg": 0.2970889035745066,
      "spearman": 0.28571428571428564
    },
    "W": {
      "ndcg": 0.7510775020335729,
      "spearman": 0.6535714285714285
    }
  },
  "by_season": {
    "2023-24": {
      "test_metrics_ensemble": {
        "ndcg": 0.5837081302757876,
        "spearman": 0.38954393770856505,
        "mrr_top2": 1.0,
        "mrr_top4": 1.0,
        "ndcg10": 0.5837081302757876,
        "ndcg_at_4": 0.35315119534797357,
        "ndcg_at_12": 0.628854616306776,
        "ndcg_at_16": 0.6307322539133801,
        "ndcg_at_20": 0.6307296070167229,
        "roc_auc_upset": 0.7239819004524887,
        "rank_mae_pred_vs_playoff_final_results": 7.733333110809326,
        "rank_rmse_pred_vs_playoff_final_results": 9.563820838928223,
        "rank_mae_eos_standings_vs_playoff_final_results": 3.7333333333333334,
        "rank_rmse_eos_standings_vs_playoff_final_results": 6.093712606722878,
        "playoff_metrics": {
          "spearman_pred_vs_playoff_final_results": 0.4082313681868743,
          "ndcg_at_4_final_four": 0.35315119534797357,
          "ndcg10_pred_vs_playoff_final_results": 0.5837131423443689,
          "brier_championship_odds": 0.03222232684493065,
          "rank_mae_pred_vs_playoff_final_results": 7.733333110809326,
          "rank_rmse_pred_vs_playoff_final_results": 9.563820838928223,
          "rank_mae_eos_standings_vs_playoff_final_results": 3.7333333333333334,
          "rank_rmse_eos_standings_vs_playoff_final_results": 6.093712606722878
        }
      },
      "test_metrics_model_a": {
        "ndcg": 0.5838546810917342,
        "spearman": 0.3899888765294772,
        "mrr_top2": 1.0,
        "mrr_top4": 1.0,
        "ndcg10": 0.5838546810917342,
        "ndcg_at_4": 0.35315119534797357,
        "ndcg_at_12": 0.6290011286286336,
        "ndcg_at_16": 0.630878754996869,
        "ndcg_at_20": 0.6308761074558674,
        "roc_auc_upset": 0.7239819004524887
      },
      "test_metrics_model_b": {
        "ndcg": 0.7736283822668802,
        "spearman": 0.3793103448275862,
        "mrr_top2": 1.0,
        "mrr_top4": 1.0,
        "ndcg10": 0.7736283822668802,
        "ndcg_at_4": 0.7792693516960503,
        "ndcg_at_12": 0.7960777547991988,
        "ndcg_at_16": 0.7973768575018404,
        "ndcg_at_20": 0.7975189429153244,
        "roc_auc_upset": 0.7232142857142858
      },
      "test_metrics_model_c": {
        "ndcg": 0.5131186204922601,
        "spearman": 0.4402669632925473,
        "mrr_top2": 0.5,
        "mrr_top4": 0.5,
        "ndcg10": 0.5131186204922601,
        "ndcg_at_4": 0.5238890362503497,
        "ndcg_at_12": 0.5349379805694624,
        "ndcg_at_16": 0.6214404443191287,
        "ndcg_at_20": 0.6232570910219959,
        "roc_auc_upset": 0.8516746411483255
      },
      "test_metrics_by_conference": {
        "E": {
          "ndcg": 0.40499547722204216,
          "spearman": 0.22499999999999998
        },
        "W": {
          "ndcg": 0.9151612253331928,
          "spearman": 0.5071428571428571
        }
      },
      "notes": {
        "eos_rank_source": "eos_final_rank"
      }
    },
    "2024-25": {
      "test_metrics_ensemble": {
        "ndcg": 0.48724594096253404,
        "spearman": 0.49410456062291436,
        "mrr_top2": 0.5,
        "mrr_top4": 0.5,
        "ndcg10": 0.48724594096253404,
        "ndcg_at_4": 0.4733834825680338,
        "ndcg_at_12": 0.5324391880022158,
        "ndcg_at_16": 0.5324003946776605,
        "ndcg_at_20": 0.5359256397292267,
        "roc_auc_upset": 0.8,
        "rank_mae_pred_vs_playoff_final_results": 6.866666793823242,
        "rank_rmse_pred_vs_playoff_final_results": 8.706319808959961,
        "rank_mae_eos_standings_vs_playoff_final_results": 3.1333333333333333,
        "rank_rmse_eos_standings_vs_playoff_final_results": 4.449719092257398,
        "playoff_metrics": {
          "spearman_pred_vs_playoff_final_results": 0.5021134593993326,
          "ndcg_at_4_final_four": 0.4733834825680338,
          "ndcg10_pred_vs_playoff_final_results": 0.4872344170054777,
          "brier_championship_odds": 0.03222232684493065,
          "rank_mae_pred_vs_playoff_final_results": 6.866666793823242,
          "rank_rmse_pred_vs_playoff_final_results": 8.706319808959961,
          "rank_mae_eos_standings_vs_playoff_final_results": 3.1333333333333333,
          "rank_rmse_eos_standings_vs_playoff_final_results": 4.449719092257398
        }
      },
      "test_metrics_model_a": {
        "ndcg": 0.48724594096253404,
        "spearman": 0.49410456062291436,
        "mrr_top2": 0.5,
        "mrr_top4": 0.5,
        "ndcg10": 0.48724594096253404,
        "ndcg_at_4": 0.4733834825680338,
        "ndcg_at_12": 0.5324391880022158,
        "ndcg_at_16": 0.5324003946776605,
        "ndcg_at_20": 0.5359256397292267,