{
  "test_metrics_ensemble": {
    "ndcg": 0.601456101648947,
    "spearman": 0.5265850945494994,
    "mrr_top2": 0.5,
    "mrr_top4": 0.5,
    "ndcg_at_4": 0.46421121466877174,
    "ndcg_at_12": 0.5304785023806766,
    "ndcg_at_16": 0.5316813508318177,
    "ndcg_at_20": 0.5340319536759875,
    "ndcg_at_30": 0.601456101648947,
    "rank_mae_pred_vs_playoff_outcome_rank": 6.5333333015441895,
    "rank_rmse_pred_vs_playoff_outcome_rank": 8.422192573547363,
    "roc_auc_upset": 0.7366071428571428,
    "rank_mae_wl_record_standings_vs_playoff_outcome_rank": 3.1333333333333333,
    "rank_rmse_wl_record_standings_vs_playoff_outcome_rank": 4.449719092257398,
    "spearman_standings": -0.5328142380422692,
    "ndcg_at_4_standings": 0.4453991287932713,
    "ndcg_at_16_standings": 0.4982088225284424,
    "ndcg_at_30_standings": 0.5921187069119808,
    "rank_rmse_standings": 8.366600036621094,
    "playoff_metrics": {
      "spearman_pred_vs_playoff_outcome_rank": 0.5221357063403782,
      "ndcg_at_4_final_four": 0.46419589766943586,
      "ndcg_at_30_pred_vs_playoff_outcome_rank": 0.6014476998886871,
      "brier_championship_odds": 0.030076468363404274,
      "rank_mae_pred_vs_playoff_outcome_rank": 6.5333333015441895,
      "rank_rmse_pred_vs_playoff_outcome_rank": 8.422192573547363,
      "rank_mae_wl_record_standings_vs_playoff_outcome_rank": 3.1333333333333333,
      "rank_rmse_wl_record_standings_vs_playoff_outcome_rank": 4.449719092257398
    }
  },
  "test_metrics_model_a": {
    "ndcg": 0.6014184693862796,
    "spearman": 0.5181312569521691,
    "mrr_top2": 0.5,
    "mrr_top4": 0.5,
    "ndcg_at_4": 0.46421121466877174,
    "ndcg_at_12": 0.5304785023806766,
    "ndcg_at_16": 0.5316813508318177,
    "ndcg_at_20": 0.5339943214030616,
    "ndcg_at_30": 0.6014184693862796,
    "rank_mae_pred_vs_playoff_outcome_rank": 6.599999904632568,
    "rank_rmse_pred_vs_playoff_outcome_rank": 8.497057914733887,
    "roc_auc_upset": 0.7410714285714286
  },
  "test_metrics_model_b": {
    "ndcg": 0.4034181279293462,
    "spearman": 0.6048943270300334,
    "mrr_top2": 0.25,
    "mrr_top4": 0.25,
    "ndcg_at_4": 0.16775742802418675,
    "ndcg_at_12": 0.22395216583472308,
    "ndcg_at_16": 0.40322806156712776,
    "ndcg_at_20": 0.40326918555421143,
    "ndcg_at_30": 0.4034181279293462,
    "rank_mae_pred_vs_playoff_outcome_rank": 5.933333396911621,
    "rank_rmse_pred_vs_playoff_outcome_rank": 7.694153785705566,
    "roc_auc_upset": 0.7455357142857143
  },
  "test_metrics_model_c": {
    "ndcg": 0.2709118486690924,
    "spearman": -0.8718576195773081,
    "mrr_top2": 0.04,
    "mrr_top4": 0.05,
    "ndcg_at_4": 6.148979291537652e-08,
    "ndcg_at_12": 3.952565204408188e-05,
    "ndcg_at_16": 4.290762651797437e-05,
    "ndcg_at_20": 0.01871521832078221,
    "ndcg_at_30": 0.2709118486690924,
    "rank_mae_pred_vs_playoff_outcome_rank": 14.733333587646484,
    "rank_rmse_pred_vs_playoff_outcome_rank": 16.74713897705078,
    "roc_auc_upset": 1.0
  },
  "test_metrics_by_conference": {
    "E": {
      "ndcg": 0.24462495087213001,
      "spearman": 0.2642857142857143,
      "rank_mae_wl_record_standings_vs_playoff_outcome_rank": 2.933333333333333,
      "rank_rmse_wl_record_standings_vs_playoff_outcome_rank": 3.8297084310253524,
      "rank_mae_ensemble_pred_vs_playoff_outcome_rank": 8.466666666666667,
      "rank_rmse_ensemble_pred_vs_playoff_outcome_rank": 10.503967504392486,
      "rank_mae_model_a_pred_vs_playoff_outcome_rank": 8.6,
      "rank_rmse_model_a_pred_vs_playoff_outcome_rank": 10.623872489194637,
      "rank_mae_xgb_pred_vs_playoff_outcome_rank": 6.8,
      "rank_rmse_xgb_pred_vs_playoff_outcome_rank": 8.563488385776752,
      "rank_mae_rf_pred_vs_playoff_outcome_rank": 15.533333333333333,
      "rank_rmse_rf_pred_vs_playoff_outcome_rank": 17.699340854016757
    },
    "W": {
      "ndcg": 0.7524991469189859,
      "spearman": 0.7357142857142855,
      "rank_mae_wl_record_standings_vs_playoff_outcome_rank": 3.3333333333333335,
      "rank_rmse_wl_record_standings_vs_playoff_outcome_rank": 4.993328882953068,
      "rank_mae_ensemble_pred_vs_playoff_outcome_rank": 4.6,
      "rank_rmse_ensemble_pred_vs_playoff_outcome_rank": 5.615454864330523,
      "rank_mae_model_a_pred_vs_playoff_outcome_rank": 4.6,
      "rank_rmse_model_a_pred_vs_playoff_outcome_rank": 5.615454864330523,
      "rank_mae_xgb_pred_vs_playoff_outcome_rank": 5.066666666666666,
      "rank_rmse_xgb_pred_vs_playoff_outcome_rank": 6.713171133426189,
      "rank_mae_rf_pred_vs_playoff_outcome_rank": 13.933333333333334,
      "rank_rmse_rf_pred_vs_playoff_outcome_rank": 15.737428845483835
    }
  },
  "model_vs_standings_comparison": {
    "n_teams": 30,
    "standings_vs_outcome": {
      "rank_mae": 3.1333333333333333,
      "rank_rmse": 4.449719092257398
    },
    "models": {
      "ensemble": {
        "rank_mae_pred_vs_outcome": 6.533333333333333,
        "rank_rmse_pred_vs_outcome": 8.422192905255336,
        "improvement_mae_vs_standings": -3.4,
        "improvement_rmse_vs_standings": -3.9724738129979382
      },
      "model_a": {
        "rank_mae_pred_vs_outcome": 6.6,
        "rank_rmse_pred_vs_outcome": 8.497058314499201,
        "improvement_mae_vs_standings": -3.4666666666666663,
        "improvement_rmse_vs_standings": -4.047339222241803
      },
      "xgb": {
        "rank_mae_pred_vs_outcome": 5.933333333333334,
        "rank_rmse_pred_vs_outcome": 7.694153624668538,
        "improvement_mae_vs_standings": -2.8000000000000003,
        "improvement_rmse_vs_standings": -3.24443453241114
      },
      "rf": {
        "rank_mae_pred_vs_outcome": 14.733333333333333,
        "rank_rmse_pred_vs_outcome": 16.74713905915475,
        "improvement_mae_vs_standings": -11.6,
        "improvement_rmse_vs_standings": -12.297419966897353
      }
    },
    "significance": {
      "ensemble": {
        "mean_mae_improvement": -3.4,
        "bootstrap_95_ci_low": -5.266666666666667,
        "bootstrap_95_ci_high": -1.6333333333333333,
        "p_value_model_better_than_standings": 1.0,
        "method": "paired bootstrap over teams (resample teams, mean(standings_ae - model_ae)); H0: no improvement"
      },
      "model_a": {
        "mean_mae_improvement": -3.466666666666667,
        "bootstrap_95_ci_low": -5.333333333333333,
        "bootstrap_95_ci_high": -1.6666666666666667,
        "p_value_model_better_than_standings": 1.0,
        "method": "paired bootstrap over teams (resample teams, mean(standings_ae - model_ae)); H0: no improvement"
      },
      "xgb": {
        "mean_mae_improvement": -2.8,
        "bootstrap_95_ci_low": -5.0,
        "bootstrap_95_ci_high": -0.6658333333333378,
        "p_value_model_better_than_standings": 0.9935,
        "method": "paired bootstrap over teams (resample teams, mean(standings_ae - model_ae)); H0: no improvement"
      },
      "rf": {
        "mean_mae_improvement": -11.6,
        "bootstrap_95_ci_low": -14.366666666666667,
        "bootstrap_95_ci_high": -8.8,
        "p_value_model_better_than_standings": 1.0,
        "method": "paired bootstrap over teams (resample teams, mean(standings_ae - model_ae)); H0: no improvement"
      }
    }
  },
  "notes": {
    "eos_rank_source": "eos_final_rank"
  }
}