{
  "notes": {
    "eval_on": "test",
    "eos_rank_source": "eos_final_rank",
    "upset_definition": "sleeper = EOS_global_rank > predicted_strength",
    "mrr_top2": "1/rank of first team in top 2 (champion+runner-up) in predicted order.",
    "mrr_top4": "1/rank of first team in top 4 (conference finals) in predicted order.",
    "per_conference_relevance": "Within E/W: actual rank derived from EOS_global_rank (1=best in conf); NDCG/Spearman use this relevance.",
    "playoff_metrics": "Spearman (pred global vs playoff_final_results), NDCG@4 (final four), Brier (champion vs odds). rank_mae/rank_rmse: pred vs playoff_final_results; eos_standings vs playoff_final_results (baseline)."
  },
  "split_info": {
    "train_frac": 0.75,
    "n_train_dates": 141,
    "n_test_dates": 36,
    "split_mode": "seasons"
  },
  "test_metrics_ensemble": {
    "ndcg": 0.48923435932825315,
    "spearman": 0.4905450500556173,
    "mrr_top2": 0.5,
    "mrr_top4": 0.5,
    "ndcg10": 0.48923435932825315,
    "ndcg_at_4": 0.4643944167678145,
    "ndcg_at_12": 0.5344270840756957,
    "ndcg_at_16": 0.5359621859730592,
    "ndcg_at_20": 0.538275142195214,
    "roc_auc_upset": 0.75,
    "rank_mae_pred_vs_playoff_final_results": 6.733333110809326,
    "rank_rmse_pred_vs_playoff_final_results": 8.736895561218262,
    "rank_mae_eos_standings_vs_playoff_final_results": 3.1333333333333333,
    "rank_rmse_eos_standings_vs_playoff_final_results": 4.449719092257398,
    "playoff_metrics": {
      "spearman_pred_vs_playoff_final_results": 0.48609566184649605,
      "ndcg_at_4_final_four": 0.4643812234227066,
      "ndcg10_pred_vs_playoff_final_results": 0.48922099131352,
      "brier_championship_odds": 0.03222232684493065,
      "rank_mae_pred_vs_playoff_final_results": 6.733333110809326,
      "rank_rmse_pred_vs_playoff_final_results": 8.736895561218262,
      "rank_mae_eos_standings_vs_playoff_final_results": 3.1333333333333333,
      "rank_rmse_eos_standings_vs_playoff_final_results": 4.449719092257398
    }
  },
  "test_metrics_model_a": {
    "ndcg": 0.48923435932825315,
    "spearman": 0.48209121245828696,
    "mrr_top2": 0.5,
    "mrr_top4": 0.5,
    "ndcg10": 0.48923435932825315,
    "ndcg_at_4": 0.4643944167678145,
    "ndcg_at_12": 0.5344270840756957,
    "ndcg_at_16": 0.5359621859730592,
    "ndcg_at_20": 0.5359645081473376,
    "roc_auc_upset": 0.7544642857142857
  },
  "test_metrics_model_b": {
    "ndcg": 0.19713892692561516,
    "spearman": 0.5150166852057843,
    "mrr_top2": 0.14285714285714285,
    "mrr_top4": 0.14285714285714285,
    "ndcg10": 0.19713892692561516,
    "ndcg_at_4": 0.04166423104576856,
    "ndcg_at_12": 0.19718391934737511,
    "ndcg_at_16": 0.21750925748057276,
    "ndcg_at_20": 0.217508658860186,
    "roc_auc_upset": 0.7592592592592593
  },
  "test_metrics_model_c": {
    "ndcg": 0.05124995751403931,
    "spearman": 0.3210233592880979,
    "mrr_top2": 0.07142857142857142,
    "mrr_top4": 0.2,
    "ndcg10": 0.05124995751403931,
    "ndcg_at_4": 0.00711064040423231,
    "ndcg_at_12": 0.056899138174850025,
    "ndcg_at_16": 0.18061907061753987,
    "ndcg_at_20": 0.18301677953213064,
    "roc_auc_upset": 0.8169642857142857
  },
  "test_metrics_by_conference": {
    "E": {
      "ndcg": 0.26533736705247435,
      "spearman": 0.25357142857142856
    },
    "W": {
      "ndcg": 0.7737357849437491,
      "spearman": 0.6749999999999999
    }
  },
  "by_season": {
    "2023-24": {
      "test_metrics_ensemble": {
        "ndcg": 0.6071973615053933,
        "spearman": 0.43804226918798667,
        "mrr_top2": 1.0,
        "mrr_top4": 1.0,
        "ndcg10": 0.6071973615053933,
        "ndcg_at_4": 0.35315119534797357,
        "ndcg_at_12": 0.6070392103305832,
        "ndcg_at_16": 0.6089174753030266,
        "ndcg_at_20": 0.608923916235908,
        "roc_auc_upset": 0.7692307692307693,
        "rank_mae_pred_vs_playoff_final_results": 7.333333492279053,
        "rank_rmse_pred_vs_playoff_final_results": 9.176055908203125,
        "rank_mae_eos_standings_vs_playoff_final_results": 3.7333333333333334,
        "rank_rmse_eos_standings_vs_playoff_final_results": 6.093712606722878,
        "playoff_metrics": {
          "spearman_pred_vs_playoff_final_results": 0.46785317018909905,
          "ndcg_at_4_final_four": 0.35315119534797357,
          "ndcg10_pred_vs_playoff_final_results": 0.6071966423510671,
          "brier_championship_odds": 0.03222232684493065,
          "rank_mae_pred_vs_playoff_final_results": 7.333333492279053,
          "rank_rmse_pred_vs_playoff_final_results": 9.176055908203125,
          "rank_mae_eos_standings_vs_playoff_final_results": 3.7333333333333334,
          "rank_rmse_eos_standings_vs_playoff_final_results": 6.093712606722878
        }
      },
      "test_metrics_model_a": {
        "ndcg": 0.6071973615053933,
        "spearman": 0.43804226918798667,
        "mrr_top2": 1.0,
        "mrr_top4": 1.0,
        "ndcg10": 0.6071973615053933,
        "ndcg_at_4": 0.35315119534797357,
        "ndcg_at_12": 0.6070392103305832,
        "ndcg_at_16": 0.6089174753030266,
        "ndcg_at_20": 0.608923916235908,
        "roc_auc_upset": 0.7692307692307693
      },
      "test_metrics_model_b": {
        "ndcg": 0.5580964353753605,
        "spearman": 0.3913236929922136,
        "mrr_top2": 0.5,
        "mrr_top4": 0.5,
        "ndcg10": 0.5580964353753605,
        "ndcg_at_4": 0.4437410146181249,
        "ndcg_at_12": 0.5579532112466528,
        "ndcg_at_16": 0.5580106956268491,
        "ndcg_at_20": 0.600448317137851,
        "roc_auc_upset": 0.8348214285714286
      },
      "test_metrics_model_c": {
        "ndcg": 0.3335103168238178,
        "spearman": 0.24582869855394882,
        "mrr_top2": 0.16666666666666666,
        "mrr_top4": 0.16666666666666666,
        "ndcg10": 0.3335103168238178,
        "ndcg_at_4": 0.001111095381373398,
        "ndcg_at_12": 0.33890852755612016,
        "ndcg_at_16": 0.36020843249775714,
        "ndcg_at_20": 0.370544492926805,
        "roc_auc_upset": 0.7733333333333334
      },
      "test_metrics_by_conference": {
        "E": {
          "ndcg": 0.3851402749883562,
          "spearman": 0.2642857142857143
        },
        "W": {
          "ndcg": 0.9455771580324823,
          "spearman": 0.5928571428571427
        }
      },
      "notes": {
        "eos_rank_source": "eos_final_rank"
      }
    },
    "2024-25": {
      "test_metrics_ensemble": {
        "ndcg": 0.48923435932825315,
        "spearman": 0.4905450500556173,
        "mrr_top2": 0.5,
        "mrr_top4": 0.5,
        "ndcg10": 0.48923435932825315,
        "ndcg_at_4": 0.4643944167678145,
        "ndcg_at_12": 0.5344270840756957,
        "ndcg_at_16": 0.5359621859730592,
        "ndcg_at_20": 0.538275142195214,
        "roc_auc_upset": 0.75,
        "rank_mae_pred_vs_playoff_final_results": 6.733333110809326,
        "rank_rmse_pred_vs_playoff_final_results": 8.736895561218262,
        "rank_mae_eos_standings_vs_playoff_final_results": 3.1333333333333333,
        "rank_rmse_eos_standings_vs_playoff_final_results": 4.449719092257398,
        "playoff_metrics": {
          "spearman_pred_vs_playoff_final_results": 0.48609566184649605,
          "ndcg_at_4_final_four": 0.4643812234227066,
          "ndcg10_pred_vs_playoff_final_results": 0.48922099131352,
          "brier_championship_odds": 0.03222232684493065,
          "rank_mae_pred_vs_playoff_final_results": 6.733333110809326,
          "rank_rmse_pred_vs_playoff_final_results": 8.736895561218262,
          "rank_mae_eos_standings_vs_playoff_final_results": 3.1333333333333333,
          "rank_rmse_eos_standings_vs_playoff_final_results": 4.449719092257398
        }
      },
      "test_metrics_model_a": {
        "ndcg": 0.48923435932825315,
        "spearman": 0.48209121245828696,
        "mrr_top2": 0.5,
        "mrr_top4": 0.5,
        "ndcg10": 0.48923435932825315,
        "ndcg_at_4": 0.4643944167678145,
        "ndcg_at_12": 0.5344270840756957,