{
  "test_metrics_ensemble": {
    "ndcg": 0.48672894646456233,
    "spearman": 0.5105672969966629,
    "mrr_top2": 0.5,
    "mrr_top4": 0.5,
    "ndcg10": 0.48672894646456233,
    "ndcg_at_4": 0.4643519436832566,
    "ndcg_at_12": 0.5319015701620347,
    "ndcg_at_16": 0.5318830185608605,
    "ndcg_at_20": 0.5354504022404557,
    "roc_auc_upset": 0.7455357142857142,
    "rank_mae_pred_vs_playoff_final_results": 6.666666507720947,
    "rank_rmse_pred_vs_playoff_final_results": 8.563488960266113,
    "rank_mae_eos_standings_vs_playoff_final_results": 3.1333333333333333,
    "rank_rmse_eos_standings_vs_playoff_final_results": 4.449719092257398,
    "playoff_metrics": {
      "spearman_pred_vs_playoff_final_results": 0.5114571746384872,
      "ndcg_at_4_final_four": 0.46433662668392073,
      "ndcg10_pred_vs_playoff_final_results": 0.48671405708100207,
      "brier_championship_odds": 0.03222232684493065,
      "rank_mae_pred_vs_playoff_final_results": 6.666666507720947,
      "rank_rmse_pred_vs_playoff_final_results": 8.563488960266113,
      "rank_mae_eos_standings_vs_playoff_final_results": 3.1333333333333333,
      "rank_rmse_eos_standings_vs_playoff_final_results": 4.449719092257398
    }
  },
  "test_metrics_model_a": {
    "ndcg": 0.531467447428055,
    "spearman": 0.5021134593993326,
    "mrr_top2": 0.5,
    "mrr_top4": 0.5,
    "ndcg10": 0.531467447428055,
    "ndcg_at_4": 0.4643519436832566,
    "ndcg_at_12": 0.531671399891569,
    "ndcg_at_16": 0.5316528659458272,
    "ndcg_at_20": 0.5351826917936537,
    "roc_auc_upset": 0.7544642857142857
  },
  "test_metrics_model_b": {
    "ndcg": 0.7757047320946842,
    "spearman": 0.6360400444938822,
    "mrr_top2": 1.0,
    "mrr_top4": 1.0,
    "ndcg10": 0.7757047320946842,
    "ndcg_at_4": 0.686743398563792,
    "ndcg_at_12": 0.7981562378367252,
    "ndcg_at_16": 0.8413672151657957,
    "ndcg_at_20": 0.8414477019681775,
    "roc_auc_upset": 0.6888888888888889
  },
  "test_metrics_model_c": {
    "ndcg": 0.05659973111469674,
    "spearman": 0.4331479421579533,
    "mrr_top2": 0.06666666666666667,
    "mrr_top4": 0.1111111111111111,
    "ndcg10": 0.05659973111469674,
    "ndcg_at_4": 0.021615451923040332,
    "ndcg_at_12": 0.056601280610190915,
    "ndcg_at_16": 0.13853376450773924,
    "ndcg_at_20": 0.2943035595672655,
    "roc_auc_upset": 0.8660714285714286
  },
  "test_metrics_by_conference": {
    "E": {
      "ndcg": 0.2535134396955579,
      "spearman": 0.24642857142857136
    },
    "W": {
      "ndcg": 0.7743588954336382,
      "spearman": 0.7642857142857141
    }
  },
  "notes": {
    "eos_rank_source": "eos_final_rank"
  }
}