{
  "test_metrics_ensemble": {
    "ndcg": 0.605207875655067,
    "spearman": 0.4162402669632926,
    "mrr_top2": 1.0,
    "mrr_top4": 1.0,
    "ndcg10": 0.605207875655067,
    "ndcg_at_4": 0.35315119534797357,
    "ndcg_at_12": 0.6050944844658562,
    "ndcg_at_16": 0.6063860523155977,
    "ndcg_at_20": 0.6069807004663059,
    "roc_auc_upset": 0.7782805429864252,
    "rank_mae_pred_vs_playoff_final_results": 7.333333492279053,
    "rank_rmse_pred_vs_playoff_final_results": 9.352361679077148,
    "rank_mae_eos_standings_vs_playoff_final_results": 3.7333333333333334,
    "rank_rmse_eos_standings_vs_playoff_final_results": 6.093712606722878,
    "playoff_metrics": {
      "spearman_pred_vs_playoff_final_results": 0.47363737486095664,
      "ndcg_at_4_final_four": 0.35315119534797357,
      "ndcg10_pred_vs_playoff_final_results": 0.6052131249543536,
      "brier_championship_odds": 0.03222232684493065,
      "rank_mae_pred_vs_playoff_final_results": 7.333333492279053,
      "rank_rmse_pred_vs_playoff_final_results": 9.352361679077148,
      "rank_mae_eos_standings_vs_playoff_final_results": 3.7333333333333334,
      "rank_rmse_eos_standings_vs_playoff_final_results": 6.093712606722878
    }
  },
  "test_metrics_model_a": {
    "ndcg": 0.605207875655067,
    "spearman": 0.4117908787541713,
    "mrr_top2": 1.0,
    "mrr_top4": 1.0,
    "ndcg10": 0.605207875655067,
    "ndcg_at_4": 0.35315119534797357,
    "ndcg_at_12": 0.6050944844658562,
    "ndcg_at_16": 0.6063860523155977,
    "ndcg_at_20": 0.6069807004663059,
    "roc_auc_upset": 0.7453703703703703
  },
  "test_metrics_model_b": {
    "ndcg": 0.5728418790038451,
    "spearman": 0.5808676307007786,
    "mrr_top2": 0.5,
    "mrr_top4": 0.5,
    "ndcg10": 0.5728418790038451,
    "ndcg_at_4": 0.5872846093926635,
    "ndcg_at_12": 0.5946344928943468,
    "ndcg_at_16": 0.6002220502919227,
    "ndcg_at_20": 0.6371922556639695,
    "roc_auc_upset": 0.7733333333333333
  },
  "test_metrics_model_c": {
    "ndcg": 0.38395005185894526,
    "spearman": 0.3935483870967742,
    "mrr_top2": 0.2,
    "mrr_top4": 0.2,
    "ndcg10": 0.38395005185894526,
    "ndcg_at_4": 0.001774982492507151,
    "ndcg_at_12": 0.38385187938659227,
    "ndcg_at_16": 0.4047466216650743,
    "ndcg_at_20": 0.44701340957604807,
    "roc_auc_upset": 0.7066666666666667
  },
  "test_metrics_by_conference": {
    "E": {
      "ndcg": 0.3851402749883562,
      "spearman": 0.2642857142857143
    },
    "W": {
      "ndcg": 0.927802973586642,
      "spearman": 0.532142857142857
    }
  },
  "notes": {
    "eos_rank_source": "eos_final_rank"
  }
}