{
  "notes": {
    "eval_on": "test",
    "eos_rank_source": "eos_final_rank",
    "upset_definition": "sleeper = EOS_global_rank > predicted_strength",
    "mrr_top2": "1/rank of first team in top 2 (champion+runner-up) in predicted order.",
    "mrr_top4": "1/rank of first team in top 4 (conference finals) in predicted order.",
    "per_conference_relevance": "Within E/W: actual rank derived from EOS_global_rank (1=best in conf); NDCG/Spearman use this relevance.",
    "playoff_metrics": "Spearman (pred global vs playoff_final_results), NDCG@4 (final four), Brier (champion vs odds). rank_mae/rank_rmse: pred vs playoff_final_results; eos_standings vs playoff_final_results (baseline)."
  },
  "split_info": {
    "train_frac": 0.75,
    "n_train_dates": 141,
    "n_test_dates": 36,
    "split_mode": "seasons"
  },
  "test_metrics_ensemble": {
    "ndcg": 0.4823129597598826,
    "spearman": 0.47497219132369295,
    "mrr_top2": 0.5,
    "mrr_top4": 0.5,
    "ndcg10": 0.4823129597598826,
    "ndcg_at_4": 0.4645175546554888,
    "ndcg_at_12": 0.5274867433921169,
    "ndcg_at_16": 0.5274679781756618,
    "ndcg_at_20": 0.531098634961318,
    "roc_auc_upset": 0.7601809954751131,
    "rank_mae_pred_vs_playoff_final_results": 6.933333396911621,
    "rank_rmse_pred_vs_playoff_final_results": 8.869422912597656,
    "rank_mae_eos_standings_vs_playoff_final_results": 3.1333333333333333,
    "rank_rmse_eos_standings_vs_playoff_final_results": 4.449719092257398,
    "playoff_metrics": {
      "spearman_pred_vs_playoff_final_results": 0.48031145717463847,
      "ndcg_at_4_final_four": 0.4645175546554888,
      "ndcg10_pred_vs_playoff_final_results": 0.4823014339262173,
      "brier_championship_odds": 0.03222232684493065,
      "rank_mae_pred_vs_playoff_final_results": 6.933333396911621,
      "rank_rmse_pred_vs_playoff_final_results": 8.869422912597656,
      "rank_mae_eos_standings_vs_playoff_final_results": 3.1333333333333333,
      "rank_rmse_eos_standings_vs_playoff_final_results": 4.449719092257398
    }
  },
  "test_metrics_model_a": {
    "ndcg": 0.4823129597598826,
    "spearman": 0.47497219132369295,
    "mrr_top2": 0.5,
    "mrr_top4": 0.5,
    "ndcg10": 0.4823129597598826,
    "ndcg_at_4": 0.4645175546554888,
    "ndcg_at_12": 0.5274867433921169,
    "ndcg_at_16": 0.5274679781756618,
    "ndcg_at_20": 0.531098634961318,
    "roc_auc_upset": 0.7601809954751131
  },
  "test_metrics_model_b": {
    "ndcg": 0.1821356359254539,
    "spearman": 0.5897664071190212,
    "mrr_top2": 0.16666666666666666,
    "mrr_top4": 0.16666666666666666,
    "ndcg10": 0.1821356359254539,
    "ndcg_at_4": 0.04174492448450587,
    "ndcg_at_12": 0.18213337192718473,
    "ndcg_at_16": 0.222726544966648,
    "ndcg_at_20": 0.37060708117452573,
    "roc_auc_upset": 0.8038277511961722
  },
  "test_metrics_model_c": {
    "ndcg": 0.05124995751403931,
    "spearman": 0.30055617352614017,
    "mrr_top2": 0.0625,
    "mrr_top4": 0.2,
    "ndcg10": 0.05124995751403931,
    "ndcg_at_4": 0.00711064040423231,
    "ndcg_at_12": 0.056899138174850025,
    "ndcg_at_16": 0.1769467286075223,
    "ndcg_at_20": 0.17934445367388585,
    "roc_auc_upset": 0.8258928571428571
  },
  "test_metrics_by_conference": {
    "E": {
      "ndcg": 0.26049363773702766,
      "spearman": 0.2571428571428571
    },
    "W": {
      "ndcg": 0.7524991469189859,
      "spearman": 0.6714285714285713
    }
  },
  "by_season": {
    "2023-24": {
      "test_metrics_ensemble": {
        "ndcg": 0.596110893906986,
        "spearman": 0.4211345939933259,
        "mrr_top2": 1.0,
        "mrr_top4": 1.0,
        "ndcg10": 0.596110893906986,
        "ndcg_at_4": 0.35315119534797357,
        "ndcg_at_12": 0.59595967268133,
        "ndcg_at_16": 0.5972141558553787,
        "ndcg_at_20": 0.5981028335058041,
        "roc_auc_upset": 0.7733333333333333,
        "rank_mae_pred_vs_playoff_final_results": 7.4666666984558105,
        "rank_rmse_pred_vs_playoff_final_results": 9.31307315826416,
        "rank_mae_eos_standings_vs_playoff_final_results": 3.7333333333333334,
        "rank_rmse_eos_standings_vs_playoff_final_results": 6.093712606722878,
        "playoff_metrics": {
          "spearman_pred_vs_playoff_final_results": 0.46117908787541706,
          "ndcg_at_4_final_four": 0.35315119534797357,
          "ndcg10_pred_vs_playoff_final_results": 0.5961101747526598,
          "brier_championship_odds": 0.03222232684493065,
          "rank_mae_pred_vs_playoff_final_results": 7.4666666984558105,
          "rank_rmse_pred_vs_playoff_final_results": 9.31307315826416,
          "rank_mae_eos_standings_vs_playoff_final_results": 3.7333333333333334,
          "rank_rmse_eos_standings_vs_playoff_final_results": 6.093712606722878
        }
      },
      "test_metrics_model_a": {
        "ndcg": 0.596110893906986,
        "spearman": 0.4189098998887653,
        "mrr_top2": 1.0,
        "mrr_top4": 1.0,
        "ndcg10": 0.596110893906986,
        "ndcg_at_4": 0.35315119534797357,
        "ndcg_at_12": 0.59595967268133,
        "ndcg_at_16": 0.5972141558553787,
        "ndcg_at_20": 0.5981028335058041,
        "roc_auc_upset": 0.7733333333333333
      },
      "test_metrics_model_b": {
        "ndcg": 0.5649668632481524,
        "spearman": 0.43492769744160176,
        "mrr_top2": 0.5,
        "mrr_top4": 0.5,
        "ndcg10": 0.5649668632481524,
        "ndcg_at_4": 0.4646538243780074,
        "ndcg_at_12": 0.5648193071194533,
        "ndcg_at_16": 0.607692548288655,
        "ndcg_at_20": 0.6076949474068141,
        "roc_auc_upset": 0.75
      },
      "test_metrics_model_c": {
        "ndcg": 0.33348743391404295,
        "spearman": 0.22447163515016688,
        "mrr_top2": 0.16666666666666666,
        "mrr_top4": 0.16666666666666666,
        "ndcg10": 0.33348743391404295,
        "ndcg_at_4": 0.001111095381373398,
        "ndcg_at_12": 0.3389077264996702,
        "ndcg_at_16": 0.3587462594013541,
        "ndcg_at_20": 0.37023224974400315,
        "roc_auc_upset": 0.7723214285714285
      },
      "test_metrics_by_conference": {
        "E": {
          "ndcg": 0.38465527253246934,
          "spearman": 0.22142857142857136
        },
        "W": {
          "ndcg": 0.9413396858685721,
          "spearman": 0.6285714285714286
        }
      },
      "notes": {
        "eos_rank_source": "eos_final_rank"
      }
    },
    "2024-25": {
      "test_metrics_ensemble": {
        "ndcg": 0.4823129597598826,
        "spearman": 0.47497219132369295,
        "mrr_top2": 0.5,
        "mrr_top4": 0.5,
        "ndcg10": 0.4823129597598826,
        "ndcg_at_4": 0.4645175546554888,
        "ndcg_at_12": 0.5274867433921169,
        "ndcg_at_16": 0.5274679781756618,
        "ndcg_at_20": 0.531098634961318,
        "roc_auc_upset": 0.7601809954751131,
        "rank_mae_pred_vs_playoff_final_results": 6.933333396911621,
        "rank_rmse_pred_vs_playoff_final_results": 8.869422912597656,
        "rank_mae_eos_standings_vs_playoff_final_results": 3.1333333333333333,
        "rank_rmse_eos_standings_vs_playoff_final_results": 4.449719092257398,
        "playoff_metrics": {
          "spearman_pred_vs_playoff_final_results": 0.48031145717463847,
          "ndcg_at_4_final_four": 0.4645175546554888,
          "ndcg10_pred_vs_playoff_final_results": 0.4823014339262173,
          "brier_championship_odds": 0.03222232684493065,
          "rank_mae_pred_vs_playoff_final_results": 6.933333396911621,
          "rank_rmse_pred_vs_playoff_final_results": 8.869422912597656,
          "rank_mae_eos_standings_vs_playoff_final_results": 3.1333333333333333,
          "rank_rmse_eos_standings_vs_playoff_final_results": 4.449719092257398
        }
      },
      "test_metrics_model_a": {
        "ndcg": 0.4823129597598826,
        "spearman": 0.47497219132369295,
        "mrr_top2": 0.5,
        "mrr_top4": 0.5,
        "ndcg10": 0.4823129597598826,
        "ndcg_at_4": 0.4645175546554888,
        "ndcg_at_12": 0.5274867433921169,
        "ndcg_at_16": 0.5274679781756618,