{
  "test_metrics_ensemble": {
    "ndcg": 0.4823129597598826,
    "spearman": 0.47497219132369295,
    "mrr_top2": 0.5,
    "mrr_top4": 0.5,
    "ndcg10": 0.4823129597598826,
    "ndcg_at_4": 0.4645175546554888,
    "ndcg_at_12": 0.5274867433921169,
    "ndcg_at_16": 0.5274679781756618,
    "ndcg_at_20": 0.531098634961318,
    "roc_auc_upset": 0.7601809954751131,
    "rank_mae_pred_vs_playoff_final_results": 6.933333396911621,
    "rank_rmse_pred_vs_playoff_final_results": 8.869422912597656,
    "rank_mae_eos_standings_vs_playoff_final_results": 3.1333333333333333,
    "rank_rmse_eos_standings_vs_playoff_final_results": 4.449719092257398,
    "playoff_metrics": {
      "spearman_pred_vs_playoff_final_results": 0.48031145717463847,
      "ndcg_at_4_final_four": 0.4645175546554888,
      "ndcg10_pred_vs_playoff_final_results": 0.4823014339262173,
      "brier_championship_odds": 0.03222232684493065,
      "rank_mae_pred_vs_playoff_final_results": 6.933333396911621,
      "rank_rmse_pred_vs_playoff_final_results": 8.869422912597656,
      "rank_mae_eos_standings_vs_playoff_final_results": 3.1333333333333333,
      "rank_rmse_eos_standings_vs_playoff_final_results": 4.449719092257398
    }
  },
  "test_metrics_model_a": {
    "ndcg": 0.4823129597598826,
    "spearman": 0.47497219132369295,
    "mrr_top2": 0.5,
    "mrr_top4": 0.5,
    "ndcg10": 0.4823129597598826,
    "ndcg_at_4": 0.4645175546554888,
    "ndcg_at_12": 0.5274867433921169,
    "ndcg_at_16": 0.5274679781756618,
    "ndcg_at_20": 0.531098634961318,
    "roc_auc_upset": 0.7601809954751131
  },
  "test_metrics_model_b": {
    "ndcg": 0.1821356359254539,
    "spearman": 0.5897664071190212,
    "mrr_top2": 0.16666666666666666,
    "mrr_top4": 0.16666666666666666,
    "ndcg10": 0.1821356359254539,
    "ndcg_at_4": 0.04174492448450587,
    "ndcg_at_12": 0.18213337192718473,
    "ndcg_at_16": 0.222726544966648,
    "ndcg_at_20": 0.37060708117452573,
    "roc_auc_upset": 0.8038277511961722
  },
  "test_metrics_model_c": {
    "ndcg": 0.05124995751403931,
    "spearman": 0.30055617352614017,
    "mrr_top2": 0.0625,
    "mrr_top4": 0.2,
    "ndcg10": 0.05124995751403931,
    "ndcg_at_4": 0.00711064040423231,
    "ndcg_at_12": 0.056899138174850025,
    "ndcg_at_16": 0.1769467286075223,
    "ndcg_at_20": 0.17934445367388585,
    "roc_auc_upset": 0.8258928571428571
  },
  "test_metrics_by_conference": {
    "E": {
      "ndcg": 0.26049363773702766,
      "spearman": 0.2571428571428571
    },
    "W": {
      "ndcg": 0.7524991469189859,
      "spearman": 0.6714285714285713
    }
  },
  "notes": {
    "eos_rank_source": "eos_final_rank"
  }
}