{
  "test_metrics_ensemble": {
    "ndcg": 0.596110893906986,
    "spearman": 0.4211345939933259,
    "mrr_top2": 1.0,
    "mrr_top4": 1.0,
    "ndcg10": 0.596110893906986,
    "ndcg_at_4": 0.35315119534797357,
    "ndcg_at_12": 0.59595967268133,
    "ndcg_at_16": 0.5972141558553787,
    "ndcg_at_20": 0.5981028335058041,
    "roc_auc_upset": 0.7733333333333333,
    "rank_mae_pred_vs_playoff_final_results": 7.4666666984558105,
    "rank_rmse_pred_vs_playoff_final_results": 9.31307315826416,
    "rank_mae_eos_standings_vs_playoff_final_results": 3.7333333333333334,
    "rank_rmse_eos_standings_vs_playoff_final_results": 6.093712606722878,
    "playoff_metrics": {
      "spearman_pred_vs_playoff_final_results": 0.46117908787541706,
      "ndcg_at_4_final_four": 0.35315119534797357,
      "ndcg10_pred_vs_playoff_final_results": 0.5961101747526598,
      "brier_championship_odds": 0.03222232684493065,
      "rank_mae_pred_vs_playoff_final_results": 7.4666666984558105,
      "rank_rmse_pred_vs_playoff_final_results": 9.31307315826416,
      "rank_mae_eos_standings_vs_playoff_final_results": 3.7333333333333334,
      "rank_rmse_eos_standings_vs_playoff_final_results": 6.093712606722878
    }
  },
  "test_metrics_model_a": {
    "ndcg": 0.596110893906986,
    "spearman": 0.4189098998887653,
    "mrr_top2": 1.0,
    "mrr_top4": 1.0,
    "ndcg10": 0.596110893906986,
    "ndcg_at_4": 0.35315119534797357,
    "ndcg_at_12": 0.59595967268133,
    "ndcg_at_16": 0.5972141558553787,
    "ndcg_at_20": 0.5981028335058041,
    "roc_auc_upset": 0.7733333333333333
  },
  "test_metrics_model_b": {
    "ndcg": 0.5649668632481524,
    "spearman": 0.43492769744160176,
    "mrr_top2": 0.5,
    "mrr_top4": 0.5,
    "ndcg10": 0.5649668632481524,
    "ndcg_at_4": 0.4646538243780074,
    "ndcg_at_12": 0.5648193071194533,
    "ndcg_at_16": 0.607692548288655,
    "ndcg_at_20": 0.6076949474068141,
    "roc_auc_upset": 0.75
  },
  "test_metrics_model_c": {
    "ndcg": 0.33348743391404295,
    "spearman": 0.22447163515016688,
    "mrr_top2": 0.16666666666666666,
    "mrr_top4": 0.16666666666666666,
    "ndcg10": 0.33348743391404295,
    "ndcg_at_4": 0.001111095381373398,
    "ndcg_at_12": 0.3389077264996702,
    "ndcg_at_16": 0.3587462594013541,
    "ndcg_at_20": 0.37023224974400315,
    "roc_auc_upset": 0.7723214285714285
  },
  "test_metrics_by_conference": {
    "E": {
      "ndcg": 0.38465527253246934,
      "spearman": 0.22142857142857136
    },
    "W": {
      "ndcg": 0.9413396858685721,
      "spearman": 0.6285714285714286
    }
  },
  "notes": {
    "eos_rank_source": "eos_final_rank"
  }
}