{
  "test_metrics_ensemble": {
    "ndcg": 0.4822886771311598,
    "spearman": 0.4558398220244716,
    "mrr_top2": 0.5,
    "mrr_top4": 0.5,
    "ndcg10": 0.4822886771311598,
    "ndcg_at_4": 0.4643944167678145,
    "ndcg_at_12": 0.5274624671416437,
    "ndcg_at_16": 0.5274437586377835,
    "ndcg_at_20": 0.5286629733575122,
    "roc_auc_upset": 0.7692307692307692,
    "rank_mae_pred_vs_playoff_final_results": 7.066666603088379,
    "rank_rmse_pred_vs_playoff_final_results": 9.029581069946289,
    "rank_mae_eos_standings_vs_playoff_final_results": 3.1333333333333333,
    "rank_rmse_eos_standings_vs_playoff_final_results": 4.449719092257398,
    "playoff_metrics": {
      "spearman_pred_vs_playoff_final_results": 0.4576195773081201,
      "ndcg_at_4_final_four": 0.4643812234227066,
      "ndcg10_pred_vs_playoff_final_results": 0.4822758464841708,
      "brier_championship_odds": 0.03222232684493065,
      "rank_mae_pred_vs_playoff_final_results": 7.066666603088379,
      "rank_rmse_pred_vs_playoff_final_results": 9.029581069946289,
      "rank_mae_eos_standings_vs_playoff_final_results": 3.1333333333333333,
      "rank_rmse_eos_standings_vs_playoff_final_results": 4.449719092257398
    }
  },
  "test_metrics_model_a": {
    "ndcg": 0.4822886771311598,
    "spearman": 0.4576195773081201,
    "mrr_top2": 0.5,
    "mrr_top4": 0.5,
    "ndcg10": 0.4822886771311598,
    "ndcg_at_4": 0.4643944167678145,
    "ndcg_at_12": 0.5274624671416437,
    "ndcg_at_16": 0.5274442560461408,
    "ndcg_at_20": 0.5286634707636818,
    "roc_auc_upset": 0.7723214285714286
  },
  "test_metrics_model_b": {
    "ndcg": 0.21439051255756775,
    "spearman": 0.5986651835372636,
    "mrr_top2": 0.2,
    "mrr_top4": 0.2,
    "ndcg10": 0.21439051255756775,
    "ndcg_at_4": 0.04166423104576856,
    "ndcg_at_12": 0.21434526101239795,
    "ndcg_at_16": 0.3941446531879838,
    "ndcg_at_20": 0.3941437904731284,
    "roc_auc_upset": 0.7723214285714285
  },
  "test_metrics_model_c": {
    "ndcg": 0.05124995751403931,
    "spearman": 0.30189098998887653,
    "mrr_top2": 0.0625,
    "mrr_top4": 0.2,
    "ndcg10": 0.05124995751403931,
    "ndcg_at_4": 0.00711064040423231,
    "ndcg_at_12": 0.056899138174850025,
    "ndcg_at_16": 0.1769467286075223,
    "ndcg_at_20": 0.17934445367388585,
    "roc_auc_upset": 0.8258928571428571
  },
  "test_metrics_by_conference": {
    "E": {
      "ndcg": 0.2595236328252539,
      "spearman": 0.22499999999999998
    },
    "W": {
      "ndcg": 0.752538834009314,
      "spearman": 0.682142857142857
    }
  },
  "notes": {
    "eos_rank_source": "eos_final_rank"
  }
}