{
  "test_metrics_ensemble": {
    "ndcg": 0.547143174518839,
    "spearman": 0.3668520578420467,
    "mrr_top2": 1.0,
    "mrr_top4": 1.0,
    "ndcg10": 0.547143174518839,
    "ndcg_at_4": 0.33513898093933947,
    "ndcg_at_12": 0.5908870006877727,
    "ndcg_at_16": 0.5921156003819763,
    "ndcg_at_20": 0.5927000905938234,
    "roc_auc_upset": 0.7589285714285714,
    "rank_mae_pred_vs_playoff_final_results": 7.933333396911621,
    "rank_rmse_pred_vs_playoff_final_results": 9.739952087402344,
    "rank_mae_eos_standings_vs_playoff_final_results": 3.7333333333333334,
    "rank_rmse_eos_standings_vs_playoff_final_results": 6.093712606722878,
    "playoff_metrics": {
      "spearman_pred_vs_playoff_final_results": 0.4331479421579533,
      "ndcg_at_4_final_four": 0.33513815635527017,
      "ndcg10_pred_vs_playoff_final_results": 0.5471481051196387,
      "brier_championship_odds": 0.03222232684493065,
      "rank_mae_pred_vs_playoff_final_results": 7.933333396911621,
      "rank_rmse_pred_vs_playoff_final_results": 9.739952087402344,
      "rank_mae_eos_standings_vs_playoff_final_results": 3.7333333333333334,
      "rank_rmse_eos_standings_vs_playoff_final_results": 6.093712606722878
    }
  },
  "test_metrics_model_a": {
    "ndcg": 0.547143174518839,
    "spearman": 0.3668520578420467,
    "mrr_top2": 1.0,
    "mrr_top4": 1.0,
    "ndcg10": 0.547143174518839,
    "ndcg_at_4": 0.33513898093933947,
    "ndcg_at_12": 0.5908870006877727,
    "ndcg_at_16": 0.5921156003819763,
    "ndcg_at_20": 0.5927000905938234,
    "roc_auc_upset": 0.7589285714285714
  },
  "test_metrics_model_b": {
    "ndcg": 0.8024849324349984,
    "spearman": 0.3103448275862069,
    "mrr_top2": 1.0,
    "mrr_top4": 1.0,
    "ndcg10": 0.8024849324349984,
    "ndcg_at_4": 0.7116242168324007,
    "ndcg_at_12": 0.8022964321072545,
    "ndcg_at_16": 0.8023156404330647,
    "ndcg_at_20": 0.802317837376981,
    "roc_auc_upset": 0.8482142857142857
  },
  "test_metrics_model_c": {
    "ndcg": 0.333487026575135,
    "spearman": 0.23159065628476083,
    "mrr_top2": 0.16666666666666666,
    "mrr_top4": 0.16666666666666666,
    "ndcg10": 0.333487026575135,
    "ndcg_at_4": 0.0011069724610271625,
    "ndcg_at_12": 0.33890731926775686,
    "ndcg_at_16": 0.35966393831396193,
    "ndcg_at_20": 0.3699999322309346,
    "roc_auc_upset": 0.7633928571428571
  },
  "test_metrics_by_conference": {
    "E": {
      "ndcg": 0.38369169619137905,
      "spearman": 0.24285714285714283
    },
    "W": {
      "ndcg": 0.919351326584902,
      "spearman": 0.457142857142857
    }
  },
  "notes": {
    "eos_rank_source": "eos_final_rank"
  }
}