{
  "notes": {
    "eval_on": "test",
    "eos_rank_source": "eos_final_rank",
    "upset_definition": "sleeper = EOS_global_rank > predicted_strength",
    "mrr_top2": "1/rank of first team in top 2 (champion+runner-up) in predicted order.",
    "mrr_top4": "1/rank of first team in top 4 (conference finals) in predicted order.",
    "per_conference_relevance": "Within E/W: actual rank derived from EOS_global_rank (1=best in conf); NDCG/Spearman use this relevance.",
    "playoff_metrics": "Spearman (pred global vs playoff_final_results), NDCG@4 (final four), Brier (champion vs odds). rank_mae/rank_rmse: pred vs playoff_final_results; eos_standings vs playoff_final_results (baseline)."
  },
  "split_info": {
    "train_frac": 0.75,
    "n_train_dates": 141,
    "n_test_dates": 36,
    "split_mode": "seasons"
  },
  "test_metrics_ensemble": {
    "ndcg": 0.48643043210041337,
    "spearman": 0.4629588431590656,
    "mrr_top2": 0.5,
    "mrr_top4": 0.5,
    "ndcg10": 0.48643043210041337,
    "ndcg_at_4": 0.46421121466877174,
    "ndcg_at_12": 0.4863247824691758,
    "ndcg_at_16": 0.5289393871054471,
    "ndcg_at_20": 0.5301585218899536,
    "roc_auc_upset": 0.7767857142857143,
    "rank_mae_pred_vs_playoff_final_results": 7.133333206176758,
    "rank_rmse_pred_vs_playoff_final_results": 8.970321655273438,
    "rank_mae_eos_standings_vs_playoff_final_results": 3.1333333333333333,
    "rank_rmse_eos_standings_vs_playoff_final_results": 4.449719092257398,
    "playoff_metrics": {
      "spearman_pred_vs_playoff_final_results": 0.46562847608453833,
      "ndcg_at_4_final_four": 0.46419589766943586,
      "ndcg10_pred_vs_playoff_final_results": 0.48641554187828256,
      "brier_championship_odds": 0.03222232684493065,
      "rank_mae_pred_vs_playoff_final_results": 7.133333206176758,
      "rank_rmse_pred_vs_playoff_final_results": 8.970321655273438,
      "rank_mae_eos_standings_vs_playoff_final_results": 3.1333333333333333,
      "rank_rmse_eos_standings_vs_playoff_final_results": 4.449719092257398
    }
  },
  "test_metrics_model_a": {
    "ndcg": 0.48643043210041337,
    "spearman": 0.4576195773081201,
    "mrr_top2": 0.5,
    "mrr_top4": 0.5,
    "ndcg10": 0.48643043210041337,
    "ndcg_at_4": 0.46421121466877174,
    "ndcg_at_12": 0.4863247824691758,
    "ndcg_at_16": 0.5289393606020586,
    "ndcg_at_20": 0.5301584953866817,
    "roc_auc_upset": 0.7767857142857143
  },
  "test_metrics_model_b": {
    "ndcg": 0.15752882479684202,
    "spearman": 0.5853170189098998,
    "mrr_top2": 0.16666666666666666,
    "mrr_top4": 0.16666666666666666,
    "ndcg10": 0.15752882479684202,
    "ndcg_at_4": 0.04166423104576856,
    "ndcg_at_12": 0.20137361012702448,
    "ndcg_at_16": 0.38373049506985485,
    "ndcg_at_20": 0.383729684444637,
    "roc_auc_upset": 0.8044444444444445
  },
  "test_metrics_model_c": {
    "ndcg": 0.05124995751403931,
    "spearman": 0.30233592880978866,
    "mrr_top2": 0.06666666666666667,
    "mrr_top4": 0.2,
    "ndcg10": 0.05124995751403931,
    "ndcg_at_4": 0.00711064040423231,
    "ndcg_at_12": 0.056899138174850025,
    "ndcg_at_16": 0.17781540372208415,
    "ndcg_at_20": 0.18021312496782235,
    "roc_auc_upset": 0.8258928571428571
  },
  "test_metrics_by_conference": {
    "E": {
      "ndcg": 0.21646190871437765,
      "spearman": 0.2178571428571428
    },
    "W": {
      "ndcg": 0.7510775020335729,
      "spearman": 0.6892857142857142
    }
  },
  "by_season": {
    "2023-24": {
      "test_metrics_ensemble": {
        "ndcg": 0.5879082040351352,
        "spearman": 0.42380422691879865,
        "mrr_top2": 1.0,
        "mrr_top4": 1.0,
        "ndcg10": 0.5879082040351352,
        "ndcg_at_4": 0.33513898093933947,
        "ndcg_at_12": 0.5877591373868728,
        "ndcg_at_16": 0.5896047422989595,
        "ndcg_at_20": 0.5896022785225108,
        "roc_auc_upset": 0.7366071428571428,
        "rank_mae_pred_vs_playoff_final_results": 7.4666666984558105,
        "rank_rmse_pred_vs_playoff_final_results": 9.291573524475098,
        "rank_mae_eos_standings_vs_playoff_final_results": 3.7333333333333334,
        "rank_rmse_eos_standings_vs_playoff_final_results": 6.093712606722878,
        "playoff_metrics": {
          "spearman_pred_vs_playoff_final_results": 0.4518353726362625,
          "ndcg_at_4_final_four": 0.33513815635527017,
          "ndcg10_pred_vs_playoff_final_results": 0.5879074034130275,
          "brier_championship_odds": 0.03222232684493065,
          "rank_mae_pred_vs_playoff_final_results": 7.4666666984558105,
          "rank_rmse_pred_vs_playoff_final_results": 9.291573524475098,
          "rank_mae_eos_standings_vs_playoff_final_results": 3.7333333333333334,
          "rank_rmse_eos_standings_vs_playoff_final_results": 6.093712606722878
        }
      },
      "test_metrics_model_a": {
        "ndcg": 0.40008456481234905,
        "spearman": 0.40778642936596216,
        "mrr_top2": 1.0,
        "mrr_top4": 1.0,
        "ndcg10": 0.40008456481234905,
        "ndcg_at_4": 0.33513898093933947,
        "ndcg_at_12": 0.5811840409880035,
        "ndcg_at_16": 0.5830301172181662,
        "ndcg_at_20": 0.5830276823583735,
        "roc_auc_upset": 0.7410714285714286
      },
      "test_metrics_model_b": {
        "ndcg": 0.806466891890875,
        "spearman": 0.4451612903225806,
        "mrr_top2": 1.0,
        "mrr_top4": 1.0,
        "ndcg10": 0.806466891890875,
        "ndcg_at_4": 0.6907114070725182,
        "ndcg_at_12": 0.8062778478703321,
        "ndcg_at_16": 0.811267961143236,
        "ndcg_at_20": 0.8488367370768487,
        "roc_auc_upset": 0.8080357142857143
      },
      "test_metrics_model_c": {
        "ndcg": 0.333487026575135,
        "spearman": 0.23159065628476083,
        "mrr_top2": 0.16666666666666666,
        "mrr_top4": 0.16666666666666666,
        "ndcg10": 0.333487026575135,
        "ndcg_at_4": 0.0011069724610271625,
        "ndcg_at_12": 0.33890731926775686,
        "ndcg_at_16": 0.35966393831396193,
        "ndcg_at_20": 0.3699999322309346,
        "roc_auc_upset": 0.7633928571428571
      },
      "test_metrics_by_conference": {
        "E": {
          "ndcg": 0.38369169619137905,
          "spearman": 0.25357142857142856
        },
        "W": {
          "ndcg": 0.9322328541921252,
          "spearman": 0.6178571428571428
        }
      },
      "notes": {
        "eos_rank_source": "eos_final_rank"
      }
    },
    "2024-25": {
      "test_metrics_ensemble": {
        "ndcg": 0.48643043210041337,
        "spearman": 0.4629588431590656,
        "mrr_top2": 0.5,
        "mrr_top4": 0.5,
        "ndcg10": 0.48643043210041337,
        "ndcg_at_4": 0.46421121466877174,
        "ndcg_at_12": 0.4863247824691758,
        "ndcg_at_16": 0.5289393871054471,
        "ndcg_at_20": 0.5301585218899536,
        "roc_auc_upset": 0.7767857142857143,
        "rank_mae_pred_vs_playoff_final_results": 7.133333206176758,
        "rank_rmse_pred_vs_playoff_final_results": 8.970321655273438,
        "rank_mae_eos_standings_vs_playoff_final_results": 3.1333333333333333,
        "rank_rmse_eos_standings_vs_playoff_final_results": 4.449719092257398,
        "playoff_metrics": {
          "spearman_pred_vs_playoff_final_results": 0.46562847608453833,
          "ndcg_at_4_final_four": 0.46419589766943586,
          "ndcg10_pred_vs_playoff_final_results": 0.48641554187828256,
          "brier_championship_odds": 0.03222232684493065,
          "rank_mae_pred_vs_playoff_final_results": 7.133333206176758,
          "rank_rmse_pred_vs_playoff_final_results": 8.970321655273438,
          "rank_mae_eos_standings_vs_playoff_final_results": 3.1333333333333333,
          "rank_rmse_eos_standings_vs_playoff_final_results": 4.449719092257398
        }
      },
      "test_metrics_model_a": {
        "ndcg": 0.48643043210041337,
        "spearman": 0.4576195773081201,
        "mrr_top2": 0.5,
        "mrr_top4": 0.5,
        "ndcg10": 0.48643043210041337,
        "ndcg_at_4": 0.46421121466877174,