{
  "test_metrics_ensemble": {
    "ndcg": 0.48643043210041337,
    "spearman": 0.4629588431590656,
    "mrr_top2": 0.5,
    "mrr_top4": 0.5,
    "ndcg10": 0.48643043210041337,
    "ndcg_at_4": 0.46421121466877174,
    "ndcg_at_12": 0.4863247824691758,
    "ndcg_at_16": 0.5289393871054471,
    "ndcg_at_20": 0.5301585218899536,
    "roc_auc_upset": 0.7767857142857143,
    "rank_mae_pred_vs_playoff_final_results": 7.133333206176758,
    "rank_rmse_pred_vs_playoff_final_results": 8.970321655273438,
    "rank_mae_eos_standings_vs_playoff_final_results": 3.1333333333333333,
    "rank_rmse_eos_standings_vs_playoff_final_results": 4.449719092257398,
    "playoff_metrics": {
      "spearman_pred_vs_playoff_final_results": 0.46562847608453833,
      "ndcg_at_4_final_four": 0.46419589766943586,
      "ndcg10_pred_vs_playoff_final_results": 0.48641554187828256,
      "brier_championship_odds": 0.03222232684493065,
      "rank_mae_pred_vs_playoff_final_results": 7.133333206176758,
      "rank_rmse_pred_vs_playoff_final_results": 8.970321655273438,
      "rank_mae_eos_standings_vs_playoff_final_results": 3.1333333333333333,
      "rank_rmse_eos_standings_vs_playoff_final_results": 4.449719092257398
    }
  },
  "test_metrics_model_a": {
    "ndcg": 0.48643043210041337,
    "spearman": 0.4576195773081201,
    "mrr_top2": 0.5,
    "mrr_top4": 0.5,
    "ndcg10": 0.48643043210041337,
    "ndcg_at_4": 0.46421121466877174,
    "ndcg_at_12": 0.4863247824691758,
    "ndcg_at_16": 0.5289393606020586,
    "ndcg_at_20": 0.5301584953866817,
    "roc_auc_upset": 0.7767857142857143
  },
  "test_metrics_model_b": {
    "ndcg": 0.15752882479684202,
    "spearman": 0.5853170189098998,
    "mrr_top2": 0.16666666666666666,
    "mrr_top4": 0.16666666666666666,
    "ndcg10": 0.15752882479684202,
    "ndcg_at_4": 0.04166423104576856,
    "ndcg_at_12": 0.20137361012702448,
    "ndcg_at_16": 0.38373049506985485,
    "ndcg_at_20": 0.383729684444637,
    "roc_auc_upset": 0.8044444444444445
  },
  "test_metrics_model_c": {
    "ndcg": 0.05124995751403931,
    "spearman": 0.30233592880978866,
    "mrr_top2": 0.06666666666666667,
    "mrr_top4": 0.2,
    "ndcg10": 0.05124995751403931,
    "ndcg_at_4": 0.00711064040423231,
    "ndcg_at_12": 0.056899138174850025,
    "ndcg_at_16": 0.17781540372208415,
    "ndcg_at_20": 0.18021312496782235,
    "roc_auc_upset": 0.8258928571428571
  },
  "test_metrics_by_conference": {
    "E": {
      "ndcg": 0.21646190871437765,
      "spearman": 0.2178571428571428
    },
    "W": {
      "ndcg": 0.7510775020335729,
      "spearman": 0.6892857142857142
    }
  },
  "notes": {
    "eos_rank_source": "eos_final_rank"
  }
}