{
  "test_metrics_ensemble": {
    "ndcg": 0.5879082040351352,
    "spearman": 0.42380422691879865,
    "mrr_top2": 1.0,
    "mrr_top4": 1.0,
    "ndcg10": 0.5879082040351352,
    "ndcg_at_4": 0.33513898093933947,
    "ndcg_at_12": 0.5877591373868728,
    "ndcg_at_16": 0.5896047422989595,
    "ndcg_at_20": 0.5896022785225108,
    "roc_auc_upset": 0.7366071428571428,
    "rank_mae_pred_vs_playoff_final_results": 7.4666666984558105,
    "rank_rmse_pred_vs_playoff_final_results": 9.291573524475098,
    "rank_mae_eos_standings_vs_playoff_final_results": 3.7333333333333334,
    "rank_rmse_eos_standings_vs_playoff_final_results": 6.093712606722878,
    "playoff_metrics": {
      "spearman_pred_vs_playoff_final_results": 0.4518353726362625,
      "ndcg_at_4_final_four": 0.33513815635527017,
      "ndcg10_pred_vs_playoff_final_results": 0.5879074034130275,
      "brier_championship_odds": 0.03222232684493065,
      "rank_mae_pred_vs_playoff_final_results": 7.4666666984558105,
      "rank_rmse_pred_vs_playoff_final_results": 9.291573524475098,
      "rank_mae_eos_standings_vs_playoff_final_results": 3.7333333333333334,
      "rank_rmse_eos_standings_vs_playoff_final_results": 6.093712606722878
    }
  },
  "test_metrics_model_a": {
    "ndcg": 0.40008456481234905,
    "spearman": 0.40778642936596216,
    "mrr_top2": 1.0,
    "mrr_top4": 1.0,
    "ndcg10": 0.40008456481234905,
    "ndcg_at_4": 0.33513898093933947,
    "ndcg_at_12": 0.5811840409880035,
    "ndcg_at_16": 0.5830301172181662,
    "ndcg_at_20": 0.5830276823583735,
    "roc_auc_upset": 0.7410714285714286
  },
  "test_metrics_model_b": {
    "ndcg": 0.806466891890875,
    "spearman": 0.4451612903225806,
    "mrr_top2": 1.0,
    "mrr_top4": 1.0,
    "ndcg10": 0.806466891890875,
    "ndcg_at_4": 0.6907114070725182,
    "ndcg_at_12": 0.8062778478703321,
    "ndcg_at_16": 0.811267961143236,
    "ndcg_at_20": 0.8488367370768487,
    "roc_auc_upset": 0.8080357142857143
  },
  "test_metrics_model_c": {
    "ndcg": 0.333487026575135,
    "spearman": 0.23159065628476083,
    "mrr_top2": 0.16666666666666666,
    "mrr_top4": 0.16666666666666666,
    "ndcg10": 0.333487026575135,
    "ndcg_at_4": 0.0011069724610271625,
    "ndcg_at_12": 0.33890731926775686,
    "ndcg_at_16": 0.35966393831396193,
    "ndcg_at_20": 0.3699999322309346,
    "roc_auc_upset": 0.7633928571428571
  },
  "test_metrics_by_conference": {
    "E": {
      "ndcg": 0.38369169619137905,
      "spearman": 0.25357142857142856
    },
    "W": {
      "ndcg": 0.9322328541921252,
      "spearman": 0.6178571428571428
    }
  },
  "notes": {
    "eos_rank_source": "eos_final_rank"
  }
}