{
  "test_metrics_ensemble": {
    "ndcg": 0.5413804598624418,
    "spearman": 0.39888765294771966,
    "mrr_top2": 1.0,
    "mrr_top4": 1.0,
    "ndcg10": 0.5413804598624418,
    "ndcg_at_4": 0.35315119534797357,
    "ndcg_at_12": 0.5865434159488356,
    "ndcg_at_16": 0.5878325446558905,
    "ndcg_at_20": 0.5884296199156065,
    "roc_auc_upset": 0.7013574660633484,
    "rank_mae_pred_vs_playoff_final_results": 7.400000095367432,
    "rank_rmse_pred_vs_playoff_final_results": 9.49034595489502,
    "rank_mae_eos_standings_vs_playoff_final_results": 3.7333333333333334,
    "rank_rmse_eos_standings_vs_playoff_final_results": 6.093712606722878,
    "playoff_metrics": {
      "spearman_pred_vs_playoff_final_results": 0.43670745272525024,
      "ndcg_at_4_final_four": 0.35315119534797357,
      "ndcg10_pred_vs_playoff_final_results": 0.5413857091617285,
      "brier_championship_odds": 0.03222232684493065,
      "rank_mae_pred_vs_playoff_final_results": 7.400000095367432,
      "rank_rmse_pred_vs_playoff_final_results": 9.49034595489502,
      "rank_mae_eos_standings_vs_playoff_final_results": 3.7333333333333334,
      "rank_rmse_eos_standings_vs_playoff_final_results": 6.093712606722878
    }
  },
  "test_metrics_model_a": {
    "ndcg": 0.5413804598624418,
    "spearman": 0.39888765294771966,
    "mrr_top2": 1.0,
    "mrr_top4": 1.0,
    "ndcg10": 0.5413804598624418,
    "ndcg_at_4": 0.35315119534797357,
    "ndcg_at_12": 0.5865434159488356,
    "ndcg_at_16": 0.5878325446558905,
    "ndcg_at_20": 0.5884296199156065,
    "roc_auc_upset": 0.7013574660633484
  },
  "test_metrics_model_b": {
    "ndcg": 0.8062669745834677,
    "spearman": 0.37842046718576194,
    "mrr_top2": 1.0,
    "mrr_top4": 1.0,
    "ndcg10": 0.8062669745834677,
    "ndcg_at_4": 0.7116242168324007,
    "ndcg_at_12": 0.8061416007585529,
    "ndcg_at_16": 0.8061032805515603,
    "ndcg_at_20": 0.8109720711772954,
    "roc_auc_upset": 0.7828054298642534
  },
  "test_metrics_model_c": {
    "ndcg": 0.333487026575135,
    "spearman": 0.23159065628476083,
    "mrr_top2": 0.16666666666666666,
    "mrr_top4": 0.16666666666666666,
    "ndcg10": 0.333487026575135,
    "ndcg_at_4": 0.0011069724610271625,
    "ndcg_at_12": 0.33890731926775686,
    "ndcg_at_16": 0.35966393831396193,
    "ndcg_at_20": 0.3699999322309346,
    "roc_auc_upset": 0.7633928571428571
  },
  "test_metrics_by_conference": {
    "E": {
      "ndcg": 0.3870089925370491,
      "spearman": 0.30357142857142855
    },
    "W": {
      "ndcg": 0.9200723557147134,
      "spearman": 0.5142857142857142
    }
  },
  "notes": {
    "eos_rank_source": "eos_final_rank"
  }
}