{
  "test_metrics_ensemble": {
    "ndcg": 0.5297148306449868,
    "spearman": 0.4767519466073415,
    "mrr_top2": 0.5,
    "mrr_top4": 0.5,
    "ndcg10": 0.5297148306449868,
    "ndcg_at_4": 0.4642134786724244,
    "ndcg_at_12": 0.5295765502460233,
    "ndcg_at_16": 0.5298906691512734,
    "ndcg_at_20": 0.5340815239864114,
    "roc_auc_upset": 0.7647058823529411,
    "rank_mae_pred_vs_playoff_final_results": 7.0,
    "rank_rmse_pred_vs_playoff_final_results": 8.854377746582031,
    "rank_mae_eos_standings_vs_playoff_final_results": 3.1333333333333333,
    "rank_rmse_eos_standings_vs_playoff_final_results": 4.449719092257398,
    "playoff_metrics": {
      "spearman_pred_vs_playoff_final_results": 0.4838709677419355,
      "ndcg_at_4_final_four": 0.4642134529041722,
      "ndcg10_pred_vs_playoff_final_results": 0.5297048910283982,
      "brier_championship_odds": 0.03222232684493065,
      "rank_mae_pred_vs_playoff_final_results": 7.0,
      "rank_rmse_pred_vs_playoff_final_results": 8.854377746582031,
      "rank_mae_eos_standings_vs_playoff_final_results": 3.1333333333333333,
      "rank_rmse_eos_standings_vs_playoff_final_results": 4.449719092257398
    }
  },
  "test_metrics_model_a": {
    "ndcg": 0.529729414915926,
    "spearman": 0.4776418242491657,
    "mrr_top2": 0.5,
    "mrr_top4": 0.5,
    "ndcg10": 0.529729414915926,
    "ndcg_at_4": 0.4642134786724244,
    "ndcg_at_12": 0.5295911306861532,
    "ndcg_at_16": 0.5299052484729965,
    "ndcg_at_20": 0.5340961032440115,
    "roc_auc_upset": 0.7647058823529411
  },
  "test_metrics_model_b": {
    "ndcg": 0.17869879898724592,
    "spearman": 0.6022246941045606,
    "mrr_top2": 0.25,
    "mrr_top4": 0.25,
    "ndcg10": 0.17869879898724592,
    "ndcg_at_4": 0.16775742802418675,
    "ndcg_at_12": 0.22395166506018552,
    "ndcg_at_16": 0.40371129488893903,
    "ndcg_at_20": 0.4037524167506556,
    "roc_auc_upset": 0.7455357142857143
  },
  "test_metrics_model_c": {
    "ndcg": 0.05124995751403931,
    "spearman": 0.30233592880978866,
    "mrr_top2": 0.06666666666666667,
    "mrr_top4": 0.2,
    "ndcg10": 0.05124995751403931,
    "ndcg_at_4": 0.00711064040423231,
    "ndcg_at_12": 0.056899138174850025,
    "ndcg_at_16": 0.17781540372208415,
    "ndcg_at_20": 0.18021312496782235,
    "roc_auc_upset": 0.8258928571428571
  },
  "test_metrics_by_conference": {
    "E": {
      "ndcg": 0.24200950614311126,
      "spearman": 0.19999999999999998
    },
    "W": {
      "ndcg": 0.7617310144590109,
      "spearman": 0.6678571428571428
    }
  },
  "notes": {
    "eos_rank_source": "eos_final_rank"
  }
}