{
  "test_metrics_ensemble": {
    "ndcg": 0.5489185688696423,
    "spearman": 0.3819799777530589,
    "mrr_top2": 1.0,
    "mrr_top4": 1.0,
    "ndcg10": 0.5489185688696423,
    "ndcg_at_4": 0.35315119534797357,
    "ndcg_at_12": 0.5940755270442167,
    "ndcg_at_16": 0.5953038253284576,
    "ndcg_at_20": 0.5958985864670645,
    "roc_auc_upset": 0.8009049773755657,
    "rank_mae_pred_vs_playoff_final_results": 7.800000190734863,
    "rank_rmse_pred_vs_playoff_final_results": 9.622889518737793,
    "rank_mae_eos_standings_vs_playoff_final_results": 3.7333333333333334,
    "rank_rmse_eos_standings_vs_playoff_final_results": 6.093712606722878,
    "playoff_metrics": {
      "spearman_pred_vs_playoff_final_results": 0.4255839822024471,
      "ndcg_at_4_final_four": 0.35315119534797357,
      "ndcg10_pred_vs_playoff_final_results": 0.548924104366051,
      "brier_championship_odds": 0.03222232684493065,
      "rank_mae_pred_vs_playoff_final_results": 7.800000190734863,
      "rank_rmse_pred_vs_playoff_final_results": 9.622889518737793,
      "rank_mae_eos_standings_vs_playoff_final_results": 3.7333333333333334,
      "rank_rmse_eos_standings_vs_playoff_final_results": 6.093712606722878
    }
  },
  "test_metrics_model_a": {
    "ndcg": 0.541145942154401,
    "spearman": 0.3686318131256952,
    "mrr_top2": 1.0,
    "mrr_top4": 1.0,
    "ndcg10": 0.541145942154401,
    "ndcg_at_4": 0.35315119534797357,
    "ndcg_at_12": 0.5863049419428938,
    "ndcg_at_16": 0.5875338362773465,
    "ndcg_at_20": 0.5881286315900847,
    "roc_auc_upset": 0.8099547511312217
  },
  "test_metrics_model_b": {
    "ndcg": 0.8100722570433893,
    "spearman": 0.4629588431590656,
    "mrr_top2": 1.0,
    "mrr_top4": 1.0,
    "ndcg10": 0.8100722570433893,
    "ndcg_at_4": 0.7261751187226982,
    "ndcg_at_12": 0.8098836709879598,
    "ndcg_at_16": 0.80989992887241,
    "ndcg_at_20": 0.8535393855766645,
    "roc_auc_upset": 0.76
  },
  "test_metrics_model_c": {
    "ndcg": 0.333487026575135,
    "spearman": 0.23515016685205786,
    "mrr_top2": 0.16666666666666666,
    "mrr_top4": 0.16666666666666666,
    "ndcg10": 0.333487026575135,
    "ndcg_at_4": 0.0011069724610271625,
    "ndcg_at_12": 0.33890731926775686,
    "ndcg_at_16": 0.35966393831396193,
    "ndcg_at_20": 0.3711507384927367,
    "roc_auc_upset": 0.7633928571428571
  },
  "test_metrics_by_conference": {
    "E": {
      "ndcg": 0.38369169619137905,
      "spearman": 0.22499999999999998
    },
    "W": {
      "ndcg": 0.9184980137023568,
      "spearman": 0.47142857142857136
    }
  },
  "notes": {
    "eos_rank_source": "eos_final_rank"
  }
}