{
  "test_metrics_ensemble": {
    "ndcg": 0.4857574599955895,
    "spearman": 0.5047830923248053,
    "mrr_top2": 0.5,
    "mrr_top4": 0.5,
    "ndcg10": 0.4857574599955895,
    "ndcg_at_4": 0.4645175546554888,
    "ndcg_at_12": 0.5309298366334195,
    "ndcg_at_16": 0.5309112954075511,
    "ndcg_at_20": 0.5344412043370068,
    "roc_auc_upset": 0.7375565610859729,
    "rank_mae_pred_vs_playoff_final_results": 6.599999904632568,
    "rank_rmse_pred_vs_playoff_final_results": 8.61394214630127,
    "rank_mae_eos_standings_vs_playoff_final_results": 3.1333333333333333,
    "rank_rmse_eos_standings_vs_playoff_final_results": 4.449719092257398,
    "playoff_metrics": {
      "spearman_pred_vs_playoff_final_results": 0.5047830923248053,
      "ndcg_at_4_final_four": 0.4645175546554888,
      "ndcg10_pred_vs_playoff_final_results": 0.48574593603853317,
      "brier_championship_odds": 0.03222232684493065,
      "rank_mae_pred_vs_playoff_final_results": 6.599999904632568,
      "rank_rmse_pred_vs_playoff_final_results": 8.61394214630127,
      "rank_mae_eos_standings_vs_playoff_final_results": 3.1333333333333333,
      "rank_rmse_eos_standings_vs_playoff_final_results": 4.449719092257398
    }
  },
  "test_metrics_model_a": {
    "ndcg": 0.5323465269294868,
    "spearman": 0.5078976640711901,
    "mrr_top2": 0.5,
    "mrr_top4": 0.5,
    "ndcg10": 0.5323465269294868,
    "ndcg_at_4": 0.4645175546554888,
    "ndcg_at_12": 0.5325607687540586,
    "ndcg_at_16": 0.5325421024259716,
    "ndcg_at_20": 0.5360720041827771,
    "roc_auc_upset": 0.7375565610859729
  },
  "test_metrics_model_b": {
    "ndcg": 0.21441954104337801,
    "spearman": 0.5795328142380423,
    "mrr_top2": 0.2,
    "mrr_top4": 0.2,
    "ndcg10": 0.21441954104337801,
    "ndcg_at_4": 0.04166423104576856,
    "ndcg_at_12": 0.2363947762185742,
    "ndcg_at_16": 0.23638776826960797,
    "ndcg_at_20": 0.3843059073027361,
    "roc_auc_upset": 0.7870370370370371
  },
  "test_metrics_model_c": {
    "ndcg": 0.05124995751403931,
    "spearman": 0.30233592880978866,
    "mrr_top2": 0.06666666666666667,
    "mrr_top4": 0.2,
    "ndcg10": 0.05124995751403931,
    "ndcg_at_4": 0.00711064040423231,
    "ndcg_at_12": 0.056899138174850025,
    "ndcg_at_16": 0.17781540372208415,
    "ndcg_at_20": 0.18021312496782235,
    "roc_auc_upset": 0.8258928571428571
  },
  "test_metrics_by_conference": {
    "E": {
      "ndcg": 0.27648335380805505,
      "spearman": 0.2678571428571428
    },
    "W": {
      "ndcg": 0.7524773735930176,
      "spearman": 0.7
    }
  },
  "notes": {
    "eos_rank_source": "eos_final_rank"
  }
}