{
  "test_metrics_ensemble": {
    "ndcg": 0.48336155701247246,
    "spearman": 0.4771968854282535,
    "mrr_top2": 0.5,
    "mrr_top4": 0.5,
    "ndcg10": 0.48336155701247246,
    "ndcg_at_4": 0.4643944167678145,
    "ndcg_at_12": 0.5274746587824753,
    "ndcg_at_16": 0.5274564467518009,
    "ndcg_at_20": 0.5310239992930774,
    "roc_auc_upset": 0.8,
    "rank_mae_pred_vs_playoff_final_results": 6.866666793823242,
    "rank_rmse_pred_vs_playoff_final_results": 8.85061264038086,
    "rank_mae_eos_standings_vs_playoff_final_results": 3.1333333333333333,
    "rank_rmse_eos_standings_vs_playoff_final_results": 4.449719092257398,
    "playoff_metrics": {
      "spearman_pred_vs_playoff_final_results": 0.49499443826473855,
      "ndcg_at_4_final_four": 0.4643812234227066,
      "ndcg10_pred_vs_playoff_final_results": 0.48334819032655785,
      "brier_championship_odds": 0.03222232684493065,
      "rank_mae_pred_vs_playoff_final_results": 6.866666793823242,
      "rank_rmse_pred_vs_playoff_final_results": 8.85061264038086,
      "rank_mae_eos_standings_vs_playoff_final_results": 3.1333333333333333,
      "rank_rmse_eos_standings_vs_playoff_final_results": 4.449719092257398
    }
  },
  "test_metrics_model_a": {
    "ndcg": 0.48336155701247246,
    "spearman": 0.4771968854282535,
    "mrr_top2": 0.5,
    "mrr_top4": 0.5,
    "ndcg10": 0.48336155701247246,
    "ndcg_at_4": 0.4643944167678145,
    "ndcg_at_12": 0.5274746587824753,
    "ndcg_at_16": 0.5274564467518009,
    "ndcg_at_20": 0.5310239992930774,
    "roc_auc_upset": 0.8
  },
  "test_metrics_model_b": {
    "ndcg": 0.17966604540235473,
    "spearman": 0.5839822024471636,
    "mrr_top2": 0.16666666666666666,
    "mrr_top4": 0.16666666666666666,
    "ndcg10": 0.17966604540235473,
    "ndcg_at_4": 0.04029517653159447,
    "ndcg_at_12": 0.22354925139919887,
    "ndcg_at_16": 0.22362400097113402,
    "ndcg_at_20": 0.22363041754854163,
    "roc_auc_upset": 0.7737556561085973
  },
  "test_metrics_model_c": {
    "ndcg": 0.05124995751403931,
    "spearman": 0.30189098998887653,
    "mrr_top2": 0.0625,
    "mrr_top4": 0.2,
    "ndcg10": 0.05124995751403931,
    "ndcg_at_4": 0.00711064040423231,
    "ndcg_at_12": 0.056899138174850025,
    "ndcg_at_16": 0.1769467286075223,
    "ndcg_at_20": 0.17934445367388585,
    "roc_auc_upset": 0.8258928571428571
  },
  "test_metrics_by_conference": {
    "E": {
      "ndcg": 0.27745335871982874,
      "spearman": 0.3
    },
    "W": {
      "ndcg": 0.7519554106097529,
      "spearman": 0.6607142857142856
    }
  },
  "notes": {
    "eos_rank_source": "eos_final_rank"
  }
}