{
  "test_metrics_ensemble": {
    "ndcg": 0.5585319469901482,
    "spearman": 0.40734149054505003,
    "mrr_top2": 1.0,
    "mrr_top4": 1.0,
    "ndcg10": 0.5585319469901482,
    "ndcg_at_4": 0.35315119534797357,
    "ndcg_at_12": 0.6022727817023655,
    "ndcg_at_16": 0.6041514122883062,
    "ndcg_at_20": 0.6041578741833873,
    "roc_auc_upset": 0.7777777777777777,
    "rank_mae_pred_vs_playoff_final_results": 7.4666666984558105,
    "rank_rmse_pred_vs_playoff_final_results": 9.423375129699707,
    "rank_mae_eos_standings_vs_playoff_final_results": 3.7333333333333334,
    "rank_rmse_eos_standings_vs_playoff_final_results": 6.093712606722878,
    "playoff_metrics": {
      "spearman_pred_vs_playoff_final_results": 0.4487208008898776,
      "ndcg_at_4_final_four": 0.35315119534797357,
      "ndcg10_pred_vs_playoff_final_results": 0.5585369590587295,
      "brier_championship_odds": 0.03222232684493065,
      "rank_mae_pred_vs_playoff_final_results": 7.4666666984558105,
      "rank_rmse_pred_vs_playoff_final_results": 9.423375129699707,
      "rank_mae_eos_standings_vs_playoff_final_results": 3.7333333333333334,
      "rank_rmse_eos_standings_vs_playoff_final_results": 6.093712606722878
    }
  },
  "test_metrics_model_a": {
    "ndcg": 0.5585319469901482,
    "spearman": 0.40734149054505003,
    "mrr_top2": 1.0,
    "mrr_top4": 1.0,
    "ndcg10": 0.5585319469901482,
    "ndcg_at_4": 0.35315119534797357,
    "ndcg_at_12": 0.6022727817023655,
    "ndcg_at_16": 0.6041514122883062,
    "ndcg_at_20": 0.6041578741833873,
    "roc_auc_upset": 0.7777777777777777
  },
  "test_metrics_model_b": {
    "ndcg": 0.6166163972832238,
    "spearman": 0.5377085650723026,
    "mrr_top2": 0.5,
    "mrr_top4": 0.5,
    "ndcg10": 0.6166163972832238,
    "ndcg_at_4": 0.44093212795935904,
    "ndcg_at_12": 0.6164765520720068,
    "ndcg_at_16": 0.6165111008592692,
    "ndcg_at_20": 0.6212927711799552,
    "roc_auc_upset": 0.6785714285714286
  },
  "test_metrics_model_c": {
    "ndcg": 0.333487026575135,
    "spearman": 0.23159065628476083,
    "mrr_top2": 0.16666666666666666,
    "mrr_top4": 0.16666666666666666,
    "ndcg10": 0.333487026575135,
    "ndcg_at_4": 0.0011069724610271625,
    "ndcg_at_12": 0.33890731926775686,
    "ndcg_at_16": 0.35966393831396193,
    "ndcg_at_20": 0.3699999322309346,
    "roc_auc_upset": 0.7633928571428571
  },
  "test_metrics_by_conference": {
    "E": {
      "ndcg": 0.3851402749883562,
      "spearman": 0.25357142857142856
    },
    "W": {
      "ndcg": 0.922273612311482,
      "spearman": 0.5714285714285713
    }
  },
  "notes": {
    "eos_rank_source": "eos_final_rank"
  }
}