{
  "test_metrics_ensemble": {
    "ndcg": 0.48225192507421843,
    "spearman": 0.4647385984427141,
    "mrr_top2": 0.5,
    "mrr_top4": 0.5,
    "ndcg10": 0.48225192507421843,
    "ndcg_at_4": 0.4644132116806,
    "ndcg_at_12": 0.5263653183081103,
    "ndcg_at_16": 0.5263471655354908,
    "ndcg_at_20": 0.5299509772137407,
    "roc_auc_upset": 0.7723214285714286,
    "rank_mae_pred_vs_playoff_final_results": 7.066666603088379,
    "rank_rmse_pred_vs_playoff_final_results": 8.955445289611816,
    "rank_mae_eos_standings_vs_playoff_final_results": 3.1333333333333333,
    "rank_rmse_eos_standings_vs_playoff_final_results": 4.449719092257398,
    "playoff_metrics": {
      "spearman_pred_vs_playoff_final_results": 0.46918798665183536,
      "ndcg_at_4_final_four": 0.4644132116806,
      "ndcg10_pred_vs_playoff_final_results": 0.4822398605439903,
      "brier_championship_odds": 0.03222232684493065,
      "rank_mae_pred_vs_playoff_final_results": 7.066666603088379,
      "rank_rmse_pred_vs_playoff_final_results": 8.955445289611816,
      "rank_mae_eos_standings_vs_playoff_final_results": 3.1333333333333333,
      "rank_rmse_eos_standings_vs_playoff_final_results": 4.449719092257398
    }
  },
  "test_metrics_model_a": {
    "ndcg": 0.48189477344080195,
    "spearman": 0.46206896551724136,
    "mrr_top2": 0.5,
    "mrr_top4": 0.5,
    "ndcg10": 0.48189477344080195,
    "ndcg_at_4": 0.4644132116806,
    "ndcg_at_12": 0.5260082604867051,
    "ndcg_at_16": 0.5259901351025495,
    "ndcg_at_20": 0.5295939483510984,
    "roc_auc_upset": 0.7767857142857142
  },
  "test_metrics_model_b": {
    "ndcg": 0.19904365932022547,
    "spearman": 0.6542825361512792,
    "mrr_top2": 0.14285714285714285,
    "mrr_top4": 0.14285714285714285,
    "ndcg10": 0.19904365932022547,
    "ndcg_at_4": 0.04166423104576856,
    "ndcg_at_12": 0.3746244953841397,
    "ndcg_at_16": 0.39542988034308885,
    "ndcg_at_20": 0.3954284309797705,
    "roc_auc_upset": 0.7678571428571429
  },
  "test_metrics_model_c": {
    "ndcg": 0.05124995751403931,
    "spearman": 0.30189098998887653,
    "mrr_top2": 0.0625,
    "mrr_top4": 0.2,
    "ndcg10": 0.05124995751403931,
    "ndcg_at_4": 0.00711064040423231,
    "ndcg_at_12": 0.056899138174850025,
    "ndcg_at_16": 0.1769467286075223,
    "ndcg_at_20": 0.17934445367388585,
    "roc_auc_upset": 0.8258928571428571
  },
  "test_metrics_by_conference": {
    "E": {
      "ndcg": 0.2549930415845299,
      "spearman": 0.2607142857142857
    },
    "W": {
      "ndcg": 0.7504940786340119,
      "spearman": 0.6392857142857141
    }
  },
  "notes": {
    "eos_rank_source": "eos_final_rank"
  }
}