{
  "test_metrics_ensemble": {
    "ndcg": 0.5489227567395806,
    "spearman": 0.4513904338153503,
    "mrr_top2": 1.0,
    "mrr_top4": 1.0,
    "ndcg10": 0.5489227567395806,
    "ndcg_at_4": 0.35315119534797357,
    "ndcg_at_12": 0.594079713814139,
    "ndcg_at_16": 0.5953720697314896,
    "ndcg_at_20": 0.5962693792975076,
    "roc_auc_upset": 0.7647058823529411,
    "rank_mae_pred_vs_playoff_final_results": 7.133333206176758,
    "rank_rmse_pred_vs_playoff_final_results": 9.066421508789062,
    "rank_mae_eos_standings_vs_playoff_final_results": 3.7333333333333334,
    "rank_rmse_eos_standings_vs_playoff_final_results": 6.093712606722878,
    "playoff_metrics": {
      "spearman_pred_vs_playoff_final_results": 0.4972191323692992,
      "ndcg_at_4_final_four": 0.35315119534797357,
      "ndcg10_pred_vs_playoff_final_results": 0.5489277688081619,
      "brier_championship_odds": 0.03222232684493065,
      "rank_mae_pred_vs_playoff_final_results": 7.133333206176758,
      "rank_rmse_pred_vs_playoff_final_results": 9.066421508789062,
      "rank_mae_eos_standings_vs_playoff_final_results": 3.7333333333333334,
      "rank_rmse_eos_standings_vs_playoff_final_results": 6.093712606722878
    }
  },
  "test_metrics_model_a": {
    "ndcg": 0.5489227567395806,
    "spearman": 0.4411568409343715,
    "mrr_top2": 1.0,
    "mrr_top4": 1.0,
    "ndcg10": 0.5489227567395806,
    "ndcg_at_4": 0.35315119534797357,
    "ndcg_at_12": 0.594079713814139,
    "ndcg_at_16": 0.5953720697314896,
    "ndcg_at_20": 0.596260353641492,
    "roc_auc_upset": 0.7737556561085972
  },
  "test_metrics_model_b": {
    "ndcg": 0.8016865597842008,
    "spearman": 0.43804226918798667,
    "mrr_top2": 1.0,
    "mrr_top4": 1.0,
    "ndcg10": 0.8016865597842008,
    "ndcg_at_4": 0.6907114070725182,
    "ndcg_at_12": 0.8015001763761989,
    "ndcg_at_16": 0.8015206874485308,
    "ndcg_at_20": 0.8439584023268603,
    "roc_auc_upset": 0.7692307692307693
  },
  "test_metrics_model_c": {
    "ndcg": 0.333487026575135,
    "spearman": 0.23159065628476083,
    "mrr_top2": 0.16666666666666666,
    "mrr_top4": 0.16666666666666666,
    "ndcg10": 0.333487026575135,
    "ndcg_at_4": 0.0011069724610271625,
    "ndcg_at_12": 0.33890731926775686,
    "ndcg_at_16": 0.35966393831396193,
    "ndcg_at_20": 0.3699999322309346,
    "roc_auc_upset": 0.7633928571428571
  },
  "test_metrics_by_conference": {
    "E": {
      "ndcg": 0.38520906425700524,
      "spearman": 0.2714285714285714
    },
    "W": {
      "ndcg": 0.931078638698556,
      "spearman": 0.6142857142857142
    }
  },
  "notes": {
    "eos_rank_source": "eos_final_rank"
  }
}