{
  "test_metrics_ensemble": {
    "ndcg": 0.5587046952449802,
    "spearman": 0.28809788654060065,
    "mrr_top2": 1.0,
    "mrr_top4": 1.0,
    "ndcg10": 0.5587046952449802,
    "ndcg_at_4": 0.35315119534797357,
    "ndcg_at_12": 0.6024496319026499,
    "ndcg_at_16": 0.6024073057323336,
    "ndcg_at_20": 0.6024049576803991,
    "roc_auc_upset": 0.8687782805429864,
    "rank_mae_pred_vs_playoff_final_results": 8.399999618530273,
    "rank_rmse_pred_vs_playoff_final_results": 10.32795524597168,
    "rank_mae_eos_standings_vs_playoff_final_results": 3.7333333333333334,
    "rank_rmse_eos_standings_vs_playoff_final_results": 6.093712606722878,
    "spearman_standings": -0.42602892102335926,
    "ndcg10_standings": 0.4178976556967847,
    "ndcg_at_4_standings": 0.16635214014080835,
    "ndcg_at_16_standings": 0.43969959088844685,
    "rank_rmse_standings": 9.273618698120117,
    "playoff_metrics": {
      "spearman_pred_vs_playoff_final_results": 0.3561735261401557,
      "ndcg_at_4_final_four": 0.35315119534797357,
      "ndcg10_pred_vs_playoff_final_results": 0.5587106419850424,
      "brier_championship_odds": 0.03167646750807762,
      "rank_mae_pred_vs_playoff_final_results": 8.399999618530273,
      "rank_rmse_pred_vs_playoff_final_results": 10.32795524597168,
      "rank_mae_eos_standings_vs_playoff_final_results": 3.7333333333333334,
      "rank_rmse_eos_standings_vs_playoff_final_results": 6.093712606722878
    }
  },
  "test_metrics_model_a": {
    "ndcg": 0.5587046952449802,
    "spearman": 0.28809788654060065,
    "mrr_top2": 1.0,
    "mrr_top4": 1.0,
    "ndcg10": 0.5587046952449802,
    "ndcg_at_4": 0.35315119534797357,
    "ndcg_at_12": 0.6024496319026499,
    "ndcg_at_16": 0.6024073057323336,
    "ndcg_at_20": 0.6024049576803991,
    "roc_auc_upset": 0.8687782805429864
  },
  "test_metrics_model_b": {
    "ndcg": 0.806568491591211,
    "spearman": 0.47630700778642937,
    "mrr_top2": 1.0,
    "mrr_top4": 1.0,
    "ndcg10": 0.806568491591211,
    "ndcg_at_4": 0.6907114070725182,
    "ndcg_at_12": 0.8063794208837617,
    "ndcg_at_16": 0.8469997113670314,
    "ndcg_at_20": 0.8518641593090992,
    "roc_auc_upset": 0.7555555555555555
  },
  "test_metrics_model_c": {
    "ndcg": 0.33348743391404295,
    "spearman": 0.23337041156840932,
    "mrr_top2": 0.16666666666666666,
    "mrr_top4": 0.16666666666666666,
    "ndcg10": 0.33348743391404295,
    "ndcg_at_4": 0.001111095381373398,
    "ndcg_at_12": 0.3389077264996702,
    "ndcg_at_16": 0.3596643455146382,
    "ndcg_at_20": 0.37000033942981986,
    "roc_auc_upset": 0.7633928571428571
  },
  "test_metrics_by_conference": {
    "E": {
      "ndcg": 0.38067589041739586,
      "spearman": 0.125
    },
    "W": {
      "ndcg": 0.9034901705584377,
      "spearman": 0.4142857142857142
    }
  },
  "notes": {
    "eos_rank_source": "eos_final_rank"
  }
}