{
  "test_metrics_ensemble": {
    "ndcg": 0.4827741994031013,
    "spearman": 0.4580645161290322,
    "mrr_top2": 0.5,
    "mrr_top4": 0.5,
    "ndcg10": 0.4827741994031013,
    "ndcg_at_4": 0.46449490234372454,
    "ndcg_at_12": 0.4826481022813751,
    "ndcg_at_16": 0.5244922976783684,
    "ndcg_at_20": 0.5262942851646593,
    "roc_auc_upset": 0.8035714285714286,
    "rank_mae_pred_vs_playoff_final_results": 7.199999809265137,
    "rank_rmse_pred_vs_playoff_final_results": 9.011103630065918,
    "rank_mae_eos_standings_vs_playoff_final_results": 3.1333333333333333,
    "rank_rmse_eos_standings_vs_playoff_final_results": 4.449719092257398,
    "spearman_standings": -0.5181312569521691,
    "ndcg10_standings": 0.4912034705670172,
    "ndcg_at_4_standings": 0.44578653670222973,
    "ndcg_at_16_standings": 0.5040068971928082,
    "rank_rmse_standings": 8.497057914733887,
    "playoff_metrics": {
      "spearman_pred_vs_playoff_final_results": 0.4972191323692992,
      "ndcg_at_4_final_four": 0.46449490234372454,
      "ndcg10_pred_vs_playoff_final_results": 0.48276161819839514,
      "brier_championship_odds": 0.030076470226049423,
      "rank_mae_pred_vs_playoff_final_results": 7.199999809265137,
      "rank_rmse_pred_vs_playoff_final_results": 9.011103630065918,
      "rank_mae_eos_standings_vs_playoff_final_results": 3.1333333333333333,
      "rank_rmse_eos_standings_vs_playoff_final_results": 4.449719092257398
    }
  },
  "test_metrics_model_a": {
    "ndcg": 0.4827727821347147,
    "spearman": 0.4593993325917686,
    "mrr_top2": 0.5,
    "mrr_top4": 0.5,
    "ndcg10": 0.4827727821347147,
    "ndcg_at_4": 0.46449490234372454,
    "ndcg_at_12": 0.4826466853852584,
    "ndcg_at_16": 0.5244908808909361,
    "ndcg_at_20": 0.5262928725152018,
    "roc_auc_upset": 0.8035714285714286
  },
  "test_metrics_model_b": {
    "ndcg": 0.20234794654321717,
    "spearman": 0.5781979977753059,
    "mrr_top2": 0.16666666666666666,
    "mrr_top4": 0.16666666666666666,
    "ndcg10": 0.20234794654321717,
    "ndcg_at_4": 0.04029517653159447,
    "ndcg_at_12": 0.20300327510450827,
    "ndcg_at_16": 0.36925333760468054,
    "ndcg_at_20": 0.38879609816379773,
    "roc_auc_upset": 0.7999999999999999
  },
  "test_metrics_model_c": {
    "ndcg": 0.05139534647930671,
    "spearman": 0.3125695216907675,
    "mrr_top2": 0.07142857142857142,
    "mrr_top4": 0.2,
    "ndcg10": 0.05139534647930671,
    "ndcg_at_4": 0.0072603807417201014,
    "ndcg_at_12": 0.05704448895120833,
    "ndcg_at_16": 0.17989573678693135,
    "ndcg_at_20": 0.18229344888290439,
    "roc_auc_upset": 0.8214285714285714
  },
  "test_metrics_by_conference": {
    "E": {
      "ndcg": 0.24683875794437798,
      "spearman": 0.2571428571428571
    },
    "W": {
      "ndcg": 0.7487942496580289,
      "spearman": 0.5607142857142856
    }
  },
  "notes": {
    "eos_rank_source": "eos_final_rank"
  }
}