{
  "test_metrics_ensemble": {
    "ndcg": 0.5673859453733556,
    "spearman": 0.2502780867630701,
    "mrr_top2": 1.0,
    "mrr_top4": 1.0,
    "ndcg10": 0.5673859453733556,
    "ndcg_at_4": 0.35315119534797357,
    "ndcg_at_12": 0.5700681542392759,
    "ndcg_at_16": 0.6106247158096768,
    "ndcg_at_20": 0.6106220517589926,
    "roc_auc_upset": 0.8914027149321266,
    "rank_mae_pred_vs_playoff_final_results": 8.733333587646484,
    "rank_rmse_pred_vs_playoff_final_results": 10.598742485046387,
    "rank_mae_eos_standings_vs_playoff_final_results": 3.7333333333333334,
    "rank_rmse_eos_standings_vs_playoff_final_results": 6.093712606722878,
    "spearman_standings": -0.3757508342602892,
    "ndcg10_standings": 0.38253076502544053,
    "ndcg_at_4_standings": 0.16635214014080835,
    "ndcg_at_16_standings": 0.4479964543964629,
    "rank_rmse_standings": 9.671263694763184,
    "playoff_metrics": {
      "spearman_pred_vs_playoff_final_results": 0.307230255839822,
      "ndcg_at_4_final_four": 0.35315119534797357,
      "ndcg10_pred_vs_playoff_final_results": 0.5673872388976189,
      "brier_championship_odds": 0.031476471573114395,
      "rank_mae_pred_vs_playoff_final_results": 8.733333587646484,
      "rank_rmse_pred_vs_playoff_final_results": 10.598742485046387,
      "rank_mae_eos_standings_vs_playoff_final_results": 3.7333333333333334,
      "rank_rmse_eos_standings_vs_playoff_final_results": 6.093712606722878
    }
  },
  "test_metrics_model_a": {
    "ndcg": 0.5673859453733556,
    "spearman": 0.24983314794215797,
    "mrr_top2": 1.0,
    "mrr_top4": 1.0,
    "ndcg10": 0.5673859453733556,
    "ndcg_at_4": 0.35315119534797357,
    "ndcg_at_12": 0.5700681542392759,
    "ndcg_at_16": 0.6106247158096768,
    "ndcg_at_20": 0.6106220517589926,
    "roc_auc_upset": 0.8914027149321266
  },
  "test_metrics_model_b": {
    "ndcg": 0.806568491591211,
    "spearman": 0.47630700778642937,
    "mrr_top2": 1.0,
    "mrr_top4": 1.0,
    "ndcg10": 0.806568491591211,
    "ndcg_at_4": 0.6907114070725182,
    "ndcg_at_12": 0.8063794208837617,
    "ndcg_at_16": 0.8469997113670314,
    "ndcg_at_20": 0.8518641593090992,
    "roc_auc_upset": 0.7555555555555555
  },
  "test_metrics_model_c": {
    "ndcg": 0.33348743391404295,
    "spearman": 0.23337041156840932,
    "mrr_top2": 0.16666666666666666,
    "mrr_top4": 0.16666666666666666,
    "ndcg10": 0.33348743391404295,
    "ndcg_at_4": 0.001111095381373398,
    "ndcg_at_12": 0.3389077264996702,
    "ndcg_at_16": 0.3596643455146382,
    "ndcg_at_20": 0.37000033942981986,
    "roc_auc_upset": 0.7633928571428571
  },
  "test_metrics_by_conference": {
    "E": {
      "ndcg": 0.3687142697569366,
      "spearman": 0.08214285714285713
    },
    "W": {
      "ndcg": 0.8953961792782801,
      "spearman": 0.3571428571428571
    }
  },
  "notes": {
    "eos_rank_source": "eos_final_rank"
  }
}