{
  "notes": {
    "eval_on": "test",
    "eos_rank_source": "eos_final_rank",
    "upset_definition": "sleeper = EOS_global_rank > predicted_strength",
    "mrr_top2": "1/rank of first team in top 2 (champion+runner-up) in predicted order.",
    "mrr_top4": "1/rank of first team in top 4 (conference finals) in predicted order.",
    "per_conference_relevance": "Within E/W: actual rank derived from EOS_global_rank (1=best in conf); NDCG/Spearman use this relevance.",
    "playoff_metrics": "Spearman (pred global vs playoff_final_results), NDCG@4 (final four), Brier (champion vs odds). rank_mae/rank_rmse: pred vs playoff_final_results; eos_standings vs playoff_final_results (baseline)."
  },
  "split_info": {
    "train_frac": 0.75,
    "n_train_dates": 141,
    "n_test_dates": 36,
    "split_mode": "seasons"
  },
  "test_metrics_ensemble": {
    "ndcg": 0.4824251057641429,
    "spearman": 0.4509454949944383,
    "mrr_top2": 0.5,
    "mrr_top4": 0.5,
    "ndcg10": 0.4824251057641429,
    "ndcg_at_4": 0.46449490234372454,
    "ndcg_at_12": 0.5261852400253824,
    "ndcg_at_16": 0.5264697683770494,
    "ndcg_at_20": 0.5282623383677286,
    "roc_auc_upset": 0.7692307692307693,
    "rank_mae_pred_vs_playoff_final_results": 7.4666666984558105,
    "rank_rmse_pred_vs_playoff_final_results": 9.070097923278809,
    "rank_mae_eos_standings_vs_playoff_final_results": 3.1333333333333333,
    "rank_rmse_eos_standings_vs_playoff_final_results": 4.449719092257398,
    "spearman_standings": -0.49365962180200224,
    "ndcg10_standings": 0.49616661362884656,
    "ndcg_at_4_standings": 0.44578653670222973,
    "ndcg_at_16_standings": 0.5096065404717818,
    "rank_rmse_standings": 8.710147857666016,
    "playoff_metrics": {
      "spearman_pred_vs_playoff_final_results": 0.47141268075639603,
      "ndcg_at_4_final_four": 0.46449490234372454,
      "ndcg10_pred_vs_playoff_final_results": 0.48241460342096393,
      "brier_championship_odds": 0.030076470226049423,
      "rank_mae_pred_vs_playoff_final_results": 7.4666666984558105,
      "rank_rmse_pred_vs_playoff_final_results": 9.070097923278809,
      "rank_mae_eos_standings_vs_playoff_final_results": 3.1333333333333333,
      "rank_rmse_eos_standings_vs_playoff_final_results": 4.449719092257398
    }
  },
  "test_metrics_model_a": {
    "ndcg": 0.4824251057641429,
    "spearman": 0.4509454949944383,
    "mrr_top2": 0.5,
    "mrr_top4": 0.5,
    "ndcg10": 0.4824251057641429,
    "ndcg_at_4": 0.46449490234372454,
    "ndcg_at_12": 0.5261852400253824,
    "ndcg_at_16": 0.5264697683770494,
    "ndcg_at_20": 0.5282623383677286,
    "roc_auc_upset": 0.7692307692307693
  },
  "test_metrics_model_b": {
    "ndcg": 0.20234794654321717,
    "spearman": 0.5697441601779756,
    "mrr_top2": 0.16666666666666666,
    "mrr_top4": 0.16666666666666666,
    "ndcg10": 0.20234794654321717,
    "ndcg_at_4": 0.04029517653159447,
    "ndcg_at_12": 0.20300327510450827,
    "ndcg_at_16": 0.3653833544198708,
    "ndcg_at_20": 0.3849261320000304,
    "roc_auc_upset": 0.8044444444444444
  },
  "test_metrics_model_c": {
    "ndcg": 0.05139534647930671,
    "spearman": 0.3125695216907675,
    "mrr_top2": 0.07142857142857142,
    "mrr_top4": 0.2,
    "ndcg10": 0.05139534647930671,
    "ndcg_at_4": 0.0072603807417201014,
    "ndcg_at_12": 0.05704448895120833,
    "ndcg_at_16": 0.17989573678693135,
    "ndcg_at_20": 0.18229344888290439,
    "roc_auc_upset": 0.8214285714285714
  },
  "test_metrics_by_conference": {
    "E": {
      "ndcg": 0.29819146545374997,
      "spearman": 0.34642857142857136
    },
    "W": {
      "ndcg": 0.7350288254932673,
      "spearman": 0.5499999999999999
    }
  },
  "by_season": {
    "2023-24": {
      "test_metrics_ensemble": {
        "ndcg": 0.5673859453733556,
        "spearman": 0.2502780867630701,
        "mrr_top2": 1.0,
        "mrr_top4": 1.0,
        "ndcg10": 0.5673859453733556,
        "ndcg_at_4": 0.35315119534797357,
        "ndcg_at_12": 0.5700681542392759,
        "ndcg_at_16": 0.6106247158096768,
        "ndcg_at_20": 0.6106220517589926,
        "roc_auc_upset": 0.8914027149321266,
        "rank_mae_pred_vs_playoff_final_results": 8.733333587646484,
        "rank_rmse_pred_vs_playoff_final_results": 10.598742485046387,
        "rank_mae_eos_standings_vs_playoff_final_results": 3.7333333333333334,
        "rank_rmse_eos_standings_vs_playoff_final_results": 6.093712606722878,
        "spearman_standings": -0.3757508342602892,
        "ndcg10_standings": 0.38253076502544053,
        "ndcg_at_4_standings": 0.16635214014080835,
        "ndcg_at_16_standings": 0.4479964543964629,
        "rank_rmse_standings": 9.671263694763184,
        "playoff_metrics": {
          "spearman_pred_vs_playoff_final_results": 0.307230255839822,
          "ndcg_at_4_final_four": 0.35315119534797357,
          "ndcg10_pred_vs_playoff_final_results": 0.5673872388976189,
          "brier_championship_odds": 0.031476471573114395,
          "rank_mae_pred_vs_playoff_final_results": 8.733333587646484,
          "rank_rmse_pred_vs_playoff_final_results": 10.598742485046387,
          "rank_mae_eos_standings_vs_playoff_final_results": 3.7333333333333334,
          "rank_rmse_eos_standings_vs_playoff_final_results": 6.093712606722878
        }
      },
      "test_metrics_model_a": {
        "ndcg": 0.5673859453733556,
        "spearman": 0.24983314794215797,
        "mrr_top2": 1.0,
        "mrr_top4": 1.0,
        "ndcg10": 0.5673859453733556,
        "ndcg_at_4": 0.35315119534797357,
        "ndcg_at_12": 0.5700681542392759,
        "ndcg_at_16": 0.6106247158096768,
        "ndcg_at_20": 0.6106220517589926,
        "roc_auc_upset": 0.8914027149321266
      },
      "test_metrics_model_b": {
        "ndcg": 0.806568491591211,
        "spearman": 0.47630700778642937,
        "mrr_top2": 1.0,
        "mrr_top4": 1.0,
        "ndcg10": 0.806568491591211,
        "ndcg_at_4": 0.6907114070725182,
        "ndcg_at_12": 0.8063794208837617,
        "ndcg_at_16": 0.8469997113670314,
        "ndcg_at_20": 0.8518641593090992,
        "roc_auc_upset": 0.7555555555555555
      },
      "test_metrics_model_c": {
        "ndcg": 0.33348743391404295,
        "spearman": 0.23337041156840932,
        "mrr_top2": 0.16666666666666666,
        "mrr_top4": 0.16666666666666666,
        "ndcg10": 0.33348743391404295,
        "ndcg_at_4": 0.001111095381373398,
        "ndcg_at_12": 0.3389077264996702,
        "ndcg_at_16": 0.3596643455146382,
        "ndcg_at_20": 0.37000033942981986,
        "roc_auc_upset": 0.7633928571428571
      },
      "test_metrics_by_conference": {
        "E": {
          "ndcg": 0.3687142697569366,
          "spearman": 0.08214285714285713
        },
        "W": {
          "ndcg": 0.8953961792782801,
          "spearman": 0.3571428571428571
        }
      },
      "notes": {
        "eos_rank_source": "eos_final_rank"
      }
    },
    "2024-25": {
      "test_metrics_ensemble": {
        "ndcg": 0.4824251057641429,
        "spearman": 0.4509454949944383,
        "mrr_top2": 0.5,
        "mrr_top4": 0.5,
        "ndcg10": 0.4824251057641429,
        "ndcg_at_4": 0.46449490234372454,
        "ndcg_at_12": 0.5261852400253824,
        "ndcg_at_16": 0.5264697683770494,
        "ndcg_at_20": 0.5282623383677286,
        "roc_auc_upset": 0.7692307692307693,
        "rank_mae_pred_vs_playoff_final_results": 7.4666666984558105,
        "rank_rmse_pred_vs_playoff_final_results": 9.070097923278809,
        "rank_mae_eos_standings_vs_playoff_final_results": 3.1333333333333333,
        "rank_rmse_eos_standings_vs_playoff_final_results": 4.449719092257398,
        "spearman_standings": -0.49365962180200224,
        "ndcg10_standings": 0.49616661362884656,
        "ndcg_at_4_standings": 0.44578653670222973,
        "ndcg_at_16_standings": 0.5096065404717818,
        "rank_rmse_standings": 8.710147857666016,
        "playoff_metrics": {
          "spearman_pred_vs_playoff_final_results": 0.47141268075639603,