{
  "test_metrics_ensemble": {
    "ndcg": 0.4824251057641429,
    "spearman": 0.4509454949944383,
    "mrr_top2": 0.5,
    "mrr_top4": 0.5,
    "ndcg10": 0.4824251057641429,
    "ndcg_at_4": 0.46449490234372454,
    "ndcg_at_12": 0.5261852400253824,
    "ndcg_at_16": 0.5264697683770494,
    "ndcg_at_20": 0.5282623383677286,
    "roc_auc_upset": 0.7692307692307693,
    "rank_mae_pred_vs_playoff_final_results": 7.4666666984558105,
    "rank_rmse_pred_vs_playoff_final_results": 9.070097923278809,
    "rank_mae_eos_standings_vs_playoff_final_results": 3.1333333333333333,
    "rank_rmse_eos_standings_vs_playoff_final_results": 4.449719092257398,
    "spearman_standings": -0.49365962180200224,
    "ndcg10_standings": 0.49616661362884656,
    "ndcg_at_4_standings": 0.44578653670222973,
    "ndcg_at_16_standings": 0.5096065404717818,
    "rank_rmse_standings": 8.710147857666016,
    "playoff_metrics": {
      "spearman_pred_vs_playoff_final_results": 0.47141268075639603,
      "ndcg_at_4_final_four": 0.46449490234372454,
      "ndcg10_pred_vs_playoff_final_results": 0.48241460342096393,
      "brier_championship_odds": 0.030076470226049423,
      "rank_mae_pred_vs_playoff_final_results": 7.4666666984558105,
      "rank_rmse_pred_vs_playoff_final_results": 9.070097923278809,
      "rank_mae_eos_standings_vs_playoff_final_results": 3.1333333333333333,
      "rank_rmse_eos_standings_vs_playoff_final_results": 4.449719092257398
    }
  },
  "test_metrics_model_a": {
    "ndcg": 0.4824251057641429,
    "spearman": 0.4509454949944383,
    "mrr_top2": 0.5,
    "mrr_top4": 0.5,
    "ndcg10": 0.4824251057641429,
    "ndcg_at_4": 0.46449490234372454,
    "ndcg_at_12": 0.5261852400253824,
    "ndcg_at_16": 0.5264697683770494,
    "ndcg_at_20": 0.5282623383677286,
    "roc_auc_upset": 0.7692307692307693
  },
  "test_metrics_model_b": {
    "ndcg": 0.20234794654321717,
    "spearman": 0.5697441601779756,
    "mrr_top2": 0.16666666666666666,
    "mrr_top4": 0.16666666666666666,
    "ndcg10": 0.20234794654321717,
    "ndcg_at_4": 0.04029517653159447,
    "ndcg_at_12": 0.20300327510450827,
    "ndcg_at_16": 0.3653833544198708,
    "ndcg_at_20": 0.3849261320000304,
    "roc_auc_upset": 0.8044444444444444
  },
  "test_metrics_model_c": {
    "ndcg": 0.05139534647930671,
    "spearman": 0.3125695216907675,
    "mrr_top2": 0.07142857142857142,
    "mrr_top4": 0.2,
    "ndcg10": 0.05139534647930671,
    "ndcg_at_4": 0.0072603807417201014,
    "ndcg_at_12": 0.05704448895120833,
    "ndcg_at_16": 0.17989573678693135,
    "ndcg_at_20": 0.18229344888290439,
    "roc_auc_upset": 0.8214285714285714
  },
  "test_metrics_by_conference": {
    "E": {
      "ndcg": 0.29819146545374997,
      "spearman": 0.34642857142857136
    },
    "W": {
      "ndcg": 0.7350288254932673,
      "spearman": 0.5499999999999999
    }
  },
  "notes": {
    "eos_rank_source": "eos_final_rank"
  }
}