{
  "test_metrics_ensemble": {
    "ndcg": 0.533380630908856,
    "spearman": 0.5234705228031146,
    "mrr_top2": 0.5,
    "mrr_top4": 0.5,
    "ndcg10": 0.533380630908856,
    "ndcg_at_4": 0.4645175546554888,
    "ndcg_at_12": 0.5335834112223699,
    "ndcg_at_16": 0.5348061961584017,
    "ndcg_at_20": 0.5371976131690892,
    "roc_auc_upset": 0.7455357142857143,
    "rank_mae_pred_vs_playoff_final_results": 6.666666507720947,
    "rank_rmse_pred_vs_playoff_final_results": 8.449851989746094,
    "rank_mae_eos_standings_vs_playoff_final_results": 3.1333333333333333,
    "rank_rmse_eos_standings_vs_playoff_final_results": 4.449719092257398,
    "playoff_metrics": {
      "spearman_pred_vs_playoff_final_results": 0.525250278086763,
      "ndcg_at_4_final_four": 0.4645175546554888,
      "ndcg10_pred_vs_playoff_final_results": 0.5333685648288002,
      "brier_championship_odds": 0.03222232684493065,
      "rank_mae_pred_vs_playoff_final_results": 6.666666507720947,
      "rank_rmse_pred_vs_playoff_final_results": 8.449851989746094,
      "rank_mae_eos_standings_vs_playoff_final_results": 3.1333333333333333,
      "rank_rmse_eos_standings_vs_playoff_final_results": 4.449719092257398
    }
  },
  "test_metrics_model_a": {
    "ndcg": 0.533380630908856,
    "spearman": 0.5136818687430478,
    "mrr_top2": 0.5,
    "mrr_top4": 0.5,
    "ndcg10": 0.533380630908856,
    "ndcg_at_4": 0.4645175546554888,
    "ndcg_at_12": 0.5335834112223699,
    "ndcg_at_16": 0.5335647047789838,
    "ndcg_at_20": 0.5371730622213626,
    "roc_auc_upset": 0.75
  },
  "test_metrics_model_b": {
    "ndcg": 0.17782794441293784,
    "spearman": 0.6137931034482759,
    "mrr_top2": 0.25,
    "mrr_top4": 0.25,
    "ndcg10": 0.17782794441293784,
    "ndcg_at_4": 0.16775742802418675,
    "ndcg_at_12": 0.22308103923079017,
    "ndcg_at_16": 0.40284073584173624,
    "ndcg_at_20": 0.4028838359548721,
    "roc_auc_upset": 0.7366071428571429
  },
  "test_metrics_model_c": {
    "ndcg": 0.05124995751403931,
    "spearman": 0.30233592880978866,
    "mrr_top2": 0.06666666666666667,
    "mrr_top4": 0.2,
    "ndcg10": 0.05124995751403931,
    "ndcg_at_4": 0.00711064040423231,
    "ndcg_at_12": 0.056899138174850025,
    "ndcg_at_16": 0.17781540372208415,
    "ndcg_at_20": 0.18021312496782235,
    "roc_auc_upset": 0.8258928571428571
  },
  "test_metrics_by_conference": {
    "E": {
      "ndcg": 0.27754650639394024,
      "spearman": 0.32499999999999996
    },
    "W": {
      "ndcg": 0.7519157235194247,
      "spearman": 0.657142857142857
    }
  },
  "notes": {
    "eos_rank_source": "eos_final_rank"
  }
}