{
  "test_metrics_ensemble": {
    "ndcg": 0.5585300489417686,
    "spearman": 0.41357063403781974,
    "mrr_top2": 1.0,
    "mrr_top4": 1.0,
    "ndcg10": 0.5585300489417686,
    "ndcg_at_4": 0.35315119534797357,
    "ndcg_at_12": 0.6036844824960043,
    "ndcg_at_16": 0.6055630047960763,
    "ndcg_at_20": 0.6055604356350499,
    "roc_auc_upset": 0.7410714285714286,
    "rank_mae_pred_vs_playoff_final_results": 7.400000095367432,
    "rank_rmse_pred_vs_playoff_final_results": 9.373722076416016,
    "rank_mae_eos_standings_vs_playoff_final_results": 3.7333333333333334,
    "rank_rmse_eos_standings_vs_playoff_final_results": 6.093712606722878,
    "playoff_metrics": {
      "spearman_pred_vs_playoff_final_results": 0.4398220244716351,
      "ndcg_at_4_final_four": 0.35315119534797357,
      "ndcg10_pred_vs_playoff_final_results": 0.5585352982410553,
      "brier_championship_odds": 0.03222232684493065,
      "rank_mae_pred_vs_playoff_final_results": 7.400000095367432,
      "rank_rmse_pred_vs_playoff_final_results": 9.373722076416016,
      "rank_mae_eos_standings_vs_playoff_final_results": 3.7333333333333334,
      "rank_rmse_eos_standings_vs_playoff_final_results": 6.093712606722878
    }
  },
  "test_metrics_model_a": {
    "ndcg": 0.5491507967561244,
    "spearman": 0.40111234705228027,
    "mrr_top2": 1.0,
    "mrr_top4": 1.0,
    "ndcg10": 0.5491507967561244,
    "ndcg_at_4": 0.35315119534797357,
    "ndcg_at_12": 0.5943076939320555,
    "ndcg_at_16": 0.5961869354877223,
    "ndcg_at_20": 0.5961844075647236,
    "roc_auc_upset": 0.7455357142857143
  },
  "test_metrics_model_b": {
    "ndcg": 0.8242639259776298,
    "spearman": 0.44382647385984425,
    "mrr_top2": 1.0,
    "mrr_top4": 1.0,
    "ndcg10": 0.8242639259776298,
    "ndcg_at_4": 0.7116242168324007,
    "ndcg_at_12": 0.8240688689567119,
    "ndcg_at_16": 0.8290574651089393,
    "ndcg_at_20": 0.8666309661535363,
    "roc_auc_upset": 0.7857142857142857
  },
  "test_metrics_model_c": {
    "ndcg": 0.3335099094849099,
    "spearman": 0.23559510567296996,
    "mrr_top2": 0.16666666666666666,
    "mrr_top4": 0.16666666666666666,
    "ndcg10": 0.3335099094849099,
    "ndcg_at_4": 0.0011069724610271625,
    "ndcg_at_12": 0.3389081203242068,
    "ndcg_at_16": 0.3596647393089661,
    "ndcg_at_20": 0.3700007332224158,
    "roc_auc_upset": 0.7633928571428571
  },
  "test_metrics_by_conference": {
    "E": {
      "ndcg": 0.385128810110248,
      "spearman": 0.25
    },
    "W": {
      "ndcg": 0.9213871629856155,
      "spearman": 0.5785714285714285
    }
  },
  "notes": {
    "eos_rank_source": "eos_final_rank"
  }
}