{
  "test_metrics_ensemble": {
    "ndcg": 0.9482391083662608,
    "spearman": 0.5746384872080088,
    "mrr_top2": 1.0,
    "mrr_top4": 1.0,
    "ndcg_at_4": 0.9012525341390436,
    "ndcg_at_12": 0.9046920055001675,
    "ndcg_at_16": 0.9452254569183542,
    "ndcg_at_20": 0.9476755169400433,
    "ndcg_at_30": 0.9482391083662608,
    "rank_mae_pred_vs_playoff_outcome_rank": 6.066666603088379,
    "rank_rmse_pred_vs_playoff_outcome_rank": 7.983315944671631,
    "roc_auc_upset": 0.7129629629629629,
    "rank_mae_wl_record_standings_vs_playoff_outcome_rank": 3.7333333333333334,
    "rank_rmse_wl_record_standings_vs_playoff_outcome_rank": 6.093712606722878,
    "spearman_standings": -0.6284760845383759,
    "ndcg_at_4_standings": 0.8497156982704742,
    "ndcg_at_16_standings": 0.8612177445904077,
    "ndcg_at_30_standings": 0.9013845003768911,
    "rank_rmse_standings": 7.461009979248047,
    "playoff_metrics": {
      "spearman_pred_vs_playoff_outcome_rank": 0.6271412680756396,
      "ndcg_at_4_final_four": 0.9012393407939356,
      "ndcg_at_30_pred_vs_playoff_outcome_rank": 0.9482337722152369,
      "brier_championship_odds": 0.0297431368380785,
      "rank_mae_pred_vs_playoff_outcome_rank": 6.066666603088379,
      "rank_rmse_pred_vs_playoff_outcome_rank": 7.983315944671631,
      "rank_mae_wl_record_standings_vs_playoff_outcome_rank": 3.7333333333333334,
      "rank_rmse_wl_record_standings_vs_playoff_outcome_rank": 6.093712606722878
    }
  },
  "test_metrics_model_a": {
    "ndcg": 0.5928658753876698,
    "spearman": 0.39488320355951056,
    "mrr_top2": 1.0,
    "mrr_top4": 1.0,
    "ndcg_at_4": 0.35315119534797357,
    "ndcg_at_12": 0.5743101772061081,
    "ndcg_at_16": 0.5755663210255515,
    "ndcg_at_20": 0.5764499899665676,
    "ndcg_at_30": 0.5928658753876698,
    "rank_mae_pred_vs_playoff_outcome_rank": 7.599999904632568,
    "rank_rmse_pred_vs_playoff_outcome_rank": 9.521903991699219,
    "roc_auc_upset": 0.7455357142857143
  },
  "test_metrics_model_b": {
    "ndcg": 0.8612310170086911,
    "spearman": 0.3864293659621802,
    "mrr_top2": 1.0,
    "mrr_top4": 1.0,
    "ndcg_at_4": 0.729074614628521,
    "ndcg_at_12": 0.818307448128337,
    "ndcg_at_16": 0.8183266592664676,
    "ndcg_at_20": 0.8231071317337733,
    "ndcg_at_30": 0.8612310170086911,
    "rank_mae_pred_vs_playoff_outcome_rank": 7.066666603088379,
    "rank_rmse_pred_vs_playoff_outcome_rank": 9.588187217712402,
    "roc_auc_upset": 0.7866666666666667
  },
  "test_metrics_model_c": {
    "ndcg": 0.4077863982045925,
    "spearman": 0.23337041156840932,
    "mrr_top2": 0.16666666666666666,
    "mrr_top4": 0.16666666666666666,
    "ndcg_at_4": 0.001111095381373398,
    "ndcg_at_12": 0.3389077264996702,
    "ndcg_at_16": 0.3596643455146382,
    "ndcg_at_20": 0.37000033942981986,
    "ndcg_at_30": 0.4077863982045925,
    "rank_mae_pred_vs_playoff_outcome_rank": 9.066666603088379,
    "rank_rmse_pred_vs_playoff_outcome_rank": 10.717586517333984,
    "roc_auc_upset": 0.7633928571428571
  },
  "test_metrics_by_conference": {
    "E": {
      "ndcg": 0.8680537486459087,
      "spearman": 0.6428571428571428,
      "rank_mae_wl_record_standings_vs_playoff_outcome_rank": 2.6666666666666665,
      "rank_rmse_wl_record_standings_vs_playoff_outcome_rank": 3.4253953543107007,
      "rank_mae_ensemble_pred_vs_playoff_outcome_rank": 5.533333333333333,
      "rank_rmse_ensemble_pred_vs_playoff_outcome_rank": 7.280109889280518,
      "rank_mae_model_a_pred_vs_playoff_outcome_rank": 9.266666666666667,
      "rank_rmse_model_a_pred_vs_playoff_outcome_rank": 10.987872102155782,
      "rank_mae_xgb_pred_vs_playoff_outcome_rank": 4.666666666666667,
      "rank_rmse_xgb_pred_vs_playoff_outcome_rank": 6.918574034197124,
      "rank_mae_rf_pred_vs_playoff_outcome_rank": 6.6,
      "rank_rmse_rf_pred_vs_playoff_outcome_rank": 7.7502688125423544
    },
    "W": {
      "ndcg": 0.9026496995057016,
      "spearman": 0.5107142857142856,
      "rank_mae_wl_record_standings_vs_playoff_outcome_rank": 4.8,
      "rank_rmse_wl_record_standings_vs_playoff_outcome_rank": 7.907802054511312,
      "rank_mae_ensemble_pred_vs_playoff_outcome_rank": 6.6,
      "rank_rmse_ensemble_pred_vs_playoff_outcome_rank": 8.629407086623429,
      "rank_mae_model_a_pred_vs_playoff_outcome_rank": 5.933333333333334,
      "rank_rmse_model_a_pred_vs_playoff_outcome_rank": 7.784600182411426,
      "rank_mae_xgb_pred_vs_playoff_outcome_rank": 9.466666666666667,
      "rank_rmse_xgb_pred_vs_playoff_outcome_rank": 11.661903789690601,
      "rank_mae_rf_pred_vs_playoff_outcome_rank": 11.533333333333333,
      "rank_rmse_rf_pred_vs_playoff_outcome_rank": 13.025615788386615
    }
  },
  "model_vs_standings_comparison": {
    "n_teams": 30,
    "standings_vs_outcome": {
      "rank_mae": 3.7333333333333334,
      "rank_rmse": 6.093712606722878
    },
    "models": {
      "ensemble": {
        "rank_mae_pred_vs_outcome": 6.066666666666666,
        "rank_rmse_pred_vs_outcome": 7.9833159359587755,
        "improvement_mae_vs_standings": -2.333333333333333,
        "improvement_rmse_vs_standings": -1.8896033292358974
      },
      "model_a": {
        "rank_mae_pred_vs_outcome": 7.6,
        "rank_rmse_pred_vs_outcome": 9.521904571390467,
        "improvement_mae_vs_standings": -3.8666666666666663,
        "improvement_rmse_vs_standings": -3.4281919646675885
      },
      "xgb": {
        "rank_mae_pred_vs_outcome": 7.066666666666666,
        "rank_rmse_pred_vs_outcome": 9.58818717659044,
        "improvement_mae_vs_standings": -3.333333333333333,
        "improvement_rmse_vs_standings": -3.4944745698675614
      },
      "rf": {
        "rank_mae_pred_vs_outcome": 9.066666666666666,
        "rank_rmse_pred_vs_outcome": 10.717586793054986,
        "improvement_mae_vs_standings": -5.333333333333333,
        "improvement_rmse_vs_standings": -4.623874186332108
      }
    },
    "significance": {
      "ensemble": {
        "mean_mae_improvement": -2.3333333333333335,
        "bootstrap_95_ci_low": -4.366666666666666,
        "bootstrap_95_ci_high": -0.3325000000000045,
        "p_value_model_better_than_standings": 0.9905,
        "method": "paired bootstrap over teams (resample teams, mean(standings_ae - model_ae)); H0: no improvement"
      },
      "model_a": {
        "mean_mae_improvement": -3.8666666666666667,
        "bootstrap_95_ci_low": -5.934166666666667,
        "bootstrap_95_ci_high": -1.5666666666666667,
        "p_value_model_better_than_standings": 0.9995,
        "method": "paired bootstrap over teams (resample teams, mean(standings_ae - model_ae)); H0: no improvement"
      },
      "xgb": {
        "mean_mae_improvement": -3.3333333333333335,
        "bootstrap_95_ci_low": -5.900833333333334,
        "bootstrap_95_ci_high": -0.9991666666666712,
        "p_value_model_better_than_standings": 0.999,
        "method": "paired bootstrap over teams (resample teams, mean(standings_ae - model_ae)); H0: no improvement"
      },
      "rf": {
        "mean_mae_improvement": -5.333333333333333,
        "bootstrap_95_ci_low": -8.0,
        "bootstrap_95_ci_high": -2.3,
        "p_value_model_better_than_standings": 1.0,
        "method": "paired bootstrap over teams (resample teams, mean(standings_ae - model_ae)); H0: no improvement"
      }
    }
  },
  "standings_vs_outcome_metrics": {
    "ensemble": {
      "outcome": {
        "spearman": 0.5746384872080088,
        "ndcg_at_16": 0.9452254569183542,
        "ndcg_at_30": 0.9482391083662608,
        "ndcg_at_12": 0.9046920055001675,
        "rank_mae_pred_vs_playoff_outcome_rank": 6.066666603088379,
        "ndcg_at_4": 0.9012525341390436,
        "rank_rmse_pred_vs_playoff_outcome_rank": 7.983315944671631
      },
      "standings": {
        "spearman_standings": -0.6284760845383759,
        "ndcg_at_4_standings": 0.8497156982704742,
        "ndcg_at_16_standings": 0.8612177445904077,
        "ndcg_at_30_standings": 0.9013845003768911,