{
  "test_metrics_ensemble": {
    "ndcg": 0.4139820631151699,
    "spearman": 0.7494994438264738,
    "mrr_top2": 0.14285714285714285,
    "mrr_top4": 0.14285714285714285,
    "ndcg_at_4": 0.04962757486383047,
    "ndcg_at_12": 0.3367410545272669,
    "ndcg_at_16": 0.3375055261269778,
    "ndcg_at_20": 0.4139622884121358,
    "ndcg_at_30": 0.4139820631151699,
    "rank_mae_pred_vs_playoff_outcome_rank": 5.266666889190674,
    "rank_rmse_pred_vs_playoff_outcome_rank": 6.126445293426514,
    "roc_auc_upset": 0.8088888888888889,
    "rank_mae_wl_record_standings_vs_playoff_outcome_rank": 3.1333333333333333,
    "rank_rmse_wl_record_standings_vs_playoff_outcome_rank": 4.449719092257398,
    "spearman_standings": -0.7650723025583982,
    "ndcg_at_4_standings": 0.3222777207545916,
    "ndcg_at_16_standings": 0.5673784415452936,
    "ndcg_at_30_standings": 0.568018833631311,
    "rank_rmse_standings": 5.932959079742432,
    "playoff_metrics": {
      "spearman_pred_vs_playoff_outcome_rank": 0.7254727474972191,
      "ndcg_at_4_final_four": 0.04962757486383047,
      "ndcg_at_30_pred_vs_playoff_outcome_rank": 0.41397744823347443,
      "brier_championship_odds": 0.0314764641225338,
      "rank_mae_pred_vs_playoff_outcome_rank": 5.266666889190674,
      "rank_rmse_pred_vs_playoff_outcome_rank": 6.126445293426514,
      "rank_mae_wl_record_standings_vs_playoff_outcome_rank": 3.1333333333333333,
      "rank_rmse_wl_record_standings_vs_playoff_outcome_rank": 4.449719092257398
    }
  },
  "test_metrics_model_a": {
    "ndcg": 0.5990957680264856,
    "spearman": 0.4901001112347052,
    "mrr_top2": 0.5,
    "mrr_top4": 0.5,
    "ndcg_at_4": 0.4643944167678145,
    "ndcg_at_12": 0.528082094675817,
    "ndcg_at_16": 0.5280632837923686,
    "ndcg_at_20": 0.5316715920023191,
    "ndcg_at_30": 0.5990957680264856,
    "rank_mae_pred_vs_playoff_outcome_rank": 6.933333396911621,
    "rank_rmse_pred_vs_playoff_outcome_rank": 8.74070930480957,
    "roc_auc_upset": 0.7601809954751131
  },
  "test_metrics_model_b": {
    "ndcg": 0.40858228626237425,
    "spearman": 0.6235817575083425,
    "mrr_top2": 0.25,
    "mrr_top4": 0.25,
    "ndcg_at_4": 0.16775742802418675,
    "ndcg_at_12": 0.22515651446197193,
    "ndcg_at_16": 0.4083907390749091,
    "ndcg_at_20": 0.4084338946710891,
    "ndcg_at_30": 0.40858228626237425,
    "rank_mae_pred_vs_playoff_outcome_rank": 5.733333110809326,
    "rank_rmse_pred_vs_playoff_outcome_rank": 7.509993553161621,
    "roc_auc_upset": 0.7321428571428571
  },
  "test_metrics_model_c": {
    "ndcg": 0.32411460006903464,
    "spearman": 0.3125695216907675,
    "mrr_top2": 0.07142857142857142,
    "mrr_top4": 0.2,
    "ndcg_at_4": 0.0072603807417201014,
    "ndcg_at_12": 0.05704448895120833,
    "ndcg_at_16": 0.17989573678693135,
    "ndcg_at_20": 0.18229344888290439,
    "ndcg_at_30": 0.32411460006903464,
    "rank_mae_pred_vs_playoff_outcome_rank": 8.399999618530273,
    "rank_rmse_pred_vs_playoff_outcome_rank": 10.14889144897461,
    "roc_auc_upset": 0.8214285714285714
  },
  "test_metrics_by_conference": {
    "E": {
      "ndcg": 0.5842541686260418,
      "spearman": 0.6785714285714285,
      "rank_mae_wl_record_standings_vs_playoff_outcome_rank": 2.933333333333333,
      "rank_rmse_wl_record_standings_vs_playoff_outcome_rank": 3.8297084310253524,
      "rank_mae_ensemble_pred_vs_playoff_outcome_rank": 5.733333333333333,
      "rank_rmse_ensemble_pred_vs_playoff_outcome_rank": 7.004760286167305,
      "rank_mae_model_a_pred_vs_playoff_outcome_rank": 8.666666666666666,
      "rank_rmse_model_a_pred_vs_playoff_outcome_rank": 10.75174404457249,
      "rank_mae_xgb_pred_vs_playoff_outcome_rank": 6.333333333333333,
      "rank_rmse_xgb_pred_vs_playoff_outcome_rank": 8.17720408615724,
      "rank_mae_rf_pred_vs_playoff_outcome_rank": 9.8,
      "rank_rmse_rf_pred_vs_playoff_outcome_rank": 10.847426730181986
    },
    "W": {
      "ndcg": 0.6063836913182751,
      "spearman": 0.7892857142857141,
      "rank_mae_wl_record_standings_vs_playoff_outcome_rank": 3.3333333333333335,
      "rank_rmse_wl_record_standings_vs_playoff_outcome_rank": 4.993328882953068,
      "rank_mae_ensemble_pred_vs_playoff_outcome_rank": 4.8,
      "rank_rmse_ensemble_pred_vs_playoff_outcome_rank": 5.0990195135927845,
      "rank_mae_model_a_pred_vs_playoff_outcome_rank": 5.2,
      "rank_rmse_model_a_pred_vs_playoff_outcome_rank": 6.099180272790763,
      "rank_mae_xgb_pred_vs_playoff_outcome_rank": 5.133333333333334,
      "rank_rmse_xgb_pred_vs_playoff_outcome_rank": 6.777413469261952,
      "rank_mae_rf_pred_vs_playoff_outcome_rank": 7.0,
      "rank_rmse_rf_pred_vs_playoff_outcome_rank": 9.39858145324779
    }
  },
  "model_vs_standings_comparison": {
    "n_teams": 30,
    "standings_vs_outcome": {
      "rank_mae": 3.1333333333333333,
      "rank_rmse": 4.449719092257398
    },
    "models": {
      "ensemble": {
        "rank_mae_pred_vs_outcome": 5.266666666666667,
        "rank_rmse_pred_vs_outcome": 6.126445407684078,
        "improvement_mae_vs_standings": -2.1333333333333333,
        "improvement_rmse_vs_standings": -1.6767263154266798
      },
      "model_a": {
        "rank_mae_pred_vs_outcome": 6.933333333333334,
        "rank_rmse_pred_vs_outcome": 8.740709353364863,
        "improvement_mae_vs_standings": -3.8000000000000003,
        "improvement_rmse_vs_standings": -4.290990261107465
      },
      "xgb": {
        "rank_mae_pred_vs_outcome": 5.733333333333333,
        "rank_rmse_pred_vs_outcome": 7.5099933422074345,
        "improvement_mae_vs_standings": -2.6,
        "improvement_rmse_vs_standings": -3.0602742499500364
      },
      "rf": {
        "rank_mae_pred_vs_outcome": 8.4,
        "rank_rmse_pred_vs_outcome": 10.14889156509222,
        "improvement_mae_vs_standings": -5.2666666666666675,
        "improvement_rmse_vs_standings": -5.699172472834821
      }
    },
    "significance": {
      "ensemble": {
        "mean_mae_improvement": -2.1333333333333333,
        "bootstrap_95_ci_low": -3.5,
        "bootstrap_95_ci_high": -0.6666666666666666,
        "p_value_model_better_than_standings": 0.9985,
        "method": "paired bootstrap over teams (resample teams, mean(standings_ae - model_ae)); H0: no improvement"
      },
      "model_a": {
        "mean_mae_improvement": -3.8,
        "bootstrap_95_ci_low": -5.7,
        "bootstrap_95_ci_high": -1.9333333333333333,
        "p_value_model_better_than_standings": 1.0,
        "method": "paired bootstrap over teams (resample teams, mean(standings_ae - model_ae)); H0: no improvement"
      },
      "xgb": {
        "mean_mae_improvement": -2.6,
        "bootstrap_95_ci_low": -4.8,
        "bootstrap_95_ci_high": -0.43333333333333335,
        "p_value_model_better_than_standings": 0.9905,
        "method": "paired bootstrap over teams (resample teams, mean(standings_ae - model_ae)); H0: no improvement"
      },
      "rf": {
        "mean_mae_improvement": -5.266666666666667,
        "bootstrap_95_ci_low": -7.7,
        "bootstrap_95_ci_high": -2.8666666666666667,
        "p_value_model_better_than_standings": 1.0,
        "method": "paired bootstrap over teams (resample teams, mean(standings_ae - model_ae)); H0: no improvement"
      }
    }
  },
  "standings_vs_outcome_metrics": {
    "ensemble": {
      "outcome": {
        "spearman": 0.7494994438264738,
        "ndcg_at_16": 0.3375055261269778,
        "ndcg_at_30": 0.4139820631151699,
        "ndcg_at_12": 0.3367410545272669,
        "rank_mae_pred_vs_playoff_outcome_rank": 5.266666889190674,
        "ndcg_at_4": 0.04962757486383047,
        "rank_rmse_pred_vs_playoff_outcome_rank": 6.126445293426514
      },
      "standings": {
        "spearman_standings": -0.7650723025583982,
        "ndcg_at_4_standings": 0.3222777207545916,
        "ndcg_at_16_standings": 0.5673784415452936,
        "ndcg_at_30_standings": 0.568018833631311,
        "rank_rmse_standings": 5.932959079742432
      }
    },