{
  "test_metrics_ensemble": {
    "ndcg": 0.48279699642053725,
    "spearman": 0.44471635150166855,
    "mrr_top2": 0.5,
    "mrr_top4": 0.5,
    "ndcg10": 0.48279699642053725,
    "ndcg_at_4": 0.4643944167678145,
    "ndcg_at_12": 0.48302425328041704,
    "ndcg_at_16": 0.5245731463381336,
    "ndcg_at_20": 0.5281769658189126,
    "roc_auc_upset": 0.78125,
    "rank_mae_pred_vs_playoff_final_results": 7.199999809265137,
    "rank_rmse_pred_vs_playoff_final_results": 9.121403694152832,
    "rank_mae_eos_standings_vs_playoff_final_results": 3.1333333333333333,
    "rank_rmse_eos_standings_vs_playoff_final_results": 4.449719092257398,
    "playoff_metrics": {
      "spearman_pred_vs_playoff_final_results": 0.44649610678531704,
      "ndcg_at_4_final_four": 0.4643812234227066,
      "ndcg10_pred_vs_playoff_final_results": 0.4827836266254975,
      "brier_championship_odds": 0.03222232684493065,
      "rank_mae_pred_vs_playoff_final_results": 7.199999809265137,
      "rank_rmse_pred_vs_playoff_final_results": 9.121403694152832,
      "rank_mae_eos_standings_vs_playoff_final_results": 3.1333333333333333,
      "rank_rmse_eos_standings_vs_playoff_final_results": 4.449719092257398
    }
  },
  "test_metrics_model_a": {
    "ndcg": 0.48279699642053725,
    "spearman": 0.44471635150166855,
    "mrr_top2": 0.5,
    "mrr_top4": 0.5,
    "ndcg10": 0.48279699642053725,
    "ndcg_at_4": 0.4643944167678145,
    "ndcg_at_12": 0.48302425328041704,
    "ndcg_at_16": 0.5245731463381336,
    "ndcg_at_20": 0.5281769658189126,
    "roc_auc_upset": 0.78125
  },
  "test_metrics_model_b": {
    "ndcg": 0.21634548367724132,
    "spearman": 0.6124582869855395,
    "mrr_top2": 0.2,
    "mrr_top4": 0.2,
    "ndcg10": 0.21634548367724132,
    "ndcg_at_4": 0.04166423104576856,
    "ndcg_at_12": 0.21628882660000595,
    "ndcg_at_16": 0.39560420455582995,
    "ndcg_at_20": 0.3956033463113459,
    "roc_auc_upset": 0.7955555555555556
  },
  "test_metrics_model_c": {
    "ndcg": 0.05124995751403931,
    "spearman": 0.307230255839822,
    "mrr_top2": 0.0625,
    "mrr_top4": 0.2,
    "ndcg10": 0.05124995751403931,
    "ndcg_at_4": 0.00711064040423231,
    "ndcg_at_12": 0.056899138174850025,
    "ndcg_at_16": 0.1769467286075223,
    "ndcg_at_20": 0.17934460063934335,
    "roc_auc_upset": 0.8214285714285714
  },
  "test_metrics_by_conference": {
    "E": {
      "ndcg": 0.2519081747481702,
      "spearman": 0.2178571428571428
    },
    "W": {
      "ndcg": 0.7504940786340119,
      "spearman": 0.6749999999999999
    }
  },
  "notes": {
    "eos_rank_source": "eos_final_rank"
  }
}