{
  "test_metrics_ensemble": {
    "ndcg": 0.3526772362089385,
    "spearman": 0.3837597330367074,
    "mrr_top2": 1.0,
    "mrr_top4": 1.0,
    "ndcg10": 0.3526772362089385,
    "ndcg_at_4": 0.35315119534797357,
    "ndcg_at_12": 0.57766996815051,
    "ndcg_at_16": 0.5789597775039216,
    "ndcg_at_20": 0.5795747992591674,
    "roc_auc_upset": 0.8054298642533937,
    "rank_mae_pred_vs_playoff_final_results": 7.733333110809326,
    "rank_rmse_pred_vs_playoff_final_results": 9.609024047851562,
    "rank_mae_eos_standings_vs_playoff_final_results": 3.7333333333333334,
    "rank_rmse_eos_standings_vs_playoff_final_results": 6.093712606722878,
    "playoff_metrics": {
      "spearman_pred_vs_playoff_final_results": 0.43670745272525024,
      "ndcg_at_4_final_four": 0.35315119534797357,
      "ndcg10_pred_vs_playoff_final_results": 0.3526784727633933,
      "brier_championship_odds": 0.03222232684493065,
      "rank_mae_pred_vs_playoff_final_results": 7.733333110809326,
      "rank_rmse_pred_vs_playoff_final_results": 9.609024047851562,
      "rank_mae_eos_standings_vs_playoff_final_results": 3.7333333333333334,
      "rank_rmse_eos_standings_vs_playoff_final_results": 6.093712606722878
    }
  },
  "test_metrics_model_a": {
    "ndcg": 0.3526772362089385,
    "spearman": 0.3837597330367074,
    "mrr_top2": 1.0,
    "mrr_top4": 1.0,
    "ndcg10": 0.3526772362089385,
    "ndcg_at_4": 0.35315119534797357,
    "ndcg_at_12": 0.57766996815051,
    "ndcg_at_16": 0.5789597775039216,
    "ndcg_at_20": 0.5795747992591674,
    "roc_auc_upset": 0.8054298642533937
  },
  "test_metrics_model_b": {
    "ndcg": 0.806304394071103,
    "spearman": 0.4166852057842047,
    "mrr_top2": 1.0,
    "mrr_top4": 1.0,
    "ndcg10": 0.806304394071103,
    "ndcg_at_4": 0.7116242168324007,
    "ndcg_at_12": 0.8060932952900393,
    "ndcg_at_16": 0.811308844148352,
    "ndcg_at_20": 0.8488777677082775,
    "roc_auc_upset": 0.7828054298642534
  },
  "test_metrics_model_c": {
    "ndcg": 0.333487026575135,
    "spearman": 0.23159065628476083,
    "mrr_top2": 0.16666666666666666,
    "mrr_top4": 0.16666666666666666,
    "ndcg10": 0.333487026575135,
    "ndcg_at_4": 0.0011069724610271625,
    "ndcg_at_12": 0.33890731926775686,
    "ndcg_at_16": 0.35966393831396193,
    "ndcg_at_20": 0.3699999322309346,
    "roc_auc_upset": 0.7633928571428571
  },
  "test_metrics_by_conference": {
    "E": {
      "ndcg": 0.3869402032684001,
      "spearman": 0.2821428571428571
    },
    "W": {
      "ndcg": 0.9149577747861424,
      "spearman": 0.5499999999999999
    }
  },
  "notes": {
    "eos_rank_source": "eos_final_rank"
  }
}